"Rank","Kernel Name","Registers per thread","Shared Mem bytes","Block dim","Grid dim","Theoretical Occupancy %","Op is TensorCore eligible","Kernel uses TensorCore","Op Name","Occurrences","Total Duration (μs)","Avg Duration (μs)","Min Duration (μs)","Max Duration (μs)"
"1.0","memcpy128","16.0","0.0","256,1,1","23040,1,1","100.0","False","False","XlaModule","29728.0","12785639.267","430.087","362.495","451.775"
"2.0","void getrf_panel<double, double, 6, 6, 4, 4, 6, true>(int, double* const*, int, int*, int*, int)","64.0","40960.0","1024,1,1","512,1,1","66.66670227050781","False","False","jit(compute_Cell_spectrum_from_cosmo_params)/jit(evolve_perturbations_batched)/vmap(jit(diffeqsolve))/outer-loop/while/body/closed_call/checkpoint/cond/branch_1_fun/while/body/closed_call/checkpoint/cond/branch_1_fun/while/body/closed_call/cond/branch_1_fun/vmap(jit(lu_factor))/lu:","463.0","1473385.143","3182.257","3110.006","3257.566"
"3.0","void batch_trsm_left_kernel<double, 64, 4, 3, false, false, true>(cublasTrsmBatchParams2<double>, double, double const*, int)","46.0","4864.0","64,4,1","1,1,128","83.33329772949219","False","False","jit(compute_Cell_spectrum_from_cosmo_params)/jit(evolve_perturbations_batched)/vmap(jit(diffeqsolve))/outer-loop/while/body/closed_call/checkpoint/cond/branch_1_fun/while/body/closed_call/checkpoint/cond/branch_1_fun/while/body/closed_call/cond/branch_1_fun/vmap(jit(lu_solve))/jit(_lu_solve)/triangular_solve:","3704.0","894662.06","241.539","239.011","246.143"
"4.0","void batch_trsm_left_kernel<double, 64, 4, 3, false, false, false>(cublasTrsmBatchParams2<double>, double, double const*, int)","40.0","4864.0","64,4,1","1,1,128","100.0","False","False","jit(compute_Cell_spectrum_from_cosmo_params)/jit(evolve_perturbations_batched)/vmap(jit(diffeqsolve))/outer-loop/while/body/closed_call/checkpoint/cond/branch_1_fun/while/body/closed_call/checkpoint/cond/branch_1_fun/while/body/closed_call/cond/branch_1_fun/vmap(jit(lu_solve))/jit(_lu_solve)/triangular_solve:","3704.0","202136.677","54.572","53.729","55.808"
"5.0","memcpy32_post","16.0","0.0","256,1,1","1,1,1","100.0","False","False","XlaModule","195133.0","170997.988","0.876","0.672","3.904"
"6.0","input_reduce_fusion_23","48.0","0.0","256,1,1","640335,1,1","83.33329772949219","False","False","XlaModule","1.0","126356.41","126356.41","126356.41","126356.41"
"7.0","loop_add_fusion_4","16.0","0.0","1,1,1","1,1,1","1.5625","False","False","jit(compute_Cell_spectrum_from_cosmo_params)/jit(evolve_perturbations_batched)/vmap(jit(diffeqsolve))/outer-loop/while/body/closed_call/checkpoint/cond/branch_1_fun/while/body/closed_call/checkpoint/cond/branch_1_fun/while/body/closed_call/cond/branch_1_fun/vmap(vmap(jvp(jit(searchsorted))))/while/body/add:","118528.0","97309.526","0.82","0.799","1.248"
"8.0","loop_select_fusion_127","16.0","0.0","128,1,1","4,1,1","100.0","False","False","jit(compute_Cell_spectrum_from_cosmo_params)/jit(evolve_perturbations_batched)/vmap(jit(diffeqsolve))/outer-loop/while/body/closed_call/checkpoint/cond/branch_1_fun/while/body/closed_call/checkpoint/cond/branch_1_fun/while/body/closed_call/cond/branch_1_fun/vmap(vmap(jvp(jit(searchsorted))))/while/body/closed_call/jit(_where)/select_n:","81488.0","91427.408","1.121","1.087","1.44"
"9.0","loop_add_divide_fusion","32.0","0.0","1,1,1","1,1,1","1.5625","False","False","jit(compute_Cell_spectrum_from_cosmo_params)/jit(evolve_background)/jit(evaluate_thermo)/while/body/closed_call/while/body/closed_call/div:","36828.0","82229.387","2.232","2.207","2.368"
"10.0","loop_select_fusion_65","16.0","0.0","1,1,1","1,1,1","1.5625","False","False","jit(compute_Cell_spectrum_from_cosmo_params)/jit(evolve_background)/jit(evaluate_thermo)/while/body/closed_call/cond/branch_0_fun/cond/branch_0_fun/cond/branch_0_fun/jit(searchsorted)/while/body/closed_call/jit(_where)/select_n:","62100.0","61911.37","0.996","0.959","1.152"
"11.0","void trsm_batch_left_upper_kernel<double>(cublasTrsmBatchParams<double>, double const* const*, double* const*, double const*, double)","56.0","4608.0","32,8,1","64,1,1","66.66670227050781","False","False","jit(compute_Cell_spectrum_from_cosmo_params)/jit(evolve_perturbations_batched)/vmap(jit(diffeqsolve))/outer-loop/while/body/closed_call/checkpoint/cond/branch_1_fun/while/body/closed_call/checkpoint/cond/branch_1_fun/while/body/closed_call/cond/branch_1_fun/vmap(jit(lu_solve))/jit(_lu_solve)/triangular_solve:","3704.0","59852.996","16.159","8.672","17.888"
"12.0","input_transpose_fusion_11","96.0","8448.0","128,1,1","3456,1,1","41.66669845581055","False","False","XlaModule","463.0","58957.208","127.337","125.729","130.497"
"13.0","loop_add_fusion_4","16.0","0.0","1,1,1","1,1,1","1.5625","False","False","jit(compute_Cell_spectrum_from_cosmo_params)/jit(evolve_background)/jit(evaluate_thermo)/while/body/closed_call/cond/branch_0_fun/cond/branch_0_fun/cond/branch_0_fun/jit(searchsorted)/while/body/add:","62100.0","50762.483","0.817","0.799","0.96"
"14.0","loop_select_fusion_144","72.0","0.0","128,1,1","5184,1,1","58.33330154418945","False","False","XlaModule","463.0","48456.207","104.657","103.008","111.778"
"15.0","loop_add_gather_fusion_1","78.0","0.0","3,1,1","1,1,1","4.6875","False","False","jit(compute_Cell_spectrum_from_cosmo_params)/jit(evolve_background)/jit(evaluate_thermo)/while/body/closed_call/cond/branch_0_fun/cond/branch_0_fun/cond/branch_0_fun/jit(diffeqsolve)/outer-loop/while/body/jit(lu_solve)/jit(_lu_solve)/gather:","2122.0","45534.287","21.458","21.215","22.016"
"16.0","loop_gather_fusion_4","78.0","0.0","3,1,1","1,1,1","4.6875","False","False","jit(compute_Cell_spectrum_from_cosmo_params)/jit(evolve_background)/jit(evaluate_thermo)/while/body/closed_call/cond/branch_0_fun/cond/branch_0_fun/cond/branch_0_fun/jit(diffeqsolve)/outer-loop/while/body/jit(lu_solve)/jit(_lu_solve)/gather:","2122.0","44983.17","21.198","20.927","21.76"
"17.0","loop_gather_fusion_3","78.0","0.0","3,1,1","1,1,1","4.6875","False","False","jit(compute_Cell_spectrum_from_cosmo_params)/jit(evolve_background)/jit(evaluate_thermo)/while/body/closed_call/cond/branch_0_fun/cond/branch_0_fun/cond/branch_0_fun/jit(diffeqsolve)/outer-loop/while/body/jit(lu_solve)/jit(_lu_solve)/gather:","2122.0","44976.635","21.195","20.928","21.76"
"18.0","loop_add_fusion_4","16.0","0.0","1,1,1","1,1,1","1.5625","False","False","jit(compute_Cell_spectrum_from_cosmo_params)/jit(evolve_background)/jit(<lambda>)/jit(searchsorted)/vmap()/while/body/add:","51170.0","41964.936","0.82","0.799","0.928"
"19.0","loop_select_fusion_22","16.0","0.0","128,1,1","4,1,1","100.0","False","False","jit(compute_Cell_spectrum_from_cosmo_params)/jit(evolve_perturbations_batched)/vmap(jit(diffeqsolve))/outer-loop/while/body/closed_call/checkpoint/cond/branch_1_fun/while/body/closed_call/checkpoint/cond/branch_1_fun/while/body/closed_call/cond/branch_1_fun/vmap(vmap(jvp(jit(searchsorted))))/while/body/closed_call/jit(_where)/select_n:","37040.0","41810.042","1.128","1.087","1.472"
"20.0","loop_subtract_fusion_9","40.0","0.0","128,1,1","5184,1,1","100.0","False","False","XlaModule","463.0","40431.608","87.325","87.167","87.714"
"21.0","memcpy32_post","16.0","0.0","256,1,1","80,1,1","100.0","False","False","XlaModule","29728.0","39612.654","1.332","1.024","1.856"
"22.0","input_concatenate_fusion_8","80.0","0.0","1,1,1","1,1,1","1.5625","False","False","jit(compute_Cell_spectrum_from_cosmo_params)/jit(evolve_background)/jit(evaluate_thermo)/while/body/closed_call/cond/branch_0_fun/cond/branch_0_fun/cond/branch_0_fun/jit(diffeqsolve)/outer-loop/while/body/jvp()/concatenate:","6366.0","35748.143","5.615","5.407","6.049"
"23.0","loop_add_divide_multiply_sqrt_fusion_4","64.0","0.0","128,1,1","4,1,1","66.66670227050781","False","False","jit(compute_Cell_spectrum_from_cosmo_params)/jit(evolve_perturbations_batched)/vmap(jit(diffeqsolve))/outer-loop/while/body/closed_call/checkpoint/cond/branch_1_fun/while/body/closed_call/checkpoint/cond/branch_1_fun/while/body/closed_call/cond/branch_1_fun/vmap()/div:","2315.0","35666.54","15.406","11.103","16.449"
"24.0","loop_add_multiply_pad_select_fusion","96.0","0.0","128,1,1","288,1,1","41.66669845581055","False","False","XlaModule","463.0","33542.277","72.445","72.287","72.866"
"25.0","void trsv_ln_exec_up<double, 32u, 32u, 4u, false>(int, double const*, long, double*, long, int*)","64.0","9992.0","32,4,1","1,1,1","66.66670227050781","False","False","jit(compute_Cell_spectrum_from_cosmo_params)/jit(evolve_background)/jit(evaluate_thermo)/while/body/closed_call/cond/branch_0_fun/cond/branch_0_fun/cond/branch_0_fun/jit(diffeqsolve)/outer-loop/while/body/jit(lu_solve)/jit(_lu_solve)/triangular_solve:","8488.0","30338.177","3.574","3.519","3.617"
"26.0","input_concatenate_fusion_10","80.0","0.0","3,1,1","1,1,1","4.6875","False","False","jit(compute_Cell_spectrum_from_cosmo_params)/jit(evolve_background)/jit(evaluate_thermo)/while/body/closed_call/cond/branch_0_fun/cond/branch_0_fun/cond/branch_0_fun/jit(append)/concatenate:","877.0","27145.07","30.952","30.751","31.552"
"27.0","input_transpose_fusion_2","96.0","16896.0","128,1,1","1152,1,1","41.66669845581055","False","False","XlaModule","463.0","26369.772","56.954","56.895","57.09"
"28.0","loop_add_divide_exponential_multiply_power_select_fusion_1","74.0","0.0","1,1,1","1,1,1","1.5625","False","False","XlaModule","2220.0","25676.432","11.565","11.423","12.992"
"29.0","loop_add_fusion_4","16.0","0.0","1,1,1","1,1,1","1.5625","False","False","jit(compute_Cell_spectrum_from_cosmo_params)/jit(evolve_background)/while/body/add:","29654.0","24293.984","0.819","0.799","0.896"
"30.0","void trsv_ln_exec<double, 32u, 32u, 4u, true>(int, double const*, long, double*, long, int*)","48.0","9992.0","32,4,1","1,1,1","83.33329772949219","False","False","jit(compute_Cell_spectrum_from_cosmo_params)/jit(evolve_background)/jit(evaluate_thermo)/while/body/closed_call/cond/branch_0_fun/cond/branch_0_fun/cond/branch_0_fun/jit(diffeqsolve)/outer-loop/while/body/jit(lu_solve)/jit(_lu_solve)/triangular_solve:","8488.0","24141.58","2.844","2.784","2.913"
"31.0","loop_add_divide_exponential_multiply_power_fusion_1","59.0","0.0","1,1,1","1,1,1","1.5625","False","False","XlaModule","2220.0","21622.967","9.74","9.695","10.208"
"32.0","loop_select_fusion_145","40.0","0.0","128,1,1","5184,1,1","100.0","False","False","XlaModule","463.0","20203.549","43.636","42.464","45.505"
"33.0","std::enable_if<!(false), void>::type internal::gemvx::kernel<int, int, double, double, double, double, false, true, false, false, 5, false, cublasGemvParamsEx<int, cublasGemvTensorBatched<double const>, cublasGemvTensorBatched<double const>, cublasGemvTensorBatched<double>, double> >(cublasGemvParamsEx<int, cublasGemvTensorBatched<double const>, cublasGemvTensorBatched<double const>, cublasGemvTensorBatched<double>, double>)","166.0","384.0","16,2,1","1,1,512","25.0","False","False","jit(compute_Cell_spectrum_from_cosmo_params)/jit(evolve_perturbations_batched)/vmap(jit(diffeqsolve))/outer-loop/while/body/closed_call/checkpoint/cond/branch_1_fun/while/body/closed_call/checkpoint/cond/branch_1_fun/while/body/closed_call/cond/branch_1_fun/vmap(jit(lu_solve))/jit(_lu_solve)/triangular_solve:","3704.0","19290.038","5.207","4.127","6.464"
"34.0","void offsetPointerArray_kernel<double>(double**, double const**, int, int, int, double**, double const**, int, int, int, double**, double const**, int, int, int, int, int)","16.0","0.0","1,1,1","512,1,1","1.5625","False","False","jit(compute_Cell_spectrum_from_cosmo_params)/jit(evolve_perturbations_batched)/vmap(jit(diffeqsolve))/outer-loop/while/body/closed_call/checkpoint/cond/branch_1_fun/while/body/closed_call/checkpoint/cond/branch_1_fun/while/body/closed_call/cond/branch_1_fun/vmap(jit(lu_solve))/jit(_lu_solve)/triangular_solve:","14816.0","18360.039","1.239","1.183","1.312"
"35.0","loop_gather_fusion_7","40.0","0.0","128,1,1","288,1,1","100.0","False","False","XlaModule","463.0","18068.622","39.025","33.12","40.641"
"36.0","input_transpose_fusion_3","48.0","8448.0","128,1,1","1152,1,1","83.33329772949219","False","False","XlaModule","463.0","17823.199","38.495","38.463","38.817"
"37.0","loop_add_multiply_select_subtract_fusion_5","76.0","0.0","1,1,1","1,1,1","1.5625","False","False","jit(compute_Cell_spectrum_from_cosmo_params)/jit(evolve_background)/jit(evaluate_thermo)/while/body/closed_call/cond/branch_0_fun/cond/branch_0_fun/cond/branch_0_fun/jit(diffeqsolve)/outer-loop/while/body/jvp()/mul:","4244.0","17003.436","4.006","3.935","4.065"
"38.0","loop_gather_fusion_10","40.0","0.0","128,1,1","288,1,1","100.0","False","False","XlaModule","463.0","16693.304","36.054","31.103","37.249"
"39.0","loop_gather_fusion_11","40.0","0.0","128,1,1","288,1,1","100.0","False","False","XlaModule","463.0","16523.895","35.688","30.848","36.833"
"40.0","loop_gather_fusion_12","40.0","0.0","128,1,1","288,1,1","100.0","False","False","XlaModule","463.0","16355.131","35.324","30.496","36.577"
"41.0","loop_gather_fusion_13","40.0","0.0","128,1,1","288,1,1","100.0","False","False","XlaModule","463.0","16149.751","34.88","31.488","35.745"
"42.0","loop_dynamic_update_slice_fusion_12","25.0","0.0","1,1,1","1,1,1","1.5625","False","False","jit(compute_Cell_spectrum_from_cosmo_params)/jit(evolve_background)/while/body/closed_call/scatter:","13273.0","15805.663","1.19","1.151","1.504"
"43.0","loop_gather_fusion_9","38.0","0.0","128,1,1","288,1,1","100.0","False","False","XlaModule","463.0","15647.007","33.794","28.831","34.976"
"44.0","loop_select_fusion_143","40.0","0.0","128,1,1","5184,1,1","100.0","False","False","XlaModule","463.0","15460.884","33.392","29.856","45.504"
"45.0","loop_dynamic_update_slice_fusion_13","25.0","0.0","1,1,1","1,1,1","1.5625","False","False","jit(compute_Cell_spectrum_from_cosmo_params)/jit(evolve_background)/while/body/closed_call/scatter:","13273.0","14918.356","1.123","1.087","1.344"
"46.0","loop_add_divide_exponential_multiply_power_sqrt_fusion_1","55.0","0.0","1,1,1","1,1,1","1.5625","False","False","XlaModule","2220.0","14773.433","6.654","6.527","7.136"
"47.0","loop_select_fusion_142","22.0","0.0","128,1,1","5184,1,1","100.0","False","False","XlaModule","463.0","14408.918","31.12","30.656","33.152"
"48.0","void gemv2N_kernel<int, int, double, double, double, double, 128, 1, 2, 2, 1, false, cublasGemvParamsEx<int, cublasGemvTensorBatched<double const>, cublasGemvTensorBatched<double const>, cublasGemvTensorBatched<double>, double> >(cublasGemvParamsEx<int, cublasGemvTensorBatched<double const>, cublasGemvTensorBatched<double const>, cublasGemvTensorBatched<double>, double>)","56.0","3072.0","128,1,1","1,1,512","75.0","False","False","jit(compute_Cell_spectrum_from_cosmo_params)/jit(evolve_perturbations_batched)/vmap(jit(diffeqsolve))/outer-loop/while/body/closed_call/checkpoint/cond/branch_1_fun/while/body/closed_call/checkpoint/cond/branch_1_fun/while/body/closed_call/cond/branch_1_fun/vmap(jit(lu_solve))/jit(_lu_solve)/triangular_solve:","3704.0","13665.738","3.689","3.616","3.776"
"49.0","input_concatenate_fusion_9","82.0","0.0","3,1,1","1,1,1","3.90625","False","False","XlaModule","2220.0","13286.598","5.984","5.823","6.783"
"50.0","loop_add_subtract_fusion_1","18.0","0.0","1,1,1","1,1,1","1.5625","False","False","jit(compute_Cell_spectrum_from_cosmo_params)/jit(evolve_background)/while/body/closed_call/sub:","13273.0","13126.854","0.988","0.959","1.088"
"51.0","loop_multiply_fusion_1","16.0","0.0","1,1,1","1,1,1","1.5625","False","False","jit(compute_Cell_spectrum_from_cosmo_params)/jit(evolve_background)/while/body/closed_call/mul:","13273.0","12636.083","0.952","0.927","1.088"
"52.0","loop_dynamic_update_slice_fusion_14","16.0","0.0","1,1,1","1,1,1","1.5625","False","False","jit(compute_Cell_spectrum_from_cosmo_params)/jit(evolve_background)/while/body/closed_call/scatter:","13273.0","12601.423","0.949","0.927","0.992"
"53.0","input_reduce_fusion_14","16.0","0.0","32,1,1","1,1,1","50.0","False","False","jit(compute_Cell_spectrum_from_cosmo_params)/jit(evolve_perturbations_batched)/vmap(jit(diffeqsolve))/outer-loop/while/body/closed_call/checkpoint/cond/branch_1_fun/while/body/closed_call/checkpoint/cond/branch_1_fun/while/body/closed_call/cond/branch_1_fun/inner-loop/while/body/closed_call/checkpoint/cond/branch_1_fun/while/body/closed_call/checkpoint/cond/branch_1_fun/while/body/closed_call/reduce_or:","7600.0","12296.837","1.618","1.024","2.08"
"54.0","input_reduce_fusion_14","16.0","0.0","32,1,1","1,1,1","50.0","False","False","jit(compute_Cell_spectrum_from_cosmo_params)/jit(evolve_perturbations_batched)/vmap(jit(diffeqsolve))/outer-loop/while/body/closed_call/checkpoint/cond/branch_1_fun/while/body/closed_call/checkpoint/cond/branch_1_fun/while/body/closed_call/cond/branch_1_fun/inner-loop/while/body/closed_call/checkpoint/reduce_or:","7393.0","12212.818","1.651","1.536","2.08"
"55.0","input_reduce_fusion_14","16.0","0.0","32,1,1","1,1,1","50.0","False","False","jit(compute_Cell_spectrum_from_cosmo_params)/jit(evolve_perturbations_batched)/vmap(jit(diffeqsolve))/outer-loop/while/body/closed_call/checkpoint/cond/branch_1_fun/while/body/closed_call/checkpoint/cond/branch_1_fun/while/body/closed_call/cond/branch_1_fun/inner-loop/while/body/closed_call/checkpoint/cond/branch_1_fun/while/body/closed_call/checkpoint/reduce_or:","7131.0","11489.954","1.611","1.055","2.048"
"56.0","memcpy32_post","16.0","0.0","256,1,1","2,1,1","100.0","False","False","XlaModule","14816.0","11024.25","0.744","0.704","1.088"
"57.0","stream_executor::cuda::(anonymous namespace)::MakeBatchPointers(char*, unsigned long, unsigned long, void**)","16.0","0.0","128,1,1","4,1,1","100.0","False","False","jit(compute_Cell_spectrum_from_cosmo_params)/jit(evolve_perturbations_batched)/vmap(jit(diffeqsolve))/outer-loop/while/body/closed_call/checkpoint/cond/branch_1_fun/while/body/closed_call/checkpoint/cond/branch_1_fun/while/body/closed_call/cond/branch_1_fun/vmap(jit(lu_solve))/jit(_lu_solve)/triangular_solve:","14816.0","10999.556","0.742","0.704","0.896"
"58.0","loop_gather_fusion_14","38.0","0.0","128,1,1","288,1,1","100.0","False","False","jit(compute_Cell_spectrum_from_cosmo_params)/jit(evolve_perturbations_batched)/vmap(jit(diffeqsolve))/outer-loop/while/body/closed_call/checkpoint/cond/branch_1_fun/while/body/closed_call/checkpoint/cond/branch_1_fun/while/body/closed_call/cond/branch_1_fun/vmap(jit(lu_solve))/jit(_lu_solve)/gather:","463.0","10603.895","22.902","21.92","27.327"
"59.0","jax::cuda::(anonymous namespace)::LuPivotsToPermutationKernel(int const*, int*, long, int, int)","32.0","0.0","128,1,1","4,1,1","100.0","False","False","jit(compute_Cell_spectrum_from_cosmo_params)/jit(evolve_perturbations_batched)/vmap(jit(diffeqsolve))/outer-loop/while/body/closed_call/checkpoint/cond/branch_1_fun/while/body/closed_call/checkpoint/cond/branch_1_fun/while/body/closed_call/cond/branch_1_fun/vmap(jit(lu_solve))/lu_pivots_to_permutation:","463.0","10541.009","22.766","22.656","23.04"
"60.0","loop_add_fusion_4","16.0","0.0","1,1,1","1,1,1","1.5625","False","False","jit(compute_Cell_spectrum_from_cosmo_params)/jit(evolve_perturbations_batched)/vmap(jit(diffeqsolve))/outer-loop/while/body/closed_call/checkpoint/cond/branch_1_fun/while/body/closed_call/checkpoint/cond/branch_1_fun/while/body/closed_call/cond/branch_1_fun/inner-loop/while/body/add:","7393.0","10526.7","1.423","1.279","2.56"
"61.0","loop_add_fusion_4","16.0","0.0","1,1,1","1,1,1","1.5625","False","False","jit(compute_Cell_spectrum_from_cosmo_params)/jit(evolve_perturbations_batched)/vmap(jit(diffeqsolve))/outer-loop/while/body/closed_call/checkpoint/cond/branch_1_fun/while/body/closed_call/checkpoint/cond/branch_1_fun/while/body/closed_call/cond/branch_1_fun/inner-loop/while/body/closed_call/checkpoint/cond/branch_1_fun/while/body/closed_call/checkpoint/cond/branch_1_fun/while/body/add:","7600.0","10470.307","1.377","0.927","2.656"
"62.0","loop_add_divide_exponential_power_sqrt_subtract_fusion_1","47.0","0.0","1,1,1","1,1,1","1.5625","False","False","XlaModule","2220.0","10387.63","4.679","4.639","4.864"
"63.0","loop_select_fusion_14","16.0","0.0","32,1,1","1,1,1","50.0","False","False","jit(compute_Cell_spectrum_from_cosmo_params)/jit(evolve_background)/jit(<lambda>)/jit(searchsorted)/vmap()/while/body/closed_call/jit(_where)/select_n:","10250.0","10344.614","1.009","0.991","1.056"
"64.0","loop_select_fusion_13","16.0","0.0","16,1,1","1,1,1","25.0","False","False","jit(compute_Cell_spectrum_from_cosmo_params)/jit(evolve_background)/jit(<lambda>)/jit(searchsorted)/vmap()/while/body/closed_call/jit(_where)/select_n:","10230.0","10301.514","1.006","0.991","1.056"
"65.0","loop_select_fusion_12","16.0","0.0","8,1,1","1,1,1","12.5","False","False","jit(compute_Cell_spectrum_from_cosmo_params)/jit(evolve_background)/jit(<lambda>)/jit(searchsorted)/vmap()/while/body/closed_call/jit(_where)/select_n:","10230.0","10290.322","1.005","0.991","1.057"
"66.0","loop_select_fusion_11","16.0","0.0","4,1,1","1,1,1","6.25","False","False","jit(compute_Cell_spectrum_from_cosmo_params)/jit(evolve_background)/jit(<lambda>)/jit(searchsorted)/vmap()/while/body/closed_call/jit(_where)/select_n:","10230.0","10286.4","1.005","0.991","1.056"
"67.0","loop_select_fusion_10","16.0","0.0","2,1,1","1,1,1","3.125","False","False","jit(compute_Cell_spectrum_from_cosmo_params)/jit(evolve_background)/jit(<lambda>)/jit(searchsorted)/vmap()/while/body/closed_call/jit(_where)/select_n:","10230.0","10269.352","1.003","0.96","1.057"
"68.0","loop_add_fusion_4","16.0","0.0","1,1,1","1,1,1","1.5625","False","False","jit(compute_Cell_spectrum_from_cosmo_params)/jit(evolve_perturbations_batched)/vmap(jit(diffeqsolve))/outer-loop/while/body/closed_call/checkpoint/cond/branch_1_fun/while/body/closed_call/checkpoint/cond/branch_1_fun/while/body/closed_call/cond/branch_1_fun/inner-loop/while/body/closed_call/checkpoint/cond/branch_1_fun/while/body/add:","7131.0","10083.911","1.414","0.928","2.624"
"69.0","loop_select_fusion_6","16.0","0.0","1,1,1","1,1,1","1.5625","False","False","jit(compute_Cell_spectrum_from_cosmo_params)/jit(evolve_background)/while/body/closed_call/jit(_where)/select_n:","10240.0","9781.483","0.955","0.927","1.568"
"70.0","loop_dynamic_update_slice_fusion_175","38.0","0.0","128,1,1","4,1,1","100.0","False","False","XlaModule","2315.0","9432.481","4.074","2.624","19.392"
"71.0","input_scatter_fusion_24","18.0","0.0","128,1,1","576,1,1","100.0","False","False","XlaModule","463.0","9344.518","20.182","18.144","22.464"
"72.0","input_scatter_fusion","29.0","0.0","128,1,1","288,1,1","100.0","False","False","XlaModule","2128.0","9145.357","4.297","2.784","6.112"
"73.0","loop_add_divide_exponential_multiply_power_slice_sqrt_subtract_fusion","116.0","0.0","128,1,1","4,1,1","33.33330154418945","False","False","XlaModule","463.0","9145.047","19.751","19.264","20.16"
"74.0","void trsm_batch_left_lower_kernel<double>(cublasTrsmBatchParams<double>, double const* const*, double* const*, double const*, double)","48.0","4608.0","32,8,1","64,1,1","83.33329772949219","False","False","jit(compute_Cell_spectrum_from_cosmo_params)/jit(evolve_perturbations_batched)/vmap(jit(diffeqsolve))/outer-loop/while/body/closed_call/checkpoint/cond/branch_1_fun/while/body/closed_call/checkpoint/cond/branch_1_fun/while/body/closed_call/cond/branch_1_fun/vmap(jit(lu_solve))/jit(_lu_solve)/triangular_solve:","3704.0","8946.007","2.415","2.336","2.56"
"75.0","loop_add_multiply_fusion","58.0","0.0","1,1,1","1,1,1","1.5625","False","False","XlaModule","1023.0","8752.01","8.555","8.511","8.768"
"76.0","loop_add_multiply_select_subtract_fusion_3","78.0","0.0","1,1,1","1,1,1","1.5625","False","False","jit(compute_Cell_spectrum_from_cosmo_params)/jit(evolve_background)/jit(evaluate_thermo)/while/body/closed_call/cond/branch_0_fun/cond/branch_0_fun/cond/branch_0_fun/jit(diffeqsolve)/outer-loop/while/body/jvp()/mul:","2122.0","8624.049","4.064","4.031","4.097"
"77.0","loop_add_multiply_fusion_2","45.0","0.0","3,1,1","1,1,1","4.6875","False","False","XlaModule","2220.0","8102.039","3.649","3.615","3.904"
"78.0","loop_dynamic_update_slice_fusion_180","48.0","0.0","128,1,1","4,1,1","83.33329772949219","False","False","jit(compute_Cell_spectrum_from_cosmo_params)/jit(evolve_perturbations_batched)/vmap(jit(diffeqsolve))/outer-loop/while/body/closed_call/checkpoint/cond/branch_1_fun/while/body/closed_call/checkpoint/cond/branch_1_fun/while/body/closed_call/cond/branch_1_fun/vmap()/scatter:","1852.0","7871.46","4.25","3.519","4.641"
"79.0","loop_add_divide_multiply_sqrt_fusion_6","64.0","0.0","128,1,1","4,1,1","66.66670227050781","False","False","jit(compute_Cell_spectrum_from_cosmo_params)/jit(evolve_perturbations_batched)/vmap(jit(diffeqsolve))/outer-loop/while/body/closed_call/checkpoint/cond/branch_1_fun/while/body/closed_call/checkpoint/cond/branch_1_fun/while/body/closed_call/cond/branch_1_fun/vmap()/div:","463.0","7630.304","16.48","12.256","17.377"
"80.0","void getrf_pivot<getrf_params_<double, 32, 1, 32, 32, 1> >(int, int, int, void*, int, long*, int, getrf_params_<double, 32, 1, 32, 32, 1>::data_type*, unsigned int*, unsigned int*, getrf_params_<double, 32, 1, 32, 32, 1>::data_type*, unsigned int, unsigned int, unsigned int, int*)","20.0","408.0","32,1,1","3,1,1","50.0","False","False","jit(compute_Cell_spectrum_from_cosmo_params)/jit(evolve_background)/jit(evaluate_thermo)/while/body/closed_call/cond/branch_0_fun/cond/branch_0_fun/cond/branch_0_fun/jit(diffeqsolve)/outer-loop/while/body/jit(lu_factor)/lu:","2122.0","7451.35","3.511","3.487","3.521"
"81.0","loop_gather_fusion_6","16.0","0.0","128,1,1","288,1,1","100.0","False","False","XlaModule","2128.0","7367.865","3.462","2.336","5.472"
"82.0","loop_add_divide_multiply_sqrt_fusion_5","72.0","0.0","128,1,1","4,1,1","58.33330154418945","False","False","jit(compute_Cell_spectrum_from_cosmo_params)/jit(evolve_perturbations_batched)/vmap(jit(diffeqsolve))/outer-loop/while/body/closed_call/checkpoint/cond/branch_1_fun/while/body/closed_call/checkpoint/cond/branch_1_fun/while/body/closed_call/cond/branch_1_fun/vmap()/div:","463.0","7365.189","15.907","11.68","16.769"
"83.0","loop_and_fusion_5","16.0","0.0","1,1,1","1,1,1","1.5625","False","False","jit(compute_Cell_spectrum_from_cosmo_params)/jit(evolve_perturbations_batched)/vmap(jit(diffeqsolve))/outer-loop/while/body/closed_call/checkpoint/cond/branch_1_fun/while/body/closed_call/checkpoint/cond/branch_1_fun/while/body/closed_call/cond/branch_1_fun/inner-loop/while/body/closed_call/checkpoint/cond/branch_1_fun/while/body/closed_call/checkpoint/cond/branch_1_fun/while/body/closed_call/and:","7600.0","7262.61","0.955","0.896","1.248"
"84.0","loop_and_fusion_5","16.0","0.0","1,1,1","1,1,1","1.5625","False","False","jit(compute_Cell_spectrum_from_cosmo_params)/jit(evolve_perturbations_batched)/vmap(jit(diffeqsolve))/outer-loop/while/body/closed_call/checkpoint/cond/branch_1_fun/while/body/closed_call/checkpoint/cond/branch_1_fun/while/body/closed_call/cond/branch_1_fun/inner-loop/while/body/closed_call/checkpoint/and:","7393.0","7120.103","0.963","0.927","1.248"
"85.0","loop_and_fusion_5","16.0","0.0","1,1,1","1,1,1","1.5625","False","False","jit(compute_Cell_spectrum_from_cosmo_params)/jit(evolve_perturbations_batched)/vmap(jit(diffeqsolve))/outer-loop/while/body/closed_call/checkpoint/cond/branch_1_fun/while/body/closed_call/checkpoint/cond/branch_1_fun/while/body/closed_call/cond/branch_1_fun/inner-loop/while/body/closed_call/checkpoint/cond/branch_1_fun/while/body/closed_call/checkpoint/and:","7131.0","6874.039","0.963","0.927","1.248"
"86.0","dtrsv_init_up(int*, int)","16.0","0.0","1,1,1","1,1,1","1.5625","False","False","jit(compute_Cell_spectrum_from_cosmo_params)/jit(evolve_background)/jit(evaluate_thermo)/while/body/closed_call/cond/branch_0_fun/cond/branch_0_fun/cond/branch_0_fun/jit(diffeqsolve)/outer-loop/while/body/jit(lu_solve)/jit(_lu_solve)/triangular_solve:","8488.0","6307.864","0.743","0.704","0.769"
"87.0","dtrsv_init(int*)","16.0","0.0","1,1,1","1,1,1","1.5625","False","False","jit(compute_Cell_spectrum_from_cosmo_params)/jit(evolve_background)/jit(evaluate_thermo)/while/body/closed_call/cond/branch_0_fun/cond/branch_0_fun/cond/branch_0_fun/jit(diffeqsolve)/outer-loop/while/body/jit(lu_solve)/jit(_lu_solve)/triangular_solve:","8488.0","6257.901","0.737","0.703","0.769"
"88.0","loop_multiply_fusion_34","24.0","0.0","3,1,1","1,1,1","4.6875","False","False","XlaModule","4167.0","6222.545","1.493","1.439","1.92"
"89.0","loop_divide_fusion_33","34.0","0.0","128,1,1","324,1,1","100.0","False","False","XlaModule","463.0","6132.79","13.245","13.184","13.313"
"90.0","loop_divide_fusion_31","20.0","0.0","1,1,1","1,1,1","1.5625","False","False","XlaModule","6660.0","6011.843","0.902","0.863","1.088"
"91.0","loop_minimum_select_fusion_1","34.0","0.0","32,1,1","1,1,1","50.0","False","False","jit(compute_Cell_spectrum_from_cosmo_params)/jit(evolve_background)/jit(evaluate_thermo)/while/body/closed_call/cond/branch_0_fun/cond/branch_0_fun/cond/branch_0_fun/jit(diffeqsolve)/outer-loop/while/body/jit(_where)/select_n:","2122.0","5917.394","2.788","2.752","2.817"
"92.0","loop_compare_multiply_fusion_1","29.0","0.0","1,1,1","1,1,1","1.5625","False","False","XlaModule","2220.0","5876.836","2.647","2.623","2.784"
"93.0","loop_gather_fusion_5","40.0","0.0","3,1,1","1,1,1","4.6875","False","False","jit(compute_Cell_spectrum_from_cosmo_params)/jit(evolve_background)/jit(evaluate_thermo)/while/body/closed_call/cond/branch_0_fun/cond/branch_0_fun/cond/branch_0_fun/jit(diffeqsolve)/outer-loop/while/body/jit(lu_solve)/jit(_lu_solve)/gather:","2122.0","5771.643","2.719","2.624","2.913"
"94.0","loop_divide_fusion_18","16.0","0.0","1,1,1","1,1,1","1.5625","False","False","XlaModule","6660.0","5685.702","0.853","0.831","1.024"
"95.0","input_scatter_fusion_13","18.0","0.0","128,1,1","792,1,1","100.0","False","False","XlaModule","463.0","5577.263","12.045","11.424","13.056"
"96.0","input_scatter_fusion_3","18.0","0.0","128,1,1","576,1,1","100.0","False","False","XlaModule","463.0","5146.656","11.115","9.184","13.088"
"97.0","input_transpose_fusion_12","56.0","8448.0","128,1,1","48,1,1","75.0","False","False","XlaModule","463.0","4720.612","10.195","7.04","10.464"
"98.0","loop_gather_fusion_8","34.0","0.0","128,1,1","288,1,1","100.0","False","False","XlaModule","463.0","4630.178","10.0","6.847","11.104"
"99.0","loop_multiply_fusion_12","30.0","0.0","1,1,1","1,1,1","1.5625","False","False","jit(compute_Cell_spectrum_from_cosmo_params)/jit(evolve_background)/jit(evaluate_thermo)/while/body/closed_call/cond/branch_0_fun/cond/branch_0_fun/cond/branch_0_fun/jit(diffeqsolve)/outer-loop/while/body/jvp()/mul:","4244.0","4508.887","1.062","0.992","1.121"
"100.0","loop_multiply_fusion_14","27.0","0.0","1,1,1","1,1,1","1.5625","False","False","XlaModule","2220.0","4453.196","2.005","1.983","2.08"
"101.0","loop_multiply_fusion_15","27.0","0.0","1,1,1","1,1,1","1.5625","False","False","XlaModule","2220.0","4441.092","2.0","1.983","2.208"
"102.0","loop_multiply_fusion_13","27.0","0.0","1,1,1","1,1,1","1.5625","False","False","XlaModule","2220.0","4440.232","2.0","1.983","2.048"
"103.0","loop_multiply_fusion_16","27.0","0.0","1,1,1","1,1,1","1.5625","False","False","XlaModule","2220.0","4434.901","1.997","1.983","2.144"
"104.0","loop_divide_multiply_fusion","65.0","0.0","32,1,1","1,1,1","50.0","False","False","XlaModule","463.0","4368.096","9.434","4.512","9.792"
"105.0","loop_add_fusion_121","34.0","0.0","3,1,1","1,1,1","4.6875","False","False","XlaModule","2220.0","4236.322","1.908","1.887","2.016"
"106.0","loop_slice_fusion_4","16.0","0.0","6,1,1","1,1,1","9.375","False","False","jit(compute_Cell_spectrum_from_cosmo_params)/jit(evolve_background)/jit(evaluate_thermo)/while/body/closed_call/slice:","5115.0","4231.216","0.827","0.799","0.865"
"107.0","loop_dynamic_update_slice_fusion_172","26.0","0.0","128,1,1","4,1,1","100.0","False","False","XlaModule","2315.0","4062.212","1.754","1.503","1.984"
"108.0","loop_transpose_fusion_17","16.0","0.0","128,1,1","32,1,1","100.0","False","False","XlaModule","4630.0","4048.19","0.874","0.8","1.6"
"109.0","loop_divide_fusion_25","16.0","0.0","1,1,1","1,1,1","1.5625","False","False","XlaModule","4440.0","4011.229","0.903","0.863","1.024"
"110.0","loop_select_fusion_7","16.0","0.0","1,1,1","1,1,1","1.5625","False","False","jit(compute_Cell_spectrum_from_cosmo_params)/jit(evolve_background)/while/body/closed_call/jit(_where)/select_n:","4096.0","3998.468","0.976","0.959","1.248"
"111.0","input_reduce_fusion","42.0","0.0","32,1,1","1,1,1","50.0","False","False","XlaModule","1023.0","3893.789","3.806","3.775","3.936"
"112.0","input_transpose_fusion_10","28.0","8448.0","128,1,1","48,1,1","100.0","False","False","XlaModule","3241.0","3886.487","1.199","0.992","1.472"
"113.0","input_reduce_fusion_1","42.0","0.0","16,1,1","1,1,1","25.0","False","False","XlaModule","1023.0","3846.114","3.759","3.743","3.84"
"114.0","input_reduce_fusion_2","42.0","0.0","8,1,1","1,1,1","12.5","False","False","XlaModule","1023.0","3826.84","3.74","3.711","3.84"
"115.0","input_scatter_fusion_14","16.0","0.0","128,1,1","44,1,1","100.0","False","False","XlaModule","3704.0","3822.773","1.032","0.959","1.632"
"116.0","input_reduce_fusion_3","42.0","0.0","4,1,1","1,1,1","6.25","False","False","XlaModule","1023.0","3788.915","3.703","3.679","3.808"
"117.0","input_reduce_fusion_4","42.0","0.0","2,1,1","1,1,1","3.125","False","False","XlaModule","1023.0","3766.585","3.681","3.647","3.872"
"118.0","input_scatter_fusion_4","16.0","0.0","128,1,1","32,1,1","100.0","False","False","XlaModule","3704.0","3759.066","1.014","0.928","1.664"
"119.0","loop_divide_fusion_16","46.0","0.0","3,1,1","1,1,1","4.6875","False","False","jit(compute_Cell_spectrum_from_cosmo_params)/jit(evolve_background)/jit(evaluate_thermo)/while/body/closed_call/cond/branch_0_fun/cond/branch_0_fun/cond/branch_0_fun/jit(diffeqsolve)/outer-loop/while/body/div:","2122.0","3718.989","1.752","1.727","1.761"
"120.0","input_scatter_fusion_25","16.0","0.0","128,1,1","32,1,1","100.0","False","False","XlaModule","3704.0","3700.955","0.999","0.928","1.504"
"121.0","loop_dynamic_update_slice_fusion_167","25.0","0.0","128,1,1","4,1,1","100.0","False","False","XlaModule","2315.0","3695.292","1.596","1.312","1.824"
"122.0","loop_rsqrt_fusion_5","26.0","0.0","128,1,1","12,1,1","100.0","False","False","XlaModule","2315.0","3589.654","1.55","1.152","1.728"
"123.0","loop_log_fusion_13","20.0","0.0","128,1,1","4,1,1","100.0","False","False","XlaModule","2315.0","3582.876","1.547","1.504","1.792"
"124.0","loop_dynamic_update_slice_fusion_214","20.0","0.0","128,1,1","288,1,1","100.0","False","False","XlaModule","2315.0","3532.447","1.525","1.503","1.76"
"125.0","loop_dynamic_update_slice_fusion_213","20.0","0.0","128,1,1","288,1,1","100.0","False","False","XlaModule","2315.0","3531.321","1.525","1.503","1.696"
"126.0","loop_transpose_fusion_16","30.0","1024.0","32,1,1","64,1,1","50.0","False","False","XlaModule","3704.0","3338.739","0.901","0.831","1.504"
"127.0","input_reduce_fusion_15","40.0","0.0","256,1,1","4,1,1","100.0","False","False","XlaModule","463.0","3328.44","7.188","5.216","7.904"
"128.0","loop_add_subtract_fusion_19","28.0","0.0","128,1,1","160084,1,1","100.0","False","False","XlaModule","1.0","2880.08","2880.08","2880.08","2880.08"
"129.0","void ipiv_lower_small<double, 32>(int, void*, int, long*, int, int)","20.0","128.0","32,1,1","3,1,1","50.0","False","False","jit(compute_Cell_spectrum_from_cosmo_params)/jit(evolve_background)/jit(evaluate_thermo)/while/body/closed_call/cond/branch_0_fun/cond/branch_0_fun/cond/branch_0_fun/jit(diffeqsolve)/outer-loop/while/body/jit(lu_factor)/lu:","2122.0","2833.037","1.335","1.311","1.345"
"130.0","loop_and_fusion_2","16.0","0.0","1,1,1","1,1,1","1.5625","False","False","jit(compute_Cell_spectrum_from_cosmo_params)/jit(evolve_background)/jit(evaluate_thermo)/while/body/closed_call/cond/branch_0_fun/cond/branch_0_fun/cond/branch_0_fun/jit(diffeqsolve)/outer-loop/while/cond/and:","3127.0","2678.773","0.856","0.831","0.992"
"131.0","loop_log_fusion_7","20.0","0.0","1,1,1","1,1,1","1.5625","False","False","XlaModule","2220.0","2668.174","1.201","1.183","1.376"
"132.0","loop_and_select_fusion","30.0","0.0","32,1,1","1,1,1","50.0","False","False","XlaModule","2128.0","2622.948","1.232","1.152","1.504"
"133.0","jax::cuda::(anonymous namespace)::LuPivotsToPermutationKernel(int const*, int*, long, int, int)","32.0","0.0","128,1,1","1,1,1","100.0","False","False","jit(compute_Cell_spectrum_from_cosmo_params)/jit(evolve_background)/jit(evaluate_thermo)/while/body/closed_call/cond/branch_0_fun/cond/branch_0_fun/cond/branch_0_fun/jit(diffeqsolve)/outer-loop/while/body/jit(lu_solve)/lu_pivots_to_permutation:","2122.0","2602.936","1.226","1.184","1.249"
"134.0","loop_select_fusion_117","26.0","0.0","3,1,1","1,1,1","4.6875","False","False","jit(compute_Cell_spectrum_from_cosmo_params)/jit(evolve_background)/jit(evaluate_thermo)/while/body/closed_call/cond/branch_0_fun/cond/branch_0_fun/cond/branch_0_fun/jit(diffeqsolve)/outer-loop/while/body/jit(_where)/select_n:","2122.0","2502.982","1.179","1.151","1.216"
"135.0","loop_divide_fusion_24","23.0","0.0","1,1,1","1,1,1","1.5625","False","False","XlaModule","2220.0","2409.742","1.085","1.055","1.216"
"136.0","loop_divide_fusion_19","23.0","0.0","1,1,1","1,1,1","1.5625","False","False","XlaModule","2220.0","2407.274","1.084","1.055","1.28"
"137.0","loop_dynamic_update_slice_fusion_173","22.0","0.0","128,1,1","4,1,1","100.0","False","False","XlaModule","2315.0","2399.54","1.036","0.992","1.184"
"138.0","loop_subtract_fusion_7","24.0","0.0","128,1,1","44,1,1","100.0","False","False","XlaModule","2315.0","2327.866","1.005","0.96","1.216"
"139.0","loop_multiply_fusion_10","32.0","0.0","1,1,1","1,1,1","1.5625","False","False","jit(compute_Cell_spectrum_from_cosmo_params)/jit(evolve_background)/jit(evaluate_thermo)/while/body/closed_call/cond/branch_0_fun/cond/branch_0_fun/cond/branch_0_fun/jit(diffeqsolve)/outer-loop/while/body/jvp()/mul:","2122.0","2324.212","1.095","1.087","1.121"
"140.0","loop_divide_fusion_28","23.0","0.0","1,1,1","1,1,1","1.5625","False","False","XlaModule","2220.0","2268.185","1.021","0.991","1.184"
"141.0","loop_pad_fusion_5","16.0","0.0","128,1,1","288,1,1","100.0","False","False","jit(compute_Cell_spectrum_from_cosmo_params)/jit(evolve_perturbations_batched)/vmap(jit(diffeqsolve))/outer-loop/while/body/closed_call/checkpoint/cond/branch_1_fun/while/body/closed_call/checkpoint/cond/branch_1_fun/while/body/closed_call/cond/branch_1_fun/vmap()/scatter:","2315.0","2221.292","0.959","0.927","0.993"
"142.0","void create_pivot_v2<32>(int, int*, long*, int)","36.0","128.0","32,1,1","1,1,1","50.0","False","False","jit(compute_Cell_spectrum_from_cosmo_params)/jit(evolve_background)/jit(evaluate_thermo)/while/body/closed_call/cond/branch_0_fun/cond/branch_0_fun/cond/branch_0_fun/jit(diffeqsolve)/outer-loop/while/body/jit(lu_factor)/lu:","2122.0","2212.976","1.042","1.023","1.057"
"143.0","loop_dynamic_update_slice_fusion_194","48.0","0.0","128,1,1","4,1,1","83.33329772949219","False","False","jit(compute_Cell_spectrum_from_cosmo_params)/jit(evolve_perturbations_batched)/vmap(jit(diffeqsolve))/outer-loop/while/body/closed_call/checkpoint/cond/branch_1_fun/while/body/closed_call/checkpoint/cond/branch_1_fun/while/body/closed_call/cond/branch_1_fun/vmap()/scatter:","463.0","2187.37","4.724","3.967","4.928"
"144.0","loop_subtract_transpose_fusion_4","32.0","0.0","128,1,1","32,1,1","100.0","False","False","XlaModule","1852.0","2166.227","1.169","1.12","1.376"
"145.0","loop_log_fusion","26.0","0.0","1,1,1","1,1,1","1.5625","False","False","XlaModule","1023.0","2145.173","2.096","2.079","2.208"
"146.0","loop_and_compare_select_fusion","48.0","0.0","32,1,1","1,1,1","50.0","False","False","XlaModule","463.0","2113.275","4.564","4.32","4.736"
"147.0","loop_dynamic_update_slice_fusion_189","38.0","0.0","128,1,1","4,1,1","100.0","False","False","XlaModule","463.0","2112.628","4.562","2.784","18.912"
"148.0","loop_dynamic_update_slice_fusion_110","48.0","0.0","128,1,1","4,1,1","83.33329772949219","False","False","jit(compute_Cell_spectrum_from_cosmo_params)/jit(evolve_perturbations_batched)/vmap(jit(diffeqsolve))/outer-loop/while/body/closed_call/checkpoint/cond/branch_1_fun/while/body/closed_call/checkpoint/cond/branch_1_fun/while/body/closed_call/cond/branch_1_fun/vmap()/scatter:","463.0","2099.853","4.535","3.807","4.801"
"149.0","loop_add_gather_fusion_1","78.0","0.0","3,1,1","1,1,1","4.6875","False","False","jit(compute_Cell_spectrum_from_cosmo_params)/jit(evolve_background)/jit(evaluate_thermo)/while/body/closed_call/cond/branch_0_fun/cond/branch_0_fun/cond/branch_1_fun/jit(diffeqsolve)/outer-loop/while/body/jit(lu_solve)/jit(_lu_solve)/gather:","98.0","2092.272","21.349","21.215","22.944"
"150.0","loop_divide_fusion_21","16.0","0.0","1,1,1","1,1,1","1.5625","False","False","XlaModule","2220.0","2074.261","0.934","0.896","1.088"
"151.0","loop_select_fusion_146","16.0","0.0","128,1,1","288,1,1","100.0","False","False","XlaModule","463.0","2071.146","4.473","3.264","6.432"
"152.0","loop_gather_fusion_4","78.0","0.0","3,1,1","1,1,1","4.6875","False","False","jit(compute_Cell_spectrum_from_cosmo_params)/jit(evolve_background)/jit(evaluate_thermo)/while/body/closed_call/cond/branch_0_fun/cond/branch_0_fun/cond/branch_1_fun/jit(diffeqsolve)/outer-loop/while/body/jit(lu_solve)/jit(_lu_solve)/gather:","98.0","2066.549","21.087","20.928","22.592"
"153.0","loop_gather_fusion_3","78.0","0.0","3,1,1","1,1,1","4.6875","False","False","jit(compute_Cell_spectrum_from_cosmo_params)/jit(evolve_background)/jit(evaluate_thermo)/while/body/closed_call/cond/branch_0_fun/cond/branch_0_fun/cond/branch_1_fun/jit(diffeqsolve)/outer-loop/while/body/jit(lu_solve)/jit(_lu_solve)/gather:","98.0","2066.164","21.083","20.959","22.655"
"154.0","loop_divide_fusion_27","16.0","0.0","1,1,1","1,1,1","1.5625","False","False","XlaModule","2220.0","2046.038","0.921","0.895","1.088"
"155.0","loop_dynamic_update_slice_fusion_168","16.0","0.0","128,1,1","4,1,1","100.0","False","False","XlaModule","2315.0","2037.004","0.879","0.832","1.088"
"156.0","loop_divide_fusion_17","16.0","0.0","1,1,1","1,1,1","1.5625","False","False","XlaModule","2220.0","2018.397","0.909","0.864","0.929"
"157.0","loop_add_fusion_175","16.0","0.0","1,1,1","1,1,1","1.5625","False","False","XlaModule","2591.0","2016.511","0.778","0.704","0.96"
"158.0","loop_dynamic_update_slice_fusion_124","48.0","0.0","128,1,1","4,1,1","83.33329772949219","False","False","jit(compute_Cell_spectrum_from_cosmo_params)/jit(evolve_perturbations_batched)/vmap(jit(diffeqsolve))/outer-loop/while/body/closed_call/checkpoint/cond/branch_1_fun/while/body/closed_call/checkpoint/cond/branch_1_fun/while/body/closed_call/cond/branch_1_fun/vmap()/scatter:","463.0","2010.8","4.342","3.615","4.609"
"159.0","loop_dynamic_update_slice_fusion_174","16.0","0.0","128,1,1","4,1,1","100.0","False","False","XlaModule","2315.0","1995.347","0.861","0.831","1.088"
"160.0","loop_dynamic_update_slice_fusion_169","16.0","0.0","128,1,1","4,1,1","100.0","False","False","XlaModule","2315.0","1986.887","0.858","0.831","1.088"
"161.0","loop_divide_fusion_22","16.0","0.0","1,1,1","1,1,1","1.5625","False","False","XlaModule","2220.0","1977.432","0.89","0.863","1.056"
"162.0","loop_dynamic_update_slice_fusion_105","38.0","0.0","128,1,1","4,1,1","100.0","False","False","XlaModule","463.0","1926.353","4.16","2.72","8.64"
"163.0","loop_dynamic_update_slice_fusion_176","16.0","0.0","128,1,1","4,1,1","100.0","False","False","XlaModule","2315.0","1899.596","0.82","0.799","1.024"
"164.0","loop_dynamic_update_slice_fusion_178","16.0","0.0","128,1,1","4,1,1","100.0","False","False","XlaModule","2315.0","1886.447","0.814","0.8","1.024"
"165.0","loop_dynamic_update_slice_fusion_177","16.0","0.0","128,1,1","4,1,1","100.0","False","False","XlaModule","2315.0","1851.113","0.799","0.768","0.96"
"166.0","input_scatter_fusion_1","16.0","0.0","32,1,1","1,1,1","50.0","False","False","XlaModule","2128.0","1846.25","0.867","0.832","1.056"
"167.0","loop_select_fusion_116","16.0","0.0","9,1,1","1,1,1","14.0625","False","False","jit(compute_Cell_spectrum_from_cosmo_params)/jit(evolve_background)/jit(evaluate_thermo)/while/body/closed_call/cond/branch_0_fun/cond/branch_0_fun/cond/branch_0_fun/jit(diffeqsolve)/outer-loop/while/body/jit(lu_factor)/lu:","2122.0","1777.465","0.837","0.831","0.865"
"168.0","loop_add_fusion_122","16.0","0.0","3,1,1","1,1,1","4.6875","False","False","jit(compute_Cell_spectrum_from_cosmo_params)/jit(evolve_background)/jit(evaluate_thermo)/while/body/closed_call/cond/branch_0_fun/cond/branch_0_fun/cond/branch_0_fun/jit(diffeqsolve)/outer-loop/while/body/jit(lu_factor)/lu:","2122.0","1766.68","0.832","0.8","0.864"
"169.0","void ipiv_64_to_32_ker<128>(long, long const*, int*)","16.0","0.0","128,1,1","1,1,1","100.0","False","False","jit(compute_Cell_spectrum_from_cosmo_params)/jit(evolve_background)/jit(evaluate_thermo)/while/body/closed_call/cond/branch_0_fun/cond/branch_0_fun/cond/branch_0_fun/jit(diffeqsolve)/outer-loop/while/body/jit(lu_factor)/lu:","2122.0","1722.394","0.811","0.799","0.833"
"170.0","loop_add_fusion_4","16.0","0.0","1,1,1","1,1,1","1.5625","False","False","XlaModule","2220.0","1654.177","0.745","0.704","0.864"
"171.0","xxtrf4_set_info_ker(int, int*)","16.0","0.0","1,1,1","1,1,1","1.5625","False","False","jit(compute_Cell_spectrum_from_cosmo_params)/jit(evolve_background)/jit(evaluate_thermo)/while/body/closed_call/cond/branch_0_fun/cond/branch_0_fun/cond/branch_0_fun/jit(diffeqsolve)/outer-loop/while/body/jit(lu_factor)/lu:","2122.0","1567.634","0.738","0.703","0.768"
"172.0","void ipiv_lower_diag<double, 32>(int, void*, int, int*, int)","22.0","0.0","32,1,1","3,1,1","50.0","False","False","jit(compute_Cell_spectrum_from_cosmo_params)/jit(evolve_background)/jit(evaluate_thermo)/while/body/closed_call/cond/branch_0_fun/cond/branch_0_fun/cond/branch_0_fun/jit(diffeqsolve)/outer-loop/while/body/jit(lu_factor)/lu:","2122.0","1565.982","0.737","0.703","0.769"
"173.0","loop_select_fusion_38","16.0","0.0","1,1,1","1,1,1","1.5625","False","False","jit(compute_Cell_spectrum_from_cosmo_params)/jit(evolve_background)/while/body/closed_call/jit(_where)/select_n:","1536.0","1448.308","0.942","0.927","0.961"
"174.0","void trsv_ln_exec_up<double, 32u, 32u, 4u, false>(int, double const*, long, double*, long, int*)","64.0","9992.0","32,4,1","1,1,1","66.66670227050781","False","False","jit(compute_Cell_spectrum_from_cosmo_params)/jit(evolve_background)/jit(evaluate_thermo)/while/body/closed_call/cond/branch_0_fun/cond/branch_0_fun/cond/branch_1_fun/jit(diffeqsolve)/outer-loop/while/body/jit(lu_solve)/jit(_lu_solve)/triangular_solve:","392.0","1404.444","3.582","3.519","3.808"
"175.0","loop_log_fusion_2","20.0","0.0","16,1,1","1,1,1","25.0","False","False","XlaModule","1023.0","1398.068","1.366","1.343","1.535"
"176.0","wrapped_select","16.0","0.0","32,1,1","1,1,1","50.0","False","False","jit(compute_Cell_spectrum_from_cosmo_params)/jit(evolve_perturbations_batched)/vmap(jit(diffeqsolve))/outer-loop/while/body/closed_call/checkpoint/cond/branch_1_fun/while/body/closed_call/checkpoint/cond/branch_1_fun/while/body/closed_call/cond/branch_1_fun/select_n:","924.0","1397.871","1.512","1.12","2.528"
"177.0","loop_log_fusion_3","20.0","0.0","8,1,1","1,1,1","12.5","False","False","XlaModule","1023.0","1394.422","1.363","1.343","1.472"
"178.0","loop_log_fusion_4","20.0","0.0","4,1,1","1,1,1","6.25","False","False","XlaModule","1023.0","1384.212","1.353","1.312","1.504"
"179.0","loop_log_fusion_5","20.0","0.0","2,1,1","1,1,1","3.125","False","False","XlaModule","1023.0","1383.801","1.352","1.312","1.44"
"180.0","input_concatenate_fusion_8","80.0","0.0","1,1,1","1,1,1","1.5625","False","False","jit(compute_Cell_spectrum_from_cosmo_params)/jit(evolve_background)/jit(evaluate_thermo)/while/body/closed_call/cond/branch_0_fun/cond/branch_0_fun/cond/branch_1_fun/jit(diffeqsolve)/outer-loop/while/body/jvp()/concatenate:","294.0","1382.582","4.702","4.543","5.824"
"181.0","loop_log_fusion_1","20.0","0.0","32,1,1","1,1,1","50.0","False","False","XlaModule","1023.0","1362.744","1.332","1.311","1.44"
"182.0","input_concatenate_fusion_11","18.0","0.0","2,1,1","1,1,1","3.125","False","False","XlaModule","1024.0","1329.397","1.298","1.248","1.344"
"183.0","loop_gather_fusion_16","16.0","0.0","128,1,1","44,1,1","100.0","False","False","XlaModule","463.0","1308.808","2.826","1.728","3.968"
"184.0","memcpy32_post","16.0","0.0","256,1,1","288,1,1","100.0","False","False","XlaModule","462.0","1255.658","2.717","2.08","3.104"
"185.0","loop_add_fusion_130","26.0","0.0","1,1,1","1,1,1","1.5625","False","False","jit(compute_Cell_spectrum_from_cosmo_params)/jit(evolve_background)/jit(evaluate_thermo)/while/body/closed_call/cond/branch_0_fun/cond/branch_0_fun/cond/branch_0_fun/add:","877.0","1230.551","1.403","1.375","1.44"
"186.0","loop_add_fusion_170","20.0","0.0","128,1,1","288,1,1","100.0","False","False","XlaModule","463.0","1191.789","2.574","2.528","2.72"
"187.0","loop_add_compare_divide_dynamic_slice_fusion","28.0","0.0","1,1,1","1,1,1","1.5625","False","False","XlaModule","1024.0","1181.752","1.154","1.12","1.312"
"188.0","loop_divide_multiply_rsqrt_sqrt_transpose_fusion","40.0","0.0","128,1,1","12,1,1","100.0","False","False","XlaModule","463.0","1161.355","2.508","2.464","2.656"
"189.0","loop_dynamic_update_slice_fusion_208","38.0","0.0","128,1,1","4,1,1","100.0","False","False","XlaModule","463.0","1157.545","2.5","2.304","3.744"
"190.0","wrapped_log","20.0","0.0","1,1,1","1,1,1","1.5625","False","False","jit(compute_Cell_spectrum_from_cosmo_params)/jit(evolve_background)/jit(evaluate_thermo)/while/body/closed_call/cond/branch_0_fun/cond/branch_0_fun/cond/branch_0_fun/log:","877.0","1154.903","1.316","1.28","1.344"
"191.0","void trsv_ln_exec<double, 32u, 32u, 4u, true>(int, double const*, long, double*, long, int*)","48.0","9992.0","32,4,1","1,1,1","83.33329772949219","False","False","jit(compute_Cell_spectrum_from_cosmo_params)/jit(evolve_background)/jit(evaluate_thermo)/while/body/closed_call/cond/branch_0_fun/cond/branch_0_fun/cond/branch_1_fun/jit(diffeqsolve)/outer-loop/while/body/jit(lu_solve)/jit(_lu_solve)/triangular_solve:","392.0","1115.029","2.844","2.815","3.328"
"192.0","loop_dynamic_update_slice_fusion_209","16.0","0.0","128,1,1","288,1,1","100.0","False","False","XlaModule","463.0","1088.046","2.349","1.888","2.848"
"193.0","wrapped_compare","16.0","0.0","72,1,1","1,1,1","75.0","False","False","XlaModule","1389.0","1058.572","0.762","0.704","1.024"
"194.0","loop_add_fusion_171","20.0","0.0","128,1,1","288,1,1","100.0","False","False","XlaModule","463.0","1038.057","2.242","2.208","2.464"
"195.0","loop_multiply_fusion_2","28.0","0.0","1,1,1","1,1,1","1.5625","False","False","XlaModule","1023.0","1035.446","1.012","0.991","1.12"
"196.0","input_add_transpose_fusion","48.0","8448.0","128,1,1","48,1,1","83.33329772949219","False","False","XlaModule","463.0","982.434","2.121","1.888","2.304"
"197.0","loop_dynamic_update_slice_fusion_51","16.0","0.0","6,1,1","1,1,1","9.375","False","False","jit(compute_Cell_spectrum_from_cosmo_params)/jit(evolve_background)/jit(evaluate_thermo)/while/body/closed_call/scatter:","1024.0","972.091","0.949","0.896","1.088"
"198.0","loop_add_log_multiply_slice_fusion","24.0","0.0","128,1,1","4,1,1","100.0","False","False","XlaModule","463.0","970.474","2.096","1.984","2.336"
"199.0","loop_dynamic_update_slice_fusion_186","38.0","0.0","128,1,1","4,1,1","100.0","False","False","XlaModule","463.0","966.121","2.086","1.856","2.272"
"200.0","loop_dynamic_update_slice_fusion_129","20.0","0.0","128,1,1","4,1,1","100.0","False","False","XlaModule","926.0","947.307","1.023","0.928","1.248"
"201.0","loop_divide_fusion_32","26.0","0.0","128,1,1","60,1,1","100.0","False","False","XlaModule","463.0","938.433","2.026","1.344","3.072"
"202.0","input_concatenate_fusion_10","80.0","0.0","3,1,1","1,1,1","4.6875","False","False","jit(compute_Cell_spectrum_from_cosmo_params)/jit(evolve_background)/jit(evaluate_thermo)/while/body/closed_call/cond/branch_0_fun/cond/branch_0_fun/cond/branch_1_fun/jit(append)/concatenate:","30.0","927.448","30.914","30.752","32.383"
"203.0","loop_broadcast_fusion","16.0","0.0","6,1,1","1,1,1","9.375","False","False","XlaModule","1023.0","916.83","0.896","0.863","1.056"
"204.0","loop_dynamic_update_slice_fusion_102","38.0","0.0","128,1,1","4,1,1","100.0","False","False","XlaModule","463.0","882.604","1.906","1.632","2.016"
"205.0","loop_dynamic_update_slice_fusion_128","20.0","0.0","128,1,1","4,1,1","100.0","False","False","XlaModule","926.0","879.784","0.95","0.927","1.152"
"206.0","loop_minimum_multiply_select_fusion_1","20.0","0.0","1,1,1","1,1,1","1.5625","False","False","jit(compute_Cell_spectrum_from_cosmo_params)/jit(evolve_background)/jit(evaluate_thermo)/while/body/closed_call/cond/branch_0_fun/cond/branch_0_fun/cond/branch_0_fun/jit(diffeqsolve)/min:","877.0","874.265","0.996","0.96","1.024"
"207.0","loop_add_fusion_172","20.0","0.0","128,1,1","288,1,1","100.0","False","False","XlaModule","463.0","874.087","1.887","1.856","2.08"
"208.0","loop_add_fusion_67","16.0","0.0","1,1,1","1,1,1","1.5625","False","False","jit(compute_Cell_spectrum_from_cosmo_params)/jit(evolve_background)/jit(evaluate_thermo)/while/body/closed_call/add:","1023.0","873.08","0.853","0.831","0.865"
"209.0","loop_abs_compare_fusion_1","16.0","0.0","1,1,1","1,1,1","1.5625","False","False","jit(compute_Cell_spectrum_from_cosmo_params)/jit(evolve_background)/jit(evaluate_thermo)/while/body/closed_call/cond/branch_0_fun/cond/branch_0_fun/cond/branch_0_fun/jit(diffeqsolve)/lt:","877.0","860.857","0.981","0.959","0.993"
"210.0","input_transpose_fusion_1","48.0","4096.0","64,1,1","72,1,1","83.33329772949219","False","False","XlaModule","463.0","843.334","1.821","1.76","2.016"
"211.0","loop_add_fusion_4","16.0","0.0","1,1,1","1,1,1","1.5625","False","False","jit(compute_Cell_spectrum_from_cosmo_params)/jit(evolve_background)/jit(evaluate_thermo)/while/body/add:","1023.0","834.911","0.816","0.799","0.833"
"212.0","loop_and_fusion_3","16.0","0.0","1,1,1","1,1,1","1.5625","False","False","XlaModule","1024.0","833.436","0.813","0.768","0.833"
"213.0","loop_multiply_subtract_fusion_1","38.0","0.0","128,1,1","32,1,1","100.0","False","False","XlaModule","463.0","831.368","1.795","1.664","2.113"
"214.0","loop_log_slice_fusion","22.0","0.0","128,1,1","4,1,1","100.0","False","False","XlaModule","463.0","807.175","1.743","1.696","1.888"
"215.0","input_reduce_fusion_6","16.0","0.0","2,1,1","1,1,1","3.125","False","False","XlaModule","1024.0","806.519","0.787","0.767","0.96"
"216.0","loop_dynamic_update_slice_fusion_212","26.0","0.0","128,1,1","288,1,1","100.0","False","False","XlaModule","463.0","800.393","1.728","1.696","1.92"
"217.0","loop_dynamic_update_slice_fusion_181","25.0","0.0","128,1,1","4,1,1","100.0","False","False","XlaModule","463.0","794.533","1.716","1.44","1.952"
"218.0","loop_divide_subtract_fusion","27.0","0.0","128,1,1","44,1,1","100.0","False","False","XlaModule","463.0","793.672","1.714","1.44","2.944"
"219.0","loop_divide_transpose_fusion","25.0","0.0","128,1,1","12,1,1","100.0","False","False","XlaModule","463.0","778.345","1.681","1.663","1.824"
"220.0","loop_dynamic_update_slice_fusion_203","29.0","0.0","128,1,1","4,1,1","100.0","False","False","XlaModule","463.0","773.191","1.669","1.568","1.953"
"221.0","loop_dynamic_update_slice_fusion_97","25.0","0.0","128,1,1","4,1,1","100.0","False","False","XlaModule","463.0","771.784","1.666","1.376","1.824"
"222.0","loop_dynamic_update_slice_fusion_200","25.0","0.0","128,1,1","4,1,1","100.0","False","False","XlaModule","463.0","760.931","1.643","1.568","1.888"
"223.0","loop_dynamic_update_slice_fusion_199","25.0","0.0","128,1,1","4,1,1","100.0","False","False","XlaModule","463.0","754.44","1.629","1.536","1.856"
"224.0","loop_rsqrt_fusion","26.0","0.0","128,1,1","12,1,1","100.0","False","False","XlaModule","463.0","745.222","1.609","1.216","1.824"
"225.0","input_select_transpose_fusion","52.0","16896.0","128,1,1","48,1,1","50.0","False","False","XlaModule","463.0","741.093","1.6","1.567","1.664"
"226.0","loop_divide_subtract_transpose_fusion","35.0","0.0","128,1,1","32,1,1","100.0","False","False","XlaModule","463.0","738.531","1.595","1.536","1.824"
"227.0","wrapped_slice_4","16.0","0.0","3,1,1","1,1,1","4.6875","False","False","jit(compute_Cell_spectrum_from_cosmo_params)/jit(evolve_background)/jit(evaluate_thermo)/while/body/closed_call/cond/branch_0_fun/cond/branch_0_fun/cond/branch_0_fun/slice:","877.0","735.618","0.838","0.831","0.865"
"228.0","loop_log_fusion_8","20.0","0.0","128,1,1","4,1,1","100.0","False","False","XlaModule","463.0","731.651","1.58","1.568","1.632"
"229.0","loop_dynamic_update_slice_fusion_205","16.0","0.0","128,1,1","4,1,1","100.0","False","False","XlaModule","463.0","728.522","1.573","0.768","7.072"
"230.0","loop_add_fusion_173","16.0","0.0","128,1,1","288,1,1","100.0","False","False","XlaModule","463.0","725.641","1.567","1.536","1.696"
"231.0","loop_rsqrt_fusion_6","26.0","0.0","128,1,1","12,1,1","100.0","False","False","XlaModule","463.0","724.135","1.564","1.184","1.857"
"232.0","loop_dynamic_update_slice_fusion_224","26.0","0.0","128,1,1","288,1,1","100.0","False","False","XlaModule","463.0","710.274","1.534","1.472","1.76"
"233.0","loop_subtract_fusion_8","32.0","0.0","128,1,1","44,1,1","100.0","False","False","XlaModule","463.0","690.378","1.491","1.408","1.824"
"234.0","loop_add_multiply_select_subtract_fusion_5","76.0","0.0","1,1,1","1,1,1","1.5625","False","False","jit(compute_Cell_spectrum_from_cosmo_params)/jit(evolve_background)/jit(evaluate_thermo)/while/body/closed_call/cond/branch_0_fun/cond/branch_0_fun/cond/branch_1_fun/jit(diffeqsolve)/outer-loop/while/body/jvp()/mul:","196.0","685.726","3.498","3.36","4.065"
"235.0","loop_broadcast_fusion_7","16.0","0.0","2,1,1","1,1,1","3.125","False","False","XlaModule","1023.0","683.62","0.668","0.64","0.768"
"236.0","loop_broadcast_fusion_3","16.0","0.0","8,1,1","1,1,1","12.5","False","False","XlaModule","1023.0","682.782","0.667","0.64","0.831"
"237.0","loop_broadcast_fusion_6","16.0","0.0","4,1,1","1,1,1","6.25","False","False","XlaModule","1023.0","682.462","0.667","0.639","0.864"
"238.0","loop_broadcast_fusion_2","16.0","0.0","16,1,1","1,1,1","25.0","False","False","XlaModule","1023.0","681.791","0.666","0.64","0.832"
"239.0","loop_broadcast_fusion_8","16.0","0.0","32,1,1","1,1,1","50.0","False","False","XlaModule","1023.0","681.237","0.665","0.639","0.768"
"240.0","loop_broadcast_fusion_9","16.0","0.0","16,1,1","1,1,1","25.0","False","False","XlaModule","1023.0","677.05","0.661","0.639","0.864"
"241.0","loop_broadcast_fusion_10","16.0","0.0","8,1,1","1,1,1","12.5","False","False","XlaModule","1023.0","675.609","0.66","0.639","0.8"
"242.0","loop_broadcast_fusion_1","16.0","0.0","32,1,1","1,1,1","50.0","False","False","XlaModule","1023.0","674.334","0.659","0.639","0.768"
"243.0","loop_broadcast_fusion_4","16.0","0.0","4,1,1","1,1,1","6.25","False","False","XlaModule","1023.0","673.851","0.658","0.639","0.704"
"244.0","loop_dynamic_update_slice_fusion_195","25.0","0.0","128,1,1","4,1,1","100.0","False","False","XlaModule","463.0","672.195","1.451","1.376","1.664"
"245.0","loop_dynamic_update_slice_fusion_185","27.0","0.0","128,1,1","4,1,1","100.0","False","False","XlaModule","463.0","668.931","1.444","1.408","1.664"
"246.0","loop_broadcast_fusion_5","16.0","0.0","2,1,1","1,1,1","3.125","False","False","XlaModule","1023.0","668.824","0.653","0.639","0.832"
"247.0","loop_dynamic_update_slice_fusion_211","26.0","0.0","128,1,1","288,1,1","100.0","False","False","XlaModule","463.0","667.332","1.441","1.408","1.632"
"248.0","loop_dynamic_update_slice_fusion_184","27.0","0.0","128,1,1","4,1,1","100.0","False","False","XlaModule","463.0","667.33","1.441","1.408","1.536"
"249.0","loop_dynamic_update_slice_fusion_198","25.0","0.0","128,1,1","4,1,1","100.0","False","False","XlaModule","463.0","660.999","1.427","1.376","1.696"
"250.0","loop_broadcast_fusion_11","16.0","0.0","6,1,1","1,1,1","9.375","False","False","XlaModule","1023.0","656.193","0.641","0.607","0.768"
"251.0","loop_divide_fusion_35","24.0","0.0","3,1,1","1,1,1","4.6875","False","False","XlaModule","463.0","655.813","1.416","1.376","1.568"
"252.0","loop_divide_fusion_34","25.0","0.0","128,1,1","2,1,1","100.0","False","False","XlaModule","463.0","643.523","1.389","1.376","1.536"
"253.0","loop_transpose_fusion_18","25.0","0.0","128,1,1","2,1,1","100.0","False","False","XlaModule","463.0","638.441","1.378","1.344","1.536"
"254.0","loop_add_fusion_4","16.0","0.0","1,1,1","1,1,1","1.5625","False","False","jit(compute_Cell_spectrum_from_cosmo_params)/jit(evolve_perturbations_batched)/vmap(jit(diffeqsolve))/outer-loop/while/body/closed_call/checkpoint/cond/branch_1_fun/while/body/closed_call/checkpoint/cond/branch_1_fun/while/body/add:","463.0","634.116","1.369","0.928","2.272"
"255.0","loop_select_fusion_2","16.0","0.0","1,1,1","1,1,1","1.5625","False","False","jit(compute_Cell_spectrum_from_cosmo_params)/jit(compute_source_function)/jit(compute_source_term_isw)/vmap()/while/body/closed_call/jit(_where)/select_n:","640.0","631.547","0.986","0.959","1.249"
"256.0","input_reduce_fusion_19","16.0","0.0","32,1,1","1,1,1","50.0","False","False","jit(compute_Cell_spectrum_from_cosmo_params)/jit(evolve_perturbations_batched)/vmap(jit(diffeqsolve))/outer-loop/while/body/closed_call/checkpoint/cond/branch_1_fun/while/body/closed_call/checkpoint/cond/branch_1_fun/while/body/closed_call/reduce_or:","463.0","627.94","1.356","0.896","1.696"
"257.0","loop_dynamic_update_slice_fusion_157","25.0","0.0","128,1,1","4,1,1","100.0","False","False","XlaModule","463.0","619.112","1.337","1.312","1.44"
"258.0","loop_multiply_subtract_fusion","38.0","0.0","128,1,1","32,1,1","100.0","False","False","XlaModule","463.0","616.843","1.332","1.28","1.409"
"259.0","loop_dynamic_update_slice_fusion_223","26.0","0.0","128,1,1","288,1,1","100.0","False","False","XlaModule","463.0","616.135","1.33","1.28","1.504"
"260.0","loop_dynamic_update_slice_fusion_156","25.0","0.0","128,1,1","4,1,1","100.0","False","False","XlaModule","463.0","616.13","1.33","1.312","1.44"
"261.0","loop_dynamic_update_slice_fusion_171","25.0","0.0","128,1,1","4,1,1","100.0","False","False","XlaModule","463.0","614.855","1.327","1.312","1.408"
"262.0","loop_dynamic_update_slice_fusion_143","25.0","0.0","128,1,1","4,1,1","100.0","False","False","XlaModule","463.0","612.229","1.322","1.311","1.376"
"263.0","loop_dynamic_update_slice_fusion_142","25.0","0.0","128,1,1","4,1,1","100.0","False","False","XlaModule","463.0","609.061","1.315","1.28","1.504"
"264.0","loop_dynamic_update_slice_fusion_170","25.0","0.0","128,1,1","4,1,1","100.0","False","False","XlaModule","463.0","606.886","1.31","1.28","1.472"
"265.0","loop_dynamic_update_slice_fusion_9","25.0","0.0","1,1,1","1,1,1","1.5625","False","False","jit(compute_Cell_spectrum_from_cosmo_params)/jit(evolve_background)/while/body/closed_call/scatter:","509.0","603.099","1.184","1.152","1.216"
"266.0","loop_dynamic_update_slice_fusion_206","16.0","0.0","128,1,1","4,1,1","100.0","False","False","XlaModule","463.0","587.905","1.269","1.152","5.6"
"267.0","loop_dynamic_update_slice_fusion_201","22.0","0.0","128,1,1","4,1,1","100.0","False","False","XlaModule","463.0","575.461","1.242","1.152","1.44"
"268.0","loop_dynamic_update_slice_fusion_10","25.0","0.0","1,1,1","1,1,1","1.5625","False","False","jit(compute_Cell_spectrum_from_cosmo_params)/jit(evolve_background)/while/body/closed_call/scatter:","509.0","571.45","1.122","1.088","1.152"
"269.0","loop_dynamic_update_slice_fusion_210","16.0","0.0","128,1,1","288,1,1","100.0","False","False","XlaModule","463.0","568.9","1.228","1.184","1.536"
"270.0","loop_dynamic_update_slice_fusion_204","16.0","0.0","128,1,1","4,1,1","100.0","False","False","XlaModule","463.0","565.894","1.222","0.928","2.08"
"271.0","loop_dynamic_update_slice_fusion_187","32.0","0.0","128,1,1","4,1,1","100.0","False","False","XlaModule","463.0","563.809","1.217","1.184","1.344"
"272.0","jax::cuda::(anonymous namespace)::MakeBatchPointersAsyncKernel(char*, void**, long, long)","24.0","0.0","128,1,1","4,1,1","100.0","False","False","jit(compute_Cell_spectrum_from_cosmo_params)/jit(evolve_perturbations_batched)/vmap(jit(diffeqsolve))/outer-loop/while/body/closed_call/checkpoint/cond/branch_1_fun/while/body/closed_call/checkpoint/cond/branch_1_fun/while/body/closed_call/cond/branch_1_fun/vmap(jit(lu_factor))/lu:","463.0","558.561","1.206","1.152","1.408"
"273.0","loop_subtract_transpose_fusion","33.0","0.0","128,1,1","32,1,1","100.0","False","False","XlaModule","463.0","543.459","1.173","1.12","1.28"
"274.0","loop_subtract_fusion_10","20.0","0.0","128,1,1","60,1,1","100.0","False","False","XlaModule","463.0","537.765","1.161","1.088","2.08"
"275.0","input_scatter_fusion_15","16.0","0.0","128,1,1","44,1,1","100.0","False","False","XlaModule","463.0","532.418","1.149","0.672","1.92"
"276.0","loop_subtract_fusion_2","32.0","0.0","128,1,1","44,1,1","100.0","False","False","XlaModule","463.0","531.811","1.148","1.12","1.408"
"277.0","loop_add_fusion_4","16.0","0.0","1,1,1","1,1,1","1.5625","False","False","jit(compute_Cell_spectrum_from_cosmo_params)/jit(compute_source_function)/jit(compute_source_term_isw)/vmap()/while/body/add:","640.0","524.64","0.819","0.799","0.833"
"278.0","loop_dynamic_update_slice_fusion_103","32.0","0.0","128,1,1","4,1,1","100.0","False","False","XlaModule","463.0","513.765","1.109","1.088","1.344"
"279.0","loop_pad_fusion","16.0","0.0","128,1,1","288,1,1","100.0","False","False","jit(compute_Cell_spectrum_from_cosmo_params)/jit(evolve_perturbations_batched)/vmap(jit(diffeqsolve))/outer-loop/while/body/closed_call/checkpoint/cond/branch_1_fun/while/body/closed_call/checkpoint/cond/branch_1_fun/while/body/closed_call/cond/branch_1_fun/vmap()/scatter:","463.0","511.335","1.104","1.088","1.121"
"280.0","loop_add_subtract_fusion","18.0","0.0","1,1,1","1,1,1","1.5625","False","False","jit(compute_Cell_spectrum_from_cosmo_params)/jit(evolve_background)/while/body/closed_call/sub:","509.0","503.74","0.989","0.959","1.024"
"281.0","loop_select_fusion_4","16.0","0.0","1,1,1","1,1,1","1.5625","False","False","jit(compute_Cell_spectrum_from_cosmo_params)/jit(compute_theta_ell)/vmap()/while/body/closed_call/jit(_where)/select_n:","512.0","497.89","0.972","0.96","1.344"
"282.0","loop_subtract_transpose_fusion_5","18.0","0.0","128,1,1","12,1,1","100.0","False","False","XlaModule","463.0","496.453","1.072","1.024","1.28"
"283.0","loop_gather_fusion_15","16.0","0.0","128,1,1","32,1,1","100.0","False","False","XlaModule","463.0","494.149","1.067","0.96","1.312"
"284.0","loop_dynamic_update_slice_fusion_196","16.0","0.0","128,1,1","4,1,1","100.0","False","False","XlaModule","463.0","492.609","1.063","0.992","1.28"
"285.0","loop_multiply_fusion","16.0","0.0","1,1,1","1,1,1","1.5625","False","False","jit(compute_Cell_spectrum_from_cosmo_params)/jit(evolve_background)/while/body/closed_call/mul:","509.0","485.116","0.953","0.927","0.992"
"286.0","loop_dynamic_update_slice_fusion_11","16.0","0.0","1,1,1","1,1,1","1.5625","False","False","jit(compute_Cell_spectrum_from_cosmo_params)/jit(evolve_background)/while/body/closed_call/scatter:","509.0","484.191","0.951","0.927","0.992"
"287.0","loop_dynamic_update_slice_fusion_100","24.0","0.0","128,1,1","4,1,1","100.0","False","False","XlaModule","463.0","476.23","1.028","0.992","1.12"
"288.0","loop_dynamic_update_slice_fusion_197","16.0","0.0","128,1,1","4,1,1","100.0","False","False","XlaModule","463.0","476.133","1.028","0.96","1.216"
"289.0","loop_dynamic_update_slice_fusion_101","24.0","0.0","128,1,1","4,1,1","100.0","False","False","XlaModule","463.0","472.064","1.019","0.991","1.056"
"290.0","input_reduce_fusion_16","16.0","0.0","256,1,1","72,1,1","100.0","False","False","XlaModule","463.0","468.644","1.012","0.96","1.184"
"291.0","loop_dynamic_update_slice_fusion_182","20.0","0.0","128,1,1","4,1,1","100.0","False","False","XlaModule","463.0","458.472","0.99","0.96","1.152"
"292.0","loop_and_fusion_8","16.0","0.0","1,1,1","1,1,1","1.5625","False","False","jit(compute_Cell_spectrum_from_cosmo_params)/jit(evolve_perturbations_batched)/vmap(jit(diffeqsolve))/outer-loop/while/body/closed_call/checkpoint/cond/branch_1_fun/while/body/closed_call/checkpoint/cond/branch_1_fun/while/body/closed_call/and:","463.0","455.141","0.983","0.928","1.12"
"293.0","loop_multiply_fusion_43","16.0","0.0","1,1,1","1,1,1","1.5625","False","False","XlaModule","463.0","450.593","0.973","0.928","1.184"
"294.0","loop_dynamic_update_slice_fusion_98","20.0","0.0","128,1,1","4,1,1","100.0","False","False","XlaModule","463.0","447.494","0.966","0.928","1.152"
"295.0","loop_pad_fusion_6","16.0","0.0","128,1,1","288,1,1","100.0","False","False","jit(compute_Cell_spectrum_from_cosmo_params)/jit(evolve_perturbations_batched)/vmap(jit(diffeqsolve))/outer-loop/while/body/closed_call/checkpoint/cond/branch_1_fun/while/body/closed_call/checkpoint/cond/branch_1_fun/while/body/closed_call/cond/branch_1_fun/vmap()/scatter:","463.0","446.498","0.964","0.928","0.992"
"296.0","wrapped_compare_3","16.0","0.0","128,1,1","4,1,1","100.0","False","False","XlaModule","463.0","436.099","0.941","0.896","1.12"
"297.0","loop_dynamic_update_slice_fusion_183","16.0","0.0","128,1,1","4,1,1","100.0","False","False","XlaModule","463.0","433.121","0.935","0.896","1.12"
"298.0","loop_dynamic_update_slice_fusion_188","16.0","0.0","128,1,1","4,1,1","100.0","False","False","XlaModule","463.0","429.539","0.927","0.896","1.024"
"299.0","loop_add_fusion_174","16.0","0.0","128,1,1","288,1,1","100.0","False","False","XlaModule","463.0","422.403","0.912","0.896","1.312"
"300.0","loop_dynamic_update_slice_fusion_99","16.0","0.0","128,1,1","4,1,1","100.0","False","False","XlaModule","463.0","422.051","0.911","0.895","1.056"
"301.0","loop_add_fusion_4","16.0","0.0","1,1,1","1,1,1","1.5625","False","False","jit(compute_Cell_spectrum_from_cosmo_params)/jit(compute_theta_ell)/vmap()/while/body/add:","512.0","419.293","0.818","0.799","0.833"
"302.0","loop_dynamic_update_slice_fusion_104","16.0","0.0","128,1,1","4,1,1","100.0","False","False","XlaModule","463.0","418.627","0.904","0.895","0.96"
"303.0","loop_dynamic_update_slice_fusion_192","16.0","0.0","128,1,1","4,1,1","100.0","False","False","XlaModule","463.0","409.857","0.885","0.863","1.024"
"304.0","loop_dynamic_update_slice_fusion_190","16.0","0.0","128,1,1","4,1,1","100.0","False","False","XlaModule","463.0","404.229","0.873","0.864","1.056"
"305.0","loop_dynamic_update_slice_fusion_106","16.0","0.0","128,1,1","4,1,1","100.0","False","False","XlaModule","463.0","401.474","0.867","0.832","1.024"
"306.0","loop_dynamic_update_slice_fusion_108","16.0","0.0","128,1,1","4,1,1","100.0","False","False","XlaModule","463.0","401.381","0.866","0.832","1.024"
"307.0","loop_dynamic_update_slice_fusion_202","16.0","0.0","128,1,1","4,1,1","100.0","False","False","XlaModule","463.0","395.748","0.854","0.832","0.992"
"308.0","loop_dynamic_update_slice_fusion_191","16.0","0.0","128,1,1","4,1,1","100.0","False","False","XlaModule","463.0","394.687","0.852","0.831","1.024"
"309.0","input_reduce_fusion_17","18.0","528.0","128,1,1","1,1,1","100.0","False","False","XlaModule","463.0","392.293","0.847","0.831","1.024"
"310.0","loop_dynamic_update_slice_fusion_107","16.0","0.0","128,1,1","4,1,1","100.0","False","False","XlaModule","463.0","389.41","0.841","0.831","1.024"
"311.0","loop_subtract_fusion_11","16.0","0.0","128,1,1","9,1,1","100.0","False","False","XlaModule","463.0","370.438","0.8","0.768","1.28"
"312.0","loop_transpose_fusion_19","16.0","0.0","32,1,1","36,1,1","50.0","False","False","XlaModule","463.0","361.797","0.781","0.767","0.928"
"313.0","wrapped_transpose","16.0","0.0","128,1,1","12,1,1","100.0","False","False","XlaModule","463.0","358.118","0.773","0.768","0.928"
"314.0","loop_compare_fusion_197","16.0","0.0","11,1,1","1,1,1","17.1875","False","False","XlaModule","463.0","353.923","0.764","0.736","0.96"
"315.0","loop_compare_fusion_198","16.0","0.0","8,1,1","1,1,1","12.5","False","False","XlaModule","463.0","351.296","0.758","0.736","0.864"
"316.0","loop_compare_fusion_196","16.0","0.0","8,1,1","1,1,1","12.5","False","False","XlaModule","463.0","349.76","0.755","0.736","0.928"
"317.0","loop_add_multiply_select_subtract_fusion_3","78.0","0.0","1,1,1","1,1,1","1.5625","False","False","jit(compute_Cell_spectrum_from_cosmo_params)/jit(evolve_background)/jit(evaluate_thermo)/while/body/closed_call/cond/branch_0_fun/cond/branch_0_fun/cond/branch_1_fun/jit(diffeqsolve)/outer-loop/while/body/jvp()/mul:","98.0","348.927","3.56","3.487","4.064"
"318.0","void getrf_pivot<getrf_params_<double, 32, 1, 32, 32, 1> >(int, int, int, void*, int, long*, int, getrf_params_<double, 32, 1, 32, 32, 1>::data_type*, unsigned int*, unsigned int*, getrf_params_<double, 32, 1, 32, 32, 1>::data_type*, unsigned int, unsigned int, unsigned int, int*)","20.0","408.0","32,1,1","3,1,1","50.0","False","False","jit(compute_Cell_spectrum_from_cosmo_params)/jit(evolve_background)/jit(evaluate_thermo)/while/body/closed_call/cond/branch_0_fun/cond/branch_0_fun/cond/branch_1_fun/jit(diffeqsolve)/outer-loop/while/body/jit(lu_factor)/lu:","98.0","344.48","3.515","3.487","3.521"
"319.0","input_scatter_fusion_26","16.0","0.0","128,1,1","32,1,1","100.0","False","False","XlaModule","463.0","330.306","0.713","0.64","1.376"
"320.0","input_scatter_fusion_23","16.0","0.0","32,1,1","1,1,1","50.0","False","False","XlaModule","463.0","314.69","0.679","0.672","0.8"
"321.0","input_scatter_fusion_12","16.0","0.0","32,1,1","1,1,1","50.0","False","False","XlaModule","463.0","313.76","0.677","0.639","0.832"
"322.0","input_scatter_fusion_2","16.0","0.0","32,1,1","1,1,1","50.0","False","False","XlaModule","463.0","313.601","0.677","0.64","0.768"
"323.0","loop_broadcast_fusion_14","16.0","0.0","128,1,1","4,1,1","100.0","False","False","XlaModule","463.0","309.059","0.667","0.64","0.832"
"324.0","loop_broadcast_fusion_13","16.0","0.0","128,1,1","4,1,1","100.0","False","False","XlaModule","463.0","307.009","0.663","0.64","0.736"
"325.0","loop_broadcast_fusion_15","16.0","0.0","128,1,1","4,1,1","100.0","False","False","XlaModule","463.0","305.857","0.66","0.639","0.864"
"326.0","loop_broadcast_fusion_12","16.0","0.0","72,1,1","1,1,1","75.0","False","False","XlaModule","463.0","297.728","0.643","0.608","0.864"
"327.0","dtrsv_init_up(int*, int)","16.0","0.0","1,1,1","1,1,1","1.5625","False","False","jit(compute_Cell_spectrum_from_cosmo_params)/jit(evolve_background)/jit(evaluate_thermo)/while/body/closed_call/cond/branch_0_fun/cond/branch_0_fun/cond/branch_1_fun/jit(diffeqsolve)/outer-loop/while/body/jit(lu_solve)/jit(_lu_solve)/triangular_solve:","392.0","291.388","0.743","0.735","0.769"
"328.0","dtrsv_init(int*)","16.0","0.0","1,1,1","1,1,1","1.5625","False","False","jit(compute_Cell_spectrum_from_cosmo_params)/jit(evolve_background)/jit(evaluate_thermo)/while/body/closed_call/cond/branch_0_fun/cond/branch_0_fun/cond/branch_1_fun/jit(diffeqsolve)/outer-loop/while/body/jit(lu_solve)/jit(_lu_solve)/triangular_solve:","392.0","289.247","0.737","0.704","0.769"
"329.0","loop_minimum_select_fusion_1","34.0","0.0","32,1,1","1,1,1","50.0","False","False","jit(compute_Cell_spectrum_from_cosmo_params)/jit(evolve_background)/jit(evaluate_thermo)/while/body/closed_call/cond/branch_0_fun/cond/branch_0_fun/cond/branch_1_fun/jit(diffeqsolve)/outer-loop/while/body/jit(_where)/select_n:","98.0","273.437","2.79","2.752","2.912"
"330.0","loop_gather_fusion_5","40.0","0.0","3,1,1","1,1,1","4.6875","False","False","jit(compute_Cell_spectrum_from_cosmo_params)/jit(evolve_background)/jit(evaluate_thermo)/while/body/closed_call/cond/branch_0_fun/cond/branch_0_fun/cond/branch_1_fun/jit(diffeqsolve)/outer-loop/while/body/jit(lu_solve)/jit(_lu_solve)/gather:","98.0","261.154","2.664","2.655","3.2"
"331.0","loop_add_fusion_4","16.0","0.0","1,1,1","1,1,1","1.5625","False","False","jit(compute_Cell_spectrum_from_cosmo_params)/jit(evolve_perturbations_batched)/vmap(jit(searchsorted))/while/body/add:","263.0","215.519","0.819","0.799","0.832"
"332.0","loop_multiply_fusion_12","30.0","0.0","1,1,1","1,1,1","1.5625","False","False","jit(compute_Cell_spectrum_from_cosmo_params)/jit(evolve_background)/jit(evaluate_thermo)/while/body/closed_call/cond/branch_0_fun/cond/branch_0_fun/cond/branch_1_fun/jit(diffeqsolve)/outer-loop/while/body/jvp()/mul:","196.0","208.478","1.063","1.023","1.248"
"333.0","loop_broadcast_fusion_55","16.0","0.0","128,1,1","23040,1,1","100.0","False","False","XlaModule","1.0","173.087","173.087","173.087","173.087"
"334.0","loop_dynamic_update_slice_fusion_49","44.0","0.0","1,1,1","1,1,1","1.5625","False","False","jit(compute_Cell_spectrum_from_cosmo_params)/jit(evolve_background)/jit(evaluate_thermo)/while/body/closed_call/cond/branch_0_fun/cond/branch_0_fun/cond/branch_1_fun/scatter:","30.0","169.504","5.65","5.568","6.016"
"335.0","loop_select_fusion_78","16.0","0.0","1,1,1","1,1,1","1.5625","False","False","jit(compute_Cell_spectrum_from_cosmo_params)/jit(evolve_background)/jit(searchsorted)/while/body/closed_call/jit(_where)/select_n:","165.0","164.926","0.999","0.96","1.152"
"336.0","loop_add_fusion_4","16.0","0.0","1,1,1","1,1,1","1.5625","False","False","jit(compute_Cell_spectrum_from_cosmo_params)/jit(evolve_background)/jit(searchsorted)/while/body/add:","197.0","161.661","0.82","0.799","0.96"
"337.0","loop_divide_fusion_16","46.0","0.0","3,1,1","1,1,1","4.6875","False","False","jit(compute_Cell_spectrum_from_cosmo_params)/jit(evolve_background)/jit(evaluate_thermo)/while/body/closed_call/cond/branch_0_fun/cond/branch_0_fun/cond/branch_1_fun/jit(diffeqsolve)/outer-loop/while/body/div:","98.0","159.39","1.626","1.472","1.888"
"338.0","loop_select_fusion_18","16.0","0.0","128,1,1","4,1,1","100.0","False","False","jit(compute_Cell_spectrum_from_cosmo_params)/jit(evolve_perturbations_batched)/vmap(jit(searchsorted))/while/body/closed_call/jit(_where)/select_n:","132.0","148.257","1.123","1.088","1.248"
"339.0","loop_select_fusion_103","16.0","0.0","128,1,1","4,1,1","100.0","False","False","jit(compute_Cell_spectrum_from_cosmo_params)/jit(evolve_perturbations_batched)/vmap(jit(searchsorted))/while/body/closed_call/jit(_where)/select_n:","120.0","134.431","1.12","1.087","1.216"
"340.0","void ipiv_lower_small<double, 32>(int, void*, int, long*, int, int)","20.0","128.0","32,1,1","3,1,1","50.0","False","False","jit(compute_Cell_spectrum_from_cosmo_params)/jit(evolve_background)/jit(evaluate_thermo)/while/body/closed_call/cond/branch_0_fun/cond/branch_0_fun/cond/branch_1_fun/jit(diffeqsolve)/outer-loop/while/body/jit(lu_factor)/lu:","98.0","130.847","1.335","1.312","1.345"
"341.0","void row_rotate_batch_32x16_phase1<double>(long, int const*, int const*, long, double*, long, double const*, int*)","64.0","24576.0","32,16,1","1,1,1","66.66670227050781","False","False","jit(compute_Cell_spectrum_from_cosmo_params)/jit(evolve_background)/vmap(jit(eigh))/eigh:","5.0","125.405","25.081","25.056","25.088"
"342.0","void column_rotate_batch<double, 5, 3>(long, int const*, int const*, long, double*, long, double*, long, double const*, int*)","126.0","16384.0","32,8,1","1,2,1","33.33330154418945","False","False","jit(compute_Cell_spectrum_from_cosmo_params)/jit(evolve_background)/vmap(jit(eigh))/eigh:","5.0","124.384","24.876","24.832","24.96"
"343.0","loop_real_slice_fusion","188.0","0.0","128,1,1","20,1,1","16.66670036315918","False","False","XlaModule","1.0","123.519","123.519","123.519","123.519"
"344.0","jax::cuda::(anonymous namespace)::LuPivotsToPermutationKernel(int const*, int*, long, int, int)","32.0","0.0","128,1,1","1,1,1","100.0","False","False","jit(compute_Cell_spectrum_from_cosmo_params)/jit(evolve_background)/jit(evaluate_thermo)/while/body/closed_call/cond/branch_0_fun/cond/branch_0_fun/cond/branch_1_fun/jit(diffeqsolve)/outer-loop/while/body/jit(lu_solve)/lu_pivots_to_permutation:","98.0","120.254","1.227","1.215","1.248"
"345.0","void syevbj_batch_32x16<double, double>(long, int const*, int const*, int const*, long, double const*, long, double, double*, int*, double, int)","40.0","21120.0","32,16,1","1,1,1","100.0","False","False","jit(compute_Cell_spectrum_from_cosmo_params)/jit(evolve_background)/vmap(jit(eigh))/eigh:","5.0","117.152","23.43","15.872","25.376"
"346.0","loop_select_fusion_117","26.0","0.0","3,1,1","1,1,1","4.6875","False","False","jit(compute_Cell_spectrum_from_cosmo_params)/jit(evolve_background)/jit(evaluate_thermo)/while/body/closed_call/cond/branch_0_fun/cond/branch_0_fun/cond/branch_1_fun/jit(diffeqsolve)/outer-loop/while/body/jit(_where)/select_n:","98.0","115.838","1.182","1.152","1.312"
"347.0","loop_multiply_fusion_10","32.0","0.0","1,1,1","1,1,1","1.5625","False","False","jit(compute_Cell_spectrum_from_cosmo_params)/jit(evolve_background)/jit(evaluate_thermo)/while/body/closed_call/cond/branch_0_fun/cond/branch_0_fun/cond/branch_1_fun/jit(diffeqsolve)/outer-loop/while/body/jvp()/mul:","98.0","107.614","1.098","1.087","1.248"
"348.0","loop_concatenate_fusion","58.0","0.0","6,1,1","1,1,1","9.375","False","False","jit(compute_Cell_spectrum_from_cosmo_params)/jit(evolve_background)/jit(evaluate_thermo)/while/body/closed_call/cond/branch_0_fun/cond/branch_1_fun/concatenate:","12.0","107.199","8.933","8.832","9.344"
"349.0","void create_pivot_v2<32>(int, int*, long*, int)","36.0","128.0","32,1,1","1,1,1","50.0","False","False","jit(compute_Cell_spectrum_from_cosmo_params)/jit(evolve_background)/jit(evaluate_thermo)/while/body/closed_call/cond/branch_0_fun/cond/branch_0_fun/cond/branch_1_fun/jit(diffeqsolve)/outer-loop/while/body/jit(lu_factor)/lu:","98.0","102.269","1.043","1.023","1.056"
"350.0","input_concatenate_fusion","20.0","0.0","2,1,1","1,1,1","3.125","False","False","jit(compute_Cell_spectrum_from_cosmo_params)/jit(evolve_background)/jit(evaluate_thermo)/while/body/closed_call/cond/branch_1_fun/concatenate:","105.0","91.328","0.869","0.832","0.897"
"351.0","loop_select_fusion_116","16.0","0.0","9,1,1","1,1,1","14.0625","False","False","jit(compute_Cell_spectrum_from_cosmo_params)/jit(evolve_background)/jit(evaluate_thermo)/while/body/closed_call/cond/branch_0_fun/cond/branch_0_fun/cond/branch_1_fun/jit(diffeqsolve)/outer-loop/while/body/jit(lu_factor)/lu:","98.0","81.952","0.836","0.831","0.864"
"352.0","loop_add_fusion_122","16.0","0.0","3,1,1","1,1,1","4.6875","False","False","jit(compute_Cell_spectrum_from_cosmo_params)/jit(evolve_background)/jit(evaluate_thermo)/while/body/closed_call/cond/branch_0_fun/cond/branch_0_fun/cond/branch_1_fun/jit(diffeqsolve)/outer-loop/while/body/jit(lu_factor)/lu:","98.0","81.375","0.83","0.8","0.864"
"353.0","void ipiv_64_to_32_ker<128>(long, long const*, int*)","16.0","0.0","128,1,1","1,1,1","100.0","False","False","jit(compute_Cell_spectrum_from_cosmo_params)/jit(evolve_background)/jit(evaluate_thermo)/while/body/closed_call/cond/branch_0_fun/cond/branch_0_fun/cond/branch_1_fun/jit(diffeqsolve)/outer-loop/while/body/jit(lu_factor)/lu:","98.0","79.715","0.813","0.8","0.833"
"354.0","xxtrf4_set_info_ker(int, int*)","16.0","0.0","1,1,1","1,1,1","1.5625","False","False","jit(compute_Cell_spectrum_from_cosmo_params)/jit(evolve_background)/jit(evaluate_thermo)/while/body/closed_call/cond/branch_0_fun/cond/branch_0_fun/cond/branch_1_fun/jit(diffeqsolve)/outer-loop/while/body/jit(lu_factor)/lu:","98.0","72.319","0.737","0.704","0.768"
"355.0","void ipiv_lower_diag<double, 32>(int, void*, int, int*, int)","22.0","0.0","32,1,1","3,1,1","50.0","False","False","jit(compute_Cell_spectrum_from_cosmo_params)/jit(evolve_background)/jit(evaluate_thermo)/while/body/closed_call/cond/branch_0_fun/cond/branch_0_fun/cond/branch_1_fun/jit(diffeqsolve)/outer-loop/while/body/jit(lu_factor)/lu:","98.0","72.0","0.734","0.704","0.768"
"356.0","loop_dynamic_update_slice_fusion_50","27.0","0.0","1,1,1","1,1,1","1.5625","False","False","jit(compute_Cell_spectrum_from_cosmo_params)/jit(evolve_background)/jit(evaluate_thermo)/while/body/closed_call/cond/branch_0_fun/cond/branch_0_fun/cond/branch_1_fun/scatter:","30.0","69.536","2.317","2.303","2.464"
"357.0","input_add_divide_exponential_log_multiply_reduce_sqrt_subtract_fusion","234.0","0.0","32,1,1","1,1,1","16.66670036315918","False","False","jit(compute_Cell_spectrum_from_cosmo_params)/jit(compute_visibility_functions)/add:","1.0","61.024","61.024","61.024","61.024"
"358.0","loop_add_fusion_130","26.0","0.0","1,1,1","1,1,1","1.5625","False","False","jit(compute_Cell_spectrum_from_cosmo_params)/jit(evolve_background)/jit(evaluate_thermo)/while/body/closed_call/cond/branch_0_fun/cond/branch_0_fun/cond/branch_1_fun/add:","30.0","41.984","1.399","1.376","1.536"
"359.0","input_reduce_fusion_19","16.0","0.0","32,1,1","1,1,1","50.0","False","False","jit(compute_Cell_spectrum_from_cosmo_params)/jit(evolve_perturbations_batched)/vmap(jit(diffeqsolve))/outer-loop/while/body/closed_call/checkpoint/cond/branch_1_fun/while/body/closed_call/checkpoint/reduce_or:","29.0","39.712","1.369","1.056","1.504"
"360.0","wrapped_log","20.0","0.0","1,1,1","1,1,1","1.5625","False","False","jit(compute_Cell_spectrum_from_cosmo_params)/jit(evolve_background)/jit(evaluate_thermo)/while/body/closed_call/cond/branch_0_fun/cond/branch_0_fun/cond/branch_1_fun/log:","30.0","39.681","1.322","1.312","1.44"
"361.0","loop_compare_fusion_200","76.0","0.0","1,1,1","1,1,1","1.5625","False","False","jit(compute_Cell_spectrum_from_cosmo_params)/jit(evolve_perturbations_batched)/vmap()/gt:","5.0","38.175","7.635","7.52","7.936"
"362.0","loop_add_fusion_4","16.0","0.0","1,1,1","1,1,1","1.5625","False","False","jit(compute_Cell_spectrum_from_cosmo_params)/jit(evolve_perturbations_batched)/vmap(jit(diffeqsolve))/outer-loop/while/body/closed_call/checkpoint/cond/branch_1_fun/while/body/add:","29.0","38.08","1.313","0.928","1.728"
"363.0","loop_minimum_multiply_select_fusion_1","20.0","0.0","1,1,1","1,1,1","1.5625","False","False","jit(compute_Cell_spectrum_from_cosmo_params)/jit(evolve_background)/jit(evaluate_thermo)/while/body/closed_call/cond/branch_0_fun/cond/branch_0_fun/cond/branch_1_fun/jit(diffeqsolve)/min:","30.0","29.856","0.995","0.992","1.024"
"364.0","loop_abs_compare_fusion_1","16.0","0.0","1,1,1","1,1,1","1.5625","False","False","jit(compute_Cell_spectrum_from_cosmo_params)/jit(evolve_background)/jit(evaluate_thermo)/while/body/closed_call/cond/branch_0_fun/cond/branch_0_fun/cond/branch_1_fun/jit(diffeqsolve)/lt:","30.0","29.6","0.986","0.96","1.12"
"365.0","loop_and_fusion_8","16.0","0.0","1,1,1","1,1,1","1.5625","False","False","jit(compute_Cell_spectrum_from_cosmo_params)/jit(evolve_perturbations_batched)/vmap(jit(diffeqsolve))/outer-loop/while/body/closed_call/checkpoint/cond/branch_1_fun/while/body/closed_call/checkpoint/and:","29.0","28.704","0.989","0.96","1.152"
"366.0","loop_log_fusion_30","31.0","0.0","128,1,1","4,1,1","100.0","False","False","jit(compute_Cell_spectrum_from_cosmo_params)/jit(evolve_perturbations_batched)/vmap()/log:","6.0","25.76","4.293","4.16","4.768"
"367.0","wrapped_slice_4","16.0","0.0","3,1,1","1,1,1","4.6875","False","False","jit(compute_Cell_spectrum_from_cosmo_params)/jit(evolve_background)/jit(evaluate_thermo)/while/body/closed_call/cond/branch_0_fun/cond/branch_0_fun/cond/branch_1_fun/slice:","30.0","25.28","0.842","0.832","0.864"
"368.0","loop_add_fusion_4","16.0","0.0","1,1,1","1,1,1","1.5625","False","False","jit(compute_Cell_spectrum_from_cosmo_params)/jit(evolve_background)/jit(<lambda>)/jit(searchsorted)/while/body/add:","30.0","24.8","0.826","0.8","0.96"
"369.0","loop_select_fusion_25","16.0","0.0","128,1,1","3,1,1","100.0","False","False","jit(compute_Cell_spectrum_from_cosmo_params)/jit(compute_visibility_functions)/jit(searchsorted)/vmap()/while/body/closed_call/jit(_where)/select_n:","22.0","24.704","1.122","1.088","1.376"
"370.0","loop_divide_multiply_pad_select_fusion","110.0","0.0","128,1,1","8,1,1","33.33330154418945","False","False","XlaModule","1.0","22.464","22.464","22.464","22.464"
"371.0","loop_add_fusion_4","16.0","0.0","1,1,1","1,1,1","1.5625","False","False","jit(compute_Cell_spectrum_from_cosmo_params)/jit(compute_visibility_functions)/jit(searchsorted)/vmap()/while/body/add:","22.0","18.048","0.82","0.8","0.832"
"372.0","loop_log_fusion_31","28.0","0.0","1,1,1","1,1,1","1.5625","False","False","jit(compute_Cell_spectrum_from_cosmo_params)/jit(evolve_perturbations_batched)/vmap()/log:","6.0","16.16","2.693","2.624","2.912"
"373.0","loop_add_compare_multiply_fusion","90.0","0.0","1,1,1","1,1,1","1.3020800352096558","False","False","jit(compute_Cell_spectrum_from_cosmo_params)/jit(evolve_background)/div:","1.0","15.648","15.648","15.648","15.648"
"374.0","loop_compare_exponential_fusion_2","56.0","0.0","128,1,1","4,1,1","75.0","False","False","jit(compute_Cell_spectrum_from_cosmo_params)/jit(evolve_perturbations_batched)/vmap()/exp:","1.0","14.592","14.592","14.592","14.592"
"375.0","loop_compare_exponential_fusion","56.0","0.0","128,1,1","4,1,1","75.0","False","False","XlaModule","1.0","14.177","14.177","14.177","14.177"
"376.0","loop_compare_exponential_fusion_1","56.0","0.0","128,1,1","4,1,1","75.0","False","False","jit(compute_Cell_spectrum_from_cosmo_params)/jit(evolve_perturbations_batched)/vmap()/exp:","1.0","14.176","14.176","14.176","14.176"
"377.0","loop_multiply_fusion_48","56.0","0.0","128,1,1","4,1,1","75.0","False","False","jit(compute_Cell_spectrum_from_cosmo_params)/jit(evolve_perturbations_batched)/vmap()/mul:","1.0","14.079","14.079","14.079","14.079"
"378.0","loop_compare_exponential_fusion_3","56.0","0.0","128,1,1","4,1,1","75.0","False","False","jit(compute_Cell_spectrum_from_cosmo_params)/jit(evolve_perturbations_batched)/vmap()/exp:","1.0","14.016","14.016","14.016","14.016"
"379.0","loop_compare_exponential_fusion_4","56.0","0.0","128,1,1","4,1,1","75.0","False","False","jit(compute_Cell_spectrum_from_cosmo_params)/jit(evolve_perturbations_batched)/vmap()/exp:","1.0","13.984","13.984","13.984","13.984"
"380.0","loop_concatenate_fusion_2","46.0","0.0","128,1,1","4,1,1","83.33329772949219","False","False","XlaModule","1.0","13.248","13.248","13.248","13.248"
"381.0","loop_select_fusion_28","16.0","0.0","128,1,1","128,1,1","100.0","False","False","jit(compute_Cell_spectrum_from_cosmo_params)/jit(compute_theta_ell)/vmap(jit(searchsorted))/vmap()/while/body/closed_call/jit(_where)/select_n:","9.0","12.256","1.361","1.344","1.376"
"382.0","loop_select_fusion_16","16.0","0.0","128,1,1","8,1,1","100.0","False","False","jit(compute_Cell_spectrum_from_cosmo_params)/jit(evolve_background)/jit(searchsorted)/vmap()/while/body/closed_call/jit(_where)/select_n:","11.0","12.16","1.105","1.088","1.12"
"383.0","loop_select_fusion_17","16.0","0.0","128,1,1","3,1,1","100.0","False","False","jit(compute_Cell_spectrum_from_cosmo_params)/jit(compute_neutrino_perturbations)/vmap(jit(searchsorted))/while/body/closed_call/jit(_where)/select_n:","10.0","12.064","1.206","1.088","1.44"
"384.0","loop_multiply_pad_slice_fusion_3","58.0","0.0","128,1,1","8,1,1","66.66670227050781","False","False","jit(compute_Cell_spectrum_from_cosmo_params)/jit(compute_visibility_functions)/scatter:","1.0","11.488","11.488","11.488","11.488"
"385.0","loop_select_fusion_15","16.0","0.0","128,1,1","8,1,1","100.0","False","False","jit(compute_Cell_spectrum_from_cosmo_params)/jit(evolve_background)/jit(evaluate_thermo)/jit(searchsorted)/vmap()/while/body/closed_call/jit(_where)/select_n:","10.0","11.2","1.12","1.088","1.152"
"386.0","loop_select_fusion_20","16.0","0.0","32,1,1","1,1,1","50.0","False","False","jit(compute_Cell_spectrum_from_cosmo_params)/jit(evolve_perturbations_batched)/vmap(vmap(jit(searchsorted)))/while/body/closed_call/jit(_where)/select_n:","11.0","11.168","1.015","0.992","1.024"
"387.0","loop_select_fusion_32","16.0","0.0","1,1,1","1,1,1","1.5625","False","False","jit(compute_Cell_spectrum_from_cosmo_params)/jit(evolve_perturbations_batched)/vmap(jit(searchsorted))/while/body/closed_call/jit(_where)/select_n:","11.0","10.592","0.962","0.96","0.992"
"388.0","loop_select_fusion_30","16.0","0.0","1,1,1","1,1,1","1.5625","False","False","jit(compute_Cell_spectrum_from_cosmo_params)/jit(evolve_background)/jit(searchsorted)/while/body/closed_call/jit(_where)/select_n:","11.0","10.56","0.96","0.928","0.992"
"389.0","loop_select_fusion_31","16.0","0.0","1,1,1","1,1,1","1.5625","False","False","jit(compute_Cell_spectrum_from_cosmo_params)/jit(evolve_background)/jit(searchsorted)/while/body/closed_call/jit(_where)/select_n:","11.0","10.528","0.957","0.928","0.992"
"390.0","loop_select_fusion_26","16.0","0.0","128,1,1","3,1,1","100.0","False","False","jit(compute_Cell_spectrum_from_cosmo_params)/jit(compute_source_function)/jit(compute_source_term_isw)/vmap(jit(searchsorted))/vmap()/while/body/closed_call/jit(_where)/select_n:","9.0","10.016","1.112","1.088","1.248"
"391.0","loop_multiply_pad_slice_fusion_4","70.0","0.0","128,1,1","8,1,1","58.33330154418945","False","False","jit(compute_Cell_spectrum_from_cosmo_params)/jit(evolve_background)/scatter:","1.0","9.92","9.92","9.92","9.92"
"392.0","loop_select_fusion_33","16.0","0.0","1,1,1","1,1,1","1.5625","False","False","jit(compute_Cell_spectrum_from_cosmo_params)/jit(evolve_background)/jit(<lambda>)/jit(searchsorted)/while/body/closed_call/jit(_where)/select_n:","10.0","9.728","0.972","0.928","1.056"
"393.0","loop_select_fusion_34","16.0","0.0","1,1,1","1,1,1","1.5625","False","False","jit(compute_Cell_spectrum_from_cosmo_params)/jit(evolve_background)/jit(<lambda>)/jit(searchsorted)/while/body/closed_call/jit(_where)/select_n:","10.0","9.664","0.966","0.96","0.992"
"394.0","loop_select_fusion_35","16.0","0.0","1,1,1","1,1,1","1.5625","False","False","jit(compute_Cell_spectrum_from_cosmo_params)/jit(evolve_background)/jit(<lambda>)/jit(searchsorted)/while/body/closed_call/jit(_where)/select_n:","10.0","9.6","0.96","0.928","1.088"
"395.0","loop_select_fusion_29","16.0","0.0","1,1,1","1,1,1","1.5625","False","False","jit(compute_Cell_spectrum_from_cosmo_params)/jit(evolve_background)/jit(searchsorted)/while/body/closed_call/jit(_where)/select_n:","10.0","9.535","0.953","0.928","0.96"
"396.0","loop_add_fusion_4","16.0","0.0","1,1,1","1,1,1","1.5625","False","False","jit(compute_Cell_spectrum_from_cosmo_params)/jit(evolve_background)/jit(searchsorted)/vmap()/while/body/add:","11.0","9.152","0.832","0.832","0.832"
"397.0","input_concatenate_fusion_31","36.0","0.0","128,1,1","2,1,1","100.0","False","False","XlaModule","1.0","9.088","9.088","9.088","9.088"
"398.0","loop_add_fusion_4","16.0","0.0","1,1,1","1,1,1","1.5625","False","False","jit(compute_Cell_spectrum_from_cosmo_params)/jit(evolve_perturbations_batched)/vmap(vmap(jit(searchsorted)))/while/body/add:","11.0","9.024","0.82","0.8","0.832"
"399.0","input_concatenate_fusion_14","33.0","0.0","128,1,1","4,1,1","100.0","False","False","XlaModule","1.0","8.928","8.928","8.928","8.928"
"400.0","void offA_stage1<double, double, 5, 3>(long, long, double const*, unsigned long, double*)","20.0","2048.0","32,8,1","1,1,1","100.0","False","False","jit(compute_Cell_spectrum_from_cosmo_params)/jit(evolve_background)/vmap(jit(eigh))/eigh:","6.0","8.672","1.445","1.44","1.472"
"401.0","loop_add_multiply_power_select_slice_fusion","48.0","0.0","128,1,1","8,1,1","83.33329772949219","False","False","jit(compute_Cell_spectrum_from_cosmo_params)/jit(evolve_background)/mul:","1.0","8.608","8.608","8.608","8.608"
"402.0","wrapped_exponential","16.0","0.0","1,1,1","1,1,1","1.5625","False","False","jit(compute_Cell_spectrum_from_cosmo_params)/jit(evolve_perturbations_batched)/vmap()/exp:","7.0","8.416","1.202","1.12","1.376"
"403.0","loop_compare_multiply_rsqrt_fusion","78.0","0.0","1,1,1","1,1,1","1.5625","False","False","jit(compute_Cell_spectrum_from_cosmo_params)/jit(evolve_perturbations_batched)/vmap()/gt:","1.0","8.352","8.352","8.352","8.352"
"404.0","void offA_stage2<double, 5, 3>(long, double*)","20.0","2048.0","32,8,1","1,1,1","100.0","False","False","jit(compute_Cell_spectrum_from_cosmo_params)/jit(evolve_background)/vmap(jit(eigh))/eigh:","6.0","8.352","1.392","1.344","1.472"
"405.0","loop_add_fusion_4","16.0","0.0","1,1,1","1,1,1","1.5625","False","False","jit(compute_Cell_spectrum_from_cosmo_params)/jit(compute_neutrino_perturbations)/vmap(jit(searchsorted))/while/body/add:","10.0","8.256","0.825","0.8","0.832"
"406.0","loop_add_fusion_4","16.0","0.0","1,1,1","1,1,1","1.5625","False","False","jit(compute_Cell_spectrum_from_cosmo_params)/jit(evolve_background)/jit(evaluate_thermo)/jit(searchsorted)/vmap()/while/body/add:","10.0","8.224","0.822","0.8","0.832"
"407.0","loop_add_negate_select_fusion","44.0","0.0","128,1,1","65,1,1","83.33329772949219","False","False","XlaModule","1.0","8.192","8.192","8.192","8.192"
"408.0","loop_add_fusion_4","16.0","0.0","1,1,1","1,1,1","1.5625","False","False","jit(compute_Cell_spectrum_from_cosmo_params)/jit(compute_theta_ell)/vmap(jit(searchsorted))/vmap()/while/body/add:","9.0","7.36","0.817","0.8","0.832"
"409.0","loop_add_fusion_4","16.0","0.0","1,1,1","1,1,1","1.5625","False","False","jit(compute_Cell_spectrum_from_cosmo_params)/jit(compute_source_function)/jit(compute_source_term_isw)/vmap(jit(searchsorted))/vmap()/while/body/add:","9.0","7.328","0.814","0.8","0.832"
"410.0","input_concatenate_fusion_15","34.0","0.0","128,1,1","1,1,1","100.0","False","False","XlaModule","1.0","7.232","7.232","7.232","7.232"
"411.0","loop_exponential_multiply_fusion_5","18.0","0.0","1,1,1","1,1,1","1.5625","False","False","jit(compute_Cell_spectrum_from_cosmo_params)/jit(evolve_perturbations_batched)/vmap()/exp:","6.0","7.2","1.2","1.152","1.376"
"412.0","loop_pad_fusion_27","16.0","0.0","128,1,1","8,1,1","100.0","False","False","jit(compute_Cell_spectrum_from_cosmo_params)/jit(evolve_background)/scatter:","8.0","6.72","0.84","0.832","0.864"
"413.0","input_reduce_fusion_25","28.0","0.0","256,1,1","16,1,1","100.0","False","False","jit(compute_Cell_spectrum_from_cosmo_params)/jit(evolve_background)/log:","1.0","6.656","6.656","6.656","6.656"
"414.0","loop_add_log_multiply_fusion","38.0","0.0","128,1,1","3,1,1","100.0","False","False","jit(compute_Cell_spectrum_from_cosmo_params)/jit(compute_metric_perturbations)/mul:","1.0","6.56","6.56","6.56","6.56"
"415.0","loop_log_multiply_subtract_fusion","52.0","0.0","128,1,1","8,1,1","75.0","False","False","XlaModule","1.0","6.208","6.208","6.208","6.208"
"416.0","void syevj_parallel_order_set_kernel<512>(long, int*)","62.0","0.0","512,1,1","1,1,1","66.66670227050781","False","False","jit(compute_Cell_spectrum_from_cosmo_params)/jit(evolve_background)/vmap(jit(eigh))/eigh:","2.0","6.048","3.024","0.736","5.312"
"417.0","input_concatenate_fusion_35","16.0","0.0","128,1,1","8,1,1","100.0","False","False","XlaModule","4.0","5.952","1.488","0.8","2.656"
"418.0","input_divide_multiply_reduce_fusion","47.0","0.0","32,1,1","1,1,1","50.0","False","False","XlaModule","1.0","5.408","5.408","5.408","5.408"
"419.0","void row_rotate_batch_32x32_phase2<double>(long, int const*, int const*, long, double*, long, int*)","32.0","8448.0","32,32,1","1,1,1","66.66670227050781","False","False","jit(compute_Cell_spectrum_from_cosmo_params)/jit(evolve_background)/vmap(jit(eigh))/eigh:","5.0","4.992","0.998","0.992","1.024"
"420.0","loop_multiply_pad_slice_fusion_6","50.0","0.0","128,1,1","4,1,1","75.0","False","False","jit(compute_Cell_spectrum_from_cosmo_params)/jit(evolve_background)/scatter:","1.0","4.864","4.864","4.864","4.864"
"421.0","loop_pad_fusion_27","16.0","0.0","128,1,1","8,1,1","100.0","False","False","jit(compute_Cell_spectrum_from_cosmo_params)/jit(compute_visibility_functions)/scatter:","5.0","4.192","0.838","0.832","0.864"
"422.0","input_concatenate_fusion_27","32.0","0.0","128,1,1","4,1,1","100.0","False","False","XlaModule","1.0","4.096","4.096","4.096","4.096"
"423.0","loop_divide_exponential_select_subtract_fusion","34.0","0.0","128,1,1","128,1,1","100.0","False","False","XlaModule","1.0","3.904","3.904","3.904","3.904"
"424.0","wrapped_slice_6","16.0","0.0","1,1,1","1,1,1","1.5625","False","False","jit(compute_Cell_spectrum_from_cosmo_params)/jit(compute_visibility_functions)/slice:","4.0","3.776","0.944","0.928","0.96"
"425.0","loop_add_fusion_182","20.0","0.0","128,1,1","128,1,1","100.0","False","False","jit(compute_Cell_spectrum_from_cosmo_params)/jit(compute_theta_ell)/add:","1.0","3.744","3.744","3.744","3.744"
"426.0","void batch_FnrmA_stage1<double, double, 8>(long, long, double const*, unsigned long, long long, double*, long long, int)","40.0","2048.0","256,1,1","8,1,1","100.0","False","False","jit(compute_Cell_spectrum_from_cosmo_params)/jit(evolve_background)/vmap(jit(eigh))/eigh:","1.0","3.424","3.424","3.424","3.424"
"427.0","void batch_FnrmA_stage2<double, 8>(long, double*, long long, double*, int)","35.0","2048.0","256,1,1","1,1,1","100.0","False","False","jit(compute_Cell_spectrum_from_cosmo_params)/jit(evolve_background)/vmap(jit(eigh))/eigh:","1.0","3.008","3.008","3.008","3.008"
"428.0","loop_log_fusion_31","28.0","0.0","1,1,1","1,1,1","1.5625","False","False","XlaModule","1.0","2.912","2.912","2.912","2.912"
"429.0","loop_divide_exponential_log_multiply_fusion","31.0","0.0","1,1,1","1,1,1","1.5625","False","False","jit(compute_Cell_spectrum_from_cosmo_params)/jit(evolve_perturbations_batched)/vmap()/exp:","1.0","2.848","2.848","2.848","2.848"
"430.0","loop_compare_exponential_log_multiply_fusion","26.0","0.0","128,1,1","4,1,1","100.0","False","False","XlaModule","1.0","2.656","2.656","2.656","2.656"
"431.0","loop_multiply_pad_slice_fusion_5","38.0","0.0","128,1,1","8,1,1","100.0","False","False","jit(compute_Cell_spectrum_from_cosmo_params)/jit(evolve_background)/scatter:","1.0","2.656","2.656","2.656","2.656"
"432.0","wrapped_slice","16.0","0.0","1,1,1","1,1,1","1.5625","False","False","jit(compute_Cell_spectrum_from_cosmo_params)/jit(evolve_background)/slice:","3.0","2.496","0.832","0.832","0.832"
"433.0","wrapped_slice_6","16.0","0.0","1,1,1","1,1,1","1.5625","False","False","jit(compute_Cell_spectrum_from_cosmo_params)/jit(evolve_background)/slice:","3.0","2.496","0.832","0.832","0.832"
"434.0","input_reduce_fusion_20","16.0","0.0","32,1,1","1,1,1","50.0","False","False","jit(compute_Cell_spectrum_from_cosmo_params)/jit(evolve_perturbations_batched)/vmap(jit(diffeqsolve))/outer-loop/while/body/closed_call/checkpoint/reduce_or:","2.0","2.464","1.232","1.12","1.344"
"435.0","loop_add_fusion_4","16.0","0.0","1,1,1","1,1,1","1.5625","False","False","jit(compute_Cell_spectrum_from_cosmo_params)/jit(evolve_perturbations_batched)/vmap(jit(diffeqsolve))/outer-loop/while/body/add:","2.0","2.464","1.232","0.992","1.472"
"436.0","loop_add_compare_log_minimum_multiply_select_fusion","30.0","0.0","32,1,1","1,1,1","50.0","False","False","jit(compute_Cell_spectrum_from_cosmo_params)/jit(evolve_perturbations_batched)/vmap(vmap())/log:","1.0","2.304","2.304","2.304","2.304"
"437.0","input_reduce_fusion_26","38.0","32.0","64,1,1","1,1,1","100.0","False","False","XlaModule","1.0","2.112","2.112","2.112","2.112"
"438.0","loop_multiply_pad_fusion","32.0","0.0","128,1,1","8,1,1","100.0","False","False","jit(compute_Cell_spectrum_from_cosmo_params)/jit(evolve_background)/scatter:","1.0","2.112","2.112","2.112","2.112"
"439.0","loop_subtract_fusion_13","34.0","0.0","1,1,1","1,1,1","1.5625","False","False","jit(compute_Cell_spectrum_from_cosmo_params)/jit(evolve_background)/sub:","1.0","2.08","2.08","2.08","2.08"
"440.0","loop_add_fusion_187","28.0","0.0","1,1,1","1,1,1","1.5625","False","False","jit(compute_Cell_spectrum_from_cosmo_params)/jit(compute_theta_ell)/sub:","1.0","2.016","2.016","2.016","2.016"
"441.0","loop_pad_fusion_12","35.0","0.0","128,1,1","8,1,1","100.0","False","False","XlaModule","1.0","2.016","2.016","2.016","2.016"
"442.0","void bubble_sort_onewarp_ascend_kernel<double>(int, double*, int*)","26.0","384.0","32,1,1","1,1,1","50.0","False","False","jit(compute_Cell_spectrum_from_cosmo_params)/jit(evolve_background)/vmap(jit(eigh))/eigh:","1.0","2.016","2.016","2.016","2.016"
"443.0","loop_and_fusion_8","16.0","0.0","1,1,1","1,1,1","1.5625","False","False","jit(compute_Cell_spectrum_from_cosmo_params)/jit(evolve_perturbations_batched)/vmap(jit(diffeqsolve))/outer-loop/while/body/closed_call/checkpoint/and:","2.0","1.984","0.992","0.992","0.992"
"444.0","loop_divide_multiply_fusion_1","30.0","0.0","1,1,1","1,1,1","1.5625","False","False","jit(compute_Cell_spectrum_from_cosmo_params)/jit(evolve_background)/div:","1.0","1.92","1.92","1.92","1.92"
"445.0","loop_dynamic_update_slice_fusion_248","33.0","0.0","128,1,1","4,1,1","100.0","False","False","XlaModule","1.0","1.856","1.856","1.856","1.856"
"446.0","loop_multiply_fusion_44","26.0","0.0","8,1,1","1,1,1","12.5","False","False","jit(compute_Cell_spectrum_from_cosmo_params)/jit(evolve_background)/vmap()/mul:","1.0","1.792","1.792","1.792","1.792"
"447.0","loop_dynamic_update_slice_fusion_238","25.0","0.0","128,1,1","4,1,1","100.0","False","False","XlaModule","1.0","1.632","1.632","1.632","1.632"
"448.0","loop_multiply_fusion_49","30.0","0.0","64,1,1","1,1,1","100.0","False","False","XlaModule","1.0","1.632","1.632","1.632","1.632"
"449.0","input_reduce_fusion_27","18.0","0.0","256,1,1","2,1,1","100.0","False","False","jit(compute_Cell_spectrum_from_cosmo_params)/jit(evolve_perturbations_batched)/vmap()/reduce_min:","1.0","1.6","1.6","1.6","1.6"
"450.0","wrapped_slice_6","16.0","0.0","1,1,1","1,1,1","1.5625","False","False","XlaModule","2.0","1.6","0.8","0.736","0.864"
"451.0","loop_or_fusion","16.0","0.0","128,1,1","80,1,1","100.0","False","False","jit(compute_Cell_spectrum_from_cosmo_params)/jit(evolve_perturbations_batched)/vmap(jit(diffeqsolve))/or:","1.0","1.536","1.536","1.536","1.536"
"452.0","loop_dynamic_update_slice_fusion_252","27.0","0.0","128,1,1","12,1,1","100.0","False","False","XlaModule","1.0","1.504","1.504","1.504","1.504"
"453.0","loop_dynamic_update_slice_fusion_239","25.0","0.0","128,1,1","4,1,1","100.0","False","False","XlaModule","1.0","1.472","1.472","1.472","1.472"
"454.0","loop_compare_fusion_199","16.0","0.0","128,1,1","80,1,1","100.0","False","False","XlaModule","1.0","1.44","1.44","1.44","1.44"
"455.0","loop_divide_multiply_sqrt_fusion","24.0","0.0","1,1,1","1,1,1","1.5625","False","False","jit(compute_Cell_spectrum_from_cosmo_params)/jit(evolve_background)/div:","1.0","1.44","1.44","1.44","1.44"
"456.0","loop_slice_fusion_23","20.0","0.0","1,1,1","1,1,1","1.5625","False","False","jit(compute_Cell_spectrum_from_cosmo_params)/jit(evolve_background)/slice:","1.0","1.44","1.44","1.44","1.44"
"457.0","loop_concatenate_fusion_1","16.0","0.0","128,1,1","24,1,1","100.0","False","False","XlaModule","1.0","1.376","1.376","1.376","1.376"
"458.0","loop_log_fusion_15","20.0","0.0","32,1,1","1,1,1","50.0","False","False","jit(compute_Cell_spectrum_from_cosmo_params)/jit(evolve_background)/jit(<lambda>)/log:","1.0","1.376","1.376","1.376","1.376"
"459.0","loop_rsqrt_fusion_8","26.0","0.0","128,1,1","32,1,1","100.0","False","False","jit(compute_Cell_spectrum_from_cosmo_params)/jit(evolve_background)/vmap()/sqrt:","1.0","1.344","1.344","1.344","1.344"
"460.0","loop_dynamic_update_slice_fusion_242","18.0","0.0","128,1,1","4,1,1","100.0","False","False","jit(compute_Cell_spectrum_from_cosmo_params)/jit(evolve_perturbations_batched)/vmap(vmap())/scatter:","1.0","1.28","1.28","1.28","1.28"
"461.0","loop_dynamic_update_slice_fusion_243","18.0","0.0","128,1,1","4,1,1","100.0","False","False","jit(compute_Cell_spectrum_from_cosmo_params)/jit(evolve_perturbations_batched)/vmap(vmap())/scatter:","1.0","1.28","1.28","1.28","1.28"
"462.0","loop_reduce_window_fusion_21","24.0","0.0","128,1,1","8,1,1","100.0","False","False","XlaModule","1.0","1.184","1.184","1.184","1.184"
"463.0","loop_divide_fusion_39","23.0","0.0","1,1,1","1,1,1","1.5625","False","False","XlaModule","1.0","1.12","1.12","1.12","1.12"
"464.0","loop_subtract_fusion_12","18.0","0.0","128,1,1","64,1,1","100.0","False","False","XlaModule","1.0","1.12","1.12","1.12","1.12"
"465.0","input_concatenate_fusion_17","16.0","0.0","128,1,1","64,1,1","100.0","False","False","XlaModule","1.0","1.088","1.088","1.088","1.088"
"466.0","input_reduce_fusion_21","16.0","32.0","640,1,1","1,1,1","83.33329772949219","False","False","jit(compute_Cell_spectrum_from_cosmo_params)/jit(evolve_perturbations_batched)/vmap(jit(diffeqsolve))/jit(branched_error_if_impl)/reduce_or:","1.0","1.088","1.088","1.088","1.088"
"467.0","input_minimum_reduce_fusion","20.0","0.0","32,1,1","1,1,1","50.0","False","False","jit(compute_Cell_spectrum_from_cosmo_params)/jit(evolve_perturbations_batched)/vmap(jit(diffeqsolve))/jit(branched_error_if_impl)/reduce_or:","1.0","1.056","1.056","1.056","1.056"
"468.0","input_reduce_fusion_22","16.0","32.0","640,1,1","1,1,1","83.33329772949219","False","False","XlaModule","1.0","1.056","1.056","1.056","1.056"
"469.0","loop_divide_dynamic_slice_fusion","22.0","0.0","1,1,1","1,1,1","1.5625","False","False","XlaModule","1.0","1.056","1.056","1.056","1.056"
"470.0","loop_dynamic_update_slice_fusion_254","18.0","0.0","128,1,1","12,1,1","100.0","False","False","XlaModule","1.0","1.056","1.056","1.056","1.056"
"471.0","loop_reduce_window_fusion_20","26.0","0.0","64,1,1","1,1,1","100.0","False","False","XlaModule","1.0","1.056","1.056","1.056","1.056"
"472.0","input_concatenate_fusion_26","16.0","0.0","128,1,1","4,1,1","100.0","False","False","XlaModule","1.0","1.024","1.024","1.024","1.024"
"473.0","loop_broadcast_fusion_16","16.0","0.0","128,1,1","288,1,1","100.0","False","False","jit(compute_Cell_spectrum_from_cosmo_params)/jit(evolve_perturbations_batched)/vmap(vmap())/broadcast_in_dim:","1.0","1.024","1.024","1.024","1.024"
"474.0","loop_broadcast_multiply_fusion","16.0","0.0","128,1,1","80,1,1","100.0","False","False","XlaModule","1.0","1.024","1.024","1.024","1.024"
"475.0","loop_dynamic_update_slice_fusion_246","18.0","0.0","128,1,1","4,1,1","100.0","False","False","XlaModule","1.0","1.024","1.024","1.024","1.024"
"476.0","loop_dynamic_update_slice_fusion_247","18.0","0.0","128,1,1","4,1,1","100.0","False","False","XlaModule","1.0","1.024","1.024","1.024","1.024"
"477.0","void colperm_kernel<double, double, 5, 4>(long, long, double const*, unsigned long, int const*, double*, unsigned long)","16.0","64.0","32,16,1","1,1,1","100.0","False","False","jit(compute_Cell_spectrum_from_cosmo_params)/jit(evolve_background)/vmap(jit(eigh))/eigh:","1.0","1.024","1.024","1.024","1.024"
"478.0","loop_divide_fusion_40","23.0","0.0","1,1,1","1,1,1","1.5625","False","False","XlaModule","1.0","0.992","0.992","0.992","0.992"
"479.0","loop_dynamic_update_slice_fusion_240","16.0","0.0","128,1,1","4,1,1","100.0","False","False","XlaModule","1.0","0.992","0.992","0.992","0.992"
"480.0","void batch_symmetrize_kernel<double, 5, 3>(int, double*, unsigned long, long long, int, int)","38.0","8448.0","32,8,1","1,1,1","100.0","False","False","jit(compute_Cell_spectrum_from_cosmo_params)/jit(evolve_background)/vmap(jit(eigh))/eigh:","1.0","0.992","0.992","0.992","0.992"
"481.0","loop_divide_fusion_41","23.0","0.0","1,1,1","1,1,1","1.5625","False","False","XlaModule","1.0","0.96","0.96","0.96","0.96"
"482.0","void lascl_kernel<double, double, 8>(long, long, double*, unsigned long, double, int, int)","21.0","0.0","256,1,1","8,1,1","100.0","False","False","jit(compute_Cell_spectrum_from_cosmo_params)/jit(evolve_background)/vmap(jit(eigh))/eigh:","1.0","0.96","0.96","0.96","0.96"
"483.0","wrapped_slice_15","16.0","0.0","1,1,1","1,1,1","1.5625","False","False","jit(compute_Cell_spectrum_from_cosmo_params)/jit(compute_source_function)/jit(compute_source_term_isw)/vmap()/slice:","1.0","0.96","0.96","0.96","0.96"
"484.0","void scal_kernel_val<double, double>(cublasScalParamsVal<double, double>)","24.0","0.0","384,1,1","1,1,1","100.0","False","False","jit(compute_Cell_spectrum_from_cosmo_params)/jit(evolve_background)/vmap(jit(eigh))/eigh:","1.0","0.896","0.896","0.896","0.896"
"485.0","input_concatenate_fusion_13","16.0","0.0","128,1,1","8,1,1","100.0","False","False","jit(compute_Cell_spectrum_from_cosmo_params)/jit(evolve_background)/jit(evaluate_thermo)/concatenate:","1.0","0.864","0.864","0.864","0.864"
"486.0","input_concatenate_fusion_32","16.0","0.0","128,1,1","4,1,1","100.0","False","False","jit(compute_Cell_spectrum_from_cosmo_params)/jit(evolve_background)/concatenate:","1.0","0.864","0.864","0.864","0.864"
"487.0","loop_broadcast_fusion_29","16.0","0.0","128,1,1","128,1,1","100.0","False","False","jit(compute_Cell_spectrum_from_cosmo_params)/jit(compute_theta_ell)/vmap(jit(clip))/max:","1.0","0.864","0.864","0.864","0.864"
"488.0","loop_broadcast_fusion_41","24.0","0.0","128,1,1","8,1,1","100.0","False","False","XlaModule","1.0","0.864","0.864","0.864","0.864"
"489.0","loop_dynamic_update_slice_fusion_253","16.0","0.0","128,1,1","12,1,1","100.0","False","False","XlaModule","1.0","0.864","0.864","0.864","0.864"
"490.0","loop_pad_fusion_30","16.0","0.0","128,1,1","4,1,1","100.0","False","False","jit(compute_Cell_spectrum_from_cosmo_params)/jit(evolve_background)/scatter:","1.0","0.864","0.864","0.864","0.864"
"491.0","input_concatenate_fusion_35","16.0","0.0","128,1,1","8,1,1","100.0","False","False","jit(compute_Cell_spectrum_from_cosmo_params)/jit(evolve_background)/concatenate:","1.0","0.832","0.832","0.832","0.832"
"492.0","loop_broadcast_fusion_50","26.0","0.0","128,1,1","4,1,1","100.0","False","False","jit(compute_Cell_spectrum_from_cosmo_params)/jit(evolve_perturbations_batched)/vmap(jit(searchsorted))/broadcast_in_dim:","1.0","0.832","0.832","0.832","0.832"
"493.0","loop_broadcast_fusion_56","16.0","0.0","128,1,1","128,1,1","100.0","False","False","jit(compute_Cell_spectrum_from_cosmo_params)/jit(compute_theta_ell)/vmap(jit(searchsorted))/vmap()/broadcast_in_dim:","1.0","0.832","0.832","0.832","0.832"
"494.0","void batch_eye_kernel<double, 5, 3>(long, long, double*, unsigned long, long long, int)","28.0","0.0","32,8,1","1,1,1","100.0","False","False","jit(compute_Cell_spectrum_from_cosmo_params)/jit(evolve_background)/vmap(jit(eigh))/eigh:","1.0","0.832","0.832","0.832","0.832"
"495.0","void syevj_diagonal_kernel<double, double, 256>(long, double const*, long, double*)","16.0","0.0","256,1,1","1,1,1","100.0","False","False","jit(compute_Cell_spectrum_from_cosmo_params)/jit(evolve_background)/vmap(jit(eigh))/eigh:","1.0","0.832","0.832","0.832","0.832"
"496.0","wrapped_slice_15","16.0","0.0","1,1,1","1,1,1","1.5625","False","False","jit(compute_Cell_spectrum_from_cosmo_params)/jit(compute_theta_ell)/vmap()/slice:","1.0","0.832","0.832","0.832","0.832"
"497.0","loop_broadcast_fusion_26","24.0","0.0","128,1,1","4,1,1","100.0","False","False","XlaModule","1.0","0.8","0.8","0.8","0.8"
"498.0","loop_multiply_fusion_55","16.0","0.0","1,1,1","1,1,1","1.5625","False","False","XlaModule","1.0","0.8","0.8","0.8","0.8"
"499.0","copy_info_kernel(int, int*)","16.0","0.0","1,1,1","1,1,1","1.5625","False","False","jit(compute_Cell_spectrum_from_cosmo_params)/jit(evolve_background)/vmap(jit(eigh))/eigh:","1.0","0.768","0.768","0.768","0.768"
"500.0","input_concatenate_fusion_12","16.0","0.0","128,1,1","8,1,1","100.0","False","False","XlaModule","1.0","0.768","0.768","0.768","0.768"
"501.0","loop_broadcast_fusion_30","16.0","0.0","32,1,1","1,1,1","50.0","False","False","jit(compute_Cell_spectrum_from_cosmo_params)/jit(evolve_perturbations_batched)/vmap(vmap(jit(searchsorted)))/broadcast_in_dim:","1.0","0.768","0.768","0.768","0.768"
"502.0","loop_broadcast_fusion_33","26.0","0.0","128,1,1","4,1,1","100.0","False","False","XlaModule","1.0","0.768","0.768","0.768","0.768"
"503.0","loop_broadcast_fusion_34","16.0","0.0","128,1,1","8,1,1","100.0","False","False","jit(compute_Cell_spectrum_from_cosmo_params)/jit(evolve_background)/jit(searchsorted)/vmap()/broadcast_in_dim:","1.0","0.768","0.768","0.768","0.768"
"504.0","loop_broadcast_fusion_46","16.0","0.0","128,1,1","8,1,1","100.0","False","False","jit(compute_Cell_spectrum_from_cosmo_params)/jit(evolve_background)/jit(evaluate_thermo)/jit(searchsorted)/vmap()/broadcast_in_dim:","1.0","0.768","0.768","0.768","0.768"
"505.0","loop_broadcast_fusion_57","16.0","0.0","128,1,1","3,1,1","100.0","False","False","jit(compute_Cell_spectrum_from_cosmo_params)/jit(compute_neutrino_perturbations):","1.0","0.768","0.768","0.768","0.768"
"506.0","wrapped_slice","16.0","0.0","1,1,1","1,1,1","1.5625","False","False","XlaModule","1.0","0.768","0.768","0.768","0.768"
"507.0","loop_broadcast_fusion_20","16.0","0.0","128,1,1","8,1,1","100.0","False","False","jit(compute_Cell_spectrum_from_cosmo_params)/jit(evolve_background)/jit(clip)/max:","1.0","0.736","0.736","0.736","0.736"
"508.0","loop_broadcast_fusion_28","16.0","0.0","128,1,1","3,1,1","100.0","False","False","XlaModule","1.0","0.736","0.736","0.736","0.736"
"509.0","loop_broadcast_fusion_36","16.0","0.0","128,1,1","3,1,1","100.0","False","False","jit(compute_Cell_spectrum_from_cosmo_params)/jit(compute_theta_ell)/vmap()/broadcast_in_dim:","1.0","0.736","0.736","0.736","0.736"
"510.0","loop_broadcast_fusion_47","16.0","0.0","128,1,1","3,1,1","100.0","False","False","jit(compute_Cell_spectrum_from_cosmo_params)/jit(compute_neutrino_perturbations)/vmap(jit(searchsorted))/broadcast_in_dim:","1.0","0.736","0.736","0.736","0.736"
"511.0","loop_broadcast_fusion_51","16.0","0.0","32,1,1","1,1,1","50.0","False","False","jit(compute_Cell_spectrum_from_cosmo_params)/jit(evolve_perturbations_batched)/vmap(vmap(jit(searchsorted)))/broadcast_in_dim:","1.0","0.736","0.736","0.736","0.736"
"512.0","void pegasus_set_identy<128>(int, int*)","16.0","0.0","128,1,1","1,1,1","100.0","False","False","jit(compute_Cell_spectrum_from_cosmo_params)/jit(evolve_background)/vmap(jit(eigh))/eigh:","1.0","0.736","0.736","0.736","0.736"
"513.0","loop_add_fusion_183","16.0","0.0","128,1,1","20,1,1","100.0","False","False","XlaModule","1.0","0.704","0.704","0.704","0.704"
"514.0","loop_add_fusion_184","16.0","0.0","128,1,1","20,1,1","100.0","False","False","XlaModule","1.0","0.704","0.704","0.704","0.704"
"515.0","loop_broadcast_fusion_19","16.0","0.0","32,1,1","1,1,1","50.0","False","False","XlaModule","1.0","0.704","0.704","0.704","0.704"
"516.0","loop_broadcast_fusion_35","16.0","0.0","32,1,1","1,1,1","50.0","False","False","XlaModule","1.0","0.704","0.704","0.704","0.704"
"517.0","loop_broadcast_fusion_40","16.0","0.0","128,1,1","48,1,1","100.0","False","False","XlaModule","1.0","0.704","0.704","0.704","0.704"
"518.0","loop_broadcast_fusion_43","16.0","0.0","128,1,1","4,1,1","100.0","False","False","XlaModule","1.0","0.704","0.704","0.704","0.704"
"519.0","loop_add_fusion_186","16.0","0.0","8,1,1","1,1,1","12.5","False","False","XlaModule","1.0","0.672","0.672","0.672","0.672"
"520.0","loop_broadcast_fusion_18","16.0","0.0","32,1,1","1,1,1","50.0","False","False","XlaModule","1.0","0.672","0.672","0.672","0.672"
"521.0","loop_broadcast_fusion_39","16.0","0.0","128,1,1","8,1,1","100.0","False","False","XlaModule","1.0","0.672","0.672","0.672","0.672"
"522.0","loop_dynamic_update_slice_fusion_255","16.0","0.0","128,1,1","4,1,1","100.0","False","False","XlaModule","1.0","0.672","0.672","0.672","0.672"
"523.0","loop_slice_fusion_24","16.0","0.0","1,1,1","1,1,1","1.5625","False","False","XlaModule","1.0","0.672","0.672","0.672","0.672"
"524.0","loop_broadcast_fusion_32","16.0","0.0","128,1,1","3,1,1","100.0","False","False","XlaModule","1.0","0.671","0.671","0.671","0.671"
