"Rank","Program id","HLO op category","HLO op name","HLO op text","Framework op name","#Occurrences","Total time (us)","Avg. time (us)","Total self time (us)","Avg. self time (us)","Total self time (%)","Cumulative total self time (%)","%time stalled by DMA","Model GFLOP/s","Normalized GFLOP/s","Measured memory BW (GiB/s)","HBM BW (GiB/s)","CMEM Read BW (GiB/s)","CMEM Write BW (GiB/s)","Operational intensity (FLOPS/Byte)","Bound by","Rematerialization","Outside Compilation","Autotuned","Source Info"
"1.0","7","call","call.594","%call.594 = f64[2501]{0} call(f64[8192]{0} %get-tuple-element.17819, c128[8193]{0} %get-tuple-element.17899, c128[8192,8193]{1,0} %fft.1.0, f64[8193]{0} %get-tuple-element.17897, f64[8193]{0} %get-tuple-element.17896, /*index=5*/f64[] %Arg_12.13, f64[] %Arg_10.11, c128[8193]{0} %get-tuple-element.17898, f64[2501]{0} %get-tuple-element.17335, f64[2501]{0} %get-tuple-element.17336, /*index=10*/c128[8]{0} %constant_22107_0, f64[8]{0} %constant_21972_0, c128[8193]{0} %get-tuple-element.17895, f64[8191]{0} %get-tuple-element.17820), to_apply=%command_buffer.54","","13.0","2748061.138","211389.3183076923","2748061.138","211389.3183076923","35.703457193706456","35.703457193706456","0.0","29628.716841044312","29628.716841044312","44.530061750241565","44.53014626961281","0.0","0.0","619.6688656243484","Compute","No","No","No",""
"2.0","7","custom-call","custom-call.10","%custom-call.10 = (f64[8,16,72,72]{2,3,1,0}, s32[8,16,72]{2,1,0}, s32[8,16]{1,0}) custom-call(f64[8,16,72,72]{2,3,1,0} %bitcast.13129.0), custom_call_target=""cusolver_getrf_ffi"", operand_layout_constraints={f64[8,16,72,72]{2,3,1,0}}, output_to_operand_aliasing={{0}: (0, {})}, api_version=API_VERSION_TYPED_FFI, frontend_attributes={num_batch_dims=""2""}","jit(compute_Cell_spectrum_from_cosmo_params)/jit(main)/jit(evolve_perturbations_batched)/vmap(jit(diffeqsolve))/outer-loop/while/body/checkpoint/cond/branch_1_fun/while/body/checkpoint/cond/branch_1_fun/while/body/cond/branch_1_fun/vmap(jit(lu_factor))/lu:","1174.0","561094.312","477.9338262350937","561094.312","477.9338262350937","7.289869382128781","42.99332657583524","0.0","0.0","0.0","0.0","0.0","0.0","0.0","0.0","Unknown","No","No","No","<div class='source-info-cell' title='/home/lawrence/git/DISCO-EB/src/discoeb/ode_integrators_stiff.py:996:22
/home/lawrence/git/DISCO-EB/src/discoeb/ode_integrators_stiff.py:1002:21
/home/lawrence/git/DISCO-EB/.venv/lib/python3.13/site-packages/equinox/_module/_prebuilt.py:33:15
/home/lawrence/git/DISCO-EB/.venv/lib/python3.13/site-packages/diffrax/_integrate.py:349:64
/home/lawrence/git/DISCO-EB/.venv/lib/python3.13/site-packages/equinox/_eval_shape.py:33:15
/home/lawrence/git/DISCO-EB/.venv/lib/python3.13/site-packages/equinox/_eval_shape.py:38:30
/home/lawrence/git/DISCO-EB/.venv/lib/python3.13/site-packages/diffrax/_integrate.py:619:36
/home/lawrence/git/DISCO-EB/.venv/lib/python3.13/site-packages/diffrax/_adjoint.py:393:22
/home/lawrence/git/DISCO-EB/.venv/lib/python3.13/site-packages/equinox/_module/_prebuilt.py:33:15
/home/lawrence/git/DISCO-EB/.venv/lib/python3.13/site-packages/diffrax/_integrate.py:1416:29
'>/home/lawrence/git/DISCO-EB/src/discoeb/ode_integrators_stiff.py:996</div>"
"3.0","7","call","call.629","%call.629 = (s64[], f64[3]{0}, (f64[], f64[])) call(s64[] %get-tuple-element.14591, f64[] %get-tuple-element.14593, s64[] %get-tuple-element.14621, f64[] %get-tuple-element.14594, f64[] %get-tuple-element.14627, /*index=5*/f64[] %get-tuple-element.14626, f64[] %get-tuple-element.14625, f64[] %get-tuple-element.14622, f64[3]{0} %get-tuple-element.14592, f64[] %get-tuple-element.14623, /*index=10*/f64[] %get-tuple-element.14624, f64[] %get-tuple-element.14633, f64[] %get-tuple-element.14640, f64[] %get-tuple-element.14632, f64[] %get-tuple-element.14631, /*index=15*/f64[] %get-tuple-element.14639, f64[] %get-tuple-element.14638, f64[] %get-tuple-element.14637, f64[] %get-tuple-element.14636, f64[512]{0} %get-tuple-element.14630, /*index=20*/f64[512]{0} %get-tuple-element.14629, f64[512]{0} %get-tuple-element.14628, s64[] %get-tuple-element.14635, f64[] %get-tuple-element.14634, f64[] %get-tuple-element.14620), to_apply=%command_buffer.122","","112466.0","335485.062","2.982990966158661","335485.062","2.982990966158661","4.3587008981038755","47.35202747393911","0.0","348.9541241690219","348.9541241690219","2.2647785504226525","1.496739505200744","0.0","0.0","143.4969671905156","HBM","No","No","No",""
"4.0","7","call","call.630","%call.630 = (s64[], pred[8]{0}, pred[8]{0}, pred[8]{0}, s64[8]{0}, /*index=5*/s64[8]{0}, f64[8,320]{1,0}, f64[8,320,16,72]{3,2,1,0}) call(s64[] %get-tuple-element.14846, pred[8]{0} %get-tuple-element.14847, pred[8]{0} %get-tuple-element.14850, pred[8]{0} %get-tuple-element.14852, s64[8]{0} %get-tuple-element.14848, /*index=5*/s64[8]{0} %get-tuple-element.14853, f64[8,320]{1,0} %get-tuple-element.14849, f64[8,320,16,72]{3,2,1,0} %get-tuple-element.14851), to_apply=%command_buffer.124","","72120.0","306435.788","4.248970992789795","306435.788","4.248970992789795","3.9812858921473198","51.33331336608643","0.0","0.0","0.0","10351.639767643117","5175.812869812182","0.0","0.0","0.0","HBM","No","No","No",""
"5.0","7","call","call.620","%call.620 = (s64[], pred[8]{0}, pred[8]{0}, pred[8]{0}, s64[8]{0}, /*index=5*/s64[8]{0}, f64[8,320]{1,0}, f64[8,320,16,72]{3,2,1,0}) call(s64[] %get-tuple-element.14893, pred[8]{0} %get-tuple-element.14894, pred[8]{0} %get-tuple-element.14897, pred[8]{0} %get-tuple-element.14899, s64[8]{0} %get-tuple-element.14895, /*index=5*/s64[8]{0} %get-tuple-element.14900, f64[8,320]{1,0} %get-tuple-element.14896, f64[8,320,16,72]{3,2,1,0} %get-tuple-element.14898), to_apply=%command_buffer.104","","75136.0","301824.714","4.017045277896082","301824.714","4.017045277896082","3.9213777333005226","55.25469109938695","0.0","0.0","0.0","10949.295827594286","5474.640494831131","0.0","0.0","0.0","HBM","No","No","No",""
"6.0","7","call","call.622","%call.622 = (s64[], pred[8]{0}, pred[8]{0}, pred[8]{0}, s64[8]{0}, /*index=5*/s64[8]{0}, f64[8,320]{1,0}, f64[8,320,16,72]{3,2,1,0}) call(s64[] %get-tuple-element.14832, pred[8]{0} %get-tuple-element.14833, pred[8]{0} %get-tuple-element.14836, pred[8]{0} %get-tuple-element.14838, s64[8]{0} %get-tuple-element.14834, /*index=5*/s64[8]{0} %get-tuple-element.14839, f64[8,320]{1,0} %get-tuple-element.14835, f64[8,320,16,72]{3,2,1,0} %get-tuple-element.14837), to_apply=%command_buffer.108","","48256.0","195160.698","4.044278390251989","195160.698","4.044278390251989","2.535573728904744","57.79026482829169","0.0","0.0","0.0","10875.566134749783","5437.775698366255","0.0","0.0","0.0","HBM","No","No","No",""
"7.0","7","call","call.631","%call.631 = (s64[], pred[8]{0}, pred[8]{0}, pred[8]{0}, s64[8]{0}, /*index=5*/s64[8]{0}, f64[8,320]{1,0}, f64[8,320,16,72]{3,2,1,0}) call(s64[] %get-tuple-element.14785, pred[8]{0} %get-tuple-element.14786, pred[8]{0} %get-tuple-element.14789, pred[8]{0} %get-tuple-element.14791, s64[8]{0} %get-tuple-element.14787, /*index=5*/s64[8]{0} %get-tuple-element.14792, f64[8,320]{1,0} %get-tuple-element.14788, f64[8,320,16,72]{3,2,1,0} %get-tuple-element.14790), to_apply=%command_buffer.126","","45208.0","191667.369","4.239678132188994","191667.369","4.239678132188994","2.4901875762131755","60.28045240450487","0.0","0.0","0.0","10374.329307356065","5187.157624294798","0.0","0.0","0.0","HBM","No","No","No",""
"8.0","7","call","call.604","%call.604 = (f64[72,8,16]{2,1,0}, f64[72,1,8,16]{3,2,1,0}, f64[128,72,72]{2,1,0}) call(f64[72,8,16]{2,1,0} %loop_dynamic_update_slice_fusion.206, f64[8,16]{1,0} %get-tuple-element.18108, f64[8,16,72]{1,0,2} %get-tuple-element.13554.0, f64[8,16]{1,0} %get-tuple-element.18112, f64[8,16]{1,0} %get-tuple-element.18118, /*index=5*/f64[8,16]{1,0} %get-tuple-element.18116, f64[8,16]{1,0} %get-tuple-element.18110, f64[1024]{0} %get-tuple-element.23439.0, f64[1024]{0} %get-tuple-element.23441.0, f64[8,16]{1,0} %get-tuple-element.18117, /*index=10*/f64[1024]{0} %get-tuple-element.23440.0, s64[8,16]{1,0} %get-tuple-element.18090, f64[8,16]{1,0} %get-tuple-element.18109, f64[8,16]{1,0} %get-tuple-element.23438.0, f64[8,16]{1,0} %get-tuple-element.18106, /*index=15*/s64[8]{0} %get-tuple-element.23471.0, f64[8]{0} %get-tuple-element.14874, s64[8]{0} %get-tuple-element.23431.0, f64[8,16,11]{2,1,0} %get-tuple-element.18091, s64[8]{0} %get-tuple-element.23472.0, /*index=20*/f64[72,1,8,16]{3,2,1,0} %get-tuple-element.18134, u32[72]{0} %get-tuple-element.18085, u32[72]{0} %get-tuple-element.18084, s64[8]{0} %get-tuple-element.23435.0, f64[8,16,72]{2,1,0} %get-tuple-element.18133, /*index=25*/f64[8,16,8]{2,1,0} %get-tuple-element.18092, s64[8]{0} %get-tuple-element.23465.0, u32[72]{0} %get-tuple-element.18086, f64[8,16,8]{2,1,0} %get-tuple-element.18093, s64[8]{0} %get-tuple-element.23466.0, /*index=30*/u32[72]{0} %get-tuple-element.18088, u32[72]{0} %get-tuple-element.18087, f64[8,16,72]{2,1,0} %get-tuple-element.18132, f64[8,16]{1,0} %get-tuple-element.18121, f64[8,16,72]{2,1,0} %get-tuple-element.18129, /*index=35*/f64[8,16,72]{2,1,0} %get-tuple-element.18130, f64[128,3]{1,0} %get-tuple-element.18103, f64[128,3]{1,0} %get-tuple-element.18102, f64[128,3]{1,0} %get-tuple-element.18094, f64[72,3]{1,0} %get-tuple-element.18089, /*index=40*/f64[128,3]{1,0} %get-tuple-element.18099, f64[128,3]{1,0} %get-tuple-element.18100, f64[8,16]{1,0} %get-tuple-element.18104, f64[8,16]{1,0} %get-tuple-element.18115, f64[8,16]{1,0} %get-tuple-element.18114, /*index=45*/f64[8,16]{1,0} %get-tuple-element.18119, f64[8,16]{1,0} %get-tuple-element.18120, f64[8,16,72]{2,1,0} %get-tuple-element.18131, f64[8,16]{1,0} %get-tuple-element.18113, f64[8,16]{1,0} %get-tuple-element.18105, /*index=50*/f64[8,16]{1,0} %get-tuple-element.18111, f64[] %get-tuple-element.23446.0, f64[] %get-tuple-element.23447.0, f64[3]{0} %get-tuple-element.18072, f64[8,16]{1,0} %get-tuple-element.18107, /*index=55*/f64[] %get-tuple-element.23445.0, f64[] %get-tuple-element.23437.0, f64[3,8,16]{2,1,0} %get-tuple-element.18101, f64[] %get-tuple-element.23457.0, f64[] %get-tuple-element.23456.0, /*index=60*/s64[] %get-tuple-element.23455.0, f64[] %get-tuple-element.23449.0, f64[] %get-tuple-element.23464.0, f64[8,72,72]{2,1,0} %get-tuple-element.18128, f64[5,3,8,16]{3,2,1,0} %get-tuple-element.18122, /*index=65*/f64[15,8,16]{2,1,0} %get-tuple-element.18123, f64[3,8,16]{2,1,0} %get-tuple-element.18098, f64[3,8,16]{2,1,0} %get-tuple-element.18097, f64[3,8,16]{2,1,0} %get-tuple-element.18095, f64[3,72]{1,0} %get-tuple-element.18127, /*index=70*/f64[3,8,72]{2,1,0} %get-tuple-element.18126, f64[3]{0} %get-tuple-element.18124, f64[72,15]{1,0} %get-tuple-element.18125, f64[3]{0} %get-tuple-element.23467.0, f64[3,8,16]{2,1,0} %get-tuple-element.18096, /*index=75*/s64[5]{0} %get-tuple-element.23468.0), to_apply=%command_buffer.72","","17610.0","134884.703","7.65955156161272","134884.703","7.65955156161272","1.7524538130003968","62.03290621750527","0.0","138596.2203479812","138596.2203479812","8921.010007467648","4206.355781517102","0.0","0.0","14.468965807504626","HBM","No","No","No",""
"9.0","7","call","call.603","%call.603 = (s64[], s64[], s64[], pred[8]{0}, pred[8]{0}, /*index=5*/f64[3]{0}, f64[3]{0}, f64[3]{0}, f64[3]{0}, f64[3]{0}, /*index=10*/f64[3]{0}, f64[3]{0}, f64[3]{0}, s64[8]{0}, s64[8]{0}, /*index=15*/f64[8]{0}, f64[8]{0}, u32[72]{0}, u32[72]{0}, u32[72]{0}, /*index=20*/u32[72]{0}, u32[72]{0}, f64[72,3]{1,0}, s64[8,16]{1,0}, f64[8,16,11]{2,1,0}, /*index=25*/f64[8,16,8]{2,1,0}, f64[8,16,8]{2,1,0}, f64[128,3]{1,0}, f64[3,8,16]{2,1,0}, f64[3,8,16]{2,1,0}, /*index=30*/f64[3,8,16]{2,1,0}, f64[3,8,16]{2,1,0}, f64[128,3]{1,0}, f64[128,3]{1,0}, f64[3,8,16]{2,1,0}, /*index=35*/f64[128,3]{1,0}, f64[128,3]{1,0}, f64[8,16]{1,0}, f64[8,16]{1,0}, f64[8,16]{1,0}, /*index=40*/f64[8,16]{1,0}, f64[8,16]{1,0}, f64[8,16]{1,0}, f64[8,16]{1,0}, f64[8,16]{1,0}, /*index=45*/f64[8,16]{1,0}, f64[8,16]{1,0}, f64[8,16]{1,0}, f64[8,16]{1,0}, f64[8,16]{1,0}, /*index=50*/f64[8,16]{1,0}, f64[8,16]{1,0}, f64[8,16]{1,0}, f64[8,16]{1,0}, f64[8,16]{1,0}, /*index=55*/f64[5,3,8,16]{3,2,1,0}, f64[15,8,16]{2,1,0}, f64[3]{0}, f64[72,15]{1,0}, f64[3,8,72]{2,1,0}, /*index=60*/f64[3,72]{1,0}, f64[8,72,72]{2,1,0}, f64[8,16,72]{2,1,0}, f64[8,16,72]{2,1,0}, f64[8,16,72]{2,1,0}, /*index=65*/f64[8,16,72]{2,1,0}, f64[8,16,72]{2,1,0}, f64[72,1,8,16]{3,2,1,0}, f64[8,16,72]{2,1,0}, f64[72,8,16]{2,1,0}) call(s64[] %constant_23559_0, s64[] %get-tuple-element.23533.0, pred[8]{0} %get-tuple-element.14869, f64[3]{0} %get-tuple-element.23462.0, f64[3]{0} %get-tuple-element.23461.0, /*index=5*/f64[3]{0} %get-tuple-element.23470.0, f64[3]{0} %get-tuple-element.23469.0, f64[3]{0} %get-tuple-element.23476.0, f64[3]{0} %get-tuple-element.23475.0, f64[3]{0} %get-tuple-element.23482.0, /*index=10*/f64[3]{0} %get-tuple-element.23481.0, f64[3]{0} %get-tuple-element.23488.0, f64[3]{0} %get-tuple-element.23487.0, f64[3]{0} %get-tuple-element.23494.0, f64[3]{0} %get-tuple-element.23493.0, /*index=15*/f64[3]{0} %get-tuple-element.23500.0, f64[3]{0} %get-tuple-element.23499.0, f64[3]{0} %get-tuple-element.23506.0, f64[3]{0} %get-tuple-element.23505.0, f64[3]{0} %get-tuple-element.23512.0, /*index=20*/f64[3]{0} %get-tuple-element.23511.0, s64[8]{0} %get-tuple-element.14870, s64[8]{0} %get-tuple-element.14865, s64[8]{0} %get-tuple-element.23431.0, f64[8]{0} %get-tuple-element.14874, /*index=25*/f64[8]{0} %get-tuple-element.14872, s64[8]{0} %get-tuple-element.23435.0, s64[8]{0} %get-tuple-element.23465.0, s64[8]{0} %get-tuple-element.23466.0, f64[8,16,72]{1,0,2} %get-tuple-element.13554.0, /*index=30*/f64[] %get-tuple-element.23463.0, f64[1024]{0} %get-tuple-element.23442.0, f64[1024]{0} %get-tuple-element.23439.0, f64[8,16]{1,0} %get-tuple-element.23438.0, f64[3]{0} %get-tuple-element.23467.0, /*index=35*/f64[] %get-tuple-element.23464.0, f64[] %get-tuple-element.23447.0, f64[] %get-tuple-element.23449.0, f64[] %get-tuple-element.23445.0, f64[] %get-tuple-element.23457.0, /*index=40*/s64[] %get-tuple-element.23455.0, f64[] %get-tuple-element.23456.0, f64[] %get-tuple-element.23446.0, f64[] %get-tuple-element.23437.0, f64[] %get-tuple-element.23436.0, /*index=45*/f64[] %get-tuple-element.23448.0, f64[] %get-tuple-element.23458.0, f64[512]{0} %get-tuple-element.23452.0, f64[512]{0} %get-tuple-element.23454.0, f64[512]{0} %get-tuple-element.23453.0, /*index=50*/f64[] %get-tuple-element.23451.0, f64[] %get-tuple-element.23450.0, f64[] %get-tuple-element.23460.0, f64[] %get-tuple-element.23459.0, f64[1024]{0} %get-tuple-element.23444.0, /*index=55*/f64[1024]{0} %get-tuple-element.23443.0, s64[5]{0} %get-tuple-element.23468.0), to_apply=%command_buffer.70","","22306.0","104223.363","4.672436250336232","104223.363","4.672436250336232","1.354094466094309","63.38700068359958","0.0","100936.82154915688","100936.82154915688","269.2849577594492","271.71031628351795","0.0","0.0","349.0902028127313","Compute","No","No","No",""
"10.0","7","custom-call","triangular-solve.47","%triangular-solve.47 = (f64[8,16,72,1]{2,3,1,0}, s8[2048]{0}) custom-call(f64[8,16,72,72]{2,3,1,0} %bitcast.13725.0, f64[8,16,72,1]{2,3,1,0} %get-tuple-element.13564.0), custom_call_target=""__cublas$triangularSolve""","jit(compute_Cell_spectrum_from_cosmo_params)/jit(main)/jit(evolve_perturbations_batched)/vmap(jit(diffeqsolve))/outer-loop/while/body/checkpoint/cond/branch_1_fun/while/body/checkpoint/cond/branch_1_fun/while/body/cond/branch_1_fun/vmap(jit(lu_solve))/jit(_lu_solve)/triangular_solve:","4696.0","62041.881","13.21164416524702","62041.881","13.21164416524702","0.8060627225028391","64.19306340610243","0.0","0.0","0.0","0.0","0.0","0.0","0.0","0.0","Unknown","No","No","No","<div class='source-info-cell' title='/home/lawrence/git/DISCO-EB/src/discoeb/ode_integrators_stiff.py:1008:13
/home/lawrence/git/DISCO-EB/.venv/lib/python3.13/site-packages/equinox/_module/_prebuilt.py:33:15
/home/lawrence/git/DISCO-EB/.venv/lib/python3.13/site-packages/diffrax/_integrate.py:349:64
/home/lawrence/git/DISCO-EB/.venv/lib/python3.13/site-packages/equinox/_eval_shape.py:33:15
/home/lawrence/git/DISCO-EB/.venv/lib/python3.13/site-packages/equinox/_eval_shape.py:38:30
/home/lawrence/git/DISCO-EB/.venv/lib/python3.13/site-packages/diffrax/_integrate.py:619:36
/home/lawrence/git/DISCO-EB/.venv/lib/python3.13/site-packages/diffrax/_adjoint.py:393:22
/home/lawrence/git/DISCO-EB/.venv/lib/python3.13/site-packages/equinox/_module/_prebuilt.py:33:15
/home/lawrence/git/DISCO-EB/.venv/lib/python3.13/site-packages/diffrax/_integrate.py:1416:29
/home/lawrence/git/DISCO-EB/.venv/lib/python3.13/site-packages/equinox/_jit.py:55:14
'>/home/lawrence/git/DISCO-EB/src/discoeb/ode_integrators_stiff.py:1008</div>"
"11.0","7","custom-call","triangular-solve.49","%triangular-solve.49 = (f64[8,16,72,1]{2,3,1,0}, s8[2048]{0}) custom-call(f64[8,16,72,72]{2,3,1,0} %bitcast.13725.0, f64[8,16,72,1]{2,3,1,0} %get-tuple-element.13566.0), custom_call_target=""__cublas$triangularSolve""","jit(compute_Cell_spectrum_from_cosmo_params)/jit(main)/jit(evolve_perturbations_batched)/vmap(jit(diffeqsolve))/outer-loop/while/body/checkpoint/cond/branch_1_fun/while/body/checkpoint/cond/branch_1_fun/while/body/cond/branch_1_fun/vmap(jit(lu_solve))/jit(_lu_solve)/triangular_solve:","4696.0","61873.37","13.175760221465078","61873.37","13.175760221465078","0.8038733879236429","64.99693679402607","0.0","0.0","0.0","0.0","0.0","0.0","0.0","0.0","Unknown","No","No","No","<div class='source-info-cell' title='/home/lawrence/git/DISCO-EB/src/discoeb/ode_integrators_stiff.py:1008:13
/home/lawrence/git/DISCO-EB/.venv/lib/python3.13/site-packages/equinox/_module/_prebuilt.py:33:15
/home/lawrence/git/DISCO-EB/.venv/lib/python3.13/site-packages/diffrax/_integrate.py:349:64
/home/lawrence/git/DISCO-EB/.venv/lib/python3.13/site-packages/equinox/_eval_shape.py:33:15
/home/lawrence/git/DISCO-EB/.venv/lib/python3.13/site-packages/equinox/_eval_shape.py:38:30
/home/lawrence/git/DISCO-EB/.venv/lib/python3.13/site-packages/diffrax/_integrate.py:619:36
/home/lawrence/git/DISCO-EB/.venv/lib/python3.13/site-packages/diffrax/_adjoint.py:393:22
/home/lawrence/git/DISCO-EB/.venv/lib/python3.13/site-packages/equinox/_module/_prebuilt.py:33:15
/home/lawrence/git/DISCO-EB/.venv/lib/python3.13/site-packages/diffrax/_integrate.py:1416:29
/home/lawrence/git/DISCO-EB/.venv/lib/python3.13/site-packages/equinox/_jit.py:55:14
'>/home/lawrence/git/DISCO-EB/src/discoeb/ode_integrators_stiff.py:1008</div>"
"12.0","7","custom-call","triangular-solve.53","%triangular-solve.53 = (f64[8,16,72,1]{2,3,1,0}, s8[2048]{0}) custom-call(f64[8,16,72,72]{2,3,1,0} %bitcast.13725.0, f64[8,16,72,1]{2,3,1,0} %get-tuple-element.13570.0), custom_call_target=""__cublas$triangularSolve""","jit(compute_Cell_spectrum_from_cosmo_params)/jit(main)/jit(evolve_perturbations_batched)/vmap(jit(diffeqsolve))/outer-loop/while/body/checkpoint/cond/branch_1_fun/while/body/checkpoint/cond/branch_1_fun/while/body/cond/branch_1_fun/vmap(jit(lu_solve))/jit(_lu_solve)/triangular_solve:","4696.0","61870.068","13.175057069846678","61870.068","13.175057069846678","0.8038304875623579","65.80076728158843","0.0","0.0","0.0","0.0","0.0","0.0","0.0","0.0","Unknown","No","No","No","<div class='source-info-cell' title='/home/lawrence/git/DISCO-EB/src/discoeb/ode_integrators_stiff.py:1008:13
/home/lawrence/git/DISCO-EB/.venv/lib/python3.13/site-packages/equinox/_module/_prebuilt.py:33:15
/home/lawrence/git/DISCO-EB/.venv/lib/python3.13/site-packages/diffrax/_integrate.py:349:64
/home/lawrence/git/DISCO-EB/.venv/lib/python3.13/site-packages/equinox/_eval_shape.py:33:15
/home/lawrence/git/DISCO-EB/.venv/lib/python3.13/site-packages/equinox/_eval_shape.py:38:30
/home/lawrence/git/DISCO-EB/.venv/lib/python3.13/site-packages/diffrax/_integrate.py:619:36
/home/lawrence/git/DISCO-EB/.venv/lib/python3.13/site-packages/diffrax/_adjoint.py:393:22
/home/lawrence/git/DISCO-EB/.venv/lib/python3.13/site-packages/equinox/_module/_prebuilt.py:33:15
/home/lawrence/git/DISCO-EB/.venv/lib/python3.13/site-packages/diffrax/_integrate.py:1416:29
/home/lawrence/git/DISCO-EB/.venv/lib/python3.13/site-packages/equinox/_jit.py:55:14
'>/home/lawrence/git/DISCO-EB/src/discoeb/ode_integrators_stiff.py:1008</div>"
"13.0","7","custom-call","triangular-solve.55","%triangular-solve.55 = (f64[8,16,72,1]{2,3,1,0}, s8[2048]{0}) custom-call(f64[8,16,72,72]{2,3,1,0} %bitcast.13725.0, f64[8,16,72,1]{2,3,1,0} %get-tuple-element.13572.0), custom_call_target=""__cublas$triangularSolve""","jit(compute_Cell_spectrum_from_cosmo_params)/jit(main)/jit(evolve_perturbations_batched)/vmap(jit(diffeqsolve))/outer-loop/while/body/checkpoint/cond/branch_1_fun/while/body/checkpoint/cond/branch_1_fun/while/body/cond/branch_1_fun/vmap(jit(lu_solve))/jit(_lu_solve)/triangular_solve:","4696.0","61869.02","13.174833901192503","61869.02","13.174833901192503","0.8038168716996604","66.60458415328809","0.0","0.0","0.0","0.0","0.0","0.0","0.0","0.0","Unknown","No","No","No","<div class='source-info-cell' title='/home/lawrence/git/DISCO-EB/src/discoeb/ode_integrators_stiff.py:1008:13
/home/lawrence/git/DISCO-EB/.venv/lib/python3.13/site-packages/equinox/_module/_prebuilt.py:33:15
/home/lawrence/git/DISCO-EB/.venv/lib/python3.13/site-packages/diffrax/_integrate.py:349:64
/home/lawrence/git/DISCO-EB/.venv/lib/python3.13/site-packages/equinox/_eval_shape.py:33:15
/home/lawrence/git/DISCO-EB/.venv/lib/python3.13/site-packages/equinox/_eval_shape.py:38:30
/home/lawrence/git/DISCO-EB/.venv/lib/python3.13/site-packages/diffrax/_integrate.py:619:36
/home/lawrence/git/DISCO-EB/.venv/lib/python3.13/site-packages/diffrax/_adjoint.py:393:22
/home/lawrence/git/DISCO-EB/.venv/lib/python3.13/site-packages/equinox/_module/_prebuilt.py:33:15
/home/lawrence/git/DISCO-EB/.venv/lib/python3.13/site-packages/diffrax/_integrate.py:1416:29
/home/lawrence/git/DISCO-EB/.venv/lib/python3.13/site-packages/equinox/_jit.py:55:14
'>/home/lawrence/git/DISCO-EB/src/discoeb/ode_integrators_stiff.py:1008</div>"
"14.0","7","custom-call","triangular-solve.51","%triangular-solve.51 = (f64[8,16,72,1]{2,3,1,0}, s8[2048]{0}) custom-call(f64[8,16,72,72]{2,3,1,0} %bitcast.13725.0, f64[8,16,72,1]{2,3,1,0} %get-tuple-element.13568.0), custom_call_target=""__cublas$triangularSolve""","jit(compute_Cell_spectrum_from_cosmo_params)/jit(main)/jit(evolve_perturbations_batched)/vmap(jit(diffeqsolve))/outer-loop/while/body/checkpoint/cond/branch_1_fun/while/body/checkpoint/cond/branch_1_fun/while/body/cond/branch_1_fun/vmap(jit(lu_solve))/jit(_lu_solve)/triangular_solve:","4696.0","61864.867","13.173949531516184","61864.867","13.173949531516184","0.8037629149460515","67.40834706823414","0.0","0.0","0.0","0.0","0.0","0.0","0.0","0.0","Unknown","No","No","No","<div class='source-info-cell' title='/home/lawrence/git/DISCO-EB/src/discoeb/ode_integrators_stiff.py:1008:13
/home/lawrence/git/DISCO-EB/.venv/lib/python3.13/site-packages/equinox/_module/_prebuilt.py:33:15
/home/lawrence/git/DISCO-EB/.venv/lib/python3.13/site-packages/diffrax/_integrate.py:349:64
/home/lawrence/git/DISCO-EB/.venv/lib/python3.13/site-packages/equinox/_eval_shape.py:33:15
/home/lawrence/git/DISCO-EB/.venv/lib/python3.13/site-packages/equinox/_eval_shape.py:38:30
/home/lawrence/git/DISCO-EB/.venv/lib/python3.13/site-packages/diffrax/_integrate.py:619:36
/home/lawrence/git/DISCO-EB/.venv/lib/python3.13/site-packages/diffrax/_adjoint.py:393:22
/home/lawrence/git/DISCO-EB/.venv/lib/python3.13/site-packages/equinox/_module/_prebuilt.py:33:15
/home/lawrence/git/DISCO-EB/.venv/lib/python3.13/site-packages/diffrax/_integrate.py:1416:29
/home/lawrence/git/DISCO-EB/.venv/lib/python3.13/site-packages/equinox/_jit.py:55:14
'>/home/lawrence/git/DISCO-EB/src/discoeb/ode_integrators_stiff.py:1008</div>"
"15.0","7","custom-call","triangular-solve.57","%triangular-solve.57 = (f64[8,16,72,1]{2,3,1,0}, s8[2048]{0}) custom-call(f64[8,16,72,72]{2,3,1,0} %bitcast.13725.0, f64[8,16,72,1]{2,3,1,0} %get-tuple-element.13574.0), custom_call_target=""__cublas$triangularSolve""","jit(compute_Cell_spectrum_from_cosmo_params)/jit(main)/jit(evolve_perturbations_batched)/vmap(jit(diffeqsolve))/outer-loop/while/body/checkpoint/cond/branch_1_fun/while/body/checkpoint/cond/branch_1_fun/while/body/cond/branch_1_fun/vmap(jit(lu_solve))/jit(_lu_solve)/triangular_solve:","4696.0","61864.269","13.173822189097104","61864.269","13.173822189097104","0.8037551455892833","68.21210221382343","0.0","0.0","0.0","0.0","0.0","0.0","0.0","0.0","Unknown","No","No","No","<div class='source-info-cell' title='/home/lawrence/git/DISCO-EB/src/discoeb/ode_integrators_stiff.py:1008:13
/home/lawrence/git/DISCO-EB/.venv/lib/python3.13/site-packages/equinox/_module/_prebuilt.py:33:15
/home/lawrence/git/DISCO-EB/.venv/lib/python3.13/site-packages/diffrax/_integrate.py:349:64
/home/lawrence/git/DISCO-EB/.venv/lib/python3.13/site-packages/equinox/_eval_shape.py:33:15
/home/lawrence/git/DISCO-EB/.venv/lib/python3.13/site-packages/equinox/_eval_shape.py:38:30
/home/lawrence/git/DISCO-EB/.venv/lib/python3.13/site-packages/diffrax/_integrate.py:619:36
/home/lawrence/git/DISCO-EB/.venv/lib/python3.13/site-packages/diffrax/_adjoint.py:393:22
/home/lawrence/git/DISCO-EB/.venv/lib/python3.13/site-packages/equinox/_module/_prebuilt.py:33:15
/home/lawrence/git/DISCO-EB/.venv/lib/python3.13/site-packages/diffrax/_integrate.py:1416:29
/home/lawrence/git/DISCO-EB/.venv/lib/python3.13/site-packages/equinox/_jit.py:55:14
'>/home/lawrence/git/DISCO-EB/src/discoeb/ode_integrators_stiff.py:1008</div>"
"16.0","7","custom-call","triangular-solve.59","%triangular-solve.59 = (f64[8,16,72,1]{2,3,1,0}, s8[2048]{0}) custom-call(f64[8,16,72,72]{2,3,1,0} %bitcast.13725.0, f64[8,16,72,1]{2,3,1,0} %get-tuple-element.13576.0), custom_call_target=""__cublas$triangularSolve""","jit(compute_Cell_spectrum_from_cosmo_params)/jit(main)/jit(evolve_perturbations_batched)/vmap(jit(diffeqsolve))/outer-loop/while/body/checkpoint/cond/branch_1_fun/while/body/checkpoint/cond/branch_1_fun/while/body/cond/branch_1_fun/vmap(jit(lu_solve))/jit(_lu_solve)/triangular_solve:","4696.0","61855.182","13.17188713798978","61855.182","13.17188713798978","0.8036370851462193","69.01573929896965","0.0","0.0","0.0","0.0","0.0","0.0","0.0","0.0","Unknown","No","No","No","<div class='source-info-cell' title='/home/lawrence/git/DISCO-EB/src/discoeb/ode_integrators_stiff.py:1008:13
/home/lawrence/git/DISCO-EB/.venv/lib/python3.13/site-packages/equinox/_module/_prebuilt.py:33:15
/home/lawrence/git/DISCO-EB/.venv/lib/python3.13/site-packages/diffrax/_integrate.py:349:64
/home/lawrence/git/DISCO-EB/.venv/lib/python3.13/site-packages/equinox/_eval_shape.py:33:15
/home/lawrence/git/DISCO-EB/.venv/lib/python3.13/site-packages/equinox/_eval_shape.py:38:30
/home/lawrence/git/DISCO-EB/.venv/lib/python3.13/site-packages/diffrax/_integrate.py:619:36
/home/lawrence/git/DISCO-EB/.venv/lib/python3.13/site-packages/diffrax/_adjoint.py:393:22
/home/lawrence/git/DISCO-EB/.venv/lib/python3.13/site-packages/equinox/_module/_prebuilt.py:33:15
/home/lawrence/git/DISCO-EB/.venv/lib/python3.13/site-packages/diffrax/_integrate.py:1416:29
/home/lawrence/git/DISCO-EB/.venv/lib/python3.13/site-packages/equinox/_jit.py:55:14
'>/home/lawrence/git/DISCO-EB/src/discoeb/ode_integrators_stiff.py:1008</div>"
"17.0","7","custom-call","triangular-solve.61","%triangular-solve.61 = (f64[8,16,72,1]{2,3,1,0}, s8[2048]{0}) custom-call(f64[8,16,72,72]{2,3,1,0} %bitcast.13725.0, f64[8,16,72,1]{2,3,1,0} %get-tuple-element.13578.0), custom_call_target=""__cublas$triangularSolve""","jit(compute_Cell_spectrum_from_cosmo_params)/jit(main)/jit(evolve_perturbations_batched)/vmap(jit(diffeqsolve))/outer-loop/while/body/checkpoint/cond/branch_1_fun/while/body/checkpoint/cond/branch_1_fun/while/body/cond/branch_1_fun/vmap(jit(lu_solve))/jit(_lu_solve)/triangular_solve:","4696.0","61853.535","13.171536413969337","61853.535","13.171536413969337","0.8036156869345183","69.81935498590417","0.0","0.0","0.0","0.0","0.0","0.0","0.0","0.0","Unknown","No","No","No","<div class='source-info-cell' title='/home/lawrence/git/DISCO-EB/src/discoeb/ode_integrators_stiff.py:1008:13
/home/lawrence/git/DISCO-EB/.venv/lib/python3.13/site-packages/equinox/_module/_prebuilt.py:33:15
/home/lawrence/git/DISCO-EB/.venv/lib/python3.13/site-packages/diffrax/_integrate.py:349:64
/home/lawrence/git/DISCO-EB/.venv/lib/python3.13/site-packages/equinox/_eval_shape.py:33:15
/home/lawrence/git/DISCO-EB/.venv/lib/python3.13/site-packages/equinox/_eval_shape.py:38:30
/home/lawrence/git/DISCO-EB/.venv/lib/python3.13/site-packages/diffrax/_integrate.py:619:36
/home/lawrence/git/DISCO-EB/.venv/lib/python3.13/site-packages/diffrax/_adjoint.py:393:22
/home/lawrence/git/DISCO-EB/.venv/lib/python3.13/site-packages/equinox/_module/_prebuilt.py:33:15
/home/lawrence/git/DISCO-EB/.venv/lib/python3.13/site-packages/diffrax/_integrate.py:1416:29
/home/lawrence/git/DISCO-EB/.venv/lib/python3.13/site-packages/equinox/_jit.py:55:14
'>/home/lawrence/git/DISCO-EB/src/discoeb/ode_integrators_stiff.py:1008</div>"
"18.0","7","call","call.618","%call.618 = f64[9216,1,1,1,1]{0,4,3,2,1} call(f64[72,8,16]{2,1,0} %loop_dynamic_update_slice_fusion.108, f64[72,8,16]{2,1,0} %get-tuple-element.18265, f64[8,16]{1,0} %get-tuple-element.18268, f64[8,16]{1,0} %get-tuple-element.18269, f64[8,16]{1,0} %get-tuple-element.18270, /*index=5*/f64[8,16]{1,0} %get-tuple-element.18110, f64[1024]{0} %get-tuple-element.23439.0, f64[1024]{0} %get-tuple-element.23441.0, f64[1024]{0} %get-tuple-element.23440.0, f64[] %get-tuple-element.23446.0, /*index=10*/s64[8,16]{1,0} %get-tuple-element.18267, f64[] %get-tuple-element.23445.0, f64[] %get-tuple-element.23437.0, f64[8,16]{1,0} %get-tuple-element.18266, f64[8,16]{1,0} %get-tuple-element.18109, /*index=15*/f64[8,16]{1,0} %get-tuple-element.23438.0, f64[8,16]{1,0} %get-tuple-element.18271, s64[8]{0} %get-tuple-element.23513.0, f64[8]{0} %get-tuple-element.18082, f64[8,16,11]{2,1,0} %get-tuple-element.18091, /*index=20*/s64[8]{0} %get-tuple-element.23514.0, f64[72,128]{1,0} %get-tuple-element.18226, f64[8]{0} %get-tuple-element.18083, f64[72,128]{1,0} %get-tuple-element.18207, f64[72,128]{1,0} %get-tuple-element.18188, /*index=25*/f64[72,128]{1,0} %get-tuple-element.18150, f64[72,128]{1,0} %get-tuple-element.18169, f64[72,128]{1,0} %get-tuple-element.18245, f64[72,128]{1,0} %get-tuple-element.18264, s32[8,16,72]{2,1,0} %custom-call.11, /*index=30*/f64[3]{0} %get-tuple-element.23515.0, f64[] %get-tuple-element.23464.0, s64[5]{0} %get-tuple-element.23516.0, s64[8]{0} %get-tuple-element.23431.0, f64[8]{0} %get-tuple-element.14874, /*index=35*/f64[] %get-tuple-element.23463.0, f64[] %get-tuple-element.23447.0, f64[] %get-tuple-element.23448.0), to_apply=%command_buffer.100","","10566.0","22935.651","2.1707032935831916","22935.651","2.1707032935831916","0.29798537680433906","70.11734036270852","0.0","14859.018316942474","14859.018316942474","582.7074900926722","582.734948771595","0.0","0.0","23.74868940331036","HBM","No","No","No",""
"19.0","7","call","call.616","%call.616 = f64[9216,1,1,1,1]{0,4,3,2,1} call(f64[72,8,16]{2,1,0} %loop_dynamic_update_slice_fusion.122, f64[72,8,16]{2,1,0} %get-tuple-element.18246, f64[8,16]{1,0} %get-tuple-element.18249, f64[8,16]{1,0} %get-tuple-element.18250, f64[8,16]{1,0} %get-tuple-element.18251, /*index=5*/f64[8,16]{1,0} %get-tuple-element.18110, f64[1024]{0} %get-tuple-element.23439.0, f64[1024]{0} %get-tuple-element.23441.0, f64[1024]{0} %get-tuple-element.23440.0, f64[] %get-tuple-element.23446.0, /*index=10*/s64[8,16]{1,0} %get-tuple-element.18248, f64[] %get-tuple-element.23445.0, f64[] %get-tuple-element.23437.0, f64[8,16]{1,0} %get-tuple-element.18247, f64[8,16]{1,0} %get-tuple-element.18109, /*index=15*/f64[8,16]{1,0} %get-tuple-element.23438.0, f64[8,16]{1,0} %get-tuple-element.18252, s64[8]{0} %get-tuple-element.23507.0, f64[8]{0} %get-tuple-element.18082, f64[8,16,11]{2,1,0} %get-tuple-element.18091, /*index=20*/s64[8]{0} %get-tuple-element.23508.0, f64[72,128]{1,0} %get-tuple-element.18226, f64[8]{0} %get-tuple-element.18083, f64[72,128]{1,0} %get-tuple-element.18207, f64[72,128]{1,0} %get-tuple-element.18188, /*index=25*/f64[72,128]{1,0} %get-tuple-element.18150, f64[72,128]{1,0} %get-tuple-element.18169, f64[72,128]{1,0} %get-tuple-element.18245, s32[8,16,72]{2,1,0} %custom-call.11, f64[3]{0} %get-tuple-element.23509.0, /*index=30*/f64[] %get-tuple-element.23464.0, s64[5]{0} %get-tuple-element.23510.0, s64[8]{0} %get-tuple-element.23431.0, f64[8]{0} %get-tuple-element.14874, f64[] %get-tuple-element.23463.0, /*index=35*/f64[] %get-tuple-element.23447.0, f64[] %get-tuple-element.23448.0), to_apply=%command_buffer.96","","10566.0","22334.444","2.113803142154079","22334.444","2.113803142154079","0.2901743539372573","70.40751471664576","0.0","14405.54770344854","14405.54770344854","565.9091394572795","565.9373372792936","0.0","0.0","23.707360140513472","HBM","No","No","No",""
"20.0","7","call","call.612","%call.612 = f64[9216,1,1,1,1]{0,4,3,2,1} call(f64[72,8,16]{2,1,0} %loop_dynamic_update_slice_fusion.150, f64[72,8,16]{2,1,0} %get-tuple-element.18208, f64[8,16]{1,0} %get-tuple-element.18211, f64[8,16]{1,0} %get-tuple-element.18212, f64[8,16]{1,0} %get-tuple-element.18213, /*index=5*/f64[8,16]{1,0} %get-tuple-element.18110, f64[1024]{0} %get-tuple-element.23439.0, f64[1024]{0} %get-tuple-element.23441.0, f64[1024]{0} %get-tuple-element.23440.0, f64[] %get-tuple-element.23446.0, /*index=10*/s64[8,16]{1,0} %get-tuple-element.18210, f64[] %get-tuple-element.23445.0, f64[] %get-tuple-element.23437.0, f64[8,16]{1,0} %get-tuple-element.18209, f64[8,16]{1,0} %get-tuple-element.18109, /*index=15*/f64[8,16]{1,0} %get-tuple-element.23438.0, f64[8,16]{1,0} %get-tuple-element.18214, s64[8]{0} %get-tuple-element.23495.0, s64[8]{0} %get-tuple-element.23431.0, f64[8]{0} %get-tuple-element.14874, /*index=20*/f64[8]{0} %get-tuple-element.18083, f64[8,16,11]{2,1,0} %get-tuple-element.18091, s64[8]{0} %get-tuple-element.23496.0, f64[72,128]{1,0} %get-tuple-element.18207, f64[72,128]{1,0} %get-tuple-element.18188, /*index=25*/f64[72,128]{1,0} %get-tuple-element.18150, f64[72,1,8,16]{3,2,1,0} %get-tuple-element.18138, f64[72,128]{1,0} %get-tuple-element.18169, s32[8,16,72]{2,1,0} %custom-call.11, f64[8,16,72]{1,0,2} %get-tuple-element.13554.0, /*index=30*/f64[3]{0} %get-tuple-element.23497.0, f64[] %get-tuple-element.23464.0, s64[5]{0} %get-tuple-element.23498.0, f64[] %get-tuple-element.23463.0, f64[] %get-tuple-element.23447.0, /*index=35*/f64[] %get-tuple-element.23448.0), to_apply=%command_buffer.88","","10566.0","22132.883","2.0947267650955896","22132.883","2.0947267650955896","0.28755562597814865","70.69507034262392","0.0","13729.448861406803","13729.448861406803","528.2208125211348","528.2492671366812","0.0","0.0","24.206819115339812","HBM","No","No","No",""
"21.0","7","call","call.614","%call.614 = f64[9216,1,1,1,1]{0,4,3,2,1} call(f64[72,8,16]{2,1,0} %loop_dynamic_update_slice_fusion.136, f64[72,8,16]{2,1,0} %get-tuple-element.18227, f64[8,16]{1,0} %get-tuple-element.18230, f64[8,16]{1,0} %get-tuple-element.18231, f64[8,16]{1,0} %get-tuple-element.18232, /*index=5*/f64[8,16]{1,0} %get-tuple-element.18110, f64[1024]{0} %get-tuple-element.23439.0, f64[1024]{0} %get-tuple-element.23441.0, f64[1024]{0} %get-tuple-element.23440.0, f64[] %get-tuple-element.23446.0, /*index=10*/s64[8,16]{1,0} %get-tuple-element.18229, f64[] %get-tuple-element.23445.0, f64[] %get-tuple-element.23437.0, f64[8,16]{1,0} %get-tuple-element.18228, f64[8,16]{1,0} %get-tuple-element.18109, /*index=15*/f64[8,16]{1,0} %get-tuple-element.23438.0, f64[8,16]{1,0} %get-tuple-element.18233, s64[8]{0} %get-tuple-element.23501.0, f64[8]{0} %get-tuple-element.18082, f64[8,16,11]{2,1,0} %get-tuple-element.18091, /*index=20*/s64[8]{0} %get-tuple-element.23502.0, f64[72,128]{1,0} %get-tuple-element.18226, f64[8]{0} %get-tuple-element.18083, f64[72,128]{1,0} %get-tuple-element.18207, f64[72,128]{1,0} %get-tuple-element.18188, /*index=25*/f64[72,128]{1,0} %get-tuple-element.18150, f64[72,128]{1,0} %get-tuple-element.18169, s32[8,16,72]{2,1,0} %custom-call.11, f64[3]{0} %get-tuple-element.23503.0, f64[] %get-tuple-element.23464.0, /*index=30*/s64[5]{0} %get-tuple-element.23504.0, s64[8]{0} %get-tuple-element.23431.0, f64[8]{0} %get-tuple-element.14874, f64[] %get-tuple-element.23463.0, f64[] %get-tuple-element.23447.0, /*index=35*/f64[] %get-tuple-element.23448.0), to_apply=%command_buffer.92","","10566.0","21727.555","2.0563652280901","21727.555","2.0563652280901","0.28228950918864265","70.97735985181257","0.0","13930.628474303712","13930.628474303712","548.3247581581135","548.3537435951172","0.0","0.0","23.660993934107758","HBM","No","No","No",""
"22.0","7","call","call.610","%call.610 = f64[9216,1,1,1,1]{0,4,3,2,1} call(f64[72,8,16]{2,1,0} %loop_dynamic_update_slice_fusion.164, f64[72,8,16]{2,1,0} %get-tuple-element.18189, f64[8,16]{1,0} %get-tuple-element.18192, f64[8,16]{1,0} %get-tuple-element.18193, f64[8,16]{1,0} %get-tuple-element.18194, /*index=5*/f64[8,16]{1,0} %get-tuple-element.18110, f64[1024]{0} %get-tuple-element.23439.0, f64[1024]{0} %get-tuple-element.23441.0, f64[1024]{0} %get-tuple-element.23440.0, f64[] %get-tuple-element.23446.0, /*index=10*/s64[8,16]{1,0} %get-tuple-element.18191, f64[] %get-tuple-element.23445.0, f64[] %get-tuple-element.23437.0, f64[8,16]{1,0} %get-tuple-element.18190, f64[8,16]{1,0} %get-tuple-element.18109, /*index=15*/f64[8,16]{1,0} %get-tuple-element.23438.0, f64[8,16]{1,0} %get-tuple-element.18195, s64[8]{0} %get-tuple-element.23489.0, s64[8]{0} %get-tuple-element.23431.0, f64[8]{0} %get-tuple-element.14874, /*index=20*/f64[8]{0} %get-tuple-element.18083, f64[8,16,11]{2,1,0} %get-tuple-element.18091, s64[8]{0} %get-tuple-element.23490.0, f64[72,128]{1,0} %get-tuple-element.18188, f64[72,128]{1,0} %get-tuple-element.18150, /*index=25*/f64[72,1,8,16]{3,2,1,0} %get-tuple-element.18138, f64[72,128]{1,0} %get-tuple-element.18169, s32[8,16,72]{2,1,0} %custom-call.11, f64[8,16,72]{1,0,2} %get-tuple-element.13554.0, f64[3]{0} %get-tuple-element.23491.0, /*index=30*/f64[] %get-tuple-element.23464.0, s64[5]{0} %get-tuple-element.23492.0, f64[] %get-tuple-element.23463.0, f64[] %get-tuple-element.23447.0, f64[] %get-tuple-element.23448.0), to_apply=%command_buffer.84","","10566.0","21528.455","2.037521767934886","21528.455","2.037521767934886","0.2797027551208491","71.2570626069334","0.0","13229.508721921755","13229.508721921755","509.35098678193697","509.3802402827896","0.0","0.0","24.18948906262339","HBM","No","No","No",""
"23.0","7","input fusion","input_concatenate_fusion.9","%input_concatenate_fusion.9 = f64[6]{0} fusion(f64[3]{0} %get-tuple-element.87.0, f64[] %get-tuple-element.3494.0, f64[] %get-tuple-element.14572, f64[] %get-tuple-element.14575, f64[] %get-tuple-element.17950, /*index=5*/f64[] %get-tuple-element.14574, f64[] %get-tuple-element.14573), kind=kInput, calls=%fused_concatenate.11","jit(compute_Cell_spectrum_from_cosmo_params)/jit(main)/jit(evolve_background)/jit(evaluate_thermo)/while/body/cond/branch_0_fun/cond/branch_0_fun/cond/branch_0_fun/concatenate:","877.0","21006.773","23.95299087799316","21006.773","23.95299087799316","0.272924939773814","71.52998754670722","0.0","7.567739699952963","7.567739699952963","0.004665751743617782","0.004665751743617782","0.0","0.0","1510.5833333333333","Compute","No","No","No","<div class='source-info-cell' title='/home/lawrence/git/DISCO-EB/src/discoeb/thermodynamics_recfast.py:301:9
/home/lawrence/git/DISCO-EB/src/discoeb/thermodynamics_recfast.py:438:13
/home/lawrence/git/DISCO-EB/src/discoeb/thermodynamics_recfast.py:446:16
/home/lawrence/git/DISCO-EB/src/discoeb/thermodynamics_recfast.py:443:14
/home/lawrence/git/DISCO-EB/src/discoeb/thermodynamics_recfast.py:440:14
/home/lawrence/git/DISCO-EB/src/discoeb/thermodynamics_recfast.py:452:12
/home/lawrence/git/DISCO-EB/src/discoeb/thermodynamics_recfast.py:461:11
/home/lawrence/git/DISCO-EB/src/discoeb/background.py:237:82
/home/lawrence/git/DISCO-EB/src/discoeb/cmb.py:987:12
/home/lawrence/git/DISCO-EB/scripts/profile_CMB.py:38:0
'>/home/lawrence/git/DISCO-EB/src/discoeb/thermodynamics_recfast.py:301</div>"
"24.0","7","call","call.608","%call.608 = f64[9216,1,1,1,1]{0,4,3,2,1} call(f64[72,8,16]{2,1,0} %loop_dynamic_update_slice_fusion.178, f64[72,8,16]{2,1,0} %get-tuple-element.18170, f64[8,16]{1,0} %get-tuple-element.18173, f64[8,16]{1,0} %get-tuple-element.18174, f64[8,16]{1,0} %get-tuple-element.18175, /*index=5*/f64[8,16]{1,0} %get-tuple-element.18110, f64[1024]{0} %get-tuple-element.23439.0, f64[1024]{0} %get-tuple-element.23441.0, f64[1024]{0} %get-tuple-element.23440.0, f64[] %get-tuple-element.23446.0, /*index=10*/s64[8,16]{1,0} %get-tuple-element.18172, f64[] %get-tuple-element.23445.0, f64[] %get-tuple-element.23437.0, f64[8,16]{1,0} %get-tuple-element.18171, f64[8,16]{1,0} %get-tuple-element.18109, /*index=15*/f64[8,16]{1,0} %get-tuple-element.23438.0, f64[8,16]{1,0} %get-tuple-element.18176, s64[8]{0} %get-tuple-element.23483.0, s64[8]{0} %get-tuple-element.23431.0, f64[8]{0} %get-tuple-element.14874, /*index=20*/f64[8]{0} %get-tuple-element.18083, f64[8,16,11]{2,1,0} %get-tuple-element.18091, s64[8]{0} %get-tuple-element.23484.0, f64[72,128]{1,0} %get-tuple-element.18150, f64[72,1,8,16]{3,2,1,0} %get-tuple-element.18138, /*index=25*/f64[72,128]{1,0} %get-tuple-element.18169, s32[8,16,72]{2,1,0} %custom-call.11, f64[8,16,72]{1,0,2} %get-tuple-element.13554.0, f64[3]{0} %get-tuple-element.23485.0, f64[] %get-tuple-element.23464.0, /*index=30*/s64[5]{0} %get-tuple-element.23486.0, f64[] %get-tuple-element.23463.0, f64[] %get-tuple-element.23447.0, f64[] %get-tuple-element.23448.0), to_apply=%command_buffer.80","","10566.0","20985.33","1.9861186825667236","20985.33","1.9861186825667236","0.27264634727016906","71.80263389397739","0.0","12663.58361198037","12663.58361198037","487.9613594156412","487.9913700314712","0.0","0.0","24.169703329566335","HBM","No","No","No",""
"25.0","7","custom-call","triangular-solve.48","%triangular-solve.48 = (f64[8,16,72,1]{2,3,1,0}, s8[2048]{0}) custom-call(f64[8,16,72,72]{2,3,1,0} %bitcast.13725.0, f64[8,16,72,1]{2,3,1,0} %bitcast.13273.0), custom_call_target=""__cublas$triangularSolve""","jit(compute_Cell_spectrum_from_cosmo_params)/jit(main)/jit(evolve_perturbations_batched)/vmap(jit(diffeqsolve))/outer-loop/while/body/checkpoint/cond/branch_1_fun/while/body/checkpoint/cond/branch_1_fun/while/body/cond/branch_1_fun/vmap(jit(lu_solve))/jit(_lu_solve)/triangular_solve:","4696.0","20449.298","4.354620528109029","20449.298","4.354620528109029","0.2656820933451689","72.06831598732255","0.0","0.0","0.0","0.0","0.0","0.0","0.0","0.0","Unknown","No","No","No","<div class='source-info-cell' title='/home/lawrence/git/DISCO-EB/src/discoeb/ode_integrators_stiff.py:1008:13
/home/lawrence/git/DISCO-EB/.venv/lib/python3.13/site-packages/equinox/_module/_prebuilt.py:33:15
/home/lawrence/git/DISCO-EB/.venv/lib/python3.13/site-packages/diffrax/_integrate.py:349:64
/home/lawrence/git/DISCO-EB/.venv/lib/python3.13/site-packages/equinox/_eval_shape.py:33:15
/home/lawrence/git/DISCO-EB/.venv/lib/python3.13/site-packages/equinox/_eval_shape.py:38:30
/home/lawrence/git/DISCO-EB/.venv/lib/python3.13/site-packages/diffrax/_integrate.py:619:36
/home/lawrence/git/DISCO-EB/.venv/lib/python3.13/site-packages/diffrax/_adjoint.py:393:22
/home/lawrence/git/DISCO-EB/.venv/lib/python3.13/site-packages/equinox/_module/_prebuilt.py:33:15
/home/lawrence/git/DISCO-EB/.venv/lib/python3.13/site-packages/diffrax/_integrate.py:1416:29
/home/lawrence/git/DISCO-EB/.venv/lib/python3.13/site-packages/equinox/_jit.py:55:14
'>/home/lawrence/git/DISCO-EB/src/discoeb/ode_integrators_stiff.py:1008</div>"
"26.0","7","custom-call","triangular-solve.58","%triangular-solve.58 = (f64[8,16,72,1]{2,3,1,0}, s8[2048]{0}) custom-call(f64[8,16,72,72]{2,3,1,0} %bitcast.13725.0, f64[8,16,72,1]{2,3,1,0} %bitcast.13828.0), custom_call_target=""__cublas$triangularSolve""","jit(compute_Cell_spectrum_from_cosmo_params)/jit(main)/jit(evolve_perturbations_batched)/vmap(jit(diffeqsolve))/outer-loop/while/body/checkpoint/cond/branch_1_fun/while/body/checkpoint/cond/branch_1_fun/while/body/cond/branch_1_fun/vmap(jit(lu_solve))/jit(_lu_solve)/triangular_solve:","4696.0","20421.782","4.348761073253833","20421.782","4.348761073253833","0.2653245989959504","72.33364058631851","0.0","0.0","0.0","0.0","0.0","0.0","0.0","0.0","Unknown","No","No","No","<div class='source-info-cell' title='/home/lawrence/git/DISCO-EB/src/discoeb/ode_integrators_stiff.py:1008:13
/home/lawrence/git/DISCO-EB/.venv/lib/python3.13/site-packages/equinox/_module/_prebuilt.py:33:15
/home/lawrence/git/DISCO-EB/.venv/lib/python3.13/site-packages/diffrax/_integrate.py:349:64
/home/lawrence/git/DISCO-EB/.venv/lib/python3.13/site-packages/equinox/_eval_shape.py:33:15
/home/lawrence/git/DISCO-EB/.venv/lib/python3.13/site-packages/equinox/_eval_shape.py:38:30
/home/lawrence/git/DISCO-EB/.venv/lib/python3.13/site-packages/diffrax/_integrate.py:619:36
/home/lawrence/git/DISCO-EB/.venv/lib/python3.13/site-packages/diffrax/_adjoint.py:393:22
/home/lawrence/git/DISCO-EB/.venv/lib/python3.13/site-packages/equinox/_module/_prebuilt.py:33:15
/home/lawrence/git/DISCO-EB/.venv/lib/python3.13/site-packages/diffrax/_integrate.py:1416:29
/home/lawrence/git/DISCO-EB/.venv/lib/python3.13/site-packages/equinox/_jit.py:55:14
'>/home/lawrence/git/DISCO-EB/src/discoeb/ode_integrators_stiff.py:1008</div>"
"27.0","7","custom-call","triangular-solve.52","%triangular-solve.52 = (f64[8,16,72,1]{2,3,1,0}, s8[2048]{0}) custom-call(f64[8,16,72,72]{2,3,1,0} %bitcast.13725.0, f64[8,16,72,1]{2,3,1,0} %bitcast.13495.0), custom_call_target=""__cublas$triangularSolve""","jit(compute_Cell_spectrum_from_cosmo_params)/jit(main)/jit(evolve_perturbations_batched)/vmap(jit(diffeqsolve))/outer-loop/while/body/checkpoint/cond/branch_1_fun/while/body/checkpoint/cond/branch_1_fun/while/body/cond/branch_1_fun/vmap(jit(lu_solve))/jit(_lu_solve)/triangular_solve:","4696.0","20415.964","4.347522146507666","20415.964","4.347522146507666","0.2652490101704033","72.5988895964889","0.0","0.0","0.0","0.0","0.0","0.0","0.0","0.0","Unknown","No","No","No","<div class='source-info-cell' title='/home/lawrence/git/DISCO-EB/src/discoeb/ode_integrators_stiff.py:1008:13
/home/lawrence/git/DISCO-EB/.venv/lib/python3.13/site-packages/equinox/_module/_prebuilt.py:33:15
/home/lawrence/git/DISCO-EB/.venv/lib/python3.13/site-packages/diffrax/_integrate.py:349:64
/home/lawrence/git/DISCO-EB/.venv/lib/python3.13/site-packages/equinox/_eval_shape.py:33:15
/home/lawrence/git/DISCO-EB/.venv/lib/python3.13/site-packages/equinox/_eval_shape.py:38:30
/home/lawrence/git/DISCO-EB/.venv/lib/python3.13/site-packages/diffrax/_integrate.py:619:36
/home/lawrence/git/DISCO-EB/.venv/lib/python3.13/site-packages/diffrax/_adjoint.py:393:22
/home/lawrence/git/DISCO-EB/.venv/lib/python3.13/site-packages/equinox/_module/_prebuilt.py:33:15
/home/lawrence/git/DISCO-EB/.venv/lib/python3.13/site-packages/diffrax/_integrate.py:1416:29
/home/lawrence/git/DISCO-EB/.venv/lib/python3.13/site-packages/equinox/_jit.py:55:14
'>/home/lawrence/git/DISCO-EB/src/discoeb/ode_integrators_stiff.py:1008</div>"
"28.0","7","custom-call","triangular-solve.54","%triangular-solve.54 = (f64[8,16,72,1]{2,3,1,0}, s8[2048]{0}) custom-call(f64[8,16,72,72]{2,3,1,0} %bitcast.13725.0, f64[8,16,72,1]{2,3,1,0} %bitcast.13606.0), custom_call_target=""__cublas$triangularSolve""","jit(compute_Cell_spectrum_from_cosmo_params)/jit(main)/jit(evolve_perturbations_batched)/vmap(jit(diffeqsolve))/outer-loop/while/body/checkpoint/cond/branch_1_fun/while/body/checkpoint/cond/branch_1_fun/while/body/cond/branch_1_fun/vmap(jit(lu_solve))/jit(_lu_solve)/triangular_solve:","4696.0","20404.599","4.3451020017035775","20404.599","4.3451020017035775","0.26510135341510205","72.86399094990401","0.0","0.0","0.0","0.0","0.0","0.0","0.0","0.0","Unknown","No","No","No","<div class='source-info-cell' title='/home/lawrence/git/DISCO-EB/src/discoeb/ode_integrators_stiff.py:1008:13
/home/lawrence/git/DISCO-EB/.venv/lib/python3.13/site-packages/equinox/_module/_prebuilt.py:33:15
/home/lawrence/git/DISCO-EB/.venv/lib/python3.13/site-packages/diffrax/_integrate.py:349:64
/home/lawrence/git/DISCO-EB/.venv/lib/python3.13/site-packages/equinox/_eval_shape.py:33:15
/home/lawrence/git/DISCO-EB/.venv/lib/python3.13/site-packages/equinox/_eval_shape.py:38:30
/home/lawrence/git/DISCO-EB/.venv/lib/python3.13/site-packages/diffrax/_integrate.py:619:36
/home/lawrence/git/DISCO-EB/.venv/lib/python3.13/site-packages/diffrax/_adjoint.py:393:22
/home/lawrence/git/DISCO-EB/.venv/lib/python3.13/site-packages/equinox/_module/_prebuilt.py:33:15
/home/lawrence/git/DISCO-EB/.venv/lib/python3.13/site-packages/diffrax/_integrate.py:1416:29
/home/lawrence/git/DISCO-EB/.venv/lib/python3.13/site-packages/equinox/_jit.py:55:14
'>/home/lawrence/git/DISCO-EB/src/discoeb/ode_integrators_stiff.py:1008</div>"
"29.0","7","custom-call","triangular-solve.50","%triangular-solve.50 = (f64[8,16,72,1]{2,3,1,0}, s8[2048]{0}) custom-call(f64[8,16,72,72]{2,3,1,0} %bitcast.13725.0, f64[8,16,72,1]{2,3,1,0} %bitcast.13384.0), custom_call_target=""__cublas$triangularSolve""","jit(compute_Cell_spectrum_from_cosmo_params)/jit(main)/jit(evolve_perturbations_batched)/vmap(jit(diffeqsolve))/outer-loop/while/body/checkpoint/cond/branch_1_fun/while/body/checkpoint/cond/branch_1_fun/while/body/cond/branch_1_fun/vmap(jit(lu_solve))/jit(_lu_solve)/triangular_solve:","4696.0","20402.716","4.344701022146507","20402.716","4.344701022146507","0.2650768890358472","73.12906783893985","0.0","0.0","0.0","0.0","0.0","0.0","0.0","0.0","Unknown","No","No","No","<div class='source-info-cell' title='/home/lawrence/git/DISCO-EB/src/discoeb/ode_integrators_stiff.py:1008:13
/home/lawrence/git/DISCO-EB/.venv/lib/python3.13/site-packages/equinox/_module/_prebuilt.py:33:15
/home/lawrence/git/DISCO-EB/.venv/lib/python3.13/site-packages/diffrax/_integrate.py:349:64
/home/lawrence/git/DISCO-EB/.venv/lib/python3.13/site-packages/equinox/_eval_shape.py:33:15
/home/lawrence/git/DISCO-EB/.venv/lib/python3.13/site-packages/equinox/_eval_shape.py:38:30
/home/lawrence/git/DISCO-EB/.venv/lib/python3.13/site-packages/diffrax/_integrate.py:619:36
/home/lawrence/git/DISCO-EB/.venv/lib/python3.13/site-packages/diffrax/_adjoint.py:393:22
/home/lawrence/git/DISCO-EB/.venv/lib/python3.13/site-packages/equinox/_module/_prebuilt.py:33:15
/home/lawrence/git/DISCO-EB/.venv/lib/python3.13/site-packages/diffrax/_integrate.py:1416:29
/home/lawrence/git/DISCO-EB/.venv/lib/python3.13/site-packages/equinox/_jit.py:55:14
'>/home/lawrence/git/DISCO-EB/src/discoeb/ode_integrators_stiff.py:1008</div>"
"30.0","7","call","call.606","%call.606 = f64[9216,1,1,1,1]{0,4,3,2,1} call(f64[72,8,16]{2,1,0} %loop_dynamic_update_slice_fusion.192, f64[72,8,16]{2,1,0} %get-tuple-element.18151, f64[8,16]{1,0} %get-tuple-element.18154, f64[8,16]{1,0} %get-tuple-element.18155, f64[8,16]{1,0} %get-tuple-element.18156, /*index=5*/f64[8,16]{1,0} %get-tuple-element.18110, f64[1024]{0} %get-tuple-element.23439.0, f64[1024]{0} %get-tuple-element.23441.0, f64[1024]{0} %get-tuple-element.23440.0, f64[] %get-tuple-element.23446.0, /*index=10*/s64[8,16]{1,0} %get-tuple-element.18153, f64[] %get-tuple-element.23445.0, f64[] %get-tuple-element.23437.0, f64[8,16]{1,0} %get-tuple-element.18152, f64[8,16]{1,0} %get-tuple-element.18109, /*index=15*/f64[8,16]{1,0} %get-tuple-element.23438.0, f64[8,16]{1,0} %get-tuple-element.18157, s64[8]{0} %get-tuple-element.23477.0, s64[8]{0} %get-tuple-element.23431.0, f64[8]{0} %get-tuple-element.14874, /*index=20*/f64[8]{0} %get-tuple-element.18083, f64[8,16,11]{2,1,0} %get-tuple-element.18091, s64[8]{0} %get-tuple-element.23478.0, f64[72,1,8,16]{3,2,1,0} %get-tuple-element.18138, f64[72,128]{1,0} %get-tuple-element.18150, /*index=25*/s32[8,16,72]{2,1,0} %custom-call.11, f64[8,16,72]{1,0,2} %get-tuple-element.13554.0, f64[3]{0} %get-tuple-element.23479.0, f64[] %get-tuple-element.23464.0, s64[5]{0} %get-tuple-element.23480.0, /*index=30*/f64[] %get-tuple-element.23463.0, f64[] %get-tuple-element.23447.0, f64[] %get-tuple-element.23448.0), to_apply=%command_buffer.76","","10566.0","20392.207","1.929983626727238","20392.207","1.929983626727238","0.26494035363404683","73.39400819257389","0.0","12097.174129705529","12097.174129705529","466.5763009874875","466.6071844851245","0.0","0.0","24.146900158032782","HBM","No","No","No",""
"31.0","7","custom-call","triangular-solve.60","%triangular-solve.60 = (f64[8,16,72,1]{2,3,1,0}, s8[2048]{0}) custom-call(f64[8,16,72,72]{2,3,1,0} %bitcast.13725.0, f64[8,16,72,1]{2,3,1,0} %bitcast.13933.0), custom_call_target=""__cublas$triangularSolve""","jit(compute_Cell_spectrum_from_cosmo_params)/jit(main)/jit(evolve_perturbations_batched)/vmap(jit(diffeqsolve))/outer-loop/while/body/checkpoint/cond/branch_1_fun/while/body/checkpoint/cond/branch_1_fun/while/body/cond/branch_1_fun/vmap(jit(lu_solve))/jit(_lu_solve)/triangular_solve:","4696.0","20388.804","4.341738500851789","20388.804","4.341738500851789","0.2648961410569866","73.65890433363089","0.0","0.0","0.0","0.0","0.0","0.0","0.0","0.0","Unknown","No","No","No","<div class='source-info-cell' title='/home/lawrence/git/DISCO-EB/src/discoeb/ode_integrators_stiff.py:1008:13
/home/lawrence/git/DISCO-EB/.venv/lib/python3.13/site-packages/equinox/_module/_prebuilt.py:33:15
/home/lawrence/git/DISCO-EB/.venv/lib/python3.13/site-packages/diffrax/_integrate.py:349:64
/home/lawrence/git/DISCO-EB/.venv/lib/python3.13/site-packages/equinox/_eval_shape.py:33:15
/home/lawrence/git/DISCO-EB/.venv/lib/python3.13/site-packages/equinox/_eval_shape.py:38:30
/home/lawrence/git/DISCO-EB/.venv/lib/python3.13/site-packages/diffrax/_integrate.py:619:36
/home/lawrence/git/DISCO-EB/.venv/lib/python3.13/site-packages/diffrax/_adjoint.py:393:22
/home/lawrence/git/DISCO-EB/.venv/lib/python3.13/site-packages/equinox/_module/_prebuilt.py:33:15
/home/lawrence/git/DISCO-EB/.venv/lib/python3.13/site-packages/diffrax/_integrate.py:1416:29
/home/lawrence/git/DISCO-EB/.venv/lib/python3.13/site-packages/equinox/_jit.py:55:14
'>/home/lawrence/git/DISCO-EB/src/discoeb/ode_integrators_stiff.py:1008</div>"
"32.0","7","custom-call","triangular-solve.56","%triangular-solve.56 = (f64[8,16,72,1]{2,3,1,0}, s8[2048]{0}) custom-call(f64[8,16,72,72]{2,3,1,0} %bitcast.13725.0, f64[8,16,72,1]{2,3,1,0} %bitcast.13717.0), custom_call_target=""__cublas$triangularSolve""","jit(compute_Cell_spectrum_from_cosmo_params)/jit(main)/jit(evolve_perturbations_batched)/vmap(jit(diffeqsolve))/outer-loop/while/body/checkpoint/cond/branch_1_fun/while/body/checkpoint/cond/branch_1_fun/while/body/cond/branch_1_fun/vmap(jit(lu_solve))/jit(_lu_solve)/triangular_solve:","4696.0","20382.581","4.340413330494037","20382.581","4.340413330494037","0.2648152903761032","73.92371962400699","0.0","0.0","0.0","0.0","0.0","0.0","0.0","0.0","Unknown","No","No","No","<div class='source-info-cell' title='/home/lawrence/git/DISCO-EB/src/discoeb/ode_integrators_stiff.py:1008:13
/home/lawrence/git/DISCO-EB/.venv/lib/python3.13/site-packages/equinox/_module/_prebuilt.py:33:15
/home/lawrence/git/DISCO-EB/.venv/lib/python3.13/site-packages/diffrax/_integrate.py:349:64
/home/lawrence/git/DISCO-EB/.venv/lib/python3.13/site-packages/equinox/_eval_shape.py:33:15
/home/lawrence/git/DISCO-EB/.venv/lib/python3.13/site-packages/equinox/_eval_shape.py:38:30
/home/lawrence/git/DISCO-EB/.venv/lib/python3.13/site-packages/diffrax/_integrate.py:619:36
/home/lawrence/git/DISCO-EB/.venv/lib/python3.13/site-packages/diffrax/_adjoint.py:393:22
/home/lawrence/git/DISCO-EB/.venv/lib/python3.13/site-packages/equinox/_module/_prebuilt.py:33:15
/home/lawrence/git/DISCO-EB/.venv/lib/python3.13/site-packages/diffrax/_integrate.py:1416:29
/home/lawrence/git/DISCO-EB/.venv/lib/python3.13/site-packages/equinox/_jit.py:55:14
'>/home/lawrence/git/DISCO-EB/src/discoeb/ode_integrators_stiff.py:1008</div>"
"33.0","7","custom-call","triangular-solve.46","%triangular-solve.46 = (f64[8,16,72,1]{2,3,1,0}, s8[2048]{0}) custom-call(f64[8,16,72,72]{2,3,1,0} %bitcast.13725.0, f64[8,16,72,1]{2,3,1,0} %bitcast.13162.0), custom_call_target=""__cublas$triangularSolve""","jit(compute_Cell_spectrum_from_cosmo_params)/jit(main)/jit(evolve_perturbations_batched)/vmap(jit(diffeqsolve))/outer-loop/while/body/checkpoint/cond/branch_1_fun/while/body/checkpoint/cond/branch_1_fun/while/body/cond/branch_1_fun/vmap(jit(lu_solve))/jit(_lu_solve)/triangular_solve:","4696.0","20319.005","4.326875","20319.005","4.326875","0.2639892960184234","74.18770892002541","0.0","0.0","0.0","0.0","0.0","0.0","0.0","0.0","Unknown","No","No","No","<div class='source-info-cell' title='/home/lawrence/git/DISCO-EB/src/discoeb/ode_integrators_stiff.py:1008:13
/home/lawrence/git/DISCO-EB/.venv/lib/python3.13/site-packages/equinox/_module/_prebuilt.py:33:15
/home/lawrence/git/DISCO-EB/.venv/lib/python3.13/site-packages/diffrax/_integrate.py:349:64
/home/lawrence/git/DISCO-EB/.venv/lib/python3.13/site-packages/equinox/_eval_shape.py:33:15
/home/lawrence/git/DISCO-EB/.venv/lib/python3.13/site-packages/equinox/_eval_shape.py:38:30
/home/lawrence/git/DISCO-EB/.venv/lib/python3.13/site-packages/diffrax/_integrate.py:619:36
/home/lawrence/git/DISCO-EB/.venv/lib/python3.13/site-packages/diffrax/_adjoint.py:393:22
/home/lawrence/git/DISCO-EB/.venv/lib/python3.13/site-packages/equinox/_module/_prebuilt.py:33:15
/home/lawrence/git/DISCO-EB/.venv/lib/python3.13/site-packages/diffrax/_integrate.py:1416:29
/home/lawrence/git/DISCO-EB/.venv/lib/python3.13/site-packages/equinox/_jit.py:55:14
'>/home/lawrence/git/DISCO-EB/src/discoeb/ode_integrators_stiff.py:1008</div>"
"34.0","7","fft","fft.1.0","%fft.1.0 = c128[8192,8193]{1,0} fft(f64[8192,16384]{1,0} %bitcast.7811.0), fft_type=RFFT, fft_length={16384}","jit(compute_Cell_spectrum_from_cosmo_params)/jit(main)/jit(compute_theta_ell)/jit(fft)/fft:","2.0","18882.704","9441.352","18882.704","9441.352","0.2453285353236671","74.43303745534907","0.0","1592.1856886598446","1592.1856886598446","211.84699715808708","211.84699715808708","0.0","0.0","6.9995727799816905","HBM","No","No","No","<div class='source-info-cell' title='/home/lawrence/git/DISCO-EB/src/discoeb/cmb.py:788:14
/home/lawrence/git/DISCO-EB/src/discoeb/cmb.py:1063:24
/home/lawrence/git/DISCO-EB/scripts/profile_CMB.py:38:0
'>/home/lawrence/git/DISCO-EB/src/discoeb/cmb.py:788</div>"
"35.0","7","call","call.613","%call.613 = (f64[72,128]{1,0}, f64[72,8,16]{2,1,0}, f64[8,16]{1,0}, s64[8,16]{1,0}, f64[8,16]{1,0}, /*index=5*/f64[8,16]{1,0}, f64[8,16]{1,0}, f64[8,16]{1,0}, f64[72,8,16]{2,1,0}) call(f64[8,16,72,1]{2,3,1,0} %get-tuple-element.13573.0, f64[8,16,72]{1,0,2} %get-tuple-element.13554.0, f64[72,128]{1,0} %get-tuple-element.18150, f64[72,128]{1,0} %get-tuple-element.18169, f64[72,128]{1,0} %get-tuple-element.18188, /*index=5*/f64[72,128]{1,0} %get-tuple-element.18207, f64[1024]{0} %get-tuple-element.23439.0, f64[1024]{0} %get-tuple-element.23442.0, f64[3]{0} %get-tuple-element.18077, f64[3]{0} %get-tuple-element.23499.0, /*index=10*/f64[] %get-tuple-element.23463.0, f64[8,16]{1,0} %get-tuple-element.18110, f64[] %get-tuple-element.23445.0, f64[] %get-tuple-element.23449.0, s64[] %get-tuple-element.23455.0, /*index=15*/f64[] %get-tuple-element.23456.0, f64[] %get-tuple-element.23457.0, f64[] %get-tuple-element.23446.0, f64[] %get-tuple-element.23437.0, f64[] %get-tuple-element.23436.0, /*index=20*/f64[] %get-tuple-element.23458.0, f64[512]{0} %get-tuple-element.23454.0, f64[512]{0} %get-tuple-element.23453.0, f64[512]{0} %get-tuple-element.23452.0, f64[] %get-tuple-element.23451.0, /*index=25*/f64[] %get-tuple-element.23450.0, f64[] %get-tuple-element.23460.0, f64[] %get-tuple-element.23459.0, f64[1024]{0} %get-tuple-element.23444.0, f64[1024]{0} %get-tuple-element.23443.0, /*index=30*/f64[] %get-tuple-element.23447.0, f64[] %get-tuple-element.23448.0, f64[8,16]{1,0} %get-tuple-element.23438.0, f64[] %get-tuple-element.23464.0), to_apply=%command_buffer.90","","4696.0","15099.066","3.2153036626916527","15099.066","3.2153036626916527","0.19617061976586514","74.62920807511495","0.0","6436.6175550196285","6436.6175550196285","240.6530388688616","175.97234988291464","0.0","0.0","24.909584609162863","HBM","No","No","No",""
"36.0","7","call","call.628","%call.628 = (s64[], f64[3]{0}, (f64[], f64[])) call(s64[] %get-tuple-element.14729, f64[] %get-tuple-element.14731, s64[] %get-tuple-element.14759, f64[] %get-tuple-element.14732, f64[] %get-tuple-element.14765, /*index=5*/f64[] %get-tuple-element.14764, f64[] %get-tuple-element.14763, f64[] %get-tuple-element.14760, f64[3]{0} %get-tuple-element.14730, f64[] %get-tuple-element.14761, /*index=10*/f64[] %get-tuple-element.14762, f64[] %get-tuple-element.14771, f64[] %get-tuple-element.14778, f64[] %get-tuple-element.14770, f64[] %get-tuple-element.14769, /*index=15*/f64[] %get-tuple-element.14777, f64[] %get-tuple-element.14776, f64[] %get-tuple-element.14775, f64[] %get-tuple-element.14774, f64[512]{0} %get-tuple-element.14768, /*index=20*/f64[512]{0} %get-tuple-element.14767, f64[512]{0} %get-tuple-element.14766, s64[] %get-tuple-element.14773, f64[] %get-tuple-element.14772, f64[] %get-tuple-element.14758), to_apply=%command_buffer.120","","5194.0","15073.327","2.9020652676164804","15073.327","2.9020652676164804","0.19583621261894932","74.82504428773389","0.0","358.68490333952155","358.68490333952155","2.32793315562105","1.538476915914987","0.0","0.0","143.4969671905156","HBM","No","No","No",""
"37.0","7","call","call.611","%call.611 = (f64[72,128]{1,0}, f64[72,8,16]{2,1,0}, f64[8,16]{1,0}, s64[8,16]{1,0}, f64[8,16]{1,0}, /*index=5*/f64[8,16]{1,0}, f64[8,16]{1,0}, f64[8,16]{1,0}, f64[72,8,16]{2,1,0}) call(f64[8,16,72,1]{2,3,1,0} %get-tuple-element.13571.0, f64[8,16,72]{1,0,2} %get-tuple-element.13554.0, f64[72,128]{1,0} %get-tuple-element.18150, f64[72,128]{1,0} %get-tuple-element.18169, f64[72,128]{1,0} %get-tuple-element.18188, /*index=5*/f64[1024]{0} %get-tuple-element.23439.0, f64[1024]{0} %get-tuple-element.23442.0, f64[3]{0} %get-tuple-element.18076, f64[3]{0} %get-tuple-element.23493.0, f64[] %get-tuple-element.23463.0, /*index=10*/f64[8,16]{1,0} %get-tuple-element.18110, f64[] %get-tuple-element.23445.0, f64[] %get-tuple-element.23449.0, s64[] %get-tuple-element.23455.0, f64[] %get-tuple-element.23456.0, /*index=15*/f64[] %get-tuple-element.23457.0, f64[] %get-tuple-element.23446.0, f64[] %get-tuple-element.23437.0, f64[] %get-tuple-element.23436.0, f64[] %get-tuple-element.23458.0, /*index=20*/f64[512]{0} %get-tuple-element.23454.0, f64[512]{0} %get-tuple-element.23453.0, f64[512]{0} %get-tuple-element.23452.0, f64[] %get-tuple-element.23451.0, f64[] %get-tuple-element.23450.0, /*index=25*/f64[] %get-tuple-element.23460.0, f64[] %get-tuple-element.23459.0, f64[1024]{0} %get-tuple-element.23444.0, f64[1024]{0} %get-tuple-element.23443.0, f64[] %get-tuple-element.23447.0, /*index=30*/f64[] %get-tuple-element.23448.0, f64[8,16]{1,0} %get-tuple-element.23438.0, f64[] %get-tuple-element.23464.0), to_apply=%command_buffer.86","","4696.0","15041.405","3.2030249148211243","15041.405","3.2030249148211243","0.19542147448056607","75.02046576221446","0.0","5903.0998830228955","5903.0998830228955","220.13817103606718","155.20952960102267","0.0","0.0","24.973816014708678","HBM","No","No","No",""
"38.0","7","call","call.609","%call.609 = (f64[72,128]{1,0}, f64[72,8,16]{2,1,0}, f64[8,16]{1,0}, s64[8,16]{1,0}, f64[8,16]{1,0}, /*index=5*/f64[8,16]{1,0}, f64[8,16]{1,0}, f64[8,16]{1,0}, f64[72,8,16]{2,1,0}) call(f64[8,16,72,1]{2,3,1,0} %get-tuple-element.13569.0, f64[8,16,72]{1,0,2} %get-tuple-element.13554.0, f64[72,128]{1,0} %get-tuple-element.18150, f64[72,128]{1,0} %get-tuple-element.18169, f64[1024]{0} %get-tuple-element.23439.0, /*index=5*/f64[1024]{0} %get-tuple-element.23442.0, f64[3]{0} %get-tuple-element.18075, f64[3]{0} %get-tuple-element.23487.0, f64[] %get-tuple-element.23463.0, f64[8,16]{1,0} %get-tuple-element.18110, /*index=10*/f64[] %get-tuple-element.23445.0, f64[] %get-tuple-element.23449.0, s64[] %get-tuple-element.23455.0, f64[] %get-tuple-element.23456.0, f64[] %get-tuple-element.23457.0, /*index=15*/f64[] %get-tuple-element.23446.0, f64[] %get-tuple-element.23437.0, f64[] %get-tuple-element.23436.0, f64[] %get-tuple-element.23458.0, f64[512]{0} %get-tuple-element.23454.0, /*index=20*/f64[512]{0} %get-tuple-element.23453.0, f64[512]{0} %get-tuple-element.23452.0, f64[] %get-tuple-element.23451.0, f64[] %get-tuple-element.23450.0, f64[] %get-tuple-element.23460.0, /*index=25*/f64[] %get-tuple-element.23459.0, f64[1024]{0} %get-tuple-element.23444.0, f64[1024]{0} %get-tuple-element.23443.0, f64[] %get-tuple-element.23447.0, f64[] %get-tuple-element.23448.0, /*index=30*/f64[8,16]{1,0} %get-tuple-element.23438.0, f64[] %get-tuple-element.23464.0), to_apply=%command_buffer.82","","4696.0","14976.276","3.189155877342419","14976.276","3.189155877342419","0.19457530318131278","75.21504106539577","0.0","5368.1515292586755","5368.1515292586755","199.56487554342658","134.35387169144855","0.0","0.0","25.05190700287982","HBM","No","No","No",""
"39.0","7","call","call.605","%call.605 = (f64[72,128]{1,0}, f64[72,8,16]{2,1,0}, f64[8,16]{1,0}, s64[8,16]{1,0}, f64[8,16]{1,0}, /*index=5*/f64[8,16]{1,0}, f64[8,16]{1,0}, f64[8,16]{1,0}, f64[72,8,16]{2,1,0}) call(f64[8,16,72,1]{2,3,1,0} %get-tuple-element.13565.0, f64[8,16,72]{1,0,2} %get-tuple-element.13554.0, f64[1024]{0} %get-tuple-element.23439.0, f64[1024]{0} %get-tuple-element.23442.0, f64[3]{0} %get-tuple-element.18073, /*index=5*/f64[3]{0} %get-tuple-element.23475.0, f64[] %get-tuple-element.23463.0, f64[8,16]{1,0} %get-tuple-element.18110, f64[] %get-tuple-element.23445.0, f64[] %get-tuple-element.23449.0, /*index=10*/s64[] %get-tuple-element.23455.0, f64[] %get-tuple-element.23456.0, f64[] %get-tuple-element.23457.0, f64[] %get-tuple-element.23446.0, f64[] %get-tuple-element.23437.0, /*index=15*/f64[] %get-tuple-element.23436.0, f64[] %get-tuple-element.23458.0, f64[512]{0} %get-tuple-element.23454.0, f64[512]{0} %get-tuple-element.23453.0, f64[512]{0} %get-tuple-element.23452.0, /*index=20*/f64[] %get-tuple-element.23451.0, f64[] %get-tuple-element.23450.0, f64[] %get-tuple-element.23460.0, f64[] %get-tuple-element.23459.0, f64[1024]{0} %get-tuple-element.23444.0, /*index=25*/f64[1024]{0} %get-tuple-element.23443.0, f64[] %get-tuple-element.23447.0, f64[] %get-tuple-element.23448.0, f64[8,16]{1,0} %get-tuple-element.23438.0, f64[] %get-tuple-element.23464.0), to_apply=%command_buffer.74","","4696.0","14919.183","3.1769980834752984","14919.183","3.1769980834752984","0.19383353748571994","75.40887460288148","0.0","4263.164359603337","4263.164359603337","157.10251661277337","91.64196210893186","0.0","0.0","25.2725500074638","HBM","No","No","No",""
"40.0","7","call","call.607","%call.607 = (f64[72,128]{1,0}, f64[72,8,16]{2,1,0}, f64[8,16]{1,0}, s64[8,16]{1,0}, f64[8,16]{1,0}, /*index=5*/f64[8,16]{1,0}, f64[8,16]{1,0}, f64[8,16]{1,0}, f64[72,8,16]{2,1,0}) call(f64[8,16,72,1]{2,3,1,0} %get-tuple-element.13567.0, f64[8,16,72]{1,0,2} %get-tuple-element.13554.0, f64[72,128]{1,0} %get-tuple-element.18150, f64[1024]{0} %get-tuple-element.23439.0, f64[1024]{0} %get-tuple-element.23442.0, /*index=5*/f64[3]{0} %get-tuple-element.18074, f64[3]{0} %get-tuple-element.23481.0, f64[] %get-tuple-element.23463.0, f64[8,16]{1,0} %get-tuple-element.18110, f64[] %get-tuple-element.23445.0, /*index=10*/f64[] %get-tuple-element.23449.0, s64[] %get-tuple-element.23455.0, f64[] %get-tuple-element.23456.0, f64[] %get-tuple-element.23457.0, f64[] %get-tuple-element.23446.0, /*index=15*/f64[] %get-tuple-element.23437.0, f64[] %get-tuple-element.23436.0, f64[] %get-tuple-element.23458.0, f64[512]{0} %get-tuple-element.23454.0, f64[512]{0} %get-tuple-element.23453.0, /*index=20*/f64[512]{0} %get-tuple-element.23452.0, f64[] %get-tuple-element.23451.0, f64[] %get-tuple-element.23450.0, f64[] %get-tuple-element.23460.0, f64[] %get-tuple-element.23459.0, /*index=25*/f64[1024]{0} %get-tuple-element.23444.0, f64[1024]{0} %get-tuple-element.23443.0, f64[] %get-tuple-element.23447.0, f64[] %get-tuple-element.23448.0, f64[8,16]{1,0} %get-tuple-element.23438.0, /*index=30*/f64[] %get-tuple-element.23464.0), to_apply=%command_buffer.78","","4696.0","14909.929","3.1750274701873935","14909.929","3.1750274701873935","0.19371330733934441","75.60258791022083","0.0","4828.924834182644","4828.924834182644","178.82646695200603","113.32528368518524","0.0","0.0","25.148887554785713","HBM","No","No","No",""
"41.0","7","call","call.617","%call.617 = (f64[72,128]{1,0}, f64[72,8,16]{2,1,0}, f64[8,16]{1,0}, s64[8,16]{1,0}, f64[8,16]{1,0}, /*index=5*/f64[8,16]{1,0}, f64[8,16]{1,0}, f64[8,16]{1,0}, f64[72,8,16]{2,1,0}) call(f64[8,16,72,1]{2,3,1,0} %get-tuple-element.13577.0, f64[72,8,16]{2,1,0} %get-tuple-element.18246, f64[1024]{0} %get-tuple-element.23439.0, f64[1024]{0} %get-tuple-element.23442.0, f64[3]{0} %get-tuple-element.18079, /*index=5*/f64[3]{0} %get-tuple-element.23511.0, f64[] %get-tuple-element.23463.0, f64[8,16]{1,0} %get-tuple-element.18110, f64[] %get-tuple-element.23445.0, f64[] %get-tuple-element.23449.0, /*index=10*/s64[] %get-tuple-element.23455.0, f64[] %get-tuple-element.23456.0, f64[] %get-tuple-element.23457.0, f64[] %get-tuple-element.23446.0, f64[] %get-tuple-element.23437.0, /*index=15*/f64[] %get-tuple-element.23436.0, f64[] %get-tuple-element.23458.0, f64[512]{0} %get-tuple-element.23454.0, f64[512]{0} %get-tuple-element.23453.0, f64[512]{0} %get-tuple-element.23452.0, /*index=20*/f64[] %get-tuple-element.23451.0, f64[] %get-tuple-element.23450.0, f64[] %get-tuple-element.23460.0, f64[] %get-tuple-element.23459.0, f64[1024]{0} %get-tuple-element.23444.0, /*index=25*/f64[1024]{0} %get-tuple-element.23443.0, f64[] %get-tuple-element.23447.0, f64[] %get-tuple-element.23448.0, f64[8,16]{1,0} %get-tuple-element.23438.0, f64[] %get-tuple-element.23464.0), to_apply=%command_buffer.98","","4696.0","14787.248","3.1489028960817715","14787.248","3.1489028960817715","0.19211940690845045","75.79470731712928","0.0","4017.308064894834","4017.308064894834","158.50421898019877","92.45961136123641","0.0","0.0","23.60448014629049","HBM","No","No","No",""
"42.0","7","call","call.615","%call.615 = (f64[72,128]{1,0}, f64[72,8,16]{2,1,0}, f64[8,16]{1,0}, s64[8,16]{1,0}, f64[8,16]{1,0}, /*index=5*/f64[8,16]{1,0}, f64[8,16]{1,0}, f64[8,16]{1,0}, f64[72,8,16]{2,1,0}) call(f64[8,16,72,1]{2,3,1,0} %get-tuple-element.13575.0, f64[72,8,16]{2,1,0} %get-tuple-element.18227, f64[1024]{0} %get-tuple-element.23439.0, f64[1024]{0} %get-tuple-element.23442.0, f64[3]{0} %get-tuple-element.18078, /*index=5*/f64[3]{0} %get-tuple-element.23505.0, f64[] %get-tuple-element.23463.0, f64[8,16]{1,0} %get-tuple-element.18110, f64[] %get-tuple-element.23445.0, f64[] %get-tuple-element.23449.0, /*index=10*/s64[] %get-tuple-element.23455.0, f64[] %get-tuple-element.23456.0, f64[] %get-tuple-element.23457.0, f64[] %get-tuple-element.23446.0, f64[] %get-tuple-element.23437.0, /*index=15*/f64[] %get-tuple-element.23436.0, f64[] %get-tuple-element.23458.0, f64[512]{0} %get-tuple-element.23454.0, f64[512]{0} %get-tuple-element.23453.0, f64[512]{0} %get-tuple-element.23452.0, /*index=20*/f64[] %get-tuple-element.23451.0, f64[] %get-tuple-element.23450.0, f64[] %get-tuple-element.23460.0, f64[] %get-tuple-element.23459.0, f64[1024]{0} %get-tuple-element.23444.0, /*index=25*/f64[1024]{0} %get-tuple-element.23443.0, f64[] %get-tuple-element.23447.0, f64[] %get-tuple-element.23448.0, f64[8,16]{1,0} %get-tuple-element.23438.0, f64[] %get-tuple-element.23464.0), to_apply=%command_buffer.94","","4696.0","14771.568","3.145563884156729","14771.568","3.145563884156729","0.19191568865740574","75.9866230057867","0.0","4021.57243212095","4021.57243212095","158.67247100013392","92.55775711706572","0.0","0.0","23.60448014629049","HBM","No","No","No",""
"43.0","7","call","call.626","%call.626 = (s64[], s64[8]{0}, pred[8]{0}, pred[8]{0}, pred[8]{0}, /*index=5*/s64[8]{0}, f64[8,320]{1,0}, f64[8,320,16,72]{3,2,1,0}) call(s64[] %get-tuple-element.14793, s64[8]{0} %get-tuple-element.14800, pred[8]{0} %get-tuple-element.14794, pred[8]{0} %get-tuple-element.14797, pred[8]{0} %get-tuple-element.14799, /*index=5*/s64[8]{0} %get-tuple-element.14795, f64[8,320]{1,0} %get-tuple-element.14796, f64[8,320,16,72]{3,2,1,0} %get-tuple-element.14798), to_apply=%command_buffer.116","","3048.0","13633.839","4.473044291338582","13633.839","4.473044291338582","0.17713404566997873","76.16375705145667","0.0","0.0","0.0","9833.083295350627","4916.53498502669","0.0","0.0","0.0","HBM","No","No","No",""
"44.0","7","custom-call","custom-call.11","%custom-call.11 = s32[8,16,72]{2,1,0} custom-call(s32[8,16,72]{2,1,0} %loop_add_fusion.64), custom_call_target=""cu_lu_pivots_to_permutation"", operand_layout_constraints={s32[8,16,72]{2,1,0}}, api_version=API_VERSION_TYPED_FFI, frontend_attributes={num_batch_dims=""2""}","jit(compute_Cell_spectrum_from_cosmo_params)/jit(main)/jit(evolve_perturbations_batched)/vmap(jit(diffeqsolve))/outer-loop/while/body/checkpoint/cond/branch_1_fun/while/body/checkpoint/cond/branch_1_fun/while/body/cond/branch_1_fun/vmap(jit(lu_solve))/lu_pivots_to_permutation:","587.0","13209.536","22.503468483816015","13209.536","22.503468483816015","0.1716214012137908","76.33537845267047","0.0","0.0","0.0","0.0","0.0","0.0","0.0","0.0","Unknown","No","No","No","<div class='source-info-cell' title='/home/lawrence/git/DISCO-EB/src/discoeb/ode_integrators_stiff.py:1008:13
/home/lawrence/git/DISCO-EB/.venv/lib/python3.13/site-packages/equinox/_module/_prebuilt.py:33:15
/home/lawrence/git/DISCO-EB/.venv/lib/python3.13/site-packages/diffrax/_integrate.py:349:64
/home/lawrence/git/DISCO-EB/.venv/lib/python3.13/site-packages/equinox/_eval_shape.py:33:15
/home/lawrence/git/DISCO-EB/.venv/lib/python3.13/site-packages/equinox/_eval_shape.py:38:30
/home/lawrence/git/DISCO-EB/.venv/lib/python3.13/site-packages/diffrax/_integrate.py:619:36
/home/lawrence/git/DISCO-EB/.venv/lib/python3.13/site-packages/diffrax/_adjoint.py:393:22
/home/lawrence/git/DISCO-EB/.venv/lib/python3.13/site-packages/equinox/_module/_prebuilt.py:33:15
/home/lawrence/git/DISCO-EB/.venv/lib/python3.13/site-packages/diffrax/_integrate.py:1416:29
/home/lawrence/git/DISCO-EB/.venv/lib/python3.13/site-packages/equinox/_jit.py:55:14
'>/home/lawrence/git/DISCO-EB/src/discoeb/ode_integrators_stiff.py:1008</div>"
"45.0","7","loop fusion","loop_add_fusion.56","%loop_add_fusion.56 = s64[] fusion(s64[] %get-tuple-element.14877), kind=kLoop, calls=%fused_add.56","jit(compute_Cell_spectrum_from_cosmo_params)/jit(main)/jit(evolve_perturbations_batched)/vmap(jit(diffeqsolve))/outer-loop/while/body/checkpoint/cond/branch_1_fun/while/body/checkpoint/cond/branch_1_fun/while/body/cond/branch_1_fun/inner-loop/while/body/add:","9392.0","12633.808","1.3451669505962522","12633.808","1.3451669505962522","0.16414140751242132","76.49951986018289","0.0","0.0022302064429030426","0.0022302064429030426","0.011077555233751944","0.011077555233751944","0.0","0.0","0.1875","HBM","No","No","No","<div class='source-info-cell' title='/home/lawrence/git/DISCO-EB/.venv/lib/python3.13/site-packages/equinox/internal/_loop/bounded.py:78:15
/home/lawrence/git/DISCO-EB/.venv/lib/python3.13/site-packages/equinox/internal/_loop/bounded.py:59:19
/home/lawrence/git/DISCO-EB/.venv/lib/python3.13/site-packages/equinox/internal/_loop/loop.py:119:15
/home/lawrence/git/DISCO-EB/.venv/lib/python3.13/site-packages/diffrax/_integrate.py:462:19
/home/lawrence/git/DISCO-EB/.venv/lib/python3.13/site-packages/diffrax/_integrate.py:435:29
/home/lawrence/git/DISCO-EB/.venv/lib/python3.13/site-packages/diffrax/_integrate.py:471:21
/home/lawrence/git/DISCO-EB/.venv/lib/python3.13/site-packages/diffrax/_integrate.py:635:26
/home/lawrence/git/DISCO-EB/.venv/lib/python3.13/site-packages/equinox/internal/_loop/common.py:511:22
/home/lawrence/git/DISCO-EB/.venv/lib/python3.13/site-packages/equinox/internal/_loop/bounded.py:65:15
/home/lawrence/git/DISCO-EB/.venv/lib/python3.13/site-packages/equinox/internal/_loop/bounded.py:69:19
'>/home/lawrence/git/DISCO-EB/.venv/lib/python3.13/site-packages/equinox/internal/_loop/bounded.py:78</div>"
"46.0","7","call","call.621","%call.621 = (s64[], s64[8]{0}, pred[8]{0}, pred[8]{0}, pred[8]{0}, /*index=5*/s64[8]{0}, f64[8,320]{1,0}, f64[8,320,16,72]{3,2,1,0}) call(s64[] %get-tuple-element.14854, s64[8]{0} %get-tuple-element.14861, pred[8]{0} %get-tuple-element.14855, pred[8]{0} %get-tuple-element.14858, pred[8]{0} %get-tuple-element.14860, /*index=5*/s64[8]{0} %get-tuple-element.14856, f64[8,320]{1,0} %get-tuple-element.14857, f64[8,320,16,72]{3,2,1,0} %get-tuple-element.14859), to_apply=%command_buffer.106","","3016.0","12564.955","4.166099137931035","12564.955","4.166099137931035","0.1632468531285449","76.66276671331143","0.0","0.0","0.0","10557.554115807266","5278.7699043719","0.0","0.0","0.0","HBM","No","No","No",""
"47.0","7","input fusion","input_reduce_fusion.9","%input_reduce_fusion.9 = pred[] fusion(s64[8]{0} %get-tuple-element.14880, pred[8]{0} %get-tuple-element.14903, f64[8]{0} %get-tuple-element.14902, f64[8,320]{1,0} %get-tuple-element.14901), kind=kInput, calls=%fused_reduce.9","jit(compute_Cell_spectrum_from_cosmo_params)/jit(main)/jit(evolve_perturbations_batched)/vmap(jit(diffeqsolve))/outer-loop/while/body/checkpoint/cond/branch_1_fun/while/body/checkpoint/cond/branch_1_fun/while/body/cond/branch_1_fun/inner-loop/while/body/checkpoint/reduce_or:","9392.0","12141.955","1.2927975936967633","12141.955","1.2927975936967633","0.15775113755508088","76.82051785086651","0.0","5.096698842978746","5.096698842978746","0.1447990299567494","0.1447990299567494","0.0","0.0","32.78109452736319","HBM","No","No","No","<div class='source-info-cell' title='/home/lawrence/git/DISCO-EB/.venv/lib/python3.13/site-packages/equinox/_unvmap.py:50:23
/home/lawrence/git/DISCO-EB/.venv/lib/python3.13/site-packages/equinox/internal/_loop/common.py:475:14
/home/lawrence/git/DISCO-EB/.venv/lib/python3.13/site-packages/equinox/internal/_loop/bounded.py:72:28
/home/lawrence/git/DISCO-EB/.venv/lib/python3.13/site-packages/equinox/internal/_loop/bounded.py:78:15
/home/lawrence/git/DISCO-EB/.venv/lib/python3.13/site-packages/equinox/internal/_loop/bounded.py:59:19
/home/lawrence/git/DISCO-EB/.venv/lib/python3.13/site-packages/equinox/internal/_loop/loop.py:119:15
/home/lawrence/git/DISCO-EB/.venv/lib/python3.13/site-packages/diffrax/_integrate.py:462:19
/home/lawrence/git/DISCO-EB/.venv/lib/python3.13/site-packages/diffrax/_integrate.py:435:29
/home/lawrence/git/DISCO-EB/.venv/lib/python3.13/site-packages/diffrax/_integrate.py:471:21
/home/lawrence/git/DISCO-EB/.venv/lib/python3.13/site-packages/diffrax/_integrate.py:635:26
'>/home/lawrence/git/DISCO-EB/.venv/lib/python3.13/site-packages/equinox/_unvmap.py:50</div>"
"48.0","7","conditional","conditional.8","%conditional.8 = (s64[], pred[8]{0}, s64[8]{0}, f64[8,320]{1,0}, pred[8]{0}, /*index=5*/f64[8,320,16,72]{3,2,1,0}, pred[8]{0}, s64[8]{0}) conditional(s32[] %loop_convert_fusion.2, (s64[], pred[8]{0}, s64[8]{0}, f64[8,320]{1,0}, pred[8]{0}, /*index=5*/f64[8,320,16,72]{3,2,1,0}, pred[8]{0}, s64[8]{0}) %tuple.93.0, (f64[8,320]{1,0}, f64[8]{0}, pred[8]{0}, f64[8]{0}, f64[8,16,72]{2,1,0}, /*index=5*/f64[8,16,72]{2,1,0}, s64[], pred[8]{0}, s64[8]{0}, f64[8,320]{1,0}, /*index=10*/pred[8]{0}, f64[8,320,16,72]{3,2,1,0}, pred[8]{0}, s64[8]{0}) %tuple.94.0), branch_computations={%region_644.36318.clone.1, %region_645.36695}, control-predecessors={%loop_convert_fusion.2, %input_reduce_fusion.9}","jit(compute_Cell_spectrum_from_cosmo_params)/jit(main)/jit(evolve_perturbations_batched)/vmap(jit(diffeqsolve))/outer-loop/while/body/checkpoint/cond/branch_1_fun/while/body/checkpoint/cond/branch_1_fun/while/body/cond/branch_1_fun/inner-loop/while/body/checkpoint/cond:","9392.0","10328.39","1.0997008091993186","10328.39","1.0997008091993186","0.13418887416503536","76.95470672503154","0.0","2539.3552288401193","2539.3552288401193","160299.16762701792","80054.97634701886","0.0","0.0","0.014753406924042263","HBM","No","No","No","<div class='source-info-cell' title='/home/lawrence/git/DISCO-EB/.venv/lib/python3.13/site-packages/equinox/internal/_loop/bounded.py:72:19
/home/lawrence/git/DISCO-EB/.venv/lib/python3.13/site-packages/equinox/internal/_loop/bounded.py:78:15
/home/lawrence/git/DISCO-EB/.venv/lib/python3.13/site-packages/equinox/internal/_loop/bounded.py:59:19
/home/lawrence/git/DISCO-EB/.venv/lib/python3.13/site-packages/equinox/internal/_loop/loop.py:119:15
/home/lawrence/git/DISCO-EB/.venv/lib/python3.13/site-packages/diffrax/_integrate.py:462:19
/home/lawrence/git/DISCO-EB/.venv/lib/python3.13/site-packages/diffrax/_integrate.py:435:29
/home/lawrence/git/DISCO-EB/.venv/lib/python3.13/site-packages/diffrax/_integrate.py:471:21
/home/lawrence/git/DISCO-EB/.venv/lib/python3.13/site-packages/diffrax/_integrate.py:635:26
/home/lawrence/git/DISCO-EB/.venv/lib/python3.13/site-packages/equinox/internal/_loop/common.py:511:22
/home/lawrence/git/DISCO-EB/.venv/lib/python3.13/site-packages/equinox/internal/_loop/bounded.py:65:15
'>/home/lawrence/git/DISCO-EB/.venv/lib/python3.13/site-packages/equinox/internal/_loop/bounded.py:72</div>"
"49.0","7","loop fusion","loop_convert_fusion.2","%loop_convert_fusion.2 = s32[] fusion(pred[] %input_reduce_fusion.9, s64[] %get-tuple-element.14878), kind=kLoop, calls=%fused_convert.2","jit(compute_Cell_spectrum_from_cosmo_params)/jit(main)/jit(evolve_perturbations_batched)/vmap(jit(diffeqsolve))/outer-loop/while/body/checkpoint/cond/branch_1_fun/while/body/checkpoint/cond/branch_1_fun/while/body/cond/branch_1_fun/inner-loop/while/body/checkpoint/convert_element_type:","9392.0","9061.54","0.9648147359454856","9061.54","0.9648147359454856","0.11772966075074959","77.0724363857823","0.0","0.009328215733749451","0.009328215733749451","0.012548723624268222","0.012548723624268222","0.0","0.0","0.6923076923076923","HBM","No","No","No","<div class='source-info-cell' title='/home/lawrence/git/DISCO-EB/.venv/lib/python3.13/site-packages/equinox/internal/_loop/bounded.py:72:19
/home/lawrence/git/DISCO-EB/.venv/lib/python3.13/site-packages/equinox/internal/_loop/bounded.py:78:15
/home/lawrence/git/DISCO-EB/.venv/lib/python3.13/site-packages/equinox/internal/_loop/bounded.py:59:19
/home/lawrence/git/DISCO-EB/.venv/lib/python3.13/site-packages/equinox/internal/_loop/loop.py:119:15
/home/lawrence/git/DISCO-EB/.venv/lib/python3.13/site-packages/diffrax/_integrate.py:462:19
/home/lawrence/git/DISCO-EB/.venv/lib/python3.13/site-packages/diffrax/_integrate.py:435:29
/home/lawrence/git/DISCO-EB/.venv/lib/python3.13/site-packages/diffrax/_integrate.py:471:21
/home/lawrence/git/DISCO-EB/.venv/lib/python3.13/site-packages/diffrax/_integrate.py:635:26
/home/lawrence/git/DISCO-EB/.venv/lib/python3.13/site-packages/equinox/internal/_loop/common.py:511:22
/home/lawrence/git/DISCO-EB/.venv/lib/python3.13/site-packages/equinox/internal/_loop/bounded.py:65:15
'>/home/lawrence/git/DISCO-EB/.venv/lib/python3.13/site-packages/equinox/internal/_loop/bounded.py:72</div>"
"50.0","7","loop fusion","loop_add_fusion.55","%loop_add_fusion.55 = s64[] fusion(s64[] %get-tuple-element.14816), kind=kLoop, calls=%fused_add.55","jit(compute_Cell_spectrum_from_cosmo_params)/jit(main)/jit(evolve_perturbations_batched)/vmap(jit(diffeqsolve))/outer-loop/while/body/checkpoint/cond/branch_1_fun/while/body/checkpoint/cond/branch_1_fun/while/body/cond/branch_1_fun/inner-loop/while/body/checkpoint/cond/branch_1_fun/while/body/add:","6032.0","8224.777","1.3635240384615386","8224.777","1.3635240384615386","0.1068582388821953","77.17929462466448","0.0","0.0022001812328771952","0.0022001812328771952","0.010928418402260519","0.010928418402260519","0.0","0.0","0.1875","HBM","No","No","No","<div class='source-info-cell' title='/home/lawrence/git/DISCO-EB/.venv/lib/python3.13/site-packages/equinox/internal/_loop/bounded.py:78:15
/home/lawrence/git/DISCO-EB/.venv/lib/python3.13/site-packages/equinox/internal/_loop/bounded.py:69:19
/home/lawrence/git/DISCO-EB/.venv/lib/python3.13/site-packages/equinox/internal/_loop/bounded.py:72:19
/home/lawrence/git/DISCO-EB/.venv/lib/python3.13/site-packages/equinox/internal/_loop/bounded.py:78:15
/home/lawrence/git/DISCO-EB/.venv/lib/python3.13/site-packages/equinox/internal/_loop/bounded.py:59:19
/home/lawrence/git/DISCO-EB/.venv/lib/python3.13/site-packages/equinox/internal/_loop/loop.py:119:15
/home/lawrence/git/DISCO-EB/.venv/lib/python3.13/site-packages/diffrax/_integrate.py:462:19
/home/lawrence/git/DISCO-EB/.venv/lib/python3.13/site-packages/diffrax/_integrate.py:435:29
/home/lawrence/git/DISCO-EB/.venv/lib/python3.13/site-packages/diffrax/_integrate.py:471:21
/home/lawrence/git/DISCO-EB/.venv/lib/python3.13/site-packages/diffrax/_integrate.py:635:26
'>/home/lawrence/git/DISCO-EB/.venv/lib/python3.13/site-packages/equinox/internal/_loop/bounded.py:78</div>"
"51.0","7","input fusion","input_reduce_fusion.8","%input_reduce_fusion.8 = pred[] fusion(s64[8]{0} %get-tuple-element.14819, pred[8]{0} %get-tuple-element.14842, f64[8]{0} %get-tuple-element.14841, f64[8,320]{1,0} %get-tuple-element.14840), kind=kInput, calls=%fused_reduce.8","jit(compute_Cell_spectrum_from_cosmo_params)/jit(main)/jit(evolve_perturbations_batched)/vmap(jit(diffeqsolve))/outer-loop/while/body/checkpoint/cond/branch_1_fun/while/body/checkpoint/cond/branch_1_fun/while/body/cond/branch_1_fun/inner-loop/while/body/checkpoint/cond/branch_1_fun/while/body/checkpoint/reduce_or:","6032.0","7765.468","1.287378647214854","7765.468","1.287378647214854","0.10089078823365585","77.28018541289813","0.0","5.118152312262442","5.118152312262442","0.14540853066243964","0.14540853066243964","0.0","0.0","32.78109452736319","HBM","No","No","No","<div class='source-info-cell' title='/home/lawrence/git/DISCO-EB/.venv/lib/python3.13/site-packages/equinox/_unvmap.py:50:23
/home/lawrence/git/DISCO-EB/.venv/lib/python3.13/site-packages/equinox/internal/_loop/common.py:475:14
/home/lawrence/git/DISCO-EB/.venv/lib/python3.13/site-packages/equinox/internal/_loop/bounded.py:72:28
/home/lawrence/git/DISCO-EB/.venv/lib/python3.13/site-packages/equinox/internal/_loop/bounded.py:78:15
/home/lawrence/git/DISCO-EB/.venv/lib/python3.13/site-packages/equinox/internal/_loop/bounded.py:69:19
/home/lawrence/git/DISCO-EB/.venv/lib/python3.13/site-packages/equinox/internal/_loop/bounded.py:72:19
/home/lawrence/git/DISCO-EB/.venv/lib/python3.13/site-packages/equinox/internal/_loop/bounded.py:78:15
/home/lawrence/git/DISCO-EB/.venv/lib/python3.13/site-packages/equinox/internal/_loop/bounded.py:59:19
/home/lawrence/git/DISCO-EB/.venv/lib/python3.13/site-packages/equinox/internal/_loop/loop.py:119:15
/home/lawrence/git/DISCO-EB/.venv/lib/python3.13/site-packages/diffrax/_integrate.py:462:19
'>/home/lawrence/git/DISCO-EB/.venv/lib/python3.13/site-packages/equinox/_unvmap.py:50</div>"
"52.0","7","call","call.627","%call.627 = (s64[], s64[8]{0}, pred[8]{0}, s64[8]{0}, f64[8,320]{1,0}, /*index=5*/f64[8,320,16,72]{3,2,1,0}) call(s64[] %get-tuple-element.36501.0, pred[8]{0} %get-tuple-element.36496.0, s64[8]{0} %get-tuple-element.36489.0, pred[8]{0} %get-tuple-element.36502.0, f64[8]{0} %get-tuple-element.36492.0, /*index=5*/f64[8,320]{1,0} %get-tuple-element.36490.0, f64[8,320]{1,0} %get-tuple-element.36498.0, s64[8]{0} %get-tuple-element.36497.0, pred[8]{0} %get-tuple-element.14653, f64[8,320,16,72]{3,2,1,0} %get-tuple-element.36500.0, /*index=10*/f64[8,16,72]{2,1,0} %get-tuple-element.36494.0, f64[8,16,72]{2,1,0} %get-tuple-element.36493.0, pred[8]{0} %get-tuple-element.14655, f64[8]{0} %get-tuple-element.36491.0), to_apply=%command_buffer.118","","6225.0","7121.667","1.144042891566265","7121.667","1.144042891566265","0.09252637409202062","77.37271178699015","0.0","2429.3870627480896","2429.3870627480896","38746.7700692495","19463.89251874887","0.0","0.0","0.05839307405423458","HBM","No","No","No",""
"53.0","7","call","call.619","%call.619 = (f64[8]{0}, f64[8]{0}, pred[8]{0}, f64[8]{0}, s64[8]{0}, /*index=5*/s64[8]{0}, pred[8]{0}, pred[8]{0}, s32[8]{0}, s64[8]{0}, /*index=10*/f64[72,8,16]{2,1,0}, f64[128,72]{1,0}) call(f64[72,8,16]{2,1,0} %get-tuple-element.18265, f64[8,16,72,1]{2,3,1,0} %get-tuple-element.13579.0, f64[8,16,6]{2,1,0} %get-tuple-element.23520.0, s64[6]{0} %get-tuple-element.23519.0, f64[] %get-tuple-element.23517.0, /*index=5*/f64[8,16,72]{1,0,2} %get-tuple-element.13554.0, f64[] %get-tuple-element.23518.0, pred[8]{0} %get-tuple-element.14869, f64[8]{0} %get-tuple-element.23521.0, f64[8]{0} %get-tuple-element.14872, /*index=10*/f64[8]{0} %get-tuple-element.23522.0, f64[8]{0} %get-tuple-element.14874, s64[8]{0} %get-tuple-element.14865, f64[8,320]{1,0} %get-tuple-element.14871, s64[8]{0} %get-tuple-element.23525.0, /*index=15*/s64[8]{0} %get-tuple-element.23524.0, pred[] %get-tuple-element.23534.0, s32[8]{0} %get-tuple-element.23532.0, s64[8]{0} %get-tuple-element.23523.0), to_apply=%command_buffer.102","","4109.0","7098.591","1.7275714285714288","7098.591","1.7275714285714288","0.09222656526797038","77.46493835225813","0.0","2852.601008848094","2852.601008848094","378.9493256996102","295.7822890984729","0.0","0.0","7.01067803988403","HBM","No","No","No",""
"54.0","7","call","call.597","%call.597 = (s64[], f64[], (), f64[3]{0}, (s32[], f64[])) call(s64[] %constant_487_0, f64[] %get-tuple-element.14577, f64[] %get-tuple-element.14576, f64[] %get-tuple-element.3494.0, f64[] %get-tuple-element.14588, /*index=5*/f64[] %get-tuple-element.14587, f64[] %get-tuple-element.14586, f64[] %get-tuple-element.14582, f64[] %get-tuple-element.14583, f64[] %get-tuple-element.14590, /*index=10*/f64[] %get-tuple-element.14589, s64[] %get-tuple-element.14585, f64[] %get-tuple-element.14584, f64[] %get-tuple-element.14581, f64[512]{0} %get-tuple-element.14580, /*index=15*/f64[512]{0} %get-tuple-element.14579, f64[512]{0} %get-tuple-element.14578, f64[6]{0} %get-tuple-element.3493.0, f64[] %get-tuple-element.3492.0), to_apply=%command_buffer.60","","4385.0","6986.274","1.5932209806157356","6986.274","1.5932209806157356","0.090767316364744","77.55570566862288","0.0","14.814642969915008","14.814642969915008","0.18471884136546662","0.13561636454679826","0.0","0.0","74.69303797468355","HBM","No","No","No",""
"55.0","7","conditional","conditional.7","%conditional.7 = (s64[], pred[8]{0}, s64[8]{0}, f64[8,320]{1,0}, pred[8]{0}, /*index=5*/f64[8,320,16,72]{3,2,1,0}, pred[8]{0}, s64[8]{0}) conditional(s32[] %loop_convert_fusion.1, (s64[], pred[8]{0}, s64[8]{0}, f64[8,320]{1,0}, pred[8]{0}, /*index=5*/f64[8,320,16,72]{3,2,1,0}, pred[8]{0}, s64[8]{0}) %tuple.90.0, (f64[8,320]{1,0}, f64[8]{0}, pred[8]{0}, f64[8]{0}, f64[8,16,72]{2,1,0}, /*index=5*/f64[8,16,72]{2,1,0}, s64[], pred[8]{0}, s64[8]{0}, f64[8,320]{1,0}, /*index=10*/pred[8]{0}, f64[8,320,16,72]{3,2,1,0}, pred[8]{0}, s64[8]{0}) %tuple.91.0), branch_computations={%region_644.36318.clone, %region_649.36640}, control-predecessors={%loop_convert_fusion.1, %input_reduce_fusion.8}","jit(compute_Cell_spectrum_from_cosmo_params)/jit(main)/jit(evolve_perturbations_batched)/vmap(jit(diffeqsolve))/outer-loop/while/body/checkpoint/cond/branch_1_fun/while/body/checkpoint/cond/branch_1_fun/while/body/cond/branch_1_fun/inner-loop/while/body/checkpoint/cond/branch_1_fun/while/body/checkpoint/cond:","6032.0","6557.186","1.0870666445623343","6557.186","1.0870666445623343","0.08519250406217536","77.64089817268504","0.0","2562.7931957397577","2562.7931957397577","81239.52913922592","40524.36254698846","0.0","0.0","0.029379628150884227","HBM","No","No","No","<div class='source-info-cell' title='/home/lawrence/git/DISCO-EB/.venv/lib/python3.13/site-packages/equinox/internal/_loop/bounded.py:72:19
/home/lawrence/git/DISCO-EB/.venv/lib/python3.13/site-packages/equinox/internal/_loop/bounded.py:78:15
/home/lawrence/git/DISCO-EB/.venv/lib/python3.13/site-packages/equinox/internal/_loop/bounded.py:69:19
/home/lawrence/git/DISCO-EB/.venv/lib/python3.13/site-packages/equinox/internal/_loop/bounded.py:72:19
/home/lawrence/git/DISCO-EB/.venv/lib/python3.13/site-packages/equinox/internal/_loop/bounded.py:78:15
/home/lawrence/git/DISCO-EB/.venv/lib/python3.13/site-packages/equinox/internal/_loop/bounded.py:59:19
/home/lawrence/git/DISCO-EB/.venv/lib/python3.13/site-packages/equinox/internal/_loop/loop.py:119:15
/home/lawrence/git/DISCO-EB/.venv/lib/python3.13/site-packages/diffrax/_integrate.py:462:19
/home/lawrence/git/DISCO-EB/.venv/lib/python3.13/site-packages/diffrax/_integrate.py:435:29
/home/lawrence/git/DISCO-EB/.venv/lib/python3.13/site-packages/diffrax/_integrate.py:471:21
'>/home/lawrence/git/DISCO-EB/.venv/lib/python3.13/site-packages/equinox/internal/_loop/bounded.py:72</div>"
"56.0","7","input fusion","input_reduce_fusion","%input_reduce_fusion = pred[] fusion(s64[8]{0} %get-tuple-element.14675, pred[8]{0} %get-tuple-element.14698, f64[8]{0} %get-tuple-element.14697, f64[8,320]{1,0} %get-tuple-element.14696), kind=kInput, calls=%fused_reduce","jit(compute_Cell_spectrum_from_cosmo_params)/jit(main)/jit(evolve_perturbations_batched)/vmap(jit(diffeqsolve))/outer-loop/while/body/checkpoint/cond/branch_1_fun/while/body/checkpoint/cond/branch_1_fun/while/body/cond/branch_1_fun/inner-loop/while/body/checkpoint/cond/branch_1_fun/while/body/checkpoint/cond/branch_1_fun/while/body/reduce_or:","6096.0","6216.604","1.019784120734908","6216.604","1.019784120734908","0.08076758254576516","77.7216657552308","0.0","6.461171404837754","6.461171404837754","0.18356418156698534","0.18356418156698534","0.0","0.0","32.78109452736319","HBM","No","No","No","<div class='source-info-cell' title='/home/lawrence/git/DISCO-EB/.venv/lib/python3.13/site-packages/equinox/_unvmap.py:50:23
/home/lawrence/git/DISCO-EB/.venv/lib/python3.13/site-packages/equinox/internal/_loop/common.py:475:14
/home/lawrence/git/DISCO-EB/.venv/lib/python3.13/site-packages/equinox/internal/_loop/bounded.py:72:28
/home/lawrence/git/DISCO-EB/.venv/lib/python3.13/site-packages/equinox/internal/_loop/bounded.py:78:15
/home/lawrence/git/DISCO-EB/.venv/lib/python3.13/site-packages/equinox/internal/_loop/bounded.py:69:19
/home/lawrence/git/DISCO-EB/.venv/lib/python3.13/site-packages/equinox/internal/_loop/bounded.py:72:19
/home/lawrence/git/DISCO-EB/.venv/lib/python3.13/site-packages/equinox/internal/_loop/bounded.py:78:15
/home/lawrence/git/DISCO-EB/.venv/lib/python3.13/site-packages/equinox/internal/_loop/bounded.py:69:19
/home/lawrence/git/DISCO-EB/.venv/lib/python3.13/site-packages/equinox/internal/_loop/bounded.py:72:19
/home/lawrence/git/DISCO-EB/.venv/lib/python3.13/site-packages/equinox/internal/_loop/bounded.py:78:15
'>/home/lawrence/git/DISCO-EB/.venv/lib/python3.13/site-packages/equinox/_unvmap.py:50</div>"
"57.0","7","loop fusion","loop_multiply_fusion.20","%loop_multiply_fusion.20 = f64[1,8192,16384]{2,1,0} fusion(f64[320,8192]{1,0} %get-tuple-element.668.0, s32[16384]{0} %get-tuple-element.17893, s32[16384]{0} %get-tuple-element.17892, f64[8192,320]{1,0} %input_concatenate_fusion.22, f64[16384]{0} %get-tuple-element.17894, /*index=5*/f64[16384]{0} %get-tuple-element.17890, f64[16384]{0} %get-tuple-element.17888, f64[16384]{0} %get-tuple-element.17891, f64[16384]{0} %get-tuple-element.17889, f64[320]{0} %get-tuple-element.667.0), kind=kLoop, calls=%fused_multiply.20","jit(compute_Cell_spectrum_from_cosmo_params)/jit(main)/jit(compute_theta_ell)/mul:","1.0","6105.334","6105.334","6105.334","6105.334","0.07932193651300076","77.8009876917438","0.0","21324.693236438827","21324.693236438827","170.3096515376212","170.3096515376212","0.0","0.0","116.61211228218853","HBM","No","No","No","<div class='source-info-cell' title='/home/lawrence/git/DISCO-EB/src/discoeb/cmb.py:785:15
/home/lawrence/git/DISCO-EB/src/discoeb/cmb.py:1063:24
/home/lawrence/git/DISCO-EB/scripts/profile_CMB.py:38:0
'>/home/lawrence/git/DISCO-EB/src/discoeb/cmb.py:785</div>"
"58.0","7","loop fusion","loop_convert_fusion.1","%loop_convert_fusion.1 = s32[] fusion(pred[] %input_reduce_fusion.8, s64[] %get-tuple-element.14817), kind=kLoop, calls=%fused_convert.1","jit(compute_Cell_spectrum_from_cosmo_params)/jit(main)/jit(evolve_perturbations_batched)/vmap(jit(diffeqsolve))/outer-loop/while/body/checkpoint/cond/branch_1_fun/while/body/checkpoint/cond/branch_1_fun/while/body/cond/branch_1_fun/inner-loop/while/body/checkpoint/cond/branch_1_fun/while/body/checkpoint/convert_element_type:","6032.0","5725.155","0.9491304708222811","5725.155","0.9491304708222811","0.07438256145152564","77.87537025319533","0.0","0.00948236335959463","0.00948236335959463","0.012756089749718105","0.012756089749718105","0.0","0.0","0.6923076923076923","HBM","No","No","No","<div class='source-info-cell' title='/home/lawrence/git/DISCO-EB/.venv/lib/python3.13/site-packages/equinox/internal/_loop/bounded.py:72:19
/home/lawrence/git/DISCO-EB/.venv/lib/python3.13/site-packages/equinox/internal/_loop/bounded.py:78:15
/home/lawrence/git/DISCO-EB/.venv/lib/python3.13/site-packages/equinox/internal/_loop/bounded.py:69:19
/home/lawrence/git/DISCO-EB/.venv/lib/python3.13/site-packages/equinox/internal/_loop/bounded.py:72:19
/home/lawrence/git/DISCO-EB/.venv/lib/python3.13/site-packages/equinox/internal/_loop/bounded.py:78:15
/home/lawrence/git/DISCO-EB/.venv/lib/python3.13/site-packages/equinox/internal/_loop/bounded.py:59:19
/home/lawrence/git/DISCO-EB/.venv/lib/python3.13/site-packages/equinox/internal/_loop/loop.py:119:15
/home/lawrence/git/DISCO-EB/.venv/lib/python3.13/site-packages/diffrax/_integrate.py:462:19
/home/lawrence/git/DISCO-EB/.venv/lib/python3.13/site-packages/diffrax/_integrate.py:435:29
/home/lawrence/git/DISCO-EB/.venv/lib/python3.13/site-packages/diffrax/_integrate.py:471:21
'>/home/lawrence/git/DISCO-EB/.venv/lib/python3.13/site-packages/equinox/internal/_loop/bounded.py:72</div>"
"59.0","7","loop fusion","loop_gather_fusion.7","%loop_gather_fusion.7 = f64[9216,1,1,1,1]{0,4,3,2,1} fusion(f64[72,1,8,16]{3,2,1,0} %get-tuple-element.18138, f64[72,8,16]{2,1,0} %get-tuple-element.18137, s32[8,16,72]{2,1,0} %custom-call.11, f64[8,16]{1,0} %get-tuple-element.23438.0, f64[8,16,72]{1,0,2} %get-tuple-element.13554.0, /*index=5*/f64[8,16]{1,0} %get-tuple-element.18112, f64[8,16]{1,0} %get-tuple-element.18108, f64[8,16]{1,0} %get-tuple-element.18106, f64[3]{0} %get-tuple-element.23473.0, f64[8]{0} %get-tuple-element.14874, /*index=10*/s64[5]{0} %get-tuple-element.23474.0, s64[8]{0} %get-tuple-element.23431.0, f64[] %get-tuple-element.23463.0, f64[8,16]{1,0} %get-tuple-element.18107, f64[] %get-tuple-element.23464.0, /*index=15*/f64[8]{0} %get-tuple-element.18083, f64[8,16]{1,0} %get-tuple-element.18110, f64[8,16]{1,0} %get-tuple-element.18104), kind=kLoop, calls=%fused_gather.7","jit(compute_Cell_spectrum_from_cosmo_params)/jit(main)/jit(evolve_perturbations_batched)/vmap(jit(diffeqsolve))/outer-loop/while/body/checkpoint/cond/branch_1_fun/while/body/checkpoint/cond/branch_1_fun/while/body/cond/branch_1_fun/vmap(jit(lu_solve))/jit(_lu_solve)/gather:","587.0","5493.949","9.35936797274276","5493.949","9.35936797274276","0.07137867867403552","77.94674893186937","0.0","1351.0108841563692","1351.0108841563692","26.970375709013396","26.970375709013396","0.0","0.0","46.65218417945691","HBM","No","No","No","<div class='source-info-cell' title='/home/lawrence/git/DISCO-EB/src/discoeb/ode_integrators_stiff.py:1008:13
/home/lawrence/git/DISCO-EB/.venv/lib/python3.13/site-packages/equinox/_module/_prebuilt.py:33:15
/home/lawrence/git/DISCO-EB/.venv/lib/python3.13/site-packages/diffrax/_integrate.py:349:64
/home/lawrence/git/DISCO-EB/.venv/lib/python3.13/site-packages/equinox/_eval_shape.py:33:15
/home/lawrence/git/DISCO-EB/.venv/lib/python3.13/site-packages/equinox/_eval_shape.py:38:30
/home/lawrence/git/DISCO-EB/.venv/lib/python3.13/site-packages/diffrax/_integrate.py:619:36
/home/lawrence/git/DISCO-EB/.venv/lib/python3.13/site-packages/diffrax/_adjoint.py:393:22
/home/lawrence/git/DISCO-EB/.venv/lib/python3.13/site-packages/equinox/_module/_prebuilt.py:33:15
/home/lawrence/git/DISCO-EB/.venv/lib/python3.13/site-packages/diffrax/_integrate.py:1416:29
/home/lawrence/git/DISCO-EB/.venv/lib/python3.13/site-packages/equinox/_jit.py:55:14
'>/home/lawrence/git/DISCO-EB/src/discoeb/ode_integrators_stiff.py:1008</div>"
"60.0","7","loop fusion","loop_select_fusion.28","%loop_select_fusion.28 = f64[8,16,72,72]{3,2,1,0} fusion(f64[8,16,72,72]{2,3,1,0} %get-tuple-element.156.0, s32[8,16]{1,0} %get-tuple-element.155.0), kind=kLoop, calls=%fused_select.28","jit(compute_Cell_spectrum_from_cosmo_params)/jit(main)/jit(evolve_perturbations_batched)/vmap(jit(diffeqsolve))/outer-loop/while/body/checkpoint/cond/branch_1_fun/while/body/checkpoint/cond/branch_1_fun/while/body/cond/branch_1_fun/vmap(jit(lu_factor))/lu:","587.0","5250.761","8.945078364565589","5250.761","8.945078364565589","0.06821912293200347","78.01496805480137","0.0","222.58497006433925","222.58497006433925","1105.4315844597315","1105.4315844597315","0.0","0.0","0.18752712542797897","HBM","No","No","No","<div class='source-info-cell' title='/home/lawrence/git/DISCO-EB/src/discoeb/ode_integrators_stiff.py:996:22
/home/lawrence/git/DISCO-EB/src/discoeb/ode_integrators_stiff.py:1002:21
/home/lawrence/git/DISCO-EB/.venv/lib/python3.13/site-packages/equinox/_module/_prebuilt.py:33:15
/home/lawrence/git/DISCO-EB/.venv/lib/python3.13/site-packages/diffrax/_integrate.py:349:64
/home/lawrence/git/DISCO-EB/.venv/lib/python3.13/site-packages/equinox/_eval_shape.py:33:15
/home/lawrence/git/DISCO-EB/.venv/lib/python3.13/site-packages/equinox/_eval_shape.py:38:30
/home/lawrence/git/DISCO-EB/.venv/lib/python3.13/site-packages/diffrax/_integrate.py:619:36
/home/lawrence/git/DISCO-EB/.venv/lib/python3.13/site-packages/diffrax/_adjoint.py:393:22
/home/lawrence/git/DISCO-EB/.venv/lib/python3.13/site-packages/equinox/_module/_prebuilt.py:33:15
/home/lawrence/git/DISCO-EB/.venv/lib/python3.13/site-packages/diffrax/_integrate.py:1416:29
'>/home/lawrence/git/DISCO-EB/src/discoeb/ode_integrators_stiff.py:996</div>"
"61.0","7","conditional","conditional.6","%conditional.6 = (s64[], pred[8]{0}, s64[8]{0}, f64[8,320]{1,0}, pred[8]{0}, /*index=5*/f64[8,320,16,72]{3,2,1,0}, pred[8]{0}, s64[8]{0}) conditional(s32[] %loop_convert_fusion, (s64[], pred[8]{0}, s64[8]{0}, f64[8,320]{1,0}, pred[8]{0}, /*index=5*/f64[8,320,16,72]{3,2,1,0}, pred[8]{0}, s64[8]{0}) %tuple.87.0, (s64[8]{0}, f64[8,320]{1,0}, f64[8]{0}, f64[8]{0}, f64[8,16,72]{2,1,0}, /*index=5*/f64[8,16,72]{2,1,0}, pred[8]{0}, pred[8]{0}, s64[8]{0}, f64[8,320]{1,0}, /*index=10*/pred[8]{0}, f64[8,320,16,72]{3,2,1,0}, s64[], pred[8]{0}) %tuple.88.0), branch_computations={%region_644.36318, %region_653.36585}, control-predecessors={%loop_convert_fusion, %input_reduce_fusion}","jit(compute_Cell_spectrum_from_cosmo_params)/jit(main)/jit(evolve_perturbations_batched)/vmap(jit(diffeqsolve))/outer-loop/while/body/checkpoint/cond/branch_1_fun/while/body/checkpoint/cond/branch_1_fun/while/body/cond/branch_1_fun/inner-loop/while/body/checkpoint/cond/branch_1_fun/while/body/checkpoint/cond/branch_1_fun/while/body/cond:","6096.0","4982.213","0.8172921587926508","4982.213","0.8172921587926508","0.0647300841002715","78.07969813890165","0.0","3400.6480670336655","3400.6480670336655","54237.674981497425","26992.30038542719","0.0","0.0","0.0583929955373523","HBM","No","No","No","<div class='source-info-cell' title='/home/lawrence/git/DISCO-EB/.venv/lib/python3.13/site-packages/equinox/internal/_loop/bounded.py:72:19
/home/lawrence/git/DISCO-EB/.venv/lib/python3.13/site-packages/equinox/internal/_loop/bounded.py:78:15
/home/lawrence/git/DISCO-EB/.venv/lib/python3.13/site-packages/equinox/internal/_loop/bounded.py:69:19
/home/lawrence/git/DISCO-EB/.venv/lib/python3.13/site-packages/equinox/internal/_loop/bounded.py:72:19
/home/lawrence/git/DISCO-EB/.venv/lib/python3.13/site-packages/equinox/internal/_loop/bounded.py:78:15
/home/lawrence/git/DISCO-EB/.venv/lib/python3.13/site-packages/equinox/internal/_loop/bounded.py:69:19
/home/lawrence/git/DISCO-EB/.venv/lib/python3.13/site-packages/equinox/internal/_loop/bounded.py:72:19
/home/lawrence/git/DISCO-EB/.venv/lib/python3.13/site-packages/equinox/internal/_loop/bounded.py:78:15
/home/lawrence/git/DISCO-EB/.venv/lib/python3.13/site-packages/equinox/internal/_loop/bounded.py:59:19
/home/lawrence/git/DISCO-EB/.venv/lib/python3.13/site-packages/equinox/internal/_loop/loop.py:119:15
'>/home/lawrence/git/DISCO-EB/.venv/lib/python3.13/site-packages/equinox/internal/_loop/bounded.py:72</div>"
"62.0","7","loop fusion","loop_add_fusion.37","%loop_add_fusion.37 = s64[] fusion(s64[] %get-tuple-element.14672), kind=kLoop, calls=%fused_add.37","jit(compute_Cell_spectrum_from_cosmo_params)/jit(main)/jit(evolve_perturbations_batched)/vmap(jit(diffeqsolve))/outer-loop/while/body/checkpoint/cond/branch_1_fun/while/body/checkpoint/cond/branch_1_fun/while/body/cond/branch_1_fun/inner-loop/while/body/checkpoint/cond/branch_1_fun/while/body/checkpoint/cond/branch_1_fun/while/body/add:","6096.0","4977.05","0.8164452099737534","4977.05","0.8164452099737534","0.0646630051889103","78.14436114409055","0.0","0.0036744657980128793","0.0036744657980128793","0.01825126905248999","0.01825126905248999","0.0","0.0","0.1875","HBM","No","No","No","<div class='source-info-cell' title='/home/lawrence/git/DISCO-EB/.venv/lib/python3.13/site-packages/equinox/internal/_loop/bounded.py:78:15
/home/lawrence/git/DISCO-EB/.venv/lib/python3.13/site-packages/equinox/internal/_loop/bounded.py:69:19
/home/lawrence/git/DISCO-EB/.venv/lib/python3.13/site-packages/equinox/internal/_loop/bounded.py:72:19
/home/lawrence/git/DISCO-EB/.venv/lib/python3.13/site-packages/equinox/internal/_loop/bounded.py:78:15
/home/lawrence/git/DISCO-EB/.venv/lib/python3.13/site-packages/equinox/internal/_loop/bounded.py:69:19
/home/lawrence/git/DISCO-EB/.venv/lib/python3.13/site-packages/equinox/internal/_loop/bounded.py:72:19
/home/lawrence/git/DISCO-EB/.venv/lib/python3.13/site-packages/equinox/internal/_loop/bounded.py:78:15
/home/lawrence/git/DISCO-EB/.venv/lib/python3.13/site-packages/equinox/internal/_loop/bounded.py:59:19
/home/lawrence/git/DISCO-EB/.venv/lib/python3.13/site-packages/equinox/internal/_loop/loop.py:119:15
/home/lawrence/git/DISCO-EB/.venv/lib/python3.13/site-packages/diffrax/_integrate.py:462:19
'>/home/lawrence/git/DISCO-EB/.venv/lib/python3.13/site-packages/equinox/internal/_loop/bounded.py:78</div>"
"63.0","7","loop fusion","loop_convert_fusion","%loop_convert_fusion = s32[] fusion(pred[] %input_reduce_fusion, s64[] %get-tuple-element.14673), kind=kLoop, calls=%fused_convert","jit(compute_Cell_spectrum_from_cosmo_params)/jit(main)/jit(evolve_perturbations_batched)/vmap(jit(diffeqsolve))/outer-loop/while/body/checkpoint/cond/branch_1_fun/while/body/checkpoint/cond/branch_1_fun/while/body/cond/branch_1_fun/inner-loop/while/body/checkpoint/cond/branch_1_fun/while/body/checkpoint/cond/branch_1_fun/while/body/convert_element_type:","6096.0","4968.444","0.8150334645669292","4968.444","0.8150334645669292","0.06455119401107287","78.20891233810163","0.0","0.011042491371544089","0.011042491371544089","0.014854842158455934","0.014854842158455934","0.0","0.0","0.6923076923076923","HBM","No","No","No","<div class='source-info-cell' title='/home/lawrence/git/DISCO-EB/.venv/lib/python3.13/site-packages/equinox/internal/_loop/bounded.py:72:19
/home/lawrence/git/DISCO-EB/.venv/lib/python3.13/site-packages/equinox/internal/_loop/bounded.py:78:15
/home/lawrence/git/DISCO-EB/.venv/lib/python3.13/site-packages/equinox/internal/_loop/bounded.py:69:19
/home/lawrence/git/DISCO-EB/.venv/lib/python3.13/site-packages/equinox/internal/_loop/bounded.py:72:19
/home/lawrence/git/DISCO-EB/.venv/lib/python3.13/site-packages/equinox/internal/_loop/bounded.py:78:15
/home/lawrence/git/DISCO-EB/.venv/lib/python3.13/site-packages/equinox/internal/_loop/bounded.py:69:19
/home/lawrence/git/DISCO-EB/.venv/lib/python3.13/site-packages/equinox/internal/_loop/bounded.py:72:19
/home/lawrence/git/DISCO-EB/.venv/lib/python3.13/site-packages/equinox/internal/_loop/bounded.py:78:15
/home/lawrence/git/DISCO-EB/.venv/lib/python3.13/site-packages/equinox/internal/_loop/bounded.py:59:19
/home/lawrence/git/DISCO-EB/.venv/lib/python3.13/site-packages/equinox/internal/_loop/loop.py:119:15
'>/home/lawrence/git/DISCO-EB/.venv/lib/python3.13/site-packages/equinox/internal/_loop/bounded.py:72</div>"
"64.0","7","data formatting","copy.197","%copy.197 = s64[8]{0} copy(s64[8]{0} %get-tuple-element.14695)","","6096.0","4873.998","0.7995403543307086","4873.998","0.7995403543307086","0.0633241293466488","78.27223646744828","0.0","0.0","0.0","0.14909727683547727","0.14909727683547727","0.0","0.0","0.0","HBM","No","No","No",""
"65.0","7","call","call.595","%call.595 = (s64[], pred[], f64[6]{0}, pred[], pred[], /*index=5*/(s32[], f64[], f64[1]{0}, f64[1]{0}, f64[], /*index=5*/s64[])) call(s64[] %get-tuple-element.15736, s32[2]{0} %constant_19605_0, f64[6,1024]{1,0} %get-tuple-element.15737, f64[] %get-tuple-element.15764, f64[1025]{0} %get-tuple-element.15763), to_apply=%command_buffer.56","","5120.0","4872.902","0.951738671875","4872.902","0.951738671875","0.06330988985665231","78.33554635730493","0.0","9.082325070358484","9.082325070358484","0.3043286243006157","0.22506618517408875","0.0","0.0","27.794212218649516","HBM","No","No","No",""
"66.0","7","data formatting","copy.192","%copy.192 = s64[8]{0} copy(s64[8]{0} %get-tuple-element.14690)","","6096.0","4852.521","0.7960172244094488","4852.521","0.7960172244094488","0.06304509510700036","78.39859145241194","0.0","0.0","0.0","0.14975717345717052","0.14975717345717052","0.0","0.0","0.0","HBM","No","No","No",""
"67.0","7","data formatting","copy.191","%copy.191 = pred[8]{0} copy(pred[8]{0} %get-tuple-element.14689)","","6096.0","4839.03","0.7938041338582676","4839.03","0.7938041338582676","0.06286981685924245","78.46146126927118","0.0","0.0","0.0","0.018771836222899074","0.018771836222899074","0.0","0.0","0.0","HBM","No","No","No",""
"68.0","7","data formatting","copy.164","%copy.164 = s64[8]{0} copy(s64[8]{0} %get-tuple-element.14648)","","4851.0","3873.203","0.7984339311482168","3873.203","0.7984339311482168","0.05032156512124711","78.51178283439243","0.0","0.0","0.0","0.1493038871473661","0.1493038871473661","0.0","0.0","0.0","HBM","No","No","No",""
"69.0","7","data formatting","copy.161","%copy.161 = s64[8]{0} copy(s64[8]{0} %get-tuple-element.14643)","","4851.0","3867.025","0.7971603793032365","3867.025","0.7971603793032365","0.050241299090956655","78.56202413348339","0.0","0.0","0.0","0.14954241661505674","0.14954241661505674","0.0","0.0","0.0","HBM","No","No","No",""
"70.0","7","data formatting","copy.160","%copy.160 = pred[8]{0} copy(pred[8]{0} %get-tuple-element.14642)","","4851.0","3859.02","0.7955102040816326","3859.02","0.7955102040816326","0.05013729624659359","78.61216142972998","0.0","0.0","0.0","0.01873157769365149","0.01873157769365149","0.0","0.0","0.0","HBM","No","No","No",""
"71.0","7","loop fusion","loop_and_fusion","%loop_and_fusion = pred[] fusion(s64[] %get-tuple-element.11983.0, f64[] %get-tuple-element.11984.0, f64[] %get-tuple-element.11985.0), kind=kLoop, calls=%fused_and","jit(compute_Cell_spectrum_from_cosmo_params)/jit(main)/jit(evolve_background)/jit(evaluate_thermo)/while/body/cond/branch_0_fun/cond/branch_0_fun/cond/branch_0_fun/jit(diffeqsolve)/outer-loop/while/cond/and:","2999.0","2579.479","0.8601130376792263","2579.479","0.8601130376792263","0.033513198372868494","78.64567462810285","0.0","0.010463740933731192","0.010463740933731192","0.027069772629199733","0.027069772629199733","0.0","0.0","0.36","HBM","No","No","No","<div class='source-info-cell' title='/home/lawrence/git/DISCO-EB/.venv/lib/python3.13/site-packages/equinox/internal/_loop/common.py:479:18
/home/lawrence/git/DISCO-EB/.venv/lib/python3.13/site-packages/equinox/internal/_loop/loop.py:103:29
/home/lawrence/git/DISCO-EB/.venv/lib/python3.13/site-packages/equinox/_module/_prebuilt.py:81:15
/home/lawrence/git/DISCO-EB/.venv/lib/python3.13/site-packages/diffrax/_integrate.py:638:18
/home/lawrence/git/DISCO-EB/.venv/lib/python3.13/site-packages/diffrax/_adjoint.py:904:22
/home/lawrence/git/DISCO-EB/.venv/lib/python3.13/site-packages/equinox/_module/_prebuilt.py:33:15
/home/lawrence/git/DISCO-EB/.venv/lib/python3.13/site-packages/diffrax/_integrate.py:1416:29
/home/lawrence/git/DISCO-EB/.venv/lib/python3.13/site-packages/equinox/_jit.py:55:14
/home/lawrence/git/DISCO-EB/.venv/lib/python3.13/site-packages/equinox/_jit.py:263:37
/home/lawrence/git/DISCO-EB/.venv/lib/python3.13/site-packages/equinox/_jit.py:209:19
'>/home/lawrence/git/DISCO-EB/.venv/lib/python3.13/site-packages/equinox/internal/_loop/common.py:479</div>"
"72.0","7","while","while.598","%while.598 = (s64[], f64[3]{0}, f64[], f64[], f64[], /*index=5*/s64[], f64[], f64[], f64[], f64[], /*index=10*/f64[], f64[], f64[512]{0}, f64[512]{0}, f64[512]{0}, /*index=15*/f64[], f64[], f64[], f64[], s64[], /*index=20*/f64[], f64[], f64[], f64[], f64[]) while((s64[], f64[3]{0}, f64[], f64[], f64[], /*index=5*/s64[], f64[], f64[], f64[], f64[], /*index=10*/f64[], f64[], f64[512]{0}, f64[512]{0}, f64[512]{0}, /*index=15*/f64[], f64[], f64[], f64[], s64[], /*index=20*/f64[], f64[], f64[], f64[], f64[]) %tuple.4196), condition=%region_69.7295.clone.1.clone, body=%region_67.7256.clone.1.clone","jit(compute_Cell_spectrum_from_cosmo_params)/jit(main)/jit(evolve_background)/jit(evaluate_thermo)/while/body/cond/branch_0_fun/cond/branch_0_fun/cond/branch_0_fun/jit(diffeqsolve)/outer-loop/while:","2999.0","2329.893","0.776889963321107","2329.893","0.776889963321107","0.030270518308758355","78.6759451464116","0.0","1339.8757213314088","1339.8757213314088","8.965698959184795","0.9506350146588506","0.0","0.0","139.18117395373713","Compute","No","No","No","<div class='source-info-cell' title='/home/lawrence/git/DISCO-EB/.venv/lib/python3.13/site-packages/equinox/internal/_loop/loop.py:103:29
/home/lawrence/git/DISCO-EB/.venv/lib/python3.13/site-packages/equinox/_module/_prebuilt.py:81:15
/home/lawrence/git/DISCO-EB/.venv/lib/python3.13/site-packages/diffrax/_integrate.py:638:18
/home/lawrence/git/DISCO-EB/.venv/lib/python3.13/site-packages/diffrax/_adjoint.py:904:22
/home/lawrence/git/DISCO-EB/.venv/lib/python3.13/site-packages/equinox/_module/_prebuilt.py:33:15
/home/lawrence/git/DISCO-EB/.venv/lib/python3.13/site-packages/diffrax/_integrate.py:1416:29
/home/lawrence/git/DISCO-EB/.venv/lib/python3.13/site-packages/equinox/_jit.py:55:14
/home/lawrence/git/DISCO-EB/.venv/lib/python3.13/site-packages/equinox/_jit.py:263:37
/home/lawrence/git/DISCO-EB/.venv/lib/python3.13/site-packages/equinox/_jit.py:209:19
/home/lawrence/git/DISCO-EB/src/discoeb/thermodynamics_recfast.py:284:7
'>/home/lawrence/git/DISCO-EB/.venv/lib/python3.13/site-packages/equinox/internal/_loop/loop.py:103</div>"
"73.0","7","call","call.623","%call.623 = (s64[], f64[318]{0}, f64[8192,318]{1,0}) call(s64[] %get-tuple-element.16773, f64[8192,318]{1,0} %get-tuple-element.16775, f64[318]{0} %get-tuple-element.16774, f64[318]{0} %get-tuple-element.16783, f64[318]{0} %get-tuple-element.16784, /*index=5*/s32[2]{0} %constant_19903_0, f64[318]{0} %get-tuple-element.16785, f64[8192,318]{1,0} %get-tuple-element.16786), to_apply=%command_buffer.110","","1902.0","2048.465","1.0770057833859097","2048.465","1.0770057833859097","0.026614139485096822","78.7025592858967","0.0","16834.91424066313","16834.91424066313","340.2015758060096","226.83765757288242","0.0","0.0","46.086605086701674","HBM","No","No","No",""
"74.0","7","call","call.601","%call.601 = (s64[], pred[8]{0}, s32[8]{0}, f64[8]{0}, f64[8]{0}, /*index=5*/f64[8]{0}, s64[8]{0}, s64[8]{0}, s64[8]{0}, s64[8]{0}, /*index=10*/s64[8]{0}, f64[8,320]{1,0}, f64[8,16,72]{1,0,2}, f64[8,320,16,72]{3,2,1,0}) call(s64[] %get-tuple-element.15496, pred[8]{0} %get-tuple-element.15497, s32[8]{0} %get-tuple-element.15502, f64[8]{0} %get-tuple-element.15499, f64[8]{0} %get-tuple-element.15500, /*index=5*/f64[8]{0} %get-tuple-element.15501, s64[8]{0} %get-tuple-element.15503, s64[8]{0} %get-tuple-element.15504, s64[8]{0} %get-tuple-element.15505, s64[8]{0} %get-tuple-element.15506, /*index=10*/s64[8]{0} %get-tuple-element.15509, f64[8,320]{1,0} %get-tuple-element.15507, f64[8,16,72]{1,0,2} %get-tuple-element.15498, f64[8,320,16,72]{3,2,1,0} %get-tuple-element.15508), to_apply=%command_buffer.66","","672.0","1794.924","2.671017857142857","1794.924","2.671017857142857","0.023320075129986562","78.72587936102668","0.0","0.0","0.0","16518.77236448998","8259.366656331285","0.0","0.0","0.0","HBM","No","No","No",""
"75.0","7","call","call.625","%call.625 = (s64[], f64[318]{0}, f64[128,318]{1,0}) call(s64[] %get-tuple-element.16446, f64[318]{0} %get-tuple-element.16447, f64[318]{0} %get-tuple-element.16456, f64[318]{0} %get-tuple-element.16457, s32[2]{0} %constant_19857_0, /*index=5*/f64[128,318]{1,0} %get-tuple-element.16459, f64[128,318]{1,0} %get-tuple-element.16448, f64[318]{0} %get-tuple-element.16458), to_apply=%command_buffer.114","","1902.0","1758.823","0.9247229232386962","1758.823","0.9247229232386962","0.022851042439873976","78.74873040346657","0.0","308.92388716772524","308.92388716772524","6.399347837491913","4.29543886164668","0.0","0.0","44.95892351274787","HBM","No","No","No",""
"76.0","7","call","call.602","%call.602 = (s64[], s64[8]{0}, pred[8]{0}, s32[8]{0}, f64[8]{0}, /*index=5*/f64[8]{0}, f64[8]{0}, s64[8]{0}, s64[8]{0}, s64[8]{0}, /*index=10*/s64[8]{0}, f64[8,320]{1,0}, f64[8,16,72]{1,0,2}, f64[8,320,16,72]{3,2,1,0}) call(s64[] %get-tuple-element.15267, s64[8]{0} %get-tuple-element.15280, pred[8]{0} %get-tuple-element.15268, s32[8]{0} %get-tuple-element.15273, f64[8]{0} %get-tuple-element.15270, /*index=5*/f64[8]{0} %get-tuple-element.15271, f64[8]{0} %get-tuple-element.15272, s64[8]{0} %get-tuple-element.15274, s64[8]{0} %get-tuple-element.15275, s64[8]{0} %get-tuple-element.15276, /*index=10*/s64[8]{0} %get-tuple-element.15277, f64[8,320]{1,0} %get-tuple-element.15278, f64[8,16,72]{1,0,2} %get-tuple-element.15269, f64[8,320,16,72]{3,2,1,0} %get-tuple-element.15279), to_apply=%command_buffer.68","","518.0","1428.638","2.757988416988417","1428.638","2.757988416988417","0.018561201194899474","78.76729160466147","0.0","0.0","0.0","15997.868479741328","7998.915329688206","0.0","0.0","0.0","HBM","No","No","No",""
"77.0","7","loop fusion","loop_dynamic_update_slice_fusion.78","%loop_dynamic_update_slice_fusion.78 = f64[1022]{0} fusion(f64[1022]{0} %get-tuple-element.16673, f64[1]{0} %get-tuple-element.13874, f64[1]{0} %loop_dynamic_slice_fusion.17, f64[1022]{0} %get-tuple-element.16684, f64[1022]{0} %get-tuple-element.16682, /*index=5*/s64[] %get-tuple-element.16678, s64[] %copy.1284), kind=kLoop, calls=%fused_dynamic_update_slice.78, control-predecessors={%loop_dynamic_slice_fusion.17}","jit(compute_Cell_spectrum_from_cosmo_params)/jit(main)/jit(evolve_background)/while/body/scatter:","1021.0","1229.794","1.2044995102840355","1229.794","1.2044995102840355","0.01597777313936785","78.78326937780082","0.0","1.8895815071467255","1.8895815071467255","0.04948498879948497","0.04948498879948497","0.0","0.0","35.5625","HBM","No","No","No","<div class='source-info-cell' title='/home/lawrence/git/DISCO-EB/src/discoeb/spline_interpolation.py:68:21
/home/lawrence/git/DISCO-EB/src/discoeb/spline_interpolation.py:71:21
/home/lawrence/git/DISCO-EB/src/discoeb/background.py:248:40
/home/lawrence/git/DISCO-EB/src/discoeb/cmb.py:987:12
/home/lawrence/git/DISCO-EB/scripts/profile_CMB.py:38:0
'>/home/lawrence/git/DISCO-EB/src/discoeb/spline_interpolation.py:68</div>"
"78.0","7","loop fusion","loop_dynamic_update_slice_fusion.80","%loop_dynamic_update_slice_fusion.80 = f64[1022]{0} fusion(f64[1022]{0} %get-tuple-element.16640, f64[1]{0} %get-tuple-element.13876, f64[1]{0} %loop_dynamic_slice_fusion.18, f64[1022]{0} %get-tuple-element.16651, f64[1022]{0} %get-tuple-element.16649, /*index=5*/s64[] %get-tuple-element.16645, s64[] %copy.1269), kind=kLoop, calls=%fused_dynamic_update_slice.80, control-predecessors={%loop_dynamic_slice_fusion.18}","jit(compute_Cell_spectrum_from_cosmo_params)/jit(main)/jit(evolve_background)/while/body/scatter:","1021.0","1228.674","1.2034025465230167","1228.674","1.2034025465230167","0.015963221835721797","78.79923259963655","0.0","1.8913039585764817","1.8913039585764817","0.04953009693024661","0.04953009693024661","0.0","0.0","35.5625","HBM","No","No","No","<div class='source-info-cell' title='/home/lawrence/git/DISCO-EB/src/discoeb/spline_interpolation.py:68:21
/home/lawrence/git/DISCO-EB/src/discoeb/spline_interpolation.py:71:21
/home/lawrence/git/DISCO-EB/src/discoeb/background.py:248:40
/home/lawrence/git/DISCO-EB/src/discoeb/cmb.py:987:12
/home/lawrence/git/DISCO-EB/scripts/profile_CMB.py:38:0
'>/home/lawrence/git/DISCO-EB/src/discoeb/spline_interpolation.py:68</div>"
"79.0","7","loop fusion","loop_dynamic_update_slice_fusion.76","%loop_dynamic_update_slice_fusion.76 = f64[1022]{0} fusion(f64[1022]{0} %get-tuple-element.16574, f64[1]{0} %get-tuple-element.13872, f64[1]{0} %loop_dynamic_slice_fusion.16, f64[1022]{0} %get-tuple-element.16585, f64[1022]{0} %get-tuple-element.16583, /*index=5*/s64[] %get-tuple-element.16579, s64[] %copy.1239), kind=kLoop, calls=%fused_dynamic_update_slice.76, control-predecessors={%loop_dynamic_slice_fusion.16}","jit(compute_Cell_spectrum_from_cosmo_params)/jit(main)/jit(evolve_background)/while/body/scatter:","1021.0","1223.184","1.1980254652301665","1223.184","1.1980254652301665","0.015891894463385348","78.81512449409993","0.0","1.899792672239009","1.899792672239009","0.04975240218615827","0.04975240218615827","0.0","0.0","35.5625","HBM","No","No","No","<div class='source-info-cell' title='/home/lawrence/git/DISCO-EB/src/discoeb/spline_interpolation.py:68:21
/home/lawrence/git/DISCO-EB/src/discoeb/spline_interpolation.py:71:21
/home/lawrence/git/DISCO-EB/src/discoeb/background.py:248:40
/home/lawrence/git/DISCO-EB/src/discoeb/cmb.py:987:12
/home/lawrence/git/DISCO-EB/scripts/profile_CMB.py:38:0
'>/home/lawrence/git/DISCO-EB/src/discoeb/spline_interpolation.py:68</div>"
"80.0","7","loop fusion","loop_dynamic_update_slice_fusion.66","%loop_dynamic_update_slice_fusion.66 = f64[1022]{0} fusion(f64[1022]{0} %get-tuple-element.16181, f64[1]{0} %get-tuple-element.13862, f64[1]{0} %loop_dynamic_slice_fusion.11, f64[1022]{0} %get-tuple-element.16192, f64[1022]{0} %get-tuple-element.16190, /*index=5*/s64[] %get-tuple-element.16186, s64[] %copy.1001), kind=kLoop, calls=%fused_dynamic_update_slice.66, control-predecessors={%loop_dynamic_slice_fusion.11}","jit(compute_Cell_spectrum_from_cosmo_params)/jit(main)/jit(evolve_background)/while/body/scatter:","1021.0","1212.709","1.187765915768854","1212.709","1.187765915768854","0.015755800797588575","78.83088029489753","0.0","1.9162024855097142","1.9162024855097142","0.05018214783239328","0.05018214783239328","0.0","0.0","35.5625","HBM","No","No","No","<div class='source-info-cell' title='/home/lawrence/git/DISCO-EB/src/discoeb/spline_interpolation.py:68:21
/home/lawrence/git/DISCO-EB/src/discoeb/spline_interpolation.py:71:21
/home/lawrence/git/DISCO-EB/src/discoeb/background.py:248:40
/home/lawrence/git/DISCO-EB/src/discoeb/cmb.py:987:12
/home/lawrence/git/DISCO-EB/scripts/profile_CMB.py:38:0
'>/home/lawrence/git/DISCO-EB/src/discoeb/spline_interpolation.py:68</div>"
"81.0","7","loop fusion","loop_dynamic_update_slice_fusion.60","%loop_dynamic_update_slice_fusion.60 = f64[1022]{0} fusion(f64[1022]{0} %get-tuple-element.16128, f64[1]{0} %get-tuple-element.13856, f64[1]{0} %loop_dynamic_slice_fusion.8, f64[1022]{0} %get-tuple-element.16139, f64[1022]{0} %get-tuple-element.16137, /*index=5*/s64[] %get-tuple-element.16133, s64[] %copy.966), kind=kLoop, calls=%fused_dynamic_update_slice.60, control-predecessors={%loop_dynamic_slice_fusion.8}","jit(compute_Cell_spectrum_from_cosmo_params)/jit(main)/jit(evolve_background)/while/body/scatter:","1021.0","1211.124","1.1862135161606269","1211.124","1.1862135161606269","0.015735208104482333","78.846615503002","0.0","1.91871022290038","1.91871022290038","0.050247821293008664","0.050247821293008664","0.0","0.0","35.5625","HBM","No","No","No","<div class='source-info-cell' title='/home/lawrence/git/DISCO-EB/src/discoeb/spline_interpolation.py:68:21
/home/lawrence/git/DISCO-EB/src/discoeb/spline_interpolation.py:71:21
/home/lawrence/git/DISCO-EB/src/discoeb/background.py:248:40
/home/lawrence/git/DISCO-EB/src/discoeb/cmb.py:987:12
/home/lawrence/git/DISCO-EB/scripts/profile_CMB.py:38:0
'>/home/lawrence/git/DISCO-EB/src/discoeb/spline_interpolation.py:68</div>"
"82.0","7","loop fusion","loop_dynamic_update_slice_fusion.62","%loop_dynamic_update_slice_fusion.62 = f64[1022]{0} fusion(f64[1022]{0} %get-tuple-element.16095, f64[1]{0} %get-tuple-element.13858, f64[1]{0} %loop_dynamic_slice_fusion.9, f64[1022]{0} %get-tuple-element.16106, f64[1022]{0} %get-tuple-element.16104, /*index=5*/s64[] %get-tuple-element.16100, s64[] %copy.951), kind=kLoop, calls=%fused_dynamic_update_slice.62, control-predecessors={%loop_dynamic_slice_fusion.9}","jit(compute_Cell_spectrum_from_cosmo_params)/jit(main)/jit(evolve_background)/while/body/scatter:","1021.0","1210.289","1.1853956904995102","1210.289","1.1853956904995102","0.015724359587924785","78.86233986258992","0.0","1.9200339753562992","1.9200339753562992","0.050282488162475096","0.050282488162475096","0.0","0.0","35.5625","HBM","No","No","No","<div class='source-info-cell' title='/home/lawrence/git/DISCO-EB/src/discoeb/spline_interpolation.py:68:21
/home/lawrence/git/DISCO-EB/src/discoeb/spline_interpolation.py:71:21
/home/lawrence/git/DISCO-EB/src/discoeb/background.py:248:40
/home/lawrence/git/DISCO-EB/src/discoeb/cmb.py:987:12
/home/lawrence/git/DISCO-EB/scripts/profile_CMB.py:38:0
'>/home/lawrence/git/DISCO-EB/src/discoeb/spline_interpolation.py:68</div>"
"83.0","7","loop fusion","loop_dynamic_update_slice_fusion.14","%loop_dynamic_update_slice_fusion.14 = f64[1022]{0} fusion(f64[1022]{0} %get-tuple-element.15891, f64[1]{0} %get-tuple-element.13586, f64[1]{0} %loop_dynamic_slice_fusion.1, f64[1022]{0} %get-tuple-element.15902, f64[1022]{0} %get-tuple-element.15900, /*index=5*/s64[] %get-tuple-element.15896, s64[] %copy.837), kind=kLoop, calls=%fused_dynamic_update_slice.14, control-predecessors={%loop_dynamic_slice_fusion.1}","jit(compute_Cell_spectrum_from_cosmo_params)/jit(main)/jit(evolve_background)/while/body/scatter:","1021.0","1209.87","1.1849853085210578","1209.87","1.1849853085210578","0.015718915841292914","78.87805877843121","0.0","1.9206989180655774","1.9206989180655774","0.0502999019032407","0.0502999019032407","0.0","0.0","35.5625","HBM","No","No","No","<div class='source-info-cell' title='/home/lawrence/git/DISCO-EB/src/discoeb/spline_interpolation.py:68:21
/home/lawrence/git/DISCO-EB/src/discoeb/spline_interpolation.py:71:21
/home/lawrence/git/DISCO-EB/src/discoeb/background.py:248:40
/home/lawrence/git/DISCO-EB/src/discoeb/cmb.py:987:12
/home/lawrence/git/DISCO-EB/scripts/profile_CMB.py:38:0
'>/home/lawrence/git/DISCO-EB/src/discoeb/spline_interpolation.py:68</div>"
"84.0","7","loop fusion","loop_dynamic_update_slice_fusion.70","%loop_dynamic_update_slice_fusion.70 = f64[1022]{0} fusion(f64[1022]{0} %get-tuple-element.16029, f64[1]{0} %get-tuple-element.13866, f64[1]{0} %loop_dynamic_slice_fusion.13, f64[1022]{0} %get-tuple-element.16040, f64[1022]{0} %get-tuple-element.16038, /*index=5*/s64[] %get-tuple-element.16034, s64[] %copy.921), kind=kLoop, calls=%fused_dynamic_update_slice.70, control-predecessors={%loop_dynamic_slice_fusion.13}","jit(compute_Cell_spectrum_from_cosmo_params)/jit(main)/jit(evolve_background)/while/body/scatter:","1021.0","1209.272","1.1843996082272281","1209.272","1.1843996082272281","0.015711146484524752","78.89376992491573","0.0","1.9216487274988587","1.9216487274988587","0.05032477582849336","0.05032477582849336","0.0","0.0","35.5625","HBM","No","No","No","<div class='source-info-cell' title='/home/lawrence/git/DISCO-EB/src/discoeb/spline_interpolation.py:68:21
/home/lawrence/git/DISCO-EB/src/discoeb/spline_interpolation.py:71:21
/home/lawrence/git/DISCO-EB/src/discoeb/background.py:248:40
/home/lawrence/git/DISCO-EB/src/discoeb/cmb.py:987:12
/home/lawrence/git/DISCO-EB/scripts/profile_CMB.py:38:0
'>/home/lawrence/git/DISCO-EB/src/discoeb/spline_interpolation.py:68</div>"
"85.0","7","loop fusion","loop_dynamic_update_slice_fusion.68","%loop_dynamic_update_slice_fusion.68 = f64[1022]{0} fusion(f64[1022]{0} %get-tuple-element.16062, f64[1]{0} %get-tuple-element.13864, f64[1]{0} %loop_dynamic_slice_fusion.12, f64[1022]{0} %get-tuple-element.16073, f64[1022]{0} %get-tuple-element.16071, /*index=5*/s64[] %get-tuple-element.16067, s64[] %copy.936), kind=kLoop, calls=%fused_dynamic_update_slice.68, control-predecessors={%loop_dynamic_slice_fusion.12}","jit(compute_Cell_spectrum_from_cosmo_params)/jit(main)/jit(evolve_background)/while/body/scatter:","1021.0","1209.202","1.1843310479921645","1209.202","1.1843310479921645","0.01571023702804688","78.90948016194378","0.0","1.9217599706252553","1.9217599706252553","0.05032768910047603","0.05032768910047603","0.0","0.0","35.5625","HBM","No","No","No","<div class='source-info-cell' title='/home/lawrence/git/DISCO-EB/src/discoeb/spline_interpolation.py:68:21
/home/lawrence/git/DISCO-EB/src/discoeb/spline_interpolation.py:71:21
/home/lawrence/git/DISCO-EB/src/discoeb/background.py:248:40
/home/lawrence/git/DISCO-EB/src/discoeb/cmb.py:987:12
/home/lawrence/git/DISCO-EB/scripts/profile_CMB.py:38:0
'>/home/lawrence/git/DISCO-EB/src/discoeb/spline_interpolation.py:68</div>"
"86.0","7","loop fusion","loop_dynamic_update_slice_fusion.72","%loop_dynamic_update_slice_fusion.72 = f64[1022]{0} fusion(f64[1022]{0} %get-tuple-element.16226, f64[1]{0} %get-tuple-element.13868, f64[1]{0} %loop_dynamic_slice_fusion.14, f64[1022]{0} %get-tuple-element.16237, f64[1022]{0} %get-tuple-element.16235, /*index=5*/s64[] %get-tuple-element.16231, s64[] %copy.1025), kind=kLoop, calls=%fused_dynamic_update_slice.72, control-predecessors={%loop_dynamic_slice_fusion.14}","jit(compute_Cell_spectrum_from_cosmo_params)/jit(main)/jit(evolve_background)/while/body/scatter:","1021.0","1208.174","1.1833241919686581","1208.174","1.1833241919686581","0.015696881010057465","78.92517704295383","0.0","1.9233951401039917","1.9233951401039917","0.050370511462482906","0.050370511462482906","0.0","0.0","35.5625","HBM","No","No","No","<div class='source-info-cell' title='/home/lawrence/git/DISCO-EB/src/discoeb/spline_interpolation.py:68:21
/home/lawrence/git/DISCO-EB/src/discoeb/spline_interpolation.py:71:21
/home/lawrence/git/DISCO-EB/src/discoeb/background.py:248:40
/home/lawrence/git/DISCO-EB/src/discoeb/cmb.py:987:12
/home/lawrence/git/DISCO-EB/scripts/profile_CMB.py:38:0
'>/home/lawrence/git/DISCO-EB/src/discoeb/spline_interpolation.py:68</div>"
"87.0","7","loop fusion","loop_dynamic_update_slice_fusion.64","%loop_dynamic_update_slice_fusion.64 = f64[1022]{0} fusion(f64[1022]{0} %get-tuple-element.15996, f64[1]{0} %get-tuple-element.13860, f64[1]{0} %loop_dynamic_slice_fusion.10, f64[1022]{0} %get-tuple-element.16007, f64[1022]{0} %get-tuple-element.16005, /*index=5*/s64[] %get-tuple-element.16001, s64[] %copy.906), kind=kLoop, calls=%fused_dynamic_update_slice.64, control-predecessors={%loop_dynamic_slice_fusion.10}","jit(compute_Cell_spectrum_from_cosmo_params)/jit(main)/jit(evolve_background)/while/body/scatter:","1021.0","1208.131","1.1832820763956906","1208.131","1.1832820763956906","0.015696322343935344","78.94087336529778","0.0","1.9234635979045318","1.9234635979045318","0.05037230425812584","0.05037230425812584","0.0","0.0","35.5625","HBM","No","No","No","<div class='source-info-cell' title='/home/lawrence/git/DISCO-EB/src/discoeb/spline_interpolation.py:68:21
/home/lawrence/git/DISCO-EB/src/discoeb/spline_interpolation.py:71:21
/home/lawrence/git/DISCO-EB/src/discoeb/background.py:248:40
/home/lawrence/git/DISCO-EB/src/discoeb/cmb.py:987:12
/home/lawrence/git/DISCO-EB/scripts/profile_CMB.py:38:0
'>/home/lawrence/git/DISCO-EB/src/discoeb/spline_interpolation.py:68</div>"
"88.0","7","loop fusion","loop_dynamic_update_slice_fusion.82","%loop_dynamic_update_slice_fusion.82 = f64[1022]{0} fusion(f64[1022]{0} %get-tuple-element.16607, f64[1]{0} %get-tuple-element.13878, f64[1]{0} %loop_dynamic_slice_fusion.19, f64[1022]{0} %get-tuple-element.16618, f64[1022]{0} %get-tuple-element.16616, /*index=5*/s64[] %get-tuple-element.16612, s64[] %copy.1254), kind=kLoop, calls=%fused_dynamic_update_slice.82, control-predecessors={%loop_dynamic_slice_fusion.19}","jit(compute_Cell_spectrum_from_cosmo_params)/jit(main)/jit(evolve_background)/while/body/scatter:","1021.0","1208.05","1.1832027424094025","1208.05","1.1832027424094025","0.015695269972868083","78.95656863527064","0.0","1.9235925665328422","1.9235925665328422","0.0503756817314464","0.0503756817314464","0.0","0.0","35.5625","HBM","No","No","No","<div class='source-info-cell' title='/home/lawrence/git/DISCO-EB/src/discoeb/spline_interpolation.py:68:21
/home/lawrence/git/DISCO-EB/src/discoeb/spline_interpolation.py:71:21
/home/lawrence/git/DISCO-EB/src/discoeb/background.py:248:40
/home/lawrence/git/DISCO-EB/src/discoeb/cmb.py:987:12
/home/lawrence/git/DISCO-EB/scripts/profile_CMB.py:38:0
'>/home/lawrence/git/DISCO-EB/src/discoeb/spline_interpolation.py:68</div>"
"89.0","7","loop fusion","loop_dynamic_update_slice_fusion.74","%loop_dynamic_update_slice_fusion.74 = f64[1022]{0} fusion(f64[1022]{0} %get-tuple-element.16541, f64[1]{0} %get-tuple-element.13870, f64[1]{0} %loop_dynamic_slice_fusion.15, f64[1022]{0} %get-tuple-element.16552, f64[1022]{0} %get-tuple-element.16550, /*index=5*/s64[] %get-tuple-element.16546, s64[] %copy.1224), kind=kLoop, calls=%fused_dynamic_update_slice.74, control-predecessors={%loop_dynamic_slice_fusion.15}","jit(compute_Cell_spectrum_from_cosmo_params)/jit(main)/jit(evolve_background)/while/body/scatter:","1021.0","1207.674","1.1828344760039178","1207.674","1.1828344760039178","0.015690384892358335","78.972259020163","0.0","1.924191462265479","1.924191462265479","0.050391365812026946","0.050391365812026946","0.0","0.0","35.5625","HBM","No","No","No","<div class='source-info-cell' title='/home/lawrence/git/DISCO-EB/src/discoeb/spline_interpolation.py:68:21
/home/lawrence/git/DISCO-EB/src/discoeb/spline_interpolation.py:71:21
/home/lawrence/git/DISCO-EB/src/discoeb/background.py:248:40
/home/lawrence/git/DISCO-EB/src/discoeb/cmb.py:987:12
/home/lawrence/git/DISCO-EB/scripts/profile_CMB.py:38:0
'>/home/lawrence/git/DISCO-EB/src/discoeb/spline_interpolation.py:68</div>"
"90.0","7","loop fusion","loop_dynamic_update_slice_fusion.71","%loop_dynamic_update_slice_fusion.71 = f64[1022]{0} fusion(f64[1022]{0} %get-tuple-element.16028, f64[1]{0} %get-tuple-element.13866, f64[1022]{0} %get-tuple-element.16039, s64[] %get-tuple-element.16034, s64[] %copy.921), kind=kLoop, calls=%fused_dynamic_update_slice.71, control-predecessors={%loop_add_subtract_fusion.12}","jit(compute_Cell_spectrum_from_cosmo_params)/jit(main)/jit(evolve_background)/while/body/scatter:","1021.0","1145.293","1.1217365328109696","1145.293","1.1217365328109696","0.014879916255979472","78.98713893641897","0.0","1.8533763849076175","1.8533763849076175","0.039852035013533973","0.039852035013533973","0.0","0.0","43.3125","HBM","No","No","No","<div class='source-info-cell' title='/home/lawrence/git/DISCO-EB/src/discoeb/spline_interpolation.py:67:21
/home/lawrence/git/DISCO-EB/src/discoeb/spline_interpolation.py:71:21
/home/lawrence/git/DISCO-EB/src/discoeb/background.py:248:40
/home/lawrence/git/DISCO-EB/src/discoeb/cmb.py:987:12
/home/lawrence/git/DISCO-EB/scripts/profile_CMB.py:38:0
'>/home/lawrence/git/DISCO-EB/src/discoeb/spline_interpolation.py:67</div>"
"91.0","7","loop fusion","loop_dynamic_update_slice_fusion.69","%loop_dynamic_update_slice_fusion.69 = f64[1022]{0} fusion(f64[1022]{0} %get-tuple-element.16061, f64[1]{0} %get-tuple-element.13864, f64[1022]{0} %get-tuple-element.16072, s64[] %get-tuple-element.16067, s64[] %copy.936), kind=kLoop, calls=%fused_dynamic_update_slice.69, control-predecessors={%loop_add_subtract_fusion.11}","jit(compute_Cell_spectrum_from_cosmo_params)/jit(main)/jit(evolve_background)/while/body/scatter:","1021.0","1145.188","1.1216336924583743","1145.188","1.1216336924583743","0.014878552071262657","79.00201748849024","0.0","1.8535463172858955","1.8535463172858955","0.03985568896701273","0.03985568896701273","0.0","0.0","43.3125","HBM","No","No","No","<div class='source-info-cell' title='/home/lawrence/git/DISCO-EB/src/discoeb/spline_interpolation.py:67:21
/home/lawrence/git/DISCO-EB/src/discoeb/spline_interpolation.py:71:21
/home/lawrence/git/DISCO-EB/src/discoeb/background.py:248:40
/home/lawrence/git/DISCO-EB/src/discoeb/cmb.py:987:12
/home/lawrence/git/DISCO-EB/scripts/profile_CMB.py:38:0
'>/home/lawrence/git/DISCO-EB/src/discoeb/spline_interpolation.py:67</div>"
"92.0","7","loop fusion","loop_dynamic_update_slice_fusion.67","%loop_dynamic_update_slice_fusion.67 = f64[1022]{0} fusion(f64[1022]{0} %get-tuple-element.16180, f64[1]{0} %get-tuple-element.13862, f64[1022]{0} %get-tuple-element.16191, s64[] %get-tuple-element.16186, s64[] %copy.1001), kind=kLoop, calls=%fused_dynamic_update_slice.67, control-predecessors={%loop_add_subtract_fusion.10}","jit(compute_Cell_spectrum_from_cosmo_params)/jit(main)/jit(evolve_background)/while/body/scatter:","1021.0","1145.09","1.121537708129285","1145.09","1.121537708129285","0.014877278832193627","79.01689476732243","0.0","1.8537049489559771","1.8537049489559771","0.039859099928176274","0.039859099928176274","0.0","0.0","43.3125","HBM","No","No","No","<div class='source-info-cell' title='/home/lawrence/git/DISCO-EB/src/discoeb/spline_interpolation.py:67:21
/home/lawrence/git/DISCO-EB/src/discoeb/spline_interpolation.py:71:21
/home/lawrence/git/DISCO-EB/src/discoeb/background.py:248:40
/home/lawrence/git/DISCO-EB/src/discoeb/cmb.py:987:12
/home/lawrence/git/DISCO-EB/scripts/profile_CMB.py:38:0
'>/home/lawrence/git/DISCO-EB/src/discoeb/spline_interpolation.py:67</div>"
"93.0","7","loop fusion","loop_dynamic_update_slice_fusion.65","%loop_dynamic_update_slice_fusion.65 = f64[1022]{0} fusion(f64[1022]{0} %get-tuple-element.15995, f64[1]{0} %get-tuple-element.13860, f64[1022]{0} %get-tuple-element.16006, s64[] %get-tuple-element.16001, s64[] %copy.906), kind=kLoop, calls=%fused_dynamic_update_slice.65, control-predecessors={%loop_add_subtract_fusion.9}","jit(compute_Cell_spectrum_from_cosmo_params)/jit(main)/jit(evolve_background)/while/body/scatter:","1021.0","1144.852","1.1213046033300686","1144.852","1.1213046033300686","0.014874186680168842","79.0317689540026","0.0","1.8540903103632609","1.8540903103632609","0.03986738612218467","0.03986738612218467","0.0","0.0","43.3125","HBM","No","No","No","<div class='source-info-cell' title='/home/lawrence/git/DISCO-EB/src/discoeb/spline_interpolation.py:67:21
/home/lawrence/git/DISCO-EB/src/discoeb/spline_interpolation.py:71:21
/home/lawrence/git/DISCO-EB/src/discoeb/background.py:248:40
/home/lawrence/git/DISCO-EB/src/discoeb/cmb.py:987:12
/home/lawrence/git/DISCO-EB/scripts/profile_CMB.py:38:0
'>/home/lawrence/git/DISCO-EB/src/discoeb/spline_interpolation.py:67</div>"
"94.0","7","loop fusion","loop_dynamic_update_slice_fusion.75","%loop_dynamic_update_slice_fusion.75 = f64[1022]{0} fusion(f64[1022]{0} %get-tuple-element.16540, f64[1]{0} %get-tuple-element.13870, f64[1022]{0} %get-tuple-element.16551, s64[] %get-tuple-element.16546, s64[] %copy.1224), kind=kLoop, calls=%fused_dynamic_update_slice.75, control-predecessors={%loop_add_subtract_fusion.14}","jit(compute_Cell_spectrum_from_cosmo_params)/jit(main)/jit(evolve_background)/while/body/scatter:","1021.0","1144.532","1.1209911851126346","1144.532","1.1209911851126346","0.014870029164841397","79.04663898316744","0.0","1.8546086959560764","1.8546086959560764","0.03987853265505496","0.03987853265505496","0.0","0.0","43.3125","HBM","No","No","No","<div class='source-info-cell' title='/home/lawrence/git/DISCO-EB/src/discoeb/spline_interpolation.py:67:21
/home/lawrence/git/DISCO-EB/src/discoeb/spline_interpolation.py:71:21
/home/lawrence/git/DISCO-EB/src/discoeb/background.py:248:40
/home/lawrence/git/DISCO-EB/src/discoeb/cmb.py:987:12
/home/lawrence/git/DISCO-EB/scripts/profile_CMB.py:38:0
'>/home/lawrence/git/DISCO-EB/src/discoeb/spline_interpolation.py:67</div>"
"95.0","7","loop fusion","loop_dynamic_update_slice_fusion.61","%loop_dynamic_update_slice_fusion.61 = f64[1022]{0} fusion(f64[1022]{0} %get-tuple-element.16127, f64[1]{0} %get-tuple-element.13856, f64[1022]{0} %get-tuple-element.16138, s64[] %get-tuple-element.16133, s64[] %copy.966), kind=kLoop, calls=%fused_dynamic_update_slice.61, control-predecessors={%loop_add_subtract_fusion.7}","jit(compute_Cell_spectrum_from_cosmo_params)/jit(main)/jit(evolve_background)/while/body/scatter:","1021.0","1144.107","1.1205749265426053","1144.107","1.1205749265426053","0.014864507464797137","79.06150349063223","0.0","1.855297625134712","1.855297625134712","0.039893346283831295","0.039893346283831295","0.0","0.0","43.3125","HBM","No","No","No","<div class='source-info-cell' title='/home/lawrence/git/DISCO-EB/src/discoeb/spline_interpolation.py:67:21
/home/lawrence/git/DISCO-EB/src/discoeb/spline_interpolation.py:71:21
/home/lawrence/git/DISCO-EB/src/discoeb/background.py:248:40
/home/lawrence/git/DISCO-EB/src/discoeb/cmb.py:987:12
/home/lawrence/git/DISCO-EB/scripts/profile_CMB.py:38:0
'>/home/lawrence/git/DISCO-EB/src/discoeb/spline_interpolation.py:67</div>"
"96.0","7","loop fusion","loop_dynamic_update_slice_fusion.81","%loop_dynamic_update_slice_fusion.81 = f64[1022]{0} fusion(f64[1022]{0} %get-tuple-element.16639, f64[1]{0} %get-tuple-element.13876, f64[1022]{0} %get-tuple-element.16650, s64[] %get-tuple-element.16645, s64[] %copy.1269), kind=kLoop, calls=%fused_dynamic_update_slice.81, control-predecessors={%loop_add_subtract_fusion.17}","jit(compute_Cell_spectrum_from_cosmo_params)/jit(main)/jit(evolve_background)/while/body/scatter:","1021.0","1143.755","1.1202301665034282","1143.755","1.1202301665034282","0.014859934197936952","79.07636342483018","0.0","1.8558686082246636","1.8558686082246636","0.039905623788971736","0.039905623788971736","0.0","0.0","43.3125","HBM","No","No","No","<div class='source-info-cell' title='/home/lawrence/git/DISCO-EB/src/discoeb/spline_interpolation.py:67:21
/home/lawrence/git/DISCO-EB/src/discoeb/spline_interpolation.py:71:21
/home/lawrence/git/DISCO-EB/src/discoeb/background.py:248:40
/home/lawrence/git/DISCO-EB/src/discoeb/cmb.py:987:12
/home/lawrence/git/DISCO-EB/scripts/profile_CMB.py:38:0
'>/home/lawrence/git/DISCO-EB/src/discoeb/spline_interpolation.py:67</div>"
"97.0","7","loop fusion","loop_dynamic_update_slice_fusion.15","%loop_dynamic_update_slice_fusion.15 = f64[1022]{0} fusion(f64[1022]{0} %get-tuple-element.15890, f64[1]{0} %get-tuple-element.13586, f64[1022]{0} %get-tuple-element.15901, s64[] %get-tuple-element.15896, s64[] %copy.837), kind=kLoop, calls=%fused_dynamic_update_slice.15, control-predecessors={%loop_add_subtract_fusion.1}","jit(compute_Cell_spectrum_from_cosmo_params)/jit(main)/jit(evolve_background)/while/body/scatter:","1021.0","1143.727","1.1202027424094025","1143.727","1.1202027424094025","0.014859570415345798","79.09122299524553","0.0","1.8559140424244598","1.8559140424244598","0.03990660073317791","0.03990660073317791","0.0","0.0","43.3125","HBM","No","No","No","<div class='source-info-cell' title='/home/lawrence/git/DISCO-EB/src/discoeb/spline_interpolation.py:67:21
/home/lawrence/git/DISCO-EB/src/discoeb/spline_interpolation.py:71:21
/home/lawrence/git/DISCO-EB/src/discoeb/background.py:248:40
/home/lawrence/git/DISCO-EB/src/discoeb/cmb.py:987:12
/home/lawrence/git/DISCO-EB/scripts/profile_CMB.py:38:0
'>/home/lawrence/git/DISCO-EB/src/discoeb/spline_interpolation.py:67</div>"
"98.0","7","loop fusion","loop_dynamic_update_slice_fusion.63","%loop_dynamic_update_slice_fusion.63 = f64[1022]{0} fusion(f64[1022]{0} %get-tuple-element.16094, f64[1]{0} %get-tuple-element.13858, f64[1022]{0} %get-tuple-element.16105, s64[] %get-tuple-element.16100, s64[] %copy.951), kind=kLoop, calls=%fused_dynamic_update_slice.63, control-predecessors={%loop_add_subtract_fusion.8}","jit(compute_Cell_spectrum_from_cosmo_params)/jit(main)/jit(evolve_background)/while/body/scatter:","1021.0","1143.431","1.1199128305582762","1143.431","1.1199128305582762","0.014855724713667915","79.1060787199592","0.0","1.8563944829202637","1.8563944829202637","0.039916931355504066","0.039916931355504066","0.0","0.0","43.3125","HBM","No","No","No","<div class='source-info-cell' title='/home/lawrence/git/DISCO-EB/src/discoeb/spline_interpolation.py:67:21
/home/lawrence/git/DISCO-EB/src/discoeb/spline_interpolation.py:71:21
/home/lawrence/git/DISCO-EB/src/discoeb/background.py:248:40
/home/lawrence/git/DISCO-EB/src/discoeb/cmb.py:987:12
/home/lawrence/git/DISCO-EB/scripts/profile_CMB.py:38:0
'>/home/lawrence/git/DISCO-EB/src/discoeb/spline_interpolation.py:67</div>"
"99.0","7","loop fusion","loop_dynamic_update_slice_fusion.73","%loop_dynamic_update_slice_fusion.73 = f64[1022]{0} fusion(f64[1022]{0} %get-tuple-element.16225, f64[1]{0} %get-tuple-element.13868, f64[1022]{0} %get-tuple-element.16236, s64[] %get-tuple-element.16231, s64[] %copy.1025), kind=kLoop, calls=%fused_dynamic_update_slice.73, control-predecessors={%loop_add_subtract_fusion.13}","jit(compute_Cell_spectrum_from_cosmo_params)/jit(main)/jit(evolve_background)/while/body/scatter:","1021.0","1143.362","1.119845249755142","1143.362","1.119845249755142","0.014854828249425436","79.12093354820861","0.0","1.8565065132477727","1.8565065132477727","0.03991934027609398","0.03991934027609398","0.0","0.0","43.3125","HBM","No","No","No","<div class='source-info-cell' title='/home/lawrence/git/DISCO-EB/src/discoeb/spline_interpolation.py:67:21
/home/lawrence/git/DISCO-EB/src/discoeb/spline_interpolation.py:71:21
/home/lawrence/git/DISCO-EB/src/discoeb/background.py:248:40
/home/lawrence/git/DISCO-EB/src/discoeb/cmb.py:987:12
/home/lawrence/git/DISCO-EB/scripts/profile_CMB.py:38:0
'>/home/lawrence/git/DISCO-EB/src/discoeb/spline_interpolation.py:67</div>"
"100.0","7","loop fusion","loop_dynamic_update_slice_fusion.83","%loop_dynamic_update_slice_fusion.83 = f64[1022]{0} fusion(f64[1022]{0} %get-tuple-element.16606, f64[1]{0} %get-tuple-element.13878, f64[1022]{0} %get-tuple-element.16617, s64[] %get-tuple-element.16612, s64[] %copy.1254), kind=kLoop, calls=%fused_dynamic_update_slice.83, control-predecessors={%loop_add_subtract_fusion.18}","jit(compute_Cell_spectrum_from_cosmo_params)/jit(main)/jit(evolve_background)/while/body/scatter:","1021.0","1143.18","1.1196669931439767","1143.18","1.1196669931439767","0.01485246366258295","79.1357860118712","0.0","1.8568020784128483","1.8568020784128483","0.039925695635643875","0.039925695635643875","0.0","0.0","43.3125","HBM","No","No","No","<div class='source-info-cell' title='/home/lawrence/git/DISCO-EB/src/discoeb/spline_interpolation.py:67:21
/home/lawrence/git/DISCO-EB/src/discoeb/spline_interpolation.py:71:21
/home/lawrence/git/DISCO-EB/src/discoeb/background.py:248:40
/home/lawrence/git/DISCO-EB/src/discoeb/cmb.py:987:12
/home/lawrence/git/DISCO-EB/scripts/profile_CMB.py:38:0
'>/home/lawrence/git/DISCO-EB/src/discoeb/spline_interpolation.py:67</div>"
"101.0","7","loop fusion","loop_dynamic_update_slice_fusion.79","%loop_dynamic_update_slice_fusion.79 = f64[1022]{0} fusion(f64[1022]{0} %get-tuple-element.16672, f64[1]{0} %get-tuple-element.13874, f64[1022]{0} %get-tuple-element.16683, s64[] %get-tuple-element.16678, s64[] %copy.1284), kind=kLoop, calls=%fused_dynamic_update_slice.79, control-predecessors={%loop_add_subtract_fusion.16}","jit(compute_Cell_spectrum_from_cosmo_params)/jit(main)/jit(evolve_background)/while/body/scatter:","1021.0","1142.81","1.1193046033300684","1142.81","1.1193046033300684","0.014847656535485592","79.15063366840668","0.0","1.857403242883769","1.857403242883769","0.039938622112823105","0.039938622112823105","0.0","0.0","43.3125","HBM","No","No","No","<div class='source-info-cell' title='/home/lawrence/git/DISCO-EB/src/discoeb/spline_interpolation.py:67:21
/home/lawrence/git/DISCO-EB/src/discoeb/spline_interpolation.py:71:21
/home/lawrence/git/DISCO-EB/src/discoeb/background.py:248:40
/home/lawrence/git/DISCO-EB/src/discoeb/cmb.py:987:12
/home/lawrence/git/DISCO-EB/scripts/profile_CMB.py:38:0
'>/home/lawrence/git/DISCO-EB/src/discoeb/spline_interpolation.py:67</div>"
"102.0","7","loop fusion","loop_dynamic_update_slice_fusion.77","%loop_dynamic_update_slice_fusion.77 = f64[1022]{0} fusion(f64[1022]{0} %get-tuple-element.16573, f64[1]{0} %get-tuple-element.13872, f64[1022]{0} %get-tuple-element.16584, s64[] %get-tuple-element.16579, s64[] %copy.1239), kind=kLoop, calls=%fused_dynamic_update_slice.77, control-predecessors={%loop_add_subtract_fusion.15}","jit(compute_Cell_spectrum_from_cosmo_params)/jit(main)/jit(evolve_background)/while/body/scatter:","1021.0","1140.858","1.1173927522037217","1140.858","1.1173927522037217","0.01482229569198819","79.16545596409867","0.0","1.8605812467458702","1.8605812467458702","0.0400069568138676","0.0400069568138676","0.0","0.0","43.3125","HBM","No","No","No","<div class='source-info-cell' title='/home/lawrence/git/DISCO-EB/src/discoeb/spline_interpolation.py:67:21
/home/lawrence/git/DISCO-EB/src/discoeb/spline_interpolation.py:71:21
/home/lawrence/git/DISCO-EB/src/discoeb/background.py:248:40
/home/lawrence/git/DISCO-EB/src/discoeb/cmb.py:987:12
/home/lawrence/git/DISCO-EB/scripts/profile_CMB.py:38:0
'>/home/lawrence/git/DISCO-EB/src/discoeb/spline_interpolation.py:67</div>"
"103.0","7","loop fusion","loop_select_fusion.33","%loop_select_fusion.33 = (s64[8]{0}, s64[8]{0}) fusion(pred[8]{0} %get-tuple-element.14869, s64[8]{0} %get-tuple-element.36743.0, s64[8]{0} %get-tuple-element.14865, s64[8]{0} %get-tuple-element.36748.0, s64[8]{0} %get-tuple-element.14870), kind=kLoop, calls=%fused_select.33","","587.0","1054.517","1.796451448040886","1054.517","1.796451448040886","0.013700533095467019","79.17915649719414","0.0","0.02671934165120145","0.02671934165120145","0.2032219961454581","0.2032219961454581","0.0","0.0","0.12244897959183673","HBM","No","No","No",""
"104.0","7","loop fusion","loop_add_subtract_fusion.12","%loop_add_subtract_fusion.12 = (f64[1]{0}, s64[]) fusion(f64[1022]{0} %get-tuple-element.16028, f64[1022]{0} %get-tuple-element.16038, f64[1022]{0} %get-tuple-element.16037, s64[] %copy.921), kind=kLoop, calls=%fused_add_subtract.12, control-predecessors={%loop_dynamic_slice_fusion.13}","jit(compute_Cell_spectrum_from_cosmo_params)/jit(main)/jit(evolve_background)/while/body/sub:","1021.0","1009.075","0.9883202742409403","1009.075","0.9883202742409403","0.013110139934499283","79.19226663712864","0.0","0.23271808339320665","0.23271808339320665","0.045231778348245044","0.045231778348245044","0.0","0.0","4.791666666666667","HBM","No","No","No","<div class='source-info-cell' title='/home/lawrence/git/DISCO-EB/src/discoeb/spline_interpolation.py:66:24
/home/lawrence/git/DISCO-EB/src/discoeb/spline_interpolation.py:71:21
/home/lawrence/git/DISCO-EB/src/discoeb/background.py:248:40
/home/lawrence/git/DISCO-EB/src/discoeb/cmb.py:987:12
/home/lawrence/git/DISCO-EB/scripts/profile_CMB.py:38:0
'>/home/lawrence/git/DISCO-EB/src/discoeb/spline_interpolation.py:66</div>"
"105.0","7","loop fusion","loop_add_subtract_fusion.10","%loop_add_subtract_fusion.10 = (f64[1]{0}, s64[]) fusion(f64[1022]{0} %get-tuple-element.16180, f64[1022]{0} %get-tuple-element.16190, f64[1022]{0} %get-tuple-element.16189, s64[] %copy.1001), kind=kLoop, calls=%fused_add_subtract.10, control-predecessors={%loop_dynamic_slice_fusion.11}","jit(compute_Cell_spectrum_from_cosmo_params)/jit(main)/jit(evolve_background)/while/body/sub:","1021.0","1008.546","0.9878021547502449","1008.546","0.9878021547502449","0.013103267041973605","79.20536990417061","0.0","0.23284014809438539","0.23284014809438539","0.04525550320635387","0.04525550320635387","0.0","0.0","4.791666666666667","HBM","No","No","No","<div class='source-info-cell' title='/home/lawrence/git/DISCO-EB/src/discoeb/spline_interpolation.py:66:24
/home/lawrence/git/DISCO-EB/src/discoeb/spline_interpolation.py:71:21
/home/lawrence/git/DISCO-EB/src/discoeb/background.py:248:40
/home/lawrence/git/DISCO-EB/src/discoeb/cmb.py:987:12
/home/lawrence/git/DISCO-EB/scripts/profile_CMB.py:38:0
'>/home/lawrence/git/DISCO-EB/src/discoeb/spline_interpolation.py:66</div>"
"106.0","7","loop fusion","loop_add_subtract_fusion.9","%loop_add_subtract_fusion.9 = (f64[1]{0}, s64[]) fusion(f64[1022]{0} %get-tuple-element.15995, f64[1022]{0} %get-tuple-element.16005, f64[1022]{0} %get-tuple-element.16004, s64[] %copy.906), kind=kLoop, calls=%fused_add_subtract.9, control-predecessors={%loop_dynamic_slice_fusion.10}","jit(compute_Cell_spectrum_from_cosmo_params)/jit(main)/jit(evolve_background)/while/body/sub:","1021.0","1008.381","0.9876405484818804","1008.381","0.9876405484818804","0.013101123323132891","79.21847102749375","0.0","0.23287824740846963","0.23287824740846963","0.04526290830227401","0.04526290830227401","0.0","0.0","4.791666666666667","HBM","No","No","No","<div class='source-info-cell' title='/home/lawrence/git/DISCO-EB/src/discoeb/spline_interpolation.py:66:24
/home/lawrence/git/DISCO-EB/src/discoeb/spline_interpolation.py:71:21
/home/lawrence/git/DISCO-EB/src/discoeb/background.py:248:40
/home/lawrence/git/DISCO-EB/src/discoeb/cmb.py:987:12
/home/lawrence/git/DISCO-EB/scripts/profile_CMB.py:38:0
'>/home/lawrence/git/DISCO-EB/src/discoeb/spline_interpolation.py:66</div>"
"107.0","7","loop fusion","loop_add_subtract_fusion.7","%loop_add_subtract_fusion.7 = (f64[1]{0}, s64[]) fusion(f64[1022]{0} %get-tuple-element.16127, f64[1022]{0} %get-tuple-element.16137, f64[1022]{0} %get-tuple-element.16136, s64[] %copy.966), kind=kLoop, calls=%fused_add_subtract.7, control-predecessors={%loop_dynamic_slice_fusion.8}","jit(compute_Cell_spectrum_from_cosmo_params)/jit(main)/jit(evolve_background)/while/body/sub:","1021.0","1007.884","0.9871537708129285","1007.884","0.9871537708129285","0.013094666182139955","79.23156569367589","0.0","0.2329930825372761","0.2329930825372761","0.0452852279992096","0.0452852279992096","0.0","0.0","4.791666666666667","HBM","No","No","No","<div class='source-info-cell' title='/home/lawrence/git/DISCO-EB/src/discoeb/spline_interpolation.py:66:24
/home/lawrence/git/DISCO-EB/src/discoeb/spline_interpolation.py:71:21
/home/lawrence/git/DISCO-EB/src/discoeb/background.py:248:40
/home/lawrence/git/DISCO-EB/src/discoeb/cmb.py:987:12
/home/lawrence/git/DISCO-EB/scripts/profile_CMB.py:38:0
'>/home/lawrence/git/DISCO-EB/src/discoeb/spline_interpolation.py:66</div>"
"108.0","7","loop fusion","loop_add_subtract_fusion.1","%loop_add_subtract_fusion.1 = (f64[1]{0}, s64[]) fusion(f64[1022]{0} %get-tuple-element.15890, f64[1022]{0} %get-tuple-element.15900, f64[1022]{0} %get-tuple-element.15899, s64[] %copy.837), kind=kLoop, calls=%fused_add_subtract.1, control-predecessors={%loop_dynamic_slice_fusion.1}","jit(compute_Cell_spectrum_from_cosmo_params)/jit(main)/jit(evolve_background)/while/body/sub:","1021.0","1007.646","0.986920666013712","1007.646","0.986920666013712","0.013091574030115169","79.244657267706","0.0","0.23304811411944273","0.23304811411944273","0.04529592410107852","0.04529592410107852","0.0","0.0","4.791666666666667","HBM","No","No","No","<div class='source-info-cell' title='/home/lawrence/git/DISCO-EB/src/discoeb/spline_interpolation.py:66:24
/home/lawrence/git/DISCO-EB/src/discoeb/spline_interpolation.py:71:21
/home/lawrence/git/DISCO-EB/src/discoeb/background.py:248:40
/home/lawrence/git/DISCO-EB/src/discoeb/cmb.py:987:12
/home/lawrence/git/DISCO-EB/scripts/profile_CMB.py:38:0
'>/home/lawrence/git/DISCO-EB/src/discoeb/spline_interpolation.py:66</div>"
"109.0","7","loop fusion","loop_add_subtract_fusion.11","%loop_add_subtract_fusion.11 = (f64[1]{0}, s64[]) fusion(f64[1022]{0} %get-tuple-element.16061, f64[1022]{0} %get-tuple-element.16071, f64[1022]{0} %get-tuple-element.16070, s64[] %copy.936), kind=kLoop, calls=%fused_add_subtract.11, control-predecessors={%loop_dynamic_slice_fusion.12}","jit(compute_Cell_spectrum_from_cosmo_params)/jit(main)/jit(evolve_background)/while/body/sub:","1021.0","1007.629","0.9869040156709109","1007.629","0.9869040156709109","0.013091353162113399","79.25774862086811","0.0","0.23305204594151221","0.23305204594151221","0.045296688301701686","0.045296688301701686","0.0","0.0","4.791666666666667","HBM","No","No","No","<div class='source-info-cell' title='/home/lawrence/git/DISCO-EB/src/discoeb/spline_interpolation.py:66:24
/home/lawrence/git/DISCO-EB/src/discoeb/spline_interpolation.py:71:21
/home/lawrence/git/DISCO-EB/src/discoeb/background.py:248:40
/home/lawrence/git/DISCO-EB/src/discoeb/cmb.py:987:12
/home/lawrence/git/DISCO-EB/scripts/profile_CMB.py:38:0
'>/home/lawrence/git/DISCO-EB/src/discoeb/spline_interpolation.py:66</div>"
"110.0","7","loop fusion","loop_add_subtract_fusion.13","%loop_add_subtract_fusion.13 = (f64[1]{0}, s64[]) fusion(f64[1022]{0} %get-tuple-element.16225, f64[1022]{0} %get-tuple-element.16235, f64[1022]{0} %get-tuple-element.16234, s64[] %copy.1025), kind=kLoop, calls=%fused_add_subtract.13, control-predecessors={%loop_dynamic_slice_fusion.14}","jit(compute_Cell_spectrum_from_cosmo_params)/jit(main)/jit(evolve_background)/while/body/sub:","1021.0","1007.406","0.9866856023506366","1007.406","0.9866856023506366","0.013088455893619585","79.27083707676172","0.0","0.23310363448301877","0.23310363448301877","0.04530671520395488","0.04530671520395488","0.0","0.0","4.791666666666667","HBM","No","No","No","<div class='source-info-cell' title='/home/lawrence/git/DISCO-EB/src/discoeb/spline_interpolation.py:66:24
/home/lawrence/git/DISCO-EB/src/discoeb/spline_interpolation.py:71:21
/home/lawrence/git/DISCO-EB/src/discoeb/background.py:248:40
/home/lawrence/git/DISCO-EB/src/discoeb/cmb.py:987:12
/home/lawrence/git/DISCO-EB/scripts/profile_CMB.py:38:0
'>/home/lawrence/git/DISCO-EB/src/discoeb/spline_interpolation.py:66</div>"
"111.0","7","loop fusion","loop_add_subtract_fusion.8","%loop_add_subtract_fusion.8 = (f64[1]{0}, s64[]) fusion(f64[1022]{0} %get-tuple-element.16094, f64[1022]{0} %get-tuple-element.16104, f64[1022]{0} %get-tuple-element.16103, s64[] %copy.951), kind=kLoop, calls=%fused_add_subtract.8, control-predecessors={%loop_dynamic_slice_fusion.9}","jit(compute_Cell_spectrum_from_cosmo_params)/jit(main)/jit(evolve_background)/while/body/sub:","1021.0","1007.406","0.9866856023506366","1007.406","0.9866856023506366","0.013088455893619585","79.28392553265535","0.0","0.23310363448301877","0.23310363448301877","0.04530671520395488","0.04530671520395488","0.0","0.0","4.791666666666667","HBM","No","No","No","<div class='source-info-cell' title='/home/lawrence/git/DISCO-EB/src/discoeb/spline_interpolation.py:66:24
/home/lawrence/git/DISCO-EB/src/discoeb/spline_interpolation.py:71:21
/home/lawrence/git/DISCO-EB/src/discoeb/background.py:248:40
/home/lawrence/git/DISCO-EB/src/discoeb/cmb.py:987:12
/home/lawrence/git/DISCO-EB/scripts/profile_CMB.py:38:0
'>/home/lawrence/git/DISCO-EB/src/discoeb/spline_interpolation.py:66</div>"
"112.0","7","loop fusion","loop_subtract_fusion.16","%loop_subtract_fusion.16 = f64[1]{0} fusion(f64[1022]{0} %get-tuple-element.16657, s64[] %get-tuple-element.16656, f64[1022]{0} %get-tuple-element.16663, f64[1022]{0} %get-tuple-element.16662), kind=kLoop, calls=%fused_subtract.16","jit(compute_Cell_spectrum_from_cosmo_params)/jit(main)/jit(evolve_background)/while/body/sub:","1021.0","1007.291","0.9865729676787464","1007.291","0.9865729676787464","0.013086961786548789","79.29701249444189","0.0","0.23313024736645122","0.23313024736645122","0.03775990646922899","0.03775990646922899","0.0","0.0","5.75","HBM","No","No","No","<div class='source-info-cell' title='/home/lawrence/git/DISCO-EB/src/discoeb/spline_interpolation.py:79:42
/home/lawrence/git/DISCO-EB/src/discoeb/spline_interpolation.py:82:25
/home/lawrence/git/DISCO-EB/src/discoeb/background.py:248:40
/home/lawrence/git/DISCO-EB/src/discoeb/cmb.py:987:12
/home/lawrence/git/DISCO-EB/scripts/profile_CMB.py:38:0
'>/home/lawrence/git/DISCO-EB/src/discoeb/spline_interpolation.py:79</div>"
"113.0","7","loop fusion","loop_add_subtract_fusion.14","%loop_add_subtract_fusion.14 = (f64[1]{0}, s64[]) fusion(f64[1022]{0} %get-tuple-element.16540, f64[1022]{0} %get-tuple-element.16550, f64[1022]{0} %get-tuple-element.16549, s64[] %copy.1224), kind=kLoop, calls=%fused_add_subtract.14, control-predecessors={%loop_dynamic_slice_fusion.15}","jit(compute_Cell_spectrum_from_cosmo_params)/jit(main)/jit(evolve_background)/while/body/sub:","1021.0","1006.854","0.9861449559255632","1006.854","0.9861449559255632","0.013081284179679747","79.31009377862156","0.0","0.23323143176667124","0.23323143176667124","0.04533155426383107","0.04533155426383107","0.0","0.0","4.791666666666667","HBM","No","No","No","<div class='source-info-cell' title='/home/lawrence/git/DISCO-EB/src/discoeb/spline_interpolation.py:66:24
/home/lawrence/git/DISCO-EB/src/discoeb/spline_interpolation.py:71:21
/home/lawrence/git/DISCO-EB/src/discoeb/background.py:248:40
/home/lawrence/git/DISCO-EB/src/discoeb/cmb.py:987:12
/home/lawrence/git/DISCO-EB/scripts/profile_CMB.py:38:0
'>/home/lawrence/git/DISCO-EB/src/discoeb/spline_interpolation.py:66</div>"
"114.0","7","loop fusion","loop_add_subtract_fusion.17","%loop_add_subtract_fusion.17 = (f64[1]{0}, s64[]) fusion(f64[1022]{0} %get-tuple-element.16639, f64[1022]{0} %get-tuple-element.16649, f64[1022]{0} %get-tuple-element.16648, s64[] %copy.1269), kind=kLoop, calls=%fused_add_subtract.17, control-predecessors={%loop_dynamic_slice_fusion.18}","jit(compute_Cell_spectrum_from_cosmo_params)/jit(main)/jit(evolve_background)/while/body/sub:","1021.0","1006.787","0.986079333986288","1006.787","0.986079333986288","0.013080413699908066","79.32317419232147","0.0","0.23324695293046097","0.23324695293046097","0.04533457100335559","0.04533457100335559","0.0","0.0","4.791666666666667","HBM","No","No","No","<div class='source-info-cell' title='/home/lawrence/git/DISCO-EB/src/discoeb/spline_interpolation.py:66:24
/home/lawrence/git/DISCO-EB/src/discoeb/spline_interpolation.py:71:21
/home/lawrence/git/DISCO-EB/src/discoeb/background.py:248:40
/home/lawrence/git/DISCO-EB/src/discoeb/cmb.py:987:12
/home/lawrence/git/DISCO-EB/scripts/profile_CMB.py:38:0
'>/home/lawrence/git/DISCO-EB/src/discoeb/spline_interpolation.py:66</div>"
"115.0","7","loop fusion","loop_add_subtract_fusion.18","%loop_add_subtract_fusion.18 = (f64[1]{0}, s64[]) fusion(f64[1022]{0} %get-tuple-element.16606, f64[1022]{0} %get-tuple-element.16616, f64[1022]{0} %get-tuple-element.16615, s64[] %copy.1254), kind=kLoop, calls=%fused_add_subtract.18, control-predecessors={%loop_dynamic_slice_fusion.19}","jit(compute_Cell_spectrum_from_cosmo_params)/jit(main)/jit(evolve_background)/while/body/sub:","1021.0","1006.469","0.9857678746327131","1006.469","0.9857678746327131","0.013076282169051419","79.33625047449053","0.0","0.23332064872340827","0.23332064872340827","0.04534889473670363","0.04534889473670363","0.0","0.0","4.791666666666667","HBM","No","No","No","<div class='source-info-cell' title='/home/lawrence/git/DISCO-EB/src/discoeb/spline_interpolation.py:66:24
/home/lawrence/git/DISCO-EB/src/discoeb/spline_interpolation.py:71:21
/home/lawrence/git/DISCO-EB/src/discoeb/background.py:248:40
/home/lawrence/git/DISCO-EB/src/discoeb/cmb.py:987:12
/home/lawrence/git/DISCO-EB/scripts/profile_CMB.py:38:0
'>/home/lawrence/git/DISCO-EB/src/discoeb/spline_interpolation.py:66</div>"
"116.0","7","loop fusion","loop_add_subtract_fusion.16","%loop_add_subtract_fusion.16 = (f64[1]{0}, s64[]) fusion(f64[1022]{0} %get-tuple-element.16672, f64[1022]{0} %get-tuple-element.16682, f64[1022]{0} %get-tuple-element.16681, s64[] %copy.1284), kind=kLoop, calls=%fused_add_subtract.16, control-predecessors={%loop_dynamic_slice_fusion.17}","jit(compute_Cell_spectrum_from_cosmo_params)/jit(main)/jit(evolve_background)/while/body/sub:","1021.0","1006.117","0.9854231145935357","1006.117","0.9854231145935357","0.01307170890219123","79.34932218339273","0.0","0.23340227826385998","0.23340227826385998","0.04536476049679647","0.04536476049679647","0.0","0.0","4.791666666666667","HBM","No","No","No","<div class='source-info-cell' title='/home/lawrence/git/DISCO-EB/src/discoeb/spline_interpolation.py:66:24
/home/lawrence/git/DISCO-EB/src/discoeb/spline_interpolation.py:71:21
/home/lawrence/git/DISCO-EB/src/discoeb/background.py:248:40
/home/lawrence/git/DISCO-EB/src/discoeb/cmb.py:987:12
/home/lawrence/git/DISCO-EB/scripts/profile_CMB.py:38:0
'>/home/lawrence/git/DISCO-EB/src/discoeb/spline_interpolation.py:66</div>"
"117.0","7","loop fusion","loop_subtract_fusion.12","%loop_subtract_fusion.12 = f64[1]{0} fusion(f64[1022]{0} %get-tuple-element.16243, s64[] %get-tuple-element.16242, f64[1022]{0} %get-tuple-element.16249, f64[1022]{0} %get-tuple-element.16248), kind=kLoop, calls=%fused_subtract.12","jit(compute_Cell_spectrum_from_cosmo_params)/jit(main)/jit(evolve_background)/while/body/sub:","1021.0","1005.415","0.9847355533790402","1005.415","0.9847355533790402","0.01306258835294165","79.36238477174567","0.0","0.23356524420264269","0.23356524420264269","0.03783036253417359","0.03783036253417359","0.0","0.0","5.75","HBM","No","No","No","<div class='source-info-cell' title='/home/lawrence/git/DISCO-EB/src/discoeb/spline_interpolation.py:79:42
/home/lawrence/git/DISCO-EB/src/discoeb/spline_interpolation.py:82:25
/home/lawrence/git/DISCO-EB/src/discoeb/background.py:248:40
/home/lawrence/git/DISCO-EB/src/discoeb/cmb.py:987:12
/home/lawrence/git/DISCO-EB/scripts/profile_CMB.py:38:0
'>/home/lawrence/git/DISCO-EB/src/discoeb/spline_interpolation.py:79</div>"
"118.0","7","loop fusion","loop_subtract_fusion.13","%loop_subtract_fusion.13 = f64[1]{0} fusion(f64[1022]{0} %get-tuple-element.16558, s64[] %get-tuple-element.16557, f64[1022]{0} %get-tuple-element.16564, f64[1022]{0} %get-tuple-element.16563), kind=kLoop, calls=%fused_subtract.13","jit(compute_Cell_spectrum_from_cosmo_params)/jit(main)/jit(evolve_background)/while/body/sub:","1021.0","1003.628","0.9829853085210578","1003.628","0.9829853085210578","0.013039371228284961","79.37542414297396","0.0","0.23398111650930425","0.23398111650930425","0.03789772101545208","0.03789772101545208","0.0","0.0","5.75","HBM","No","No","No","<div class='source-info-cell' title='/home/lawrence/git/DISCO-EB/src/discoeb/spline_interpolation.py:79:42
/home/lawrence/git/DISCO-EB/src/discoeb/spline_interpolation.py:82:25
/home/lawrence/git/DISCO-EB/src/discoeb/background.py:248:40
/home/lawrence/git/DISCO-EB/src/discoeb/cmb.py:987:12
/home/lawrence/git/DISCO-EB/scripts/profile_CMB.py:38:0
'>/home/lawrence/git/DISCO-EB/src/discoeb/spline_interpolation.py:79</div>"
"119.0","7","loop fusion","loop_add_subtract_fusion.15","%loop_add_subtract_fusion.15 = (f64[1]{0}, s64[]) fusion(f64[1022]{0} %get-tuple-element.16573, f64[1022]{0} %get-tuple-element.16583, f64[1022]{0} %get-tuple-element.16582, s64[] %copy.1239), kind=kLoop, calls=%fused_add_subtract.15, control-predecessors={%loop_dynamic_slice_fusion.16}","jit(compute_Cell_spectrum_from_cosmo_params)/jit(main)/jit(evolve_background)/while/body/sub:","1021.0","1003.443","0.9828041136141038","1003.443","0.9828041136141038","0.013036967664736282","79.38846111063869","0.0","0.2340242544917848","0.2340242544917848","0.04548564964502754","0.04548564964502754","0.0","0.0","4.791666666666667","HBM","No","No","No","<div class='source-info-cell' title='/home/lawrence/git/DISCO-EB/src/discoeb/spline_interpolation.py:66:24
/home/lawrence/git/DISCO-EB/src/discoeb/spline_interpolation.py:71:21
/home/lawrence/git/DISCO-EB/src/discoeb/background.py:248:40
/home/lawrence/git/DISCO-EB/src/discoeb/cmb.py:987:12
/home/lawrence/git/DISCO-EB/scripts/profile_CMB.py:38:0
'>/home/lawrence/git/DISCO-EB/src/discoeb/spline_interpolation.py:66</div>"
"120.0","7","loop fusion","loop_subtract_fusion.17","%loop_subtract_fusion.17 = f64[1]{0} fusion(f64[1022]{0} %get-tuple-element.16624, s64[] %get-tuple-element.16623, f64[1022]{0} %get-tuple-element.16630, f64[1022]{0} %get-tuple-element.16629), kind=kLoop, calls=%fused_subtract.17","jit(compute_Cell_spectrum_from_cosmo_params)/jit(main)/jit(evolve_background)/while/body/sub:","1021.0","1003.322","0.9826856023506366","1003.322","0.9826856023506366","0.013035395604253094","79.40149650624294","0.0","0.23405247766918297","0.23405247766918297","0.03790927932139048","0.03790927932139048","0.0","0.0","5.75","HBM","No","No","No","<div class='source-info-cell' title='/home/lawrence/git/DISCO-EB/src/discoeb/spline_interpolation.py:79:42
/home/lawrence/git/DISCO-EB/src/discoeb/spline_interpolation.py:82:25
/home/lawrence/git/DISCO-EB/src/discoeb/background.py:248:40
/home/lawrence/git/DISCO-EB/src/discoeb/cmb.py:987:12
/home/lawrence/git/DISCO-EB/scripts/profile_CMB.py:38:0
'>/home/lawrence/git/DISCO-EB/src/discoeb/spline_interpolation.py:79</div>"
"121.0","7","loop fusion","loop_subtract_fusion.14","%loop_subtract_fusion.14 = f64[1]{0} fusion(f64[1022]{0} %get-tuple-element.16591, s64[] %get-tuple-element.16590, f64[1022]{0} %get-tuple-element.16597, f64[1022]{0} %get-tuple-element.16596), kind=kLoop, calls=%fused_subtract.14","jit(compute_Cell_spectrum_from_cosmo_params)/jit(main)/jit(evolve_background)/while/body/sub:","1021.0","1001.908","0.9813006856023506","1001.908","0.9813006856023506","0.013017024583399954","79.41451353082634","0.0","0.23438279762213696","0.23438279762213696","0.037962780961222124","0.037962780961222124","0.0","0.0","5.75","HBM","No","No","No","<div class='source-info-cell' title='/home/lawrence/git/DISCO-EB/src/discoeb/spline_interpolation.py:79:42
/home/lawrence/git/DISCO-EB/src/discoeb/spline_interpolation.py:82:25
/home/lawrence/git/DISCO-EB/src/discoeb/background.py:248:40
/home/lawrence/git/DISCO-EB/src/discoeb/cmb.py:987:12
/home/lawrence/git/DISCO-EB/scripts/profile_CMB.py:38:0
'>/home/lawrence/git/DISCO-EB/src/discoeb/spline_interpolation.py:79</div>"
"122.0","7","loop fusion","loop_subtract_fusion.15","%loop_subtract_fusion.15 = f64[1]{0} fusion(f64[1022]{0} %get-tuple-element.16690, s64[] %get-tuple-element.16689, f64[1022]{0} %get-tuple-element.16696, f64[1022]{0} %get-tuple-element.16695), kind=kLoop, calls=%fused_subtract.15","jit(compute_Cell_spectrum_from_cosmo_params)/jit(main)/jit(evolve_background)/while/body/sub:","1021.0","1001.596","0.9809951028403526","1001.596","0.9809951028403526","0.013012971005955696","79.42752650183229","0.0","0.23445580852958678","0.23445580852958678","0.037974606475361466","0.037974606475361466","0.0","0.0","5.75","HBM","No","No","No","<div class='source-info-cell' title='/home/lawrence/git/DISCO-EB/src/discoeb/spline_interpolation.py:79:42
/home/lawrence/git/DISCO-EB/src/discoeb/spline_interpolation.py:82:25
/home/lawrence/git/DISCO-EB/src/discoeb/background.py:248:40
/home/lawrence/git/DISCO-EB/src/discoeb/cmb.py:987:12
/home/lawrence/git/DISCO-EB/scripts/profile_CMB.py:38:0
'>/home/lawrence/git/DISCO-EB/src/discoeb/spline_interpolation.py:79</div>"
"123.0","7","loop fusion","loop_subtract_fusion.8","%loop_subtract_fusion.8 = f64[1]{0} fusion(f64[1022]{0} %get-tuple-element.16013, s64[] %get-tuple-element.16012, f64[1022]{0} %get-tuple-element.16019, f64[1022]{0} %get-tuple-element.16018), kind=kLoop, calls=%fused_subtract.8","jit(compute_Cell_spectrum_from_cosmo_params)/jit(main)/jit(evolve_background)/while/body/sub:","1021.0","1001.506","0.9809069539666992","1001.506","0.9809069539666992","0.013011801704769852","79.44053830353705","0.0","0.23447687782200008","0.23447687782200008","0.037978019050605924","0.037978019050605924","0.0","0.0","5.75","HBM","No","No","No","<div class='source-info-cell' title='/home/lawrence/git/DISCO-EB/src/discoeb/spline_interpolation.py:79:42
/home/lawrence/git/DISCO-EB/src/discoeb/spline_interpolation.py:82:25
/home/lawrence/git/DISCO-EB/src/discoeb/background.py:248:40
/home/lawrence/git/DISCO-EB/src/discoeb/cmb.py:987:12
/home/lawrence/git/DISCO-EB/scripts/profile_CMB.py:38:0
'>/home/lawrence/git/DISCO-EB/src/discoeb/spline_interpolation.py:79</div>"
"124.0","7","loop fusion","loop_subtract_fusion.1","%loop_subtract_fusion.1 = f64[1]{0} fusion(f64[1022]{0} %get-tuple-element.15908, s64[] %get-tuple-element.15907, f64[1022]{0} %get-tuple-element.15914, f64[1022]{0} %get-tuple-element.15913), kind=kLoop, calls=%fused_subtract.1","jit(compute_Cell_spectrum_from_cosmo_params)/jit(main)/jit(evolve_background)/while/body/sub:","1021.0","1001.195","0.9806023506366308","1001.195","0.9806023506366308","0.013007761119560994","79.45354606465662","0.0","0.23454971309285405","0.23454971309285405","0.037989816117036286","0.037989816117036286","0.0","0.0","5.75","HBM","No","No","No","<div class='source-info-cell' title='/home/lawrence/git/DISCO-EB/src/discoeb/spline_interpolation.py:79:42
/home/lawrence/git/DISCO-EB/src/discoeb/spline_interpolation.py:82:25
/home/lawrence/git/DISCO-EB/src/discoeb/background.py:248:40
/home/lawrence/git/DISCO-EB/src/discoeb/cmb.py:987:12
/home/lawrence/git/DISCO-EB/scripts/profile_CMB.py:38:0
'>/home/lawrence/git/DISCO-EB/src/discoeb/spline_interpolation.py:79</div>"
"125.0","7","loop fusion","loop_subtract_fusion.11","%loop_subtract_fusion.11 = f64[1]{0} fusion(f64[1022]{0} %get-tuple-element.16046, s64[] %get-tuple-element.16045, f64[1022]{0} %get-tuple-element.16052, f64[1022]{0} %get-tuple-element.16051), kind=kLoop, calls=%fused_subtract.11","jit(compute_Cell_spectrum_from_cosmo_params)/jit(main)/jit(evolve_background)/while/body/sub:","1021.0","1001.157","0.9805651322233105","1001.157","0.9805651322233105","0.013007267414615862","79.46655333207123","0.0","0.2345586156816563","0.2345586156816563","0.037991258061718734","0.037991258061718734","0.0","0.0","5.75","HBM","No","No","No","<div class='source-info-cell' title='/home/lawrence/git/DISCO-EB/src/discoeb/spline_interpolation.py:79:42
/home/lawrence/git/DISCO-EB/src/discoeb/spline_interpolation.py:82:25
/home/lawrence/git/DISCO-EB/src/discoeb/background.py:248:40
/home/lawrence/git/DISCO-EB/src/discoeb/cmb.py:987:12
/home/lawrence/git/DISCO-EB/scripts/profile_CMB.py:38:0
'>/home/lawrence/git/DISCO-EB/src/discoeb/spline_interpolation.py:79</div>"
"126.0","7","loop fusion","loop_subtract_fusion.7","%loop_subtract_fusion.7 = f64[1]{0} fusion(f64[1022]{0} %get-tuple-element.16112, s64[] %get-tuple-element.16111, f64[1022]{0} %get-tuple-element.16118, f64[1022]{0} %get-tuple-element.16117), kind=kLoop, calls=%fused_subtract.7","jit(compute_Cell_spectrum_from_cosmo_params)/jit(main)/jit(evolve_background)/while/body/sub:","1021.0","999.829","0.9792644466209598","999.829","0.9792644466209598","0.01299001372600697","79.47954334579724","0.0","0.23487016279783843","0.23487016279783843","0.038041719081259036","0.038041719081259036","0.0","0.0","5.75","HBM","No","No","No","<div class='source-info-cell' title='/home/lawrence/git/DISCO-EB/src/discoeb/spline_interpolation.py:79:42
/home/lawrence/git/DISCO-EB/src/discoeb/spline_interpolation.py:82:25
/home/lawrence/git/DISCO-EB/src/discoeb/background.py:248:40
/home/lawrence/git/DISCO-EB/src/discoeb/cmb.py:987:12
/home/lawrence/git/DISCO-EB/scripts/profile_CMB.py:38:0
'>/home/lawrence/git/DISCO-EB/src/discoeb/spline_interpolation.py:79</div>"
"127.0","7","loop fusion","loop_subtract_fusion.10","%loop_subtract_fusion.10 = f64[1]{0} fusion(f64[1022]{0} %get-tuple-element.16079, s64[] %get-tuple-element.16078, f64[1022]{0} %get-tuple-element.16085, f64[1022]{0} %get-tuple-element.16084), kind=kLoop, calls=%fused_subtract.10","jit(compute_Cell_spectrum_from_cosmo_params)/jit(main)/jit(evolve_background)/while/body/sub:","1021.0","998.295","0.9777619980411361","998.295","0.9777619980411361","0.012970083636906039","79.49251342943415","0.0","0.23523106897259827","0.23523106897259827","0.03810017474523677","0.03810017474523677","0.0","0.0","5.75","HBM","No","No","No","<div class='source-info-cell' title='/home/lawrence/git/DISCO-EB/src/discoeb/spline_interpolation.py:79:42
/home/lawrence/git/DISCO-EB/src/discoeb/spline_interpolation.py:82:25
/home/lawrence/git/DISCO-EB/src/discoeb/background.py:248:40
/home/lawrence/git/DISCO-EB/src/discoeb/cmb.py:987:12
/home/lawrence/git/DISCO-EB/scripts/profile_CMB.py:38:0
'>/home/lawrence/git/DISCO-EB/src/discoeb/spline_interpolation.py:79</div>"
"128.0","7","loop fusion","loop_subtract_fusion.9","%loop_subtract_fusion.9 = f64[1]{0} fusion(f64[1022]{0} %get-tuple-element.16198, s64[] %get-tuple-element.16197, f64[1022]{0} %get-tuple-element.16204, f64[1022]{0} %get-tuple-element.16203), kind=kLoop, calls=%fused_subtract.9","jit(compute_Cell_spectrum_from_cosmo_params)/jit(main)/jit(evolve_background)/while/body/sub:","1021.0","998.022","0.9774946131243879","998.022","0.9774946131243879","0.012966536756642316","79.50547996619079","0.0","0.23529541432954384","0.23529541432954384","0.03811059670758374","0.03811059670758374","0.0","0.0","5.75","HBM","No","No","No","<div class='source-info-cell' title='/home/lawrence/git/DISCO-EB/src/discoeb/spline_interpolation.py:79:42
/home/lawrence/git/DISCO-EB/src/discoeb/spline_interpolation.py:82:25
/home/lawrence/git/DISCO-EB/src/discoeb/background.py:248:40
/home/lawrence/git/DISCO-EB/src/discoeb/cmb.py:987:12
/home/lawrence/git/DISCO-EB/scripts/profile_CMB.py:38:0
'>/home/lawrence/git/DISCO-EB/src/discoeb/spline_interpolation.py:79</div>"
"129.0","7","loop fusion","loop_subtract_fusion.6","%loop_subtract_fusion.6 = f64[1]{0} fusion(f64[1022]{0} %get-tuple-element.16145, s64[] %get-tuple-element.16144, f64[1022]{0} %get-tuple-element.16151, f64[1022]{0} %get-tuple-element.16150), kind=kLoop, calls=%fused_subtract.6","jit(compute_Cell_spectrum_from_cosmo_params)/jit(main)/jit(evolve_background)/while/body/sub:","1021.0","996.938","0.9764329089128305","996.938","0.9764329089128305","0.012952453173470602","79.51843241936427","0.0","0.23555125795184856","0.23555125795184856","0.0381520354799357","0.0381520354799357","0.0","0.0","5.75","HBM","No","No","No","<div class='source-info-cell' title='/home/lawrence/git/DISCO-EB/src/discoeb/spline_interpolation.py:79:42
/home/lawrence/git/DISCO-EB/src/discoeb/spline_interpolation.py:82:25
/home/lawrence/git/DISCO-EB/src/discoeb/background.py:248:40
/home/lawrence/git/DISCO-EB/src/discoeb/cmb.py:987:12
/home/lawrence/git/DISCO-EB/scripts/profile_CMB.py:38:0
'>/home/lawrence/git/DISCO-EB/src/discoeb/spline_interpolation.py:79</div>"
"130.0","7","loop fusion","loop_select_fusion.23","%loop_select_fusion.23 = f64[] fusion(f64[] %get-tuple-element.16525, f64[1024]{0} %get-tuple-element.16531, s64[] %get-tuple-element.16524), kind=kLoop, calls=%fused_select.23","jit(compute_Cell_spectrum_from_cosmo_params)/jit(main)/jit(evolve_background)/while/body/jit(_where)/select_n:","1024.0","991.285","0.9680517578125","991.285","0.9680517578125","0.012879008066764237","79.53131142743104","0.0","0.10639926963486787","0.10639926963486787","0.030785877043433524","0.030785877043433524","0.0","0.0","3.21875","HBM","No","No","No","<div class='source-info-cell' title='/home/lawrence/git/DISCO-EB/src/discoeb/spline_interpolation.py:34:17
/home/lawrence/git/DISCO-EB/src/discoeb/spline_interpolation.py:39:40
/home/lawrence/git/DISCO-EB/src/discoeb/spline_interpolation.py:39:15
/home/lawrence/git/DISCO-EB/src/discoeb/background.py:166:43
/home/lawrence/git/DISCO-EB/src/discoeb/background.py:233:12
/home/lawrence/git/DISCO-EB/src/discoeb/cmb.py:987:12
/home/lawrence/git/DISCO-EB/scripts/profile_CMB.py:38:0
'>/home/lawrence/git/DISCO-EB/src/discoeb/spline_interpolation.py:34</div>"
"131.0","7","loop fusion","loop_select_fusion.8","%loop_select_fusion.8 = f64[] fusion(f64[] %get-tuple-element.15791, f64[1024]{0} %get-tuple-element.15797, s64[] %get-tuple-element.15790), kind=kLoop, calls=%fused_select.8","jit(compute_Cell_spectrum_from_cosmo_params)/jit(main)/jit(evolve_background)/while/body/jit(_where)/select_n:","1024.0","989.286","0.966099609375","989.286","0.966099609375","0.012853036588203115","79.54416446401925","0.0","0.10661426523775733","0.10661426523775733","0.030848084502358264","0.030848084502358264","0.0","0.0","3.21875","HBM","No","No","No","<div class='source-info-cell' title='/home/lawrence/git/DISCO-EB/src/discoeb/spline_interpolation.py:34:17
/home/lawrence/git/DISCO-EB/src/discoeb/spline_interpolation.py:39:40
/home/lawrence/git/DISCO-EB/src/discoeb/spline_interpolation.py:39:15
/home/lawrence/git/DISCO-EB/src/discoeb/background.py:166:43
/home/lawrence/git/DISCO-EB/src/discoeb/background.py:233:12
/home/lawrence/git/DISCO-EB/src/discoeb/cmb.py:987:12
/home/lawrence/git/DISCO-EB/scripts/profile_CMB.py:38:0
'>/home/lawrence/git/DISCO-EB/src/discoeb/spline_interpolation.py:34</div>"
"132.0","7","loop fusion","loop_select_fusion.21","%loop_select_fusion.21 = f64[] fusion(f64[] %get-tuple-element.15980, f64[1024]{0} %get-tuple-element.15986, s64[] %get-tuple-element.15979), kind=kLoop, calls=%fused_select.21","jit(compute_Cell_spectrum_from_cosmo_params)/jit(main)/jit(evolve_background)/while/body/jit(_where)/select_n:","1024.0","987.235","0.9640966796875","987.235","0.9640966796875","0.012826389513401282","79.55699085353264","0.0","0.10683575845669978","0.10683575845669978","0.030912172000587497","0.030912172000587497","0.0","0.0","3.21875","HBM","No","No","No","<div class='source-info-cell' title='/home/lawrence/git/DISCO-EB/src/discoeb/spline_interpolation.py:34:17
/home/lawrence/git/DISCO-EB/src/discoeb/spline_interpolation.py:39:40
/home/lawrence/git/DISCO-EB/src/discoeb/spline_interpolation.py:39:15
/home/lawrence/git/DISCO-EB/src/discoeb/background.py:166:43
/home/lawrence/git/DISCO-EB/src/discoeb/background.py:233:12
/home/lawrence/git/DISCO-EB/src/discoeb/cmb.py:987:12
/home/lawrence/git/DISCO-EB/scripts/profile_CMB.py:38:0
'>/home/lawrence/git/DISCO-EB/src/discoeb/spline_interpolation.py:34</div>"
"133.0","7","loop fusion","loop_select_fusion.22","%loop_select_fusion.22 = f64[] fusion(f64[] %get-tuple-element.15956, f64[1024]{0} %get-tuple-element.15962, s64[] %get-tuple-element.15955), kind=kLoop, calls=%fused_select.22","jit(compute_Cell_spectrum_from_cosmo_params)/jit(main)/jit(evolve_background)/while/body/jit(_where)/select_n:","1024.0","980.24","0.957265625","980.24","0.957265625","0.012735508826790455","79.56972636235943","0.0","0.10759813923120869","0.10759813923120869","0.03113276149208357","0.03113276149208357","0.0","0.0","3.21875","HBM","No","No","No","<div class='source-info-cell' title='/home/lawrence/git/DISCO-EB/src/discoeb/spline_interpolation.py:34:17
/home/lawrence/git/DISCO-EB/src/discoeb/spline_interpolation.py:39:40
/home/lawrence/git/DISCO-EB/src/discoeb/spline_interpolation.py:39:15
/home/lawrence/git/DISCO-EB/src/discoeb/background.py:166:43
/home/lawrence/git/DISCO-EB/src/discoeb/background.py:233:12
/home/lawrence/git/DISCO-EB/src/discoeb/cmb.py:987:12
/home/lawrence/git/DISCO-EB/scripts/profile_CMB.py:38:0
'>/home/lawrence/git/DISCO-EB/src/discoeb/spline_interpolation.py:34</div>"
"134.0","7","loop fusion","loop_dynamic_update_slice_fusion.50","%loop_dynamic_update_slice_fusion.50 = f64[6,1024]{1,0} fusion(f64[6,1024]{1,0} %get-tuple-element.15737, f64[6]{0} %get-tuple-element.12356.0, pred[] %get-tuple-element.17939, s64[] %get-tuple-element.17938), kind=kLoop, calls=%fused_dynamic_update_slice.50, control-predecessors={%call.595}","jit(compute_Cell_spectrum_from_cosmo_params)/jit(main)/jit(evolve_background)/jit(evaluate_thermo)/while/body/scatter:","1024.0","977.206","0.954302734375","977.206","0.954302734375","0.012696090384592133","79.58242245274401","0.0","0.04401119108969859","0.04401119108969859","0.14931567183393904","0.14931567183393904","0.0","0.0","0.27450980392156865","HBM","No","No","No","<div class='source-info-cell' title='/home/lawrence/git/DISCO-EB/src/discoeb/thermodynamics_recfast.py:450:11
/home/lawrence/git/DISCO-EB/src/discoeb/thermodynamics_recfast.py:452:12
/home/lawrence/git/DISCO-EB/src/discoeb/thermodynamics_recfast.py:461:11
/home/lawrence/git/DISCO-EB/src/discoeb/background.py:237:82
/home/lawrence/git/DISCO-EB/src/discoeb/cmb.py:987:12
/home/lawrence/git/DISCO-EB/scripts/profile_CMB.py:38:0
'>/home/lawrence/git/DISCO-EB/src/discoeb/thermodynamics_recfast.py:450</div>"
"135.0","7","loop fusion","loop_select_fusion.18","%loop_select_fusion.18 = f64[] fusion(f64[] %get-tuple-element.16513, f64[1024]{0} %get-tuple-element.16519, s64[] %get-tuple-element.16512), kind=kLoop, calls=%fused_select.18","jit(compute_Cell_spectrum_from_cosmo_params)/jit(main)/jit(evolve_background)/while/body/jit(_where)/select_n:","1024.0","964.302","0.941701171875","964.302","0.941701171875","0.012528438579012985","79.59495089132304","0.0","0.006371447948879085","0.006371447948879085","0.031647324308152425","0.031647324308152425","0.0","0.0","0.1875","HBM","No","No","No","<div class='source-info-cell' title='/home/lawrence/git/DISCO-EB/src/discoeb/spline_interpolation.py:34:17
/home/lawrence/git/DISCO-EB/src/discoeb/spline_interpolation.py:39:40
/home/lawrence/git/DISCO-EB/src/discoeb/spline_interpolation.py:39:15
/home/lawrence/git/DISCO-EB/src/discoeb/background.py:166:43
/home/lawrence/git/DISCO-EB/src/discoeb/background.py:233:12
/home/lawrence/git/DISCO-EB/src/discoeb/cmb.py:987:12
/home/lawrence/git/DISCO-EB/scripts/profile_CMB.py:38:0
'>/home/lawrence/git/DISCO-EB/src/discoeb/spline_interpolation.py:34</div>"
"136.0","7","loop fusion","loop_select_fusion.17","%loop_select_fusion.17 = f64[] fusion(f64[] %get-tuple-element.16501, f64[1024]{0} %get-tuple-element.16507, s64[] %get-tuple-element.16500), kind=kLoop, calls=%fused_select.17","jit(compute_Cell_spectrum_from_cosmo_params)/jit(main)/jit(evolve_background)/while/body/jit(_where)/select_n:","1024.0","962.994","0.940423828125","962.994","0.940423828125","0.012511444735112062","79.60746233605815","0.0","0.006380102056710634","0.006380102056710634","0.03169030972674804","0.03169030972674804","0.0","0.0","0.1875","HBM","No","No","No","<div class='source-info-cell' title='/home/lawrence/git/DISCO-EB/src/discoeb/spline_interpolation.py:34:17
/home/lawrence/git/DISCO-EB/src/discoeb/spline_interpolation.py:39:40
/home/lawrence/git/DISCO-EB/src/discoeb/spline_interpolation.py:39:15
/home/lawrence/git/DISCO-EB/src/discoeb/background.py:166:43
/home/lawrence/git/DISCO-EB/src/discoeb/background.py:233:12
/home/lawrence/git/DISCO-EB/src/discoeb/cmb.py:987:12
/home/lawrence/git/DISCO-EB/scripts/profile_CMB.py:38:0
'>/home/lawrence/git/DISCO-EB/src/discoeb/spline_interpolation.py:34</div>"
"137.0","7","loop fusion","loop_select_fusion.19","%loop_select_fusion.19 = f64[] fusion(f64[] %get-tuple-element.16477, f64[1024]{0} %get-tuple-element.16483, s64[] %get-tuple-element.16476), kind=kLoop, calls=%fused_select.19","jit(compute_Cell_spectrum_from_cosmo_params)/jit(main)/jit(evolve_background)/while/body/jit(_where)/select_n:","1024.0","962.11","0.939560546875","962.11","0.939560546875","0.01249995959902","79.61996229565716","0.0","0.00638596418288969","0.00638596418288969","0.03171942722245897","0.03171942722245897","0.0","0.0","0.1875","HBM","No","No","No","<div class='source-info-cell' title='/home/lawrence/git/DISCO-EB/src/discoeb/spline_interpolation.py:34:17
/home/lawrence/git/DISCO-EB/src/discoeb/spline_interpolation.py:39:40
/home/lawrence/git/DISCO-EB/src/discoeb/spline_interpolation.py:39:15
/home/lawrence/git/DISCO-EB/src/discoeb/background.py:166:43
/home/lawrence/git/DISCO-EB/src/discoeb/background.py:233:12
/home/lawrence/git/DISCO-EB/src/discoeb/cmb.py:987:12
/home/lawrence/git/DISCO-EB/scripts/profile_CMB.py:38:0
'>/home/lawrence/git/DISCO-EB/src/discoeb/spline_interpolation.py:34</div>"
"138.0","7","loop fusion","loop_select_fusion.7","%loop_select_fusion.7 = f64[] fusion(f64[] %get-tuple-element.15875, f64[1024]{0} %get-tuple-element.15881, s64[] %get-tuple-element.15874), kind=kLoop, calls=%fused_select.7","jit(compute_Cell_spectrum_from_cosmo_params)/jit(main)/jit(evolve_background)/while/body/jit(_where)/select_n:","1024.0","961.842","0.939298828125","961.842","0.939298828125","0.012496477679933265","79.6324587733371","0.0","0.006387743517126514","0.006387743517126514","0.03172826527121918","0.03172826527121918","0.0","0.0","0.1875","HBM","No","No","No","<div class='source-info-cell' title='/home/lawrence/git/DISCO-EB/src/discoeb/spline_interpolation.py:34:17
/home/lawrence/git/DISCO-EB/src/discoeb/spline_interpolation.py:39:40
/home/lawrence/git/DISCO-EB/src/discoeb/spline_interpolation.py:39:15
/home/lawrence/git/DISCO-EB/src/discoeb/background.py:166:43
/home/lawrence/git/DISCO-EB/src/discoeb/background.py:233:12
/home/lawrence/git/DISCO-EB/src/discoeb/cmb.py:987:12
/home/lawrence/git/DISCO-EB/scripts/profile_CMB.py:38:0
'>/home/lawrence/git/DISCO-EB/src/discoeb/spline_interpolation.py:34</div>"
"139.0","7","loop fusion","loop_select_fusion.20","%loop_select_fusion.20 = f64[] fusion(f64[] %get-tuple-element.16489, f64[1024]{0} %get-tuple-element.16495, s64[] %get-tuple-element.16488), kind=kLoop, calls=%fused_select.20","jit(compute_Cell_spectrum_from_cosmo_params)/jit(main)/jit(evolve_background)/while/body/jit(_where)/select_n:","1024.0","961.191","0.9386630859375","961.191","0.9386630859375","0.012488019734688998","79.6449467930718","0.0","0.006392069838356789","0.006392069838356789","0.031749754341228745","0.031749754341228745","0.0","0.0","0.1875","HBM","No","No","No","<div class='source-info-cell' title='/home/lawrence/git/DISCO-EB/src/discoeb/spline_interpolation.py:34:17
/home/lawrence/git/DISCO-EB/src/discoeb/spline_interpolation.py:39:40
/home/lawrence/git/DISCO-EB/src/discoeb/spline_interpolation.py:39:15
/home/lawrence/git/DISCO-EB/src/discoeb/background.py:166:43
/home/lawrence/git/DISCO-EB/src/discoeb/background.py:233:12
/home/lawrence/git/DISCO-EB/src/discoeb/cmb.py:987:12
/home/lawrence/git/DISCO-EB/scripts/profile_CMB.py:38:0
'>/home/lawrence/git/DISCO-EB/src/discoeb/spline_interpolation.py:34</div>"
"140.0","7","loop fusion","loop_select_fusion.16","%loop_select_fusion.16 = f64[] fusion(f64[] %get-tuple-element.16210, f64[1024]{0} %get-tuple-element.16216, s64[] %get-tuple-element.16209), kind=kLoop, calls=%fused_select.16","jit(compute_Cell_spectrum_from_cosmo_params)/jit(main)/jit(evolve_background)/while/body/jit(_where)/select_n:","1024.0","960.667","0.9381513671875","960.667","0.9381513671875","0.012481211803340308","79.65742800487513","0.0","0.0063955564206952045","0.0063955564206952045","0.031767072383042196","0.031767072383042196","0.0","0.0","0.1875","HBM","No","No","No","<div class='source-info-cell' title='/home/lawrence/git/DISCO-EB/src/discoeb/spline_interpolation.py:34:17
/home/lawrence/git/DISCO-EB/src/discoeb/spline_interpolation.py:39:40
/home/lawrence/git/DISCO-EB/src/discoeb/spline_interpolation.py:39:15
/home/lawrence/git/DISCO-EB/src/discoeb/background.py:166:43
/home/lawrence/git/DISCO-EB/src/discoeb/background.py:233:12
/home/lawrence/git/DISCO-EB/src/discoeb/cmb.py:987:12
/home/lawrence/git/DISCO-EB/scripts/profile_CMB.py:38:0
'>/home/lawrence/git/DISCO-EB/src/discoeb/spline_interpolation.py:34</div>"
"141.0","7","loop fusion","loop_select_fusion.15","%loop_select_fusion.15 = f64[] fusion(f64[] %get-tuple-element.15944, f64[1024]{0} %get-tuple-element.15950, s64[] %get-tuple-element.15943), kind=kLoop, calls=%fused_select.15","jit(compute_Cell_spectrum_from_cosmo_params)/jit(main)/jit(evolve_background)/while/body/jit(_where)/select_n:","1024.0","960.126","0.937623046875","960.126","0.937623046875","0.012474183003989852","79.66990218787912","0.0","0.006399160110235532","0.006399160110235532","0.031784972102619866","0.031784972102619866","0.0","0.0","0.1875","HBM","No","No","No","<div class='source-info-cell' title='/home/lawrence/git/DISCO-EB/src/discoeb/spline_interpolation.py:34:17
/home/lawrence/git/DISCO-EB/src/discoeb/spline_interpolation.py:39:40
/home/lawrence/git/DISCO-EB/src/discoeb/spline_interpolation.py:39:15
/home/lawrence/git/DISCO-EB/src/discoeb/background.py:166:43
/home/lawrence/git/DISCO-EB/src/discoeb/background.py:233:12
/home/lawrence/git/DISCO-EB/src/discoeb/cmb.py:987:12
/home/lawrence/git/DISCO-EB/scripts/profile_CMB.py:38:0
'>/home/lawrence/git/DISCO-EB/src/discoeb/spline_interpolation.py:34</div>"
"142.0","7","loop fusion","loop_select_fusion.12","%loop_select_fusion.12 = f64[] fusion(f64[] %get-tuple-element.15968, f64[1024]{0} %get-tuple-element.15974, s64[] %get-tuple-element.15967), kind=kLoop, calls=%fused_select.12","jit(compute_Cell_spectrum_from_cosmo_params)/jit(main)/jit(evolve_background)/while/body/jit(_where)/select_n:","1024.0","957.776","0.935328125","957.776","0.935328125","0.012443651250803938","79.68234583912992","0.0","0.006414861094869781","0.006414861094869781","0.03186295973693222","0.03186295973693222","0.0","0.0","0.1875","HBM","No","No","No","<div class='source-info-cell' title='/home/lawrence/git/DISCO-EB/src/discoeb/spline_interpolation.py:34:17
/home/lawrence/git/DISCO-EB/src/discoeb/spline_interpolation.py:39:40
/home/lawrence/git/DISCO-EB/src/discoeb/spline_interpolation.py:39:15
/home/lawrence/git/DISCO-EB/src/discoeb/background.py:166:43
/home/lawrence/git/DISCO-EB/src/discoeb/background.py:233:12
/home/lawrence/git/DISCO-EB/src/discoeb/cmb.py:987:12
/home/lawrence/git/DISCO-EB/scripts/profile_CMB.py:38:0
'>/home/lawrence/git/DISCO-EB/src/discoeb/spline_interpolation.py:34</div>"
"143.0","7","loop fusion","loop_select_fusion.14","%loop_select_fusion.14 = f64[] fusion(f64[] %get-tuple-element.15920, f64[1024]{0} %get-tuple-element.15926, s64[] %get-tuple-element.15919), kind=kLoop, calls=%fused_select.14","jit(compute_Cell_spectrum_from_cosmo_params)/jit(main)/jit(evolve_background)/while/body/jit(_where)/select_n:","1024.0","957.65","0.935205078125","957.65","0.935205078125","0.012442014229143759","79.69478785335906","0.0","0.006415705111470788","0.006415705111470788","0.031867152012739514","0.031867152012739514","0.0","0.0","0.1875","HBM","No","No","No","<div class='source-info-cell' title='/home/lawrence/git/DISCO-EB/src/discoeb/spline_interpolation.py:34:17
/home/lawrence/git/DISCO-EB/src/discoeb/spline_interpolation.py:39:40
/home/lawrence/git/DISCO-EB/src/discoeb/spline_interpolation.py:39:15
/home/lawrence/git/DISCO-EB/src/discoeb/background.py:166:43
/home/lawrence/git/DISCO-EB/src/discoeb/background.py:233:12
/home/lawrence/git/DISCO-EB/src/discoeb/cmb.py:987:12
/home/lawrence/git/DISCO-EB/scripts/profile_CMB.py:38:0
'>/home/lawrence/git/DISCO-EB/src/discoeb/spline_interpolation.py:34</div>"
"144.0","7","loop fusion","loop_select_fusion.13","%loop_select_fusion.13 = f64[] fusion(f64[] %get-tuple-element.15932, f64[1024]{0} %get-tuple-element.15938, s64[] %get-tuple-element.15931), kind=kLoop, calls=%fused_select.13","jit(compute_Cell_spectrum_from_cosmo_params)/jit(main)/jit(evolve_background)/while/body/jit(_where)/select_n:","1024.0","955.943","0.9335380859375","955.943","0.9335380859375","0.01241983648331893","79.70720768984239","0.0","0.006427161452094947","0.006427161452094947","0.031924056272183594","0.031924056272183594","0.0","0.0","0.1875","HBM","No","No","No","<div class='source-info-cell' title='/home/lawrence/git/DISCO-EB/src/discoeb/spline_interpolation.py:34:17
/home/lawrence/git/DISCO-EB/src/discoeb/spline_interpolation.py:39:40
/home/lawrence/git/DISCO-EB/src/discoeb/spline_interpolation.py:39:15
/home/lawrence/git/DISCO-EB/src/discoeb/background.py:166:43
/home/lawrence/git/DISCO-EB/src/discoeb/background.py:233:12
/home/lawrence/git/DISCO-EB/src/discoeb/cmb.py:987:12
/home/lawrence/git/DISCO-EB/scripts/profile_CMB.py:38:0
'>/home/lawrence/git/DISCO-EB/src/discoeb/spline_interpolation.py:34</div>"
"145.0","7","loop fusion","loop_dynamic_update_slice_fusion.94","%loop_dynamic_update_slice_fusion.94 = f64[1022]{0} fusion(f64[1022]{0} %get-tuple-element.16657, f64[1]{0} %loop_subtract_fusion.16, s64[] %get-tuple-element.16656), kind=kLoop, calls=%fused_dynamic_update_slice.94, control-predecessors={%loop_subtract_fusion.16}","jit(compute_Cell_spectrum_from_cosmo_params)/jit(main)/jit(evolve_background)/while/body/scatter:","1021.0","949.207","0.9296836434867777","949.207","0.9296836434867777","0.012332320785676249","79.71954001062807","0.0","0.06131117869969353","0.06131117869969353","0.0320564125189099","0.0320564125189099","0.0","0.0","1.78125","HBM","No","No","No","<div class='source-info-cell' title='/home/lawrence/git/DISCO-EB/src/discoeb/spline_interpolation.py:79:24
/home/lawrence/git/DISCO-EB/src/discoeb/spline_interpolation.py:82:25
/home/lawrence/git/DISCO-EB/src/discoeb/background.py:248:40
/home/lawrence/git/DISCO-EB/src/discoeb/cmb.py:987:12
/home/lawrence/git/DISCO-EB/scripts/profile_CMB.py:38:0
'>/home/lawrence/git/DISCO-EB/src/discoeb/spline_interpolation.py:79</div>"
"146.0","7","loop fusion","loop_dynamic_update_slice_fusion.90","%loop_dynamic_update_slice_fusion.90 = f64[1022]{0} fusion(f64[1022]{0} %get-tuple-element.16243, f64[1]{0} %loop_subtract_fusion.12, s64[] %get-tuple-element.16242), kind=kLoop, calls=%fused_dynamic_update_slice.90, control-predecessors={%loop_subtract_fusion.12}","jit(compute_Cell_spectrum_from_cosmo_params)/jit(main)/jit(evolve_background)/while/body/scatter:","1021.0","947.622","0.9281312438785504","947.622","0.9281312438785504","0.012311728092570005","79.73185173872064","0.0","0.061413728258736075","0.061413728258736075","0.03211003032626608","0.03211003032626608","0.0","0.0","1.78125","HBM","No","No","No","<div class='source-info-cell' title='/home/lawrence/git/DISCO-EB/src/discoeb/spline_interpolation.py:79:24
/home/lawrence/git/DISCO-EB/src/discoeb/spline_interpolation.py:82:25
/home/lawrence/git/DISCO-EB/src/discoeb/background.py:248:40
/home/lawrence/git/DISCO-EB/src/discoeb/cmb.py:987:12
/home/lawrence/git/DISCO-EB/scripts/profile_CMB.py:38:0
'>/home/lawrence/git/DISCO-EB/src/discoeb/spline_interpolation.py:79</div>"
"147.0","7","loop fusion","loop_dynamic_update_slice_fusion.91","%loop_dynamic_update_slice_fusion.91 = f64[1022]{0} fusion(f64[1022]{0} %get-tuple-element.16558, f64[1]{0} %loop_subtract_fusion.13, s64[] %get-tuple-element.16557), kind=kLoop, calls=%fused_dynamic_update_slice.91, control-predecessors={%loop_subtract_fusion.13}","jit(compute_Cell_spectrum_from_cosmo_params)/jit(main)/jit(evolve_background)/while/body/scatter:","1021.0","946.365","0.926900097943193","946.365","0.926900097943193","0.012295396852674395","79.74414713557331","0.0","0.061495300439048356","0.061495300439048356","0.03215268015811754","0.03215268015811754","0.0","0.0","1.78125","HBM","No","No","No","<div class='source-info-cell' title='/home/lawrence/git/DISCO-EB/src/discoeb/spline_interpolation.py:79:24
/home/lawrence/git/DISCO-EB/src/discoeb/spline_interpolation.py:82:25
/home/lawrence/git/DISCO-EB/src/discoeb/background.py:248:40
/home/lawrence/git/DISCO-EB/src/discoeb/cmb.py:987:12
/home/lawrence/git/DISCO-EB/scripts/profile_CMB.py:38:0
'>/home/lawrence/git/DISCO-EB/src/discoeb/spline_interpolation.py:79</div>"
"148.0","7","loop fusion","loop_dynamic_update_slice_fusion.95","%loop_dynamic_update_slice_fusion.95 = f64[1022]{0} fusion(f64[1022]{0} %get-tuple-element.16624, f64[1]{0} %loop_subtract_fusion.17, s64[] %get-tuple-element.16623), kind=kLoop, calls=%fused_dynamic_update_slice.95, control-predecessors={%loop_subtract_fusion.17}","jit(compute_Cell_spectrum_from_cosmo_params)/jit(main)/jit(evolve_background)/while/body/scatter:","1021.0","945.653","0.9262027424094026","945.653","0.9262027424094026","0.012286146381070834","79.75643328195439","0.0","0.0615416014119344","0.0615416014119344","0.03217688851813182","0.03217688851813182","0.0","0.0","1.78125","HBM","No","No","No","<div class='source-info-cell' title='/home/lawrence/git/DISCO-EB/src/discoeb/spline_interpolation.py:79:24
/home/lawrence/git/DISCO-EB/src/discoeb/spline_interpolation.py:82:25
/home/lawrence/git/DISCO-EB/src/discoeb/background.py:248:40
/home/lawrence/git/DISCO-EB/src/discoeb/cmb.py:987:12
/home/lawrence/git/DISCO-EB/scripts/profile_CMB.py:38:0
'>/home/lawrence/git/DISCO-EB/src/discoeb/spline_interpolation.py:79</div>"
"149.0","7","loop fusion","loop_dynamic_update_slice_fusion.16","%loop_dynamic_update_slice_fusion.16 = f64[1022]{0} fusion(f64[1022]{0} %get-tuple-element.15908, f64[1]{0} %loop_subtract_fusion.1, s64[] %get-tuple-element.15907), kind=kLoop, calls=%fused_dynamic_update_slice.16, control-predecessors={%loop_subtract_fusion.1}","jit(compute_Cell_spectrum_from_cosmo_params)/jit(main)/jit(evolve_background)/while/body/scatter:","1021.0","944.279","0.9248570029382958","944.279","0.9248570029382958","0.012268295049633626","79.76870157700402","0.0","0.0616311492683836","0.0616311492683836","0.032223708414395445","0.032223708414395445","0.0","0.0","1.78125","HBM","No","No","No","<div class='source-info-cell' title='/home/lawrence/git/DISCO-EB/src/discoeb/spline_interpolation.py:79:24
/home/lawrence/git/DISCO-EB/src/discoeb/spline_interpolation.py:82:25
/home/lawrence/git/DISCO-EB/src/discoeb/background.py:248:40
/home/lawrence/git/DISCO-EB/src/discoeb/cmb.py:987:12
/home/lawrence/git/DISCO-EB/scripts/profile_CMB.py:38:0
'>/home/lawrence/git/DISCO-EB/src/discoeb/spline_interpolation.py:79</div>"
"150.0","7","loop fusion","loop_dynamic_update_slice_fusion.92","%loop_dynamic_update_slice_fusion.92 = f64[1022]{0} fusion(f64[1022]{0} %get-tuple-element.16591, f64[1]{0} %loop_subtract_fusion.14, s64[] %get-tuple-element.16590), kind=kLoop, calls=%fused_dynamic_update_slice.92, control-predecessors={%loop_subtract_fusion.14}","jit(compute_Cell_spectrum_from_cosmo_params)/jit(main)/jit(evolve_background)/while/body/scatter:","1021.0","943.738","0.9243271302644467","943.738","0.9243271302644467","0.012261266250283164","79.7809628432543","0.0","0.0616664794678184","0.0616664794678184","0.03224218073007224","0.03224218073007224","0.0","0.0","1.78125","HBM","No","No","No","<div class='source-info-cell' title='/home/lawrence/git/DISCO-EB/src/discoeb/spline_interpolation.py:79:24
/home/lawrence/git/DISCO-EB/src/discoeb/spline_interpolation.py:82:25
/home/lawrence/git/DISCO-EB/src/discoeb/background.py:248:40
/home/lawrence/git/DISCO-EB/src/discoeb/cmb.py:987:12
/home/lawrence/git/DISCO-EB/scripts/profile_CMB.py:38:0
'>/home/lawrence/git/DISCO-EB/src/discoeb/spline_interpolation.py:79</div>"
"151.0","7","loop fusion","loop_dynamic_update_slice_fusion.93","%loop_dynamic_update_slice_fusion.93 = f64[1022]{0} fusion(f64[1022]{0} %get-tuple-element.16690, f64[1]{0} %loop_subtract_fusion.15, s64[] %get-tuple-element.16689), kind=kLoop, calls=%fused_dynamic_update_slice.93, control-predecessors={%loop_subtract_fusion.15}","jit(compute_Cell_spectrum_from_cosmo_params)/jit(main)/jit(evolve_background)/while/body/scatter:","1021.0","943.233","0.9238325171400588","943.233","0.9238325171400588","0.012254705171407042","79.79321754842572","0.0","0.061699495246667575","0.061699495246667575","0.03225944295612739","0.03225944295612739","0.0","0.0","1.78125","HBM","No","No","No","<div class='source-info-cell' title='/home/lawrence/git/DISCO-EB/src/discoeb/spline_interpolation.py:79:24
/home/lawrence/git/DISCO-EB/src/discoeb/spline_interpolation.py:82:25
/home/lawrence/git/DISCO-EB/src/discoeb/background.py:248:40
/home/lawrence/git/DISCO-EB/src/discoeb/cmb.py:987:12
/home/lawrence/git/DISCO-EB/scripts/profile_CMB.py:38:0
'>/home/lawrence/git/DISCO-EB/src/discoeb/spline_interpolation.py:79</div>"
"152.0","7","loop fusion","loop_dynamic_update_slice_fusion.86","%loop_dynamic_update_slice_fusion.86 = f64[1022]{0} fusion(f64[1022]{0} %get-tuple-element.16013, f64[1]{0} %loop_subtract_fusion.8, s64[] %get-tuple-element.16012), kind=kLoop, calls=%fused_dynamic_update_slice.86, control-predecessors={%loop_subtract_fusion.8}","jit(compute_Cell_spectrum_from_cosmo_params)/jit(main)/jit(evolve_background)/while/body/scatter:","1021.0","942.765","0.9233741429970617","942.765","0.9233741429970617","0.012248624805240657","79.80546617323095","0.0","0.06173012362571797","0.06173012362571797","0.0322754569355427","0.0322754569355427","0.0","0.0","1.78125","HBM","No","No","No","<div class='source-info-cell' title='/home/lawrence/git/DISCO-EB/src/discoeb/spline_interpolation.py:79:24
/home/lawrence/git/DISCO-EB/src/discoeb/spline_interpolation.py:82:25
/home/lawrence/git/DISCO-EB/src/discoeb/background.py:248:40
/home/lawrence/git/DISCO-EB/src/discoeb/cmb.py:987:12
/home/lawrence/git/DISCO-EB/scripts/profile_CMB.py:38:0
'>/home/lawrence/git/DISCO-EB/src/discoeb/spline_interpolation.py:79</div>"
"153.0","7","loop fusion","loop_dynamic_update_slice_fusion.89","%loop_dynamic_update_slice_fusion.89 = f64[1022]{0} fusion(f64[1022]{0} %get-tuple-element.16046, f64[1]{0} %loop_subtract_fusion.11, s64[] %get-tuple-element.16045), kind=kLoop, calls=%fused_dynamic_update_slice.89, control-predecessors={%loop_subtract_fusion.11}","jit(compute_Cell_spectrum_from_cosmo_params)/jit(main)/jit(evolve_background)/while/body/scatter:","1021.0","942.713","0.9233232125367287","942.713","0.9233232125367287","0.012247949208999949","79.81771412243995","0.0","0.06173352865612334","0.06173352865612334","0.03227723724806692","0.03227723724806692","0.0","0.0","1.78125","HBM","No","No","No","<div class='source-info-cell' title='/home/lawrence/git/DISCO-EB/src/discoeb/spline_interpolation.py:79:24
/home/lawrence/git/DISCO-EB/src/discoeb/spline_interpolation.py:82:25
/home/lawrence/git/DISCO-EB/src/discoeb/background.py:248:40
/home/lawrence/git/DISCO-EB/src/discoeb/cmb.py:987:12
/home/lawrence/git/DISCO-EB/scripts/profile_CMB.py:38:0
'>/home/lawrence/git/DISCO-EB/src/discoeb/spline_interpolation.py:79</div>"
"154.0","7","loop fusion","loop_dynamic_update_slice_fusion.85","%loop_dynamic_update_slice_fusion.85 = f64[1022]{0} fusion(f64[1022]{0} %get-tuple-element.16112, f64[1]{0} %loop_subtract_fusion.7, s64[] %get-tuple-element.16111), kind=kLoop, calls=%fused_dynamic_update_slice.85, control-predecessors={%loop_subtract_fusion.7}","jit(compute_Cell_spectrum_from_cosmo_params)/jit(main)/jit(evolve_background)/while/body/scatter:","1021.0","941.906","0.9225328109696376","941.906","0.9225328109696376","0.012237464475033552","79.82995158691499","0.0","0.061786420300964214","0.061786420300964214","0.03230489152615751","0.03230489152615751","0.0","0.0","1.78125","HBM","No","No","No","<div class='source-info-cell' title='/home/lawrence/git/DISCO-EB/src/discoeb/spline_interpolation.py:79:24
/home/lawrence/git/DISCO-EB/src/discoeb/spline_interpolation.py:82:25
/home/lawrence/git/DISCO-EB/src/discoeb/background.py:248:40
/home/lawrence/git/DISCO-EB/src/discoeb/cmb.py:987:12
/home/lawrence/git/DISCO-EB/scripts/profile_CMB.py:38:0
'>/home/lawrence/git/DISCO-EB/src/discoeb/spline_interpolation.py:79</div>"
"155.0","7","loop fusion","loop_dynamic_update_slice_fusion.88","%loop_dynamic_update_slice_fusion.88 = f64[1022]{0} fusion(f64[1022]{0} %get-tuple-element.16079, f64[1]{0} %loop_subtract_fusion.10, s64[] %get-tuple-element.16078), kind=kLoop, calls=%fused_dynamic_update_slice.88, control-predecessors={%loop_subtract_fusion.10}","jit(compute_Cell_spectrum_from_cosmo_params)/jit(main)/jit(evolve_background)/while/body/scatter:","1021.0","940.684","0.9213359451518119","940.684","0.9213359451518119","0.012221587963376877","79.84217317487835","0.0","0.061866684242529904","0.061866684242529904","0.03234685734830922","0.03234685734830922","0.0","0.0","1.78125","HBM","No","No","No","<div class='source-info-cell' title='/home/lawrence/git/DISCO-EB/src/discoeb/spline_interpolation.py:79:24
/home/lawrence/git/DISCO-EB/src/discoeb/spline_interpolation.py:82:25
/home/lawrence/git/DISCO-EB/src/discoeb/background.py:248:40
/home/lawrence/git/DISCO-EB/src/discoeb/cmb.py:987:12
/home/lawrence/git/DISCO-EB/scripts/profile_CMB.py:38:0
'>/home/lawrence/git/DISCO-EB/src/discoeb/spline_interpolation.py:79</div>"
"156.0","7","loop fusion","loop_dynamic_update_slice_fusion.84","%loop_dynamic_update_slice_fusion.84 = f64[1022]{0} fusion(f64[1022]{0} %get-tuple-element.16145, f64[1]{0} %loop_subtract_fusion.6, s64[] %get-tuple-element.16144), kind=kLoop, calls=%fused_dynamic_update_slice.84, control-predecessors={%loop_subtract_fusion.6}","jit(compute_Cell_spectrum_from_cosmo_params)/jit(main)/jit(evolve_background)/while/body/scatter:","1021.0","939.127","0.9198109696376101","939.127","0.9198109696376101","0.012201359052861786","79.85437453393122","0.0","0.06196925442458794","0.06196925442458794","0.03240048593836287","0.03240048593836287","0.0","0.0","1.78125","HBM","No","No","No","<div class='source-info-cell' title='/home/lawrence/git/DISCO-EB/src/discoeb/spline_interpolation.py:79:24
/home/lawrence/git/DISCO-EB/src/discoeb/spline_interpolation.py:82:25
/home/lawrence/git/DISCO-EB/src/discoeb/background.py:248:40
/home/lawrence/git/DISCO-EB/src/discoeb/cmb.py:987:12
/home/lawrence/git/DISCO-EB/scripts/profile_CMB.py:38:0
'>/home/lawrence/git/DISCO-EB/src/discoeb/spline_interpolation.py:79</div>"
"157.0","7","loop fusion","loop_dynamic_update_slice_fusion.87","%loop_dynamic_update_slice_fusion.87 = f64[1022]{0} fusion(f64[1022]{0} %get-tuple-element.16198, f64[1]{0} %loop_subtract_fusion.9, s64[] %get-tuple-element.16197), kind=kLoop, calls=%fused_dynamic_update_slice.87, control-predecessors={%loop_subtract_fusion.9}","jit(compute_Cell_spectrum_from_cosmo_params)/jit(main)/jit(evolve_background)/while/body/scatter:","1021.0","938.913","0.9196013712047013","938.913","0.9196013712047013","0.012198578714486562","79.86657311264571","0.0","0.06198337865169616","0.06198337865169616","0.03240787075888491","0.03240787075888491","0.0","0.0","1.78125","HBM","No","No","No","<div class='source-info-cell' title='/home/lawrence/git/DISCO-EB/src/discoeb/spline_interpolation.py:79:24
/home/lawrence/git/DISCO-EB/src/discoeb/spline_interpolation.py:82:25
/home/lawrence/git/DISCO-EB/src/discoeb/background.py:248:40
/home/lawrence/git/DISCO-EB/src/discoeb/cmb.py:987:12
/home/lawrence/git/DISCO-EB/scripts/profile_CMB.py:38:0
'>/home/lawrence/git/DISCO-EB/src/discoeb/spline_interpolation.py:79</div>"
"158.0","7","loop fusion","loop_minimum_multiply_select_fusion","%loop_minimum_multiply_select_fusion = (f64[], f64[], f64[], s64[]) fusion(f64[] %get-tuple-element.682.0, f64[] %get-tuple-element.3494.0, f64[] %get-tuple-element.3492.0), kind=kLoop, calls=%fused_minimum_multiply_select","jit(compute_Cell_spectrum_from_cosmo_params)/jit(main)/jit(evolve_background)/jit(evaluate_thermo)/while/body/cond/branch_0_fun/cond/branch_0_fun/cond/branch_0_fun/jit(diffeqsolve)/min:","877.0","868.211","0.9899783352337514","868.211","0.9899783352337514","0.011280001687358777","79.87785311433308","0.0","0.40404924609340354","0.40404924609340354","0.05268202578004123","0.05268202578004123","0.0","0.0","7.142857142857143","HBM","No","No","No","<div class='source-info-cell' title='/home/lawrence/git/DISCO-EB/.venv/lib/python3.13/site-packages/diffrax/_integrate.py:1238:12
/home/lawrence/git/DISCO-EB/.venv/lib/python3.13/site-packages/equinox/_jit.py:55:14
/home/lawrence/git/DISCO-EB/.venv/lib/python3.13/site-packages/equinox/_jit.py:263:37
/home/lawrence/git/DISCO-EB/.venv/lib/python3.13/site-packages/equinox/_jit.py:209:19
/home/lawrence/git/DISCO-EB/src/discoeb/thermodynamics_recfast.py:284:7
/home/lawrence/git/DISCO-EB/src/discoeb/thermodynamics_recfast.py:432:14
/home/lawrence/git/DISCO-EB/src/discoeb/thermodynamics_recfast.py:446:16
/home/lawrence/git/DISCO-EB/src/discoeb/thermodynamics_recfast.py:443:14
/home/lawrence/git/DISCO-EB/src/discoeb/thermodynamics_recfast.py:440:14
/home/lawrence/git/DISCO-EB/src/discoeb/thermodynamics_recfast.py:452:12
'>/home/lawrence/git/DISCO-EB/.venv/lib/python3.13/site-packages/diffrax/_integrate.py:1238</div>"
"159.0","7","loop fusion","loop_add_fusion.19","%loop_add_fusion.19 = s64[] fusion(s64[] %get-tuple-element.16512), kind=kLoop, calls=%fused_add.19, control-predecessors={%loop_select_fusion.18, %loop_dynamic_update_slice_fusion.25}","jit(compute_Cell_spectrum_from_cosmo_params)/jit(main)/jit(evolve_background)/while/body/add:","1024.0","838.354","0.818705078125","838.354","0.818705078125","0.010892092515072926","79.88874520684814","0.0","0.0036643231856709696","0.0036643231856709696","0.018200890152012154","0.018200890152012154","0.0","0.0","0.1875","HBM","No","No","No","<div class='source-info-cell' title='/home/lawrence/git/DISCO-EB/src/discoeb/spline_interpolation.py:39:15
/home/lawrence/git/DISCO-EB/src/discoeb/background.py:248:40
/home/lawrence/git/DISCO-EB/src/discoeb/cmb.py:987:12
/home/lawrence/git/DISCO-EB/scripts/profile_CMB.py:38:0
'>/home/lawrence/git/DISCO-EB/src/discoeb/spline_interpolation.py:39</div>"
"160.0","7","loop fusion","loop_add_fusion.18","%loop_add_fusion.18 = s64[] fusion(s64[] %get-tuple-element.16500), kind=kLoop, calls=%fused_add.18, control-predecessors={%loop_select_fusion.17, %loop_dynamic_update_slice_fusion.24}","jit(compute_Cell_spectrum_from_cosmo_params)/jit(main)/jit(evolve_background)/while/body/add:","1024.0","837.606","0.817974609375","837.606","0.817974609375","0.010882374322995027","79.89962758117115","0.0","0.0036675955043301983","0.0036675955043301983","0.018217143934618422","0.018217143934618422","0.0","0.0","0.1875","HBM","No","No","No","<div class='source-info-cell' title='/home/lawrence/git/DISCO-EB/src/discoeb/spline_interpolation.py:39:15
/home/lawrence/git/DISCO-EB/src/discoeb/background.py:248:40
/home/lawrence/git/DISCO-EB/src/discoeb/cmb.py:987:12
/home/lawrence/git/DISCO-EB/scripts/profile_CMB.py:38:0
'>/home/lawrence/git/DISCO-EB/src/discoeb/spline_interpolation.py:39</div>"
"161.0","7","loop fusion","loop_add_fusion.49","%loop_add_fusion.49 = s64[] fusion(s64[] %get-tuple-element.16242), kind=kLoop, calls=%fused_add.49, control-predecessors={%loop_dynamic_update_slice_fusion.90, %loop_subtract_fusion.12}","jit(compute_Cell_spectrum_from_cosmo_params)/jit(main)/jit(evolve_background)/while/body/add:","1021.0","836.799","0.8195876591576885","836.799","0.8195876591576885","0.01087188958902863","79.91049947076017","0.0","0.0036603772232041386","0.0036603772232041386","0.018181290344417782","0.018181290344417782","0.0","0.0","0.1875","HBM","No","No","No","<div class='source-info-cell' title='/home/lawrence/git/DISCO-EB/src/discoeb/spline_interpolation.py:82:25
/home/lawrence/git/DISCO-EB/src/discoeb/background.py:248:40
/home/lawrence/git/DISCO-EB/src/discoeb/cmb.py:987:12
/home/lawrence/git/DISCO-EB/scripts/profile_CMB.py:38:0
'>/home/lawrence/git/DISCO-EB/src/discoeb/spline_interpolation.py:82</div>"
"162.0","7","loop fusion","loop_add_fusion.20","%loop_add_fusion.20 = s64[] fusion(s64[] %get-tuple-element.16476), kind=kLoop, calls=%fused_add.20, control-predecessors={%loop_select_fusion.19, %loop_dynamic_update_slice_fusion.26}","jit(compute_Cell_spectrum_from_cosmo_params)/jit(main)/jit(evolve_background)/while/body/add:","1024.0","836.185","0.8165869140625","836.185","0.8165869140625","0.010863912356494098","79.92136338311666","0.0","0.0036738281600363558","0.0036738281600363558","0.01824810187039949","0.01824810187039949","0.0","0.0","0.1875","HBM","No","No","No","<div class='source-info-cell' title='/home/lawrence/git/DISCO-EB/src/discoeb/spline_interpolation.py:39:15
/home/lawrence/git/DISCO-EB/src/discoeb/background.py:248:40
/home/lawrence/git/DISCO-EB/src/discoeb/cmb.py:987:12
/home/lawrence/git/DISCO-EB/scripts/profile_CMB.py:38:0
'>/home/lawrence/git/DISCO-EB/src/discoeb/spline_interpolation.py:39</div>"
"163.0","7","loop fusion","loop_add_fusion.53","%loop_add_fusion.53 = s64[] fusion(s64[] %get-tuple-element.16656), kind=kLoop, calls=%fused_add.53, control-predecessors={%loop_dynamic_update_slice_fusion.94, %loop_subtract_fusion.16}","jit(compute_Cell_spectrum_from_cosmo_params)/jit(main)/jit(evolve_background)/while/body/add:","1021.0","835.39","0.81820763956905","835.39","0.81820763956905","0.010853583529352482","79.93221696664602","0.0","0.0036665509522498473","0.0036665509522498473","0.018211955588310198","0.018211955588310198","0.0","0.0","0.1875","HBM","No","No","No","<div class='source-info-cell' title='/home/lawrence/git/DISCO-EB/src/discoeb/spline_interpolation.py:82:25
/home/lawrence/git/DISCO-EB/src/discoeb/background.py:248:40
/home/lawrence/git/DISCO-EB/src/discoeb/cmb.py:987:12
/home/lawrence/git/DISCO-EB/scripts/profile_CMB.py:38:0
'>/home/lawrence/git/DISCO-EB/src/discoeb/spline_interpolation.py:82</div>"
"164.0","7","loop fusion","loop_add_fusion.21","%loop_add_fusion.21 = s64[] fusion(s64[] %get-tuple-element.16488), kind=kLoop, calls=%fused_add.21, control-predecessors={%loop_select_fusion.20, %loop_dynamic_update_slice_fusion.27}","jit(compute_Cell_spectrum_from_cosmo_params)/jit(main)/jit(evolve_background)/while/body/add:","1024.0","834.248","0.8146953125","834.248","0.8146953125","0.01083874639652767","79.94305571304254","0.0","0.0036823582435918335","0.0036823582435918335","0.01829047125375188","0.01829047125375188","0.0","0.0","0.1875","HBM","No","No","No","<div class='source-info-cell' title='/home/lawrence/git/DISCO-EB/src/discoeb/spline_interpolation.py:39:15
/home/lawrence/git/DISCO-EB/src/discoeb/background.py:248:40
/home/lawrence/git/DISCO-EB/src/discoeb/cmb.py:987:12
/home/lawrence/git/DISCO-EB/scripts/profile_CMB.py:38:0
'>/home/lawrence/git/DISCO-EB/src/discoeb/spline_interpolation.py:39</div>"
"165.0","7","loop fusion","loop_add_fusion.17","%loop_add_fusion.17 = s64[] fusion(s64[] %get-tuple-element.16209), kind=kLoop, calls=%fused_add.17, control-predecessors={%loop_select_fusion.16, %loop_dynamic_update_slice_fusion.23}","jit(compute_Cell_spectrum_from_cosmo_params)/jit(main)/jit(evolve_background)/while/body/add:","1024.0","833.994","0.814447265625","833.994","0.814447265625","0.010835446368736512","79.95389115941128","0.0","0.003683479737264297","0.003683479737264297","0.0182960417730823","0.0182960417730823","0.0","0.0","0.1875","HBM","No","No","No","<div class='source-info-cell' title='/home/lawrence/git/DISCO-EB/src/discoeb/spline_interpolation.py:39:15
/home/lawrence/git/DISCO-EB/src/discoeb/background.py:248:40
/home/lawrence/git/DISCO-EB/src/discoeb/cmb.py:987:12
/home/lawrence/git/DISCO-EB/scripts/profile_CMB.py:38:0
'>/home/lawrence/git/DISCO-EB/src/discoeb/spline_interpolation.py:39</div>"
"166.0","7","loop fusion","loop_add_fusion.7","%loop_add_fusion.7 = s64[] fusion(s64[] %get-tuple-element.15874), kind=kLoop, calls=%fused_add.7, control-predecessors={%loop_select_fusion.7, %loop_dynamic_update_slice_fusion.7}","jit(compute_Cell_spectrum_from_cosmo_params)/jit(main)/jit(evolve_background)/while/body/add:","1024.0","833.454","0.813919921875","833.454","0.813919921875","0.01082843056162145","79.96471958997292","0.0","0.0036858662865617057","0.0036858662865617057","0.018307895891674884","0.018307895891674884","0.0","0.0","0.1875","HBM","No","No","No","<div class='source-info-cell' title='/home/lawrence/git/DISCO-EB/src/discoeb/spline_interpolation.py:39:15
/home/lawrence/git/DISCO-EB/src/discoeb/background.py:248:40
/home/lawrence/git/DISCO-EB/src/discoeb/cmb.py:987:12
/home/lawrence/git/DISCO-EB/scripts/profile_CMB.py:38:0
'>/home/lawrence/git/DISCO-EB/src/discoeb/spline_interpolation.py:39</div>"
"167.0","7","loop fusion","loop_add_fusion.16","%loop_add_fusion.16 = s64[] fusion(s64[] %get-tuple-element.15943), kind=kLoop, calls=%fused_add.16, control-predecessors={%loop_select_fusion.15, %loop_dynamic_update_slice_fusion.22}","jit(compute_Cell_spectrum_from_cosmo_params)/jit(main)/jit(evolve_background)/while/body/add:","1024.0","832.969","0.8134462890625","832.969","0.8134462890625","0.010822129327453297","79.97554171930035","0.0","0.003688012399020852","0.003688012399020852","0.018318555747572837","0.018318555747572837","0.0","0.0","0.1875","HBM","No","No","No","<div class='source-info-cell' title='/home/lawrence/git/DISCO-EB/src/discoeb/spline_interpolation.py:39:15
/home/lawrence/git/DISCO-EB/src/discoeb/background.py:248:40
/home/lawrence/git/DISCO-EB/src/discoeb/cmb.py:987:12
/home/lawrence/git/DISCO-EB/scripts/profile_CMB.py:38:0
'>/home/lawrence/git/DISCO-EB/src/discoeb/spline_interpolation.py:39</div>"
"168.0","7","loop fusion","loop_add_fusion.50","%loop_add_fusion.50 = s64[] fusion(s64[] %get-tuple-element.16557), kind=kLoop, calls=%fused_add.50, control-predecessors={%loop_dynamic_update_slice_fusion.91, %loop_subtract_fusion.13}","jit(compute_Cell_spectrum_from_cosmo_params)/jit(main)/jit(evolve_background)/while/body/add:","1021.0","832.563","0.8154387855044074","832.563","0.8154387855044074","0.010816854479881602","79.98635857378024","0.0","0.0036790008684027516","0.0036790008684027516","0.018273794990791636","0.018273794990791636","0.0","0.0","0.1875","HBM","No","No","No","<div class='source-info-cell' title='/home/lawrence/git/DISCO-EB/src/discoeb/spline_interpolation.py:82:25
/home/lawrence/git/DISCO-EB/src/discoeb/background.py:248:40
/home/lawrence/git/DISCO-EB/src/discoeb/cmb.py:987:12
/home/lawrence/git/DISCO-EB/scripts/profile_CMB.py:38:0
'>/home/lawrence/git/DISCO-EB/src/discoeb/spline_interpolation.py:82</div>"
"169.0","7","loop fusion","loop_add_fusion.24","%loop_add_fusion.24 = s64[] fusion(s64[] %get-tuple-element.16524), kind=kLoop, calls=%fused_add.24, control-predecessors={%loop_select_fusion.23, %loop_dynamic_update_slice_fusion.30}","jit(compute_Cell_spectrum_from_cosmo_params)/jit(main)/jit(evolve_background)/while/body/add:","1024.0","832.486","0.812974609375","832.486","0.812974609375","0.010815854077755935","79.997174427858","0.0","0.0036901521467027675","0.0036901521467027675","0.0183291839892803","0.0183291839892803","0.0","0.0","0.1875","HBM","No","No","No","<div class='source-info-cell' title='/home/lawrence/git/DISCO-EB/src/discoeb/spline_interpolation.py:40:15
/home/lawrence/git/DISCO-EB/src/discoeb/background.py:248:40
/home/lawrence/git/DISCO-EB/src/discoeb/cmb.py:987:12
/home/lawrence/git/DISCO-EB/scripts/profile_CMB.py:38:0
'>/home/lawrence/git/DISCO-EB/src/discoeb/spline_interpolation.py:40</div>"
"170.0","7","loop fusion","loop_add_fusion.52","%loop_add_fusion.52 = s64[] fusion(s64[] %get-tuple-element.16689), kind=kLoop, calls=%fused_add.52, control-predecessors={%loop_dynamic_update_slice_fusion.93, %loop_subtract_fusion.15}","jit(compute_Cell_spectrum_from_cosmo_params)/jit(main)/jit(evolve_background)/while/body/add:","1021.0","832.468","0.8153457394711067","832.468","0.8153457394711067","0.010815620217518765","80.00799004807551","0.0","0.0036794207104657475","0.0036794207104657475","0.01827588036887719","0.01827588036887719","0.0","0.0","0.1875","HBM","No","No","No","<div class='source-info-cell' title='/home/lawrence/git/DISCO-EB/src/discoeb/spline_interpolation.py:82:25
/home/lawrence/git/DISCO-EB/src/discoeb/background.py:248:40
/home/lawrence/git/DISCO-EB/src/discoeb/cmb.py:987:12
/home/lawrence/git/DISCO-EB/scripts/profile_CMB.py:38:0
'>/home/lawrence/git/DISCO-EB/src/discoeb/spline_interpolation.py:82</div>"
"171.0","7","loop fusion","loop_add_fusion.51","%loop_add_fusion.51 = s64[] fusion(s64[] %get-tuple-element.16590), kind=kLoop, calls=%fused_add.51, control-predecessors={%loop_dynamic_update_slice_fusion.92, %loop_subtract_fusion.14}","jit(compute_Cell_spectrum_from_cosmo_params)/jit(main)/jit(evolve_background)/while/body/add:","1021.0","831.949","0.8148374142997061","831.949","0.8148374142997061","0.010808877247347068","80.01879892532287","0.0","0.003681716066730052","0.003681716066730052","0.018287281526774425","0.018287281526774425","0.0","0.0","0.1875","HBM","No","No","No","<div class='source-info-cell' title='/home/lawrence/git/DISCO-EB/src/discoeb/spline_interpolation.py:82:25
/home/lawrence/git/DISCO-EB/src/discoeb/background.py:248:40
/home/lawrence/git/DISCO-EB/src/discoeb/cmb.py:987:12
/home/lawrence/git/DISCO-EB/scripts/profile_CMB.py:38:0
'>/home/lawrence/git/DISCO-EB/src/discoeb/spline_interpolation.py:82</div>"
"172.0","7","loop fusion","loop_add_fusion.54","%loop_add_fusion.54 = s64[] fusion(s64[] %get-tuple-element.16623), kind=kLoop, calls=%fused_add.54, control-predecessors={%loop_dynamic_update_slice_fusion.95, %loop_subtract_fusion.17}","jit(compute_Cell_spectrum_from_cosmo_params)/jit(main)/jit(evolve_background)/while/body/add:","1021.0","831.687","0.8145808031341822","831.687","0.8145808031341822","0.010805473281672726","80.02960439860453","0.0","0.0036828758896075087","0.0036828758896075087","0.018293042429325522","0.018293042429325522","0.0","0.0","0.1875","HBM","No","No","No","<div class='source-info-cell' title='/home/lawrence/git/DISCO-EB/src/discoeb/spline_interpolation.py:82:25
/home/lawrence/git/DISCO-EB/src/discoeb/background.py:248:40
/home/lawrence/git/DISCO-EB/src/discoeb/cmb.py:987:12
/home/lawrence/git/DISCO-EB/scripts/profile_CMB.py:38:0
'>/home/lawrence/git/DISCO-EB/src/discoeb/spline_interpolation.py:82</div>"
"173.0","7","loop fusion","loop_add_fusion.8","%loop_add_fusion.8 = s64[] fusion(s64[] %get-tuple-element.15790), kind=kLoop, calls=%fused_add.8, control-predecessors={%loop_select_fusion.8, %loop_dynamic_update_slice_fusion.8}","jit(compute_Cell_spectrum_from_cosmo_params)/jit(main)/jit(evolve_background)/while/body/add:","1024.0","830.954","0.811478515625","830.954","0.811478515625","0.0107959499731258","80.04040034857766","0.0","0.0036969555474791623","0.0036969555474791623","0.0183629768464921","0.0183629768464921","0.0","0.0","0.1875","HBM","No","No","No","<div class='source-info-cell' title='/home/lawrence/git/DISCO-EB/src/discoeb/spline_interpolation.py:40:15
/home/lawrence/git/DISCO-EB/src/discoeb/background.py:248:40
/home/lawrence/git/DISCO-EB/src/discoeb/cmb.py:987:12
/home/lawrence/git/DISCO-EB/scripts/profile_CMB.py:38:0
'>/home/lawrence/git/DISCO-EB/src/discoeb/spline_interpolation.py:40</div>"
"174.0","7","loop fusion","loop_add_fusion.10","%loop_add_fusion.10 = s64[] fusion(s64[] %get-tuple-element.15907), kind=kLoop, calls=%fused_add.10, control-predecessors={%loop_dynamic_update_slice_fusion.16, %loop_subtract_fusion.1}","jit(compute_Cell_spectrum_from_cosmo_params)/jit(main)/jit(evolve_background)/while/body/add:","1021.0","830.677","0.8135915768854065","830.677","0.8135915768854065","0.010792351123920484","80.05119269970159","0.0","0.0036873538090015736","0.0036873538090015736","0.018315284495560195","0.018315284495560195","0.0","0.0","0.1875","HBM","No","No","No","<div class='source-info-cell' title='/home/lawrence/git/DISCO-EB/src/discoeb/spline_interpolation.py:82:25
/home/lawrence/git/DISCO-EB/src/discoeb/background.py:248:40
/home/lawrence/git/DISCO-EB/src/discoeb/cmb.py:987:12
/home/lawrence/git/DISCO-EB/scripts/profile_CMB.py:38:0
'>/home/lawrence/git/DISCO-EB/src/discoeb/spline_interpolation.py:82</div>"
"175.0","7","loop fusion","loop_add_fusion.15","%loop_add_fusion.15 = s64[] fusion(s64[] %get-tuple-element.15919), kind=kLoop, calls=%fused_add.15, control-predecessors={%loop_select_fusion.14, %loop_dynamic_update_slice_fusion.21}","jit(compute_Cell_spectrum_from_cosmo_params)/jit(main)/jit(evolve_background)/while/body/add:","1024.0","829.57","0.810126953125","829.57","0.810126953125","0.01077796871933461","80.06197066842093","0.0","0.0037031233048446786","0.0037031233048446786","0.018393612428728136","0.018393612428728136","0.0","0.0","0.1875","HBM","No","No","No","<div class='source-info-cell' title='/home/lawrence/git/DISCO-EB/src/discoeb/spline_interpolation.py:39:15
/home/lawrence/git/DISCO-EB/src/discoeb/background.py:248:40
/home/lawrence/git/DISCO-EB/src/discoeb/cmb.py:987:12
/home/lawrence/git/DISCO-EB/scripts/profile_CMB.py:38:0
'>/home/lawrence/git/DISCO-EB/src/discoeb/spline_interpolation.py:39</div>"
"176.0","7","loop fusion","loop_add_fusion.23","%loop_add_fusion.23 = s64[] fusion(s64[] %get-tuple-element.15955), kind=kLoop, calls=%fused_add.23, control-predecessors={%loop_select_fusion.22, %loop_dynamic_update_slice_fusion.29}","jit(compute_Cell_spectrum_from_cosmo_params)/jit(main)/jit(evolve_background)/while/body/add:","1024.0","829.529","0.8100869140625","829.529","0.8100869140625","0.01077743603768328","80.0727481044586","0.0","0.003703306334076325","0.003703306334076325","0.01839452154475612","0.01839452154475612","0.0","0.0","0.1875","HBM","No","No","No","<div class='source-info-cell' title='/home/lawrence/git/DISCO-EB/src/discoeb/spline_interpolation.py:40:15
/home/lawrence/git/DISCO-EB/src/discoeb/background.py:248:40
/home/lawrence/git/DISCO-EB/src/discoeb/cmb.py:987:12
/home/lawrence/git/DISCO-EB/scripts/profile_CMB.py:38:0
'>/home/lawrence/git/DISCO-EB/src/discoeb/spline_interpolation.py:40</div>"
"177.0","7","loop fusion","loop_add_fusion.14","%loop_add_fusion.14 = s64[] fusion(s64[] %get-tuple-element.15931), kind=kLoop, calls=%fused_add.14, control-predecessors={%loop_select_fusion.13, %loop_dynamic_update_slice_fusion.20}","jit(compute_Cell_spectrum_from_cosmo_params)/jit(main)/jit(evolve_background)/while/body/add:","1024.0","828.493","0.8090751953125","828.493","0.8090751953125","0.010763976081810685","80.0835120805404","0.0","0.0037079371823298445","0.0037079371823298445","0.018417523216852767","0.018417523216852767","0.0","0.0","0.1875","HBM","No","No","No","<div class='source-info-cell' title='/home/lawrence/git/DISCO-EB/src/discoeb/spline_interpolation.py:39:15
/home/lawrence/git/DISCO-EB/src/discoeb/background.py:248:40
/home/lawrence/git/DISCO-EB/src/discoeb/cmb.py:987:12
/home/lawrence/git/DISCO-EB/scripts/profile_CMB.py:38:0
'>/home/lawrence/git/DISCO-EB/src/discoeb/spline_interpolation.py:39</div>"
"178.0","7","loop fusion","loop_add_fusion.45","%loop_add_fusion.45 = s64[] fusion(s64[] %get-tuple-element.16012), kind=kLoop, calls=%fused_add.45, control-predecessors={%loop_dynamic_update_slice_fusion.86, %loop_subtract_fusion.8}","jit(compute_Cell_spectrum_from_cosmo_params)/jit(main)/jit(evolve_background)/while/body/add:","1021.0","828.187","0.811152791380999","828.187","0.811152791380999","0.010760000457778815","80.09427208099818","0.0","0.0036984400865987996","0.0036984400865987996","0.018370350632065532","0.018370350632065532","0.0","0.0","0.1875","HBM","No","No","No","<div class='source-info-cell' title='/home/lawrence/git/DISCO-EB/src/discoeb/spline_interpolation.py:82:25
/home/lawrence/git/DISCO-EB/src/discoeb/background.py:248:40
/home/lawrence/git/DISCO-EB/src/discoeb/cmb.py:987:12
/home/lawrence/git/DISCO-EB/scripts/profile_CMB.py:38:0
'>/home/lawrence/git/DISCO-EB/src/discoeb/spline_interpolation.py:82</div>"
"179.0","7","loop fusion","loop_add_fusion.48","%loop_add_fusion.48 = s64[] fusion(s64[] %get-tuple-element.16045), kind=kLoop, calls=%fused_add.48, control-predecessors={%loop_dynamic_update_slice_fusion.89, %loop_subtract_fusion.11}","jit(compute_Cell_spectrum_from_cosmo_params)/jit(main)/jit(evolve_background)/while/body/add:","1021.0","828.011","0.8109804113614103","828.011","0.8109804113614103","0.010757713824348722","80.10502979482254","0.0","0.003699226218009181","0.003699226218009181","0.018374255389020745","0.018374255389020745","0.0","0.0","0.1875","HBM","No","No","No","<div class='source-info-cell' title='/home/lawrence/git/DISCO-EB/src/discoeb/spline_interpolation.py:82:25
/home/lawrence/git/DISCO-EB/src/discoeb/background.py:248:40
/home/lawrence/git/DISCO-EB/src/discoeb/cmb.py:987:12
/home/lawrence/git/DISCO-EB/scripts/profile_CMB.py:38:0
'>/home/lawrence/git/DISCO-EB/src/discoeb/spline_interpolation.py:82</div>"
"180.0","7","loop fusion","loop_add_fusion.13","%loop_add_fusion.13 = s64[] fusion(s64[] %get-tuple-element.15967), kind=kLoop, calls=%fused_add.13, control-predecessors={%loop_select_fusion.12, %loop_dynamic_update_slice_fusion.19}","jit(compute_Cell_spectrum_from_cosmo_params)/jit(main)/jit(evolve_background)/while/body/add:","1024.0","827.939","0.8085341796875","827.939","0.8085341796875","0.010756778383400048","80.11578657320594","0.0","0.0037104182796075555","0.0037104182796075555","0.018429846960343697","0.018429846960343697","0.0","0.0","0.1875","HBM","No","No","No","<div class='source-info-cell' title='/home/lawrence/git/DISCO-EB/src/discoeb/spline_interpolation.py:39:15
/home/lawrence/git/DISCO-EB/src/discoeb/background.py:248:40
/home/lawrence/git/DISCO-EB/src/discoeb/cmb.py:987:12
/home/lawrence/git/DISCO-EB/scripts/profile_CMB.py:38:0
'>/home/lawrence/git/DISCO-EB/src/discoeb/spline_interpolation.py:39</div>"
"181.0","7","loop fusion","loop_add_fusion.22","%loop_add_fusion.22 = s64[] fusion(s64[] %get-tuple-element.15979), kind=kLoop, calls=%fused_add.22, control-predecessors={%loop_select_fusion.21, %loop_dynamic_update_slice_fusion.28}","jit(compute_Cell_spectrum_from_cosmo_params)/jit(main)/jit(evolve_background)/while/body/add:","1024.0","827.527","0.8081318359375","827.527","0.8081318359375","0.010751425582415965","80.12653799878835","0.0","0.0037122655816668217","0.0037122655816668217","0.01843902260892998","0.01843902260892998","0.0","0.0","0.1875","HBM","No","No","No","<div class='source-info-cell' title='/home/lawrence/git/DISCO-EB/src/discoeb/spline_interpolation.py:40:15
/home/lawrence/git/DISCO-EB/src/discoeb/background.py:248:40
/home/lawrence/git/DISCO-EB/src/discoeb/cmb.py:987:12
/home/lawrence/git/DISCO-EB/scripts/profile_CMB.py:38:0
'>/home/lawrence/git/DISCO-EB/src/discoeb/spline_interpolation.py:40</div>"
"182.0","7","loop fusion","loop_add_fusion.44","%loop_add_fusion.44 = s64[] fusion(s64[] %get-tuple-element.16111), kind=kLoop, calls=%fused_add.44, control-predecessors={%loop_dynamic_update_slice_fusion.85, %loop_subtract_fusion.7}","jit(compute_Cell_spectrum_from_cosmo_params)/jit(main)/jit(evolve_background)/while/body/add:","1021.0","826.568","0.8095670910871694","826.568","0.8095670910871694","0.010738966028669033","80.13727696481702","0.0","0.003705684226827073","0.003705684226827073","0.018406332665816313","0.018406332665816313","0.0","0.0","0.1875","HBM","No","No","No","<div class='source-info-cell' title='/home/lawrence/git/DISCO-EB/src/discoeb/spline_interpolation.py:82:25
/home/lawrence/git/DISCO-EB/src/discoeb/background.py:248:40
/home/lawrence/git/DISCO-EB/src/discoeb/cmb.py:987:12
/home/lawrence/git/DISCO-EB/scripts/profile_CMB.py:38:0
'>/home/lawrence/git/DISCO-EB/src/discoeb/spline_interpolation.py:82</div>"
"183.0","7","loop fusion","loop_add_fusion.47","%loop_add_fusion.47 = s64[] fusion(s64[] %get-tuple-element.16078), kind=kLoop, calls=%fused_add.47, control-predecessors={%loop_dynamic_update_slice_fusion.88, %loop_subtract_fusion.10}","jit(compute_Cell_spectrum_from_cosmo_params)/jit(main)/jit(evolve_background)/while/body/add:","1021.0","825.298","0.8083232125367287","825.298","0.8083232125367287","0.010722465889713241","80.14799943070673","0.0","0.0037113866748738032","0.0037113866748738032","0.01843465703166427","0.01843465703166427","0.0","0.0","0.1875","HBM","No","No","No","<div class='source-info-cell' title='/home/lawrence/git/DISCO-EB/src/discoeb/spline_interpolation.py:82:25
/home/lawrence/git/DISCO-EB/src/discoeb/background.py:248:40
/home/lawrence/git/DISCO-EB/src/discoeb/cmb.py:987:12
/home/lawrence/git/DISCO-EB/scripts/profile_CMB.py:38:0
'>/home/lawrence/git/DISCO-EB/src/discoeb/spline_interpolation.py:82</div>"
"184.0","7","loop fusion","loop_add_fusion.43","%loop_add_fusion.43 = s64[] fusion(s64[] %get-tuple-element.16144), kind=kLoop, calls=%fused_add.43, control-predecessors={%loop_dynamic_update_slice_fusion.84, %loop_subtract_fusion.6}","jit(compute_Cell_spectrum_from_cosmo_params)/jit(main)/jit(evolve_background)/while/body/add:","1021.0","825.171","0.8081988246816847","825.171","0.8081988246816847","0.010720815875817663","80.15872024658255","0.0","0.003711957885092908","0.003711957885092908","0.018437494263514417","0.018437494263514417","0.0","0.0","0.1875","HBM","No","No","No","<div class='source-info-cell' title='/home/lawrence/git/DISCO-EB/src/discoeb/spline_interpolation.py:82:25
/home/lawrence/git/DISCO-EB/src/discoeb/background.py:248:40
/home/lawrence/git/DISCO-EB/src/discoeb/cmb.py:987:12
/home/lawrence/git/DISCO-EB/scripts/profile_CMB.py:38:0
'>/home/lawrence/git/DISCO-EB/src/discoeb/spline_interpolation.py:82</div>"
"185.0","7","loop fusion","loop_add_fusion.46","%loop_add_fusion.46 = s64[] fusion(s64[] %get-tuple-element.16197), kind=kLoop, calls=%fused_add.46, control-predecessors={%loop_dynamic_update_slice_fusion.87, %loop_subtract_fusion.9}","jit(compute_Cell_spectrum_from_cosmo_params)/jit(main)/jit(evolve_background)/while/body/add:","1021.0","824.922","0.8079549461312439","824.922","0.8079549461312439","0.010717580809203497","80.16943782739176","0.0","0.0037130783274055","0.0037130783274055","0.01844305956068387","0.01844305956068387","0.0","0.0","0.1875","HBM","No","No","No","<div class='source-info-cell' title='/home/lawrence/git/DISCO-EB/src/discoeb/spline_interpolation.py:82:25
/home/lawrence/git/DISCO-EB/src/discoeb/background.py:248:40
/home/lawrence/git/DISCO-EB/src/discoeb/cmb.py:987:12
/home/lawrence/git/DISCO-EB/scripts/profile_CMB.py:38:0
'>/home/lawrence/git/DISCO-EB/src/discoeb/spline_interpolation.py:82</div>"
"186.0","7","loop fusion","loop_dynamic_update_slice_fusion.23","%loop_dynamic_update_slice_fusion.23 = f64[1024]{0} fusion(f64[1024]{0} %get-tuple-element.16211, s64[] %get-tuple-element.16209, f64[] %loop_select_fusion.16), kind=kLoop, calls=%fused_dynamic_update_slice.23","jit(compute_Cell_spectrum_from_cosmo_params)/jit(main)/jit(evolve_background)/while/body/dynamic_update_slice:","1024.0","819.048","0.7998515625","819.048","0.7998515625","0.010641264418474116","80.18007909181023","0.0","0.0","0.0","0.027944862320340196","0.027944862320340196","0.0","0.0","0.0","HBM","No","No","No","<div class='source-info-cell' title='/home/lawrence/git/DISCO-EB/src/discoeb/spline_interpolation.py:39:15
/home/lawrence/git/DISCO-EB/src/discoeb/background.py:248:40
/home/lawrence/git/DISCO-EB/src/discoeb/cmb.py:987:12
/home/lawrence/git/DISCO-EB/scripts/profile_CMB.py:38:0
'>/home/lawrence/git/DISCO-EB/src/discoeb/spline_interpolation.py:39</div>"
"187.0","7","loop fusion","loop_dynamic_update_slice_fusion.22","%loop_dynamic_update_slice_fusion.22 = f64[1024]{0} fusion(f64[1024]{0} %get-tuple-element.15945, s64[] %get-tuple-element.15943, f64[] %loop_select_fusion.15), kind=kLoop, calls=%fused_dynamic_update_slice.22","jit(compute_Cell_spectrum_from_cosmo_params)/jit(main)/jit(evolve_background)/while/body/dynamic_update_slice:","1024.0","818.734","0.799544921875","818.734","0.799544921875","0.010637184856559064","80.19071627666679","0.0","0.0","0.0","0.027955579704458344","0.027955579704458344","0.0","0.0","0.0","HBM","No","No","No","<div class='source-info-cell' title='/home/lawrence/git/DISCO-EB/src/discoeb/spline_interpolation.py:39:15
/home/lawrence/git/DISCO-EB/src/discoeb/background.py:248:40
/home/lawrence/git/DISCO-EB/src/discoeb/cmb.py:987:12
/home/lawrence/git/DISCO-EB/scripts/profile_CMB.py:38:0
'>/home/lawrence/git/DISCO-EB/src/discoeb/spline_interpolation.py:39</div>"
"188.0","7","loop fusion","loop_dynamic_update_slice_fusion.30","%loop_dynamic_update_slice_fusion.30 = f64[1024]{0} fusion(f64[1024]{0} %get-tuple-element.16526, s64[] %get-tuple-element.16524, f64[] %loop_select_fusion.23), kind=kLoop, calls=%fused_dynamic_update_slice.30","jit(compute_Cell_spectrum_from_cosmo_params)/jit(main)/jit(evolve_background)/while/body/dynamic_update_slice:","1024.0","818.574","0.799388671875","818.574","0.799388671875","0.01063510609889534","80.20135138276568","0.0","0.0","0.0","0.02796104395418129","0.02796104395418129","0.0","0.0","0.0","HBM","No","No","No","<div class='source-info-cell' title='/home/lawrence/git/DISCO-EB/src/discoeb/spline_interpolation.py:40:15
/home/lawrence/git/DISCO-EB/src/discoeb/background.py:248:40
/home/lawrence/git/DISCO-EB/src/discoeb/cmb.py:987:12
/home/lawrence/git/DISCO-EB/scripts/profile_CMB.py:38:0
'>/home/lawrence/git/DISCO-EB/src/discoeb/spline_interpolation.py:40</div>"
"189.0","7","loop fusion","loop_dynamic_update_slice_fusion.21","%loop_dynamic_update_slice_fusion.21 = f64[1024]{0} fusion(f64[1024]{0} %get-tuple-element.15921, s64[] %get-tuple-element.15919, f64[] %loop_select_fusion.14), kind=kLoop, calls=%fused_dynamic_update_slice.21","jit(compute_Cell_spectrum_from_cosmo_params)/jit(main)/jit(evolve_background)/while/body/dynamic_update_slice:","1024.0","818.551","0.7993662109375","818.551","0.7993662109375","0.010634807277481182","80.21198619004316","0.0","0.0","0.0","0.02796182961568674","0.02796182961568674","0.0","0.0","0.0","HBM","No","No","No","<div class='source-info-cell' title='/home/lawrence/git/DISCO-EB/src/discoeb/spline_interpolation.py:39:15
/home/lawrence/git/DISCO-EB/src/discoeb/background.py:248:40
/home/lawrence/git/DISCO-EB/src/discoeb/cmb.py:987:12
/home/lawrence/git/DISCO-EB/scripts/profile_CMB.py:38:0
'>/home/lawrence/git/DISCO-EB/src/discoeb/spline_interpolation.py:39</div>"
"190.0","7","loop fusion","loop_dynamic_update_slice_fusion.19","%loop_dynamic_update_slice_fusion.19 = f64[1024]{0} fusion(f64[1024]{0} %get-tuple-element.15969, s64[] %get-tuple-element.15967, f64[] %loop_select_fusion.12), kind=kLoop, calls=%fused_dynamic_update_slice.19","jit(compute_Cell_spectrum_from_cosmo_params)/jit(main)/jit(evolve_background)/while/body/dynamic_update_slice:","1024.0","818.528","0.79934375","818.528","0.79934375","0.010634508456067022","80.22262069849923","0.0","0.0","0.0","0.027962615321345145","0.027962615321345145","0.0","0.0","0.0","HBM","No","No","No","<div class='source-info-cell' title='/home/lawrence/git/DISCO-EB/src/discoeb/spline_interpolation.py:39:15
/home/lawrence/git/DISCO-EB/src/discoeb/background.py:248:40
/home/lawrence/git/DISCO-EB/src/discoeb/cmb.py:987:12
/home/lawrence/git/DISCO-EB/scripts/profile_CMB.py:38:0
'>/home/lawrence/git/DISCO-EB/src/discoeb/spline_interpolation.py:39</div>"
"191.0","7","loop fusion","loop_dynamic_update_slice_fusion.25","%loop_dynamic_update_slice_fusion.25 = f64[1024]{0} fusion(f64[1024]{0} %get-tuple-element.16514, s64[] %get-tuple-element.16512, f64[] %loop_select_fusion.18), kind=kLoop, calls=%fused_dynamic_update_slice.25","jit(compute_Cell_spectrum_from_cosmo_params)/jit(main)/jit(evolve_background)/while/body/dynamic_update_slice:","1024.0","818.413","0.7992314453125","818.413","0.7992314453125","0.010633014348996222","80.23325371284822","0.0","0.0","0.0","0.027966544512061757","0.027966544512061757","0.0","0.0","0.0","HBM","No","No","No","<div class='source-info-cell' title='/home/lawrence/git/DISCO-EB/src/discoeb/spline_interpolation.py:39:15
/home/lawrence/git/DISCO-EB/src/discoeb/background.py:248:40
/home/lawrence/git/DISCO-EB/src/discoeb/cmb.py:987:12
/home/lawrence/git/DISCO-EB/scripts/profile_CMB.py:38:0
'>/home/lawrence/git/DISCO-EB/src/discoeb/spline_interpolation.py:39</div>"
"192.0","7","loop fusion","loop_dynamic_update_slice_fusion.28","%loop_dynamic_update_slice_fusion.28 = f64[1024]{0} fusion(f64[1024]{0} %get-tuple-element.15981, s64[] %get-tuple-element.15979, f64[] %loop_select_fusion.21), kind=kLoop, calls=%fused_dynamic_update_slice.28","jit(compute_Cell_spectrum_from_cosmo_params)/jit(main)/jit(evolve_background)/while/body/dynamic_update_slice:","1024.0","818.377","0.7991962890625","818.377","0.7991962890625","0.010632546628521884","80.24388625947674","0.0","0.0","0.0","0.027967774746541017","0.027967774746541017","0.0","0.0","0.0","HBM","No","No","No","<div class='source-info-cell' title='/home/lawrence/git/DISCO-EB/src/discoeb/spline_interpolation.py:40:15
/home/lawrence/git/DISCO-EB/src/discoeb/background.py:248:40
/home/lawrence/git/DISCO-EB/src/discoeb/cmb.py:987:12
/home/lawrence/git/DISCO-EB/scripts/profile_CMB.py:38:0
'>/home/lawrence/git/DISCO-EB/src/discoeb/spline_interpolation.py:40</div>"
"193.0","7","loop fusion","loop_dynamic_update_slice_fusion.7","%loop_dynamic_update_slice_fusion.7 = f64[1024]{0} fusion(f64[1024]{0} %get-tuple-element.15876, s64[] %get-tuple-element.15874, f64[] %loop_select_fusion.7), kind=kLoop, calls=%fused_dynamic_update_slice.7","jit(compute_Cell_spectrum_from_cosmo_params)/jit(main)/jit(evolve_background)/while/body/dynamic_update_slice:","1024.0","818.241","0.7990634765625","818.241","0.7990634765625","0.010630779684507721","80.25451703916124","0.0","0.0","0.0","0.02797242327596637","0.02797242327596637","0.0","0.0","0.0","HBM","No","No","No","<div class='source-info-cell' title='/home/lawrence/git/DISCO-EB/src/discoeb/spline_interpolation.py:39:15
/home/lawrence/git/DISCO-EB/src/discoeb/background.py:248:40
/home/lawrence/git/DISCO-EB/src/discoeb/cmb.py:987:12
/home/lawrence/git/DISCO-EB/scripts/profile_CMB.py:38:0
'>/home/lawrence/git/DISCO-EB/src/discoeb/spline_interpolation.py:39</div>"
"194.0","7","loop fusion","loop_dynamic_update_slice_fusion.8","%loop_dynamic_update_slice_fusion.8 = f64[1024]{0} fusion(f64[1024]{0} %get-tuple-element.15792, s64[] %get-tuple-element.15790, f64[] %loop_select_fusion.8), kind=kLoop, calls=%fused_dynamic_update_slice.8","jit(compute_Cell_spectrum_from_cosmo_params)/jit(main)/jit(evolve_background)/while/body/dynamic_update_slice:","1024.0","818.081","0.7989072265625","818.081","0.7989072265625","0.010628700926843999","80.26514574008809","0.0","0.0","0.0","0.02797789411286902","0.02797789411286902","0.0","0.0","0.0","HBM","No","No","No","<div class='source-info-cell' title='/home/lawrence/git/DISCO-EB/src/discoeb/spline_interpolation.py:40:15
/home/lawrence/git/DISCO-EB/src/discoeb/background.py:248:40
/home/lawrence/git/DISCO-EB/src/discoeb/cmb.py:987:12
/home/lawrence/git/DISCO-EB/scripts/profile_CMB.py:38:0
'>/home/lawrence/git/DISCO-EB/src/discoeb/spline_interpolation.py:40</div>"
"195.0","7","loop fusion","loop_dynamic_update_slice_fusion.20","%loop_dynamic_update_slice_fusion.20 = f64[1024]{0} fusion(f64[1024]{0} %get-tuple-element.15933, s64[] %get-tuple-element.15931, f64[] %loop_select_fusion.13), kind=kLoop, calls=%fused_dynamic_update_slice.20","jit(compute_Cell_spectrum_from_cosmo_params)/jit(main)/jit(evolve_background)/while/body/dynamic_update_slice:","1024.0","814.257","0.7951728515625","814.257","0.7951728515625","0.010579018618681052","80.27572475870677","0.0","0.0","0.0","0.028109286863668346","0.028109286863668346","0.0","0.0","0.0","HBM","No","No","No","<div class='source-info-cell' title='/home/lawrence/git/DISCO-EB/src/discoeb/spline_interpolation.py:39:15
/home/lawrence/git/DISCO-EB/src/discoeb/background.py:248:40
/home/lawrence/git/DISCO-EB/src/discoeb/cmb.py:987:12
/home/lawrence/git/DISCO-EB/scripts/profile_CMB.py:38:0
'>/home/lawrence/git/DISCO-EB/src/discoeb/spline_interpolation.py:39</div>"
"196.0","7","data formatting","copy.1239","%copy.1239 = s64[] copy(s64[] %get-tuple-element.16572)","jit(compute_Cell_spectrum_from_cosmo_params)/jit(main)/jit(evolve_background)/while/body/sub:","1021.0","813.502","0.7967698334965719","813.502","0.7967698334965719","0.010569209480955365","80.28629396818772","0.0","0.0","0.0","0.01870196456667403","0.01870196456667403","0.0","0.0","0.0","HBM","No","No","No","<div class='source-info-cell' title='/home/lawrence/git/DISCO-EB/src/discoeb/spline_interpolation.py:66:46
/home/lawrence/git/DISCO-EB/src/discoeb/spline_interpolation.py:71:21
/home/lawrence/git/DISCO-EB/src/discoeb/background.py:248:40
/home/lawrence/git/DISCO-EB/src/discoeb/cmb.py:987:12
/home/lawrence/git/DISCO-EB/scripts/profile_CMB.py:38:0
'>/home/lawrence/git/DISCO-EB/src/discoeb/spline_interpolation.py:66</div>"
"197.0","7","loop fusion","loop_dynamic_slice_fusion.17","%loop_dynamic_slice_fusion.17 = f64[1]{0} fusion(f64[1022]{0} %get-tuple-element.16673, s64[] %copy.1284), kind=kLoop, calls=%fused_dynamic_slice.17","jit(compute_Cell_spectrum_from_cosmo_params)/jit(main)/jit(evolve_background)/while/body/dynamic_slice:","1021.0","813.465","0.7967335945151812","813.465","0.7967335945151812","0.010568728768245631","80.29686269695597","0.0","0.011296122144161088","0.011296122144161088","0.028054222822589396","0.028054222822589396","0.0","0.0","0.375","HBM","No","No","No","<div class='source-info-cell' title='/home/lawrence/git/DISCO-EB/src/discoeb/spline_interpolation.py:68:49
/home/lawrence/git/DISCO-EB/src/discoeb/spline_interpolation.py:71:21
/home/lawrence/git/DISCO-EB/src/discoeb/background.py:248:40
/home/lawrence/git/DISCO-EB/src/discoeb/cmb.py:987:12
/home/lawrence/git/DISCO-EB/scripts/profile_CMB.py:38:0
'>/home/lawrence/git/DISCO-EB/src/discoeb/spline_interpolation.py:68</div>"
"198.0","7","data formatting","copy.1284","%copy.1284 = s64[] copy(s64[] %get-tuple-element.16671)","jit(compute_Cell_spectrum_from_cosmo_params)/jit(main)/jit(evolve_background)/while/body/sub:","1021.0","813.068","0.7963447600391773","813.068","0.7963447600391773","0.010563570850792521","80.30742626780678","0.0","0.0","0.0","0.018711947314269478","0.018711947314269478","0.0","0.0","0.0","HBM","No","No","No","<div class='source-info-cell' title='/home/lawrence/git/DISCO-EB/src/discoeb/spline_interpolation.py:66:46
/home/lawrence/git/DISCO-EB/src/discoeb/spline_interpolation.py:71:21
/home/lawrence/git/DISCO-EB/src/discoeb/background.py:248:40
/home/lawrence/git/DISCO-EB/src/discoeb/cmb.py:987:12
/home/lawrence/git/DISCO-EB/scripts/profile_CMB.py:38:0
'>/home/lawrence/git/DISCO-EB/src/discoeb/spline_interpolation.py:66</div>"
"199.0","7","data formatting","copy.921","%copy.921 = s64[] copy(s64[] %get-tuple-element.16027)","jit(compute_Cell_spectrum_from_cosmo_params)/jit(main)/jit(evolve_background)/while/body/sub:","1021.0","812.934","0.7962135161606269","812.934","0.7962135161606269","0.010561829891249154","80.31798809769802","0.0","0.0","0.0","0.018715031698659984","0.018715031698659984","0.0","0.0","0.0","HBM","No","No","No","<div class='source-info-cell' title='/home/lawrence/git/DISCO-EB/src/discoeb/spline_interpolation.py:66:46
/home/lawrence/git/DISCO-EB/src/discoeb/spline_interpolation.py:71:21
/home/lawrence/git/DISCO-EB/src/discoeb/background.py:248:40
/home/lawrence/git/DISCO-EB/src/discoeb/cmb.py:987:12
/home/lawrence/git/DISCO-EB/scripts/profile_CMB.py:38:0
'>/home/lawrence/git/DISCO-EB/src/discoeb/spline_interpolation.py:66</div>"
"200.0","7","data formatting","copy.1001","%copy.1001 = s64[] copy(s64[] %get-tuple-element.16179)","jit(compute_Cell_spectrum_from_cosmo_params)/jit(main)/jit(evolve_background)/while/body/sub:","1021.0","812.877","0.7961576885406464","812.877","0.7961576885406464","0.010561089333831453","80.32854918703185","0.0","0.0","0.0","0.01871634402119688","0.01871634402119688","0.0","0.0","0.0","HBM","No","No","No","<div class='source-info-cell' title='/home/lawrence/git/DISCO-EB/src/discoeb/spline_interpolation.py:66:46
/home/lawrence/git/DISCO-EB/src/discoeb/spline_interpolation.py:71:21
/home/lawrence/git/DISCO-EB/src/discoeb/background.py:248:40
/home/lawrence/git/DISCO-EB/src/discoeb/cmb.py:987:12
/home/lawrence/git/DISCO-EB/scripts/profile_CMB.py:38:0
'>/home/lawrence/git/DISCO-EB/src/discoeb/spline_interpolation.py:66</div>"
"201.0","7","data formatting","copy.1025","%copy.1025 = s64[] copy(s64[] %get-tuple-element.16224)","jit(compute_Cell_spectrum_from_cosmo_params)/jit(main)/jit(evolve_background)/while/body/sub:","1021.0","812.725","0.7960088148873653","812.725","0.7960088148873653","0.01055911451405092","80.3391083015459","0.0","0.0","0.0","0.018719844447898683","0.018719844447898683","0.0","0.0","0.0","HBM","No","No","No","<div class='source-info-cell' title='/home/lawrence/git/DISCO-EB/src/discoeb/spline_interpolation.py:66:46
/home/lawrence/git/DISCO-EB/src/discoeb/spline_interpolation.py:71:21
/home/lawrence/git/DISCO-EB/src/discoeb/background.py:248:40
/home/lawrence/git/DISCO-EB/src/discoeb/cmb.py:987:12
/home/lawrence/git/DISCO-EB/scripts/profile_CMB.py:38:0
'>/home/lawrence/git/DISCO-EB/src/discoeb/spline_interpolation.py:66</div>"
"202.0","7","data formatting","copy.936","%copy.936 = s64[] copy(s64[] %get-tuple-element.16060)","jit(compute_Cell_spectrum_from_cosmo_params)/jit(main)/jit(evolve_background)/while/body/sub:","1021.0","812.669","0.7959539666993144","812.669","0.7959539666993144","0.010558386948868615","80.34966668849476","0.0","0.0","0.0","0.01872113440886567","0.01872113440886567","0.0","0.0","0.0","HBM","No","No","No","<div class='source-info-cell' title='/home/lawrence/git/DISCO-EB/src/discoeb/spline_interpolation.py:66:46
/home/lawrence/git/DISCO-EB/src/discoeb/spline_interpolation.py:71:21
/home/lawrence/git/DISCO-EB/src/discoeb/background.py:248:40
/home/lawrence/git/DISCO-EB/src/discoeb/cmb.py:987:12
/home/lawrence/git/DISCO-EB/scripts/profile_CMB.py:38:0
'>/home/lawrence/git/DISCO-EB/src/discoeb/spline_interpolation.py:66</div>"
"203.0","7","data formatting","copy.837","%copy.837 = s64[] copy(s64[] %get-tuple-element.15889)","jit(compute_Cell_spectrum_from_cosmo_params)/jit(main)/jit(evolve_background)/while/body/sub:","1021.0","812.354","0.795645445641528","812.354","0.795645445641528","0.010554294394718163","80.36022098288949","0.0","0.0","0.0","0.018728393753115583","0.018728393753115583","0.0","0.0","0.0","HBM","No","No","No","<div class='source-info-cell' title='/home/lawrence/git/DISCO-EB/src/discoeb/spline_interpolation.py:66:46
/home/lawrence/git/DISCO-EB/src/discoeb/spline_interpolation.py:71:21
/home/lawrence/git/DISCO-EB/src/discoeb/background.py:248:40
/home/lawrence/git/DISCO-EB/src/discoeb/cmb.py:987:12
/home/lawrence/git/DISCO-EB/scripts/profile_CMB.py:38:0
'>/home/lawrence/git/DISCO-EB/src/discoeb/spline_interpolation.py:66</div>"
"204.0","7","data formatting","copy.966","%copy.966 = s64[] copy(s64[] %get-tuple-element.16126)","jit(compute_Cell_spectrum_from_cosmo_params)/jit(main)/jit(evolve_background)/while/body/sub:","1021.0","812.211","0.7955053868756121","812.211","0.7955053868756121","0.010552436505056212","80.37077341939454","0.0","0.0","0.0","0.01873169112326533","0.01873169112326533","0.0","0.0","0.0","HBM","No","No","No","<div class='source-info-cell' title='/home/lawrence/git/DISCO-EB/src/discoeb/spline_interpolation.py:66:46
/home/lawrence/git/DISCO-EB/src/discoeb/spline_interpolation.py:71:21
/home/lawrence/git/DISCO-EB/src/discoeb/background.py:248:40
/home/lawrence/git/DISCO-EB/src/discoeb/cmb.py:987:12
/home/lawrence/git/DISCO-EB/scripts/profile_CMB.py:38:0
'>/home/lawrence/git/DISCO-EB/src/discoeb/spline_interpolation.py:66</div>"
"205.0","7","data formatting","copy.1254","%copy.1254 = s64[] copy(s64[] %get-tuple-element.16605)","jit(compute_Cell_spectrum_from_cosmo_params)/jit(main)/jit(evolve_background)/while/body/sub:","1021.0","812.154","0.7954495592556318","812.154","0.7954495592556318","0.010551695947638511","80.38132511534218","0.0","0.0","0.0","0.018733005783285506","0.018733005783285506","0.0","0.0","0.0","HBM","No","No","No","<div class='source-info-cell' title='/home/lawrence/git/DISCO-EB/src/discoeb/spline_interpolation.py:66:46
/home/lawrence/git/DISCO-EB/src/discoeb/spline_interpolation.py:71:21
/home/lawrence/git/DISCO-EB/src/discoeb/background.py:248:40
/home/lawrence/git/DISCO-EB/src/discoeb/cmb.py:987:12
/home/lawrence/git/DISCO-EB/scripts/profile_CMB.py:38:0
'>/home/lawrence/git/DISCO-EB/src/discoeb/spline_interpolation.py:66</div>"
"206.0","7","loop fusion","loop_dynamic_slice_fusion.19","%loop_dynamic_slice_fusion.19 = f64[1]{0} fusion(f64[1022]{0} %get-tuple-element.16607, s64[] %copy.1254), kind=kLoop, calls=%fused_dynamic_slice.19","jit(compute_Cell_spectrum_from_cosmo_params)/jit(main)/jit(evolve_background)/while/body/dynamic_slice:","1021.0","812.143","0.7954387855044075","812.143","0.7954387855044075","0.010551553033049131","80.39187666837522","0.0","0.011314509883111718","0.011314509883111718","0.02809988926627168","0.02809988926627168","0.0","0.0","0.375","HBM","No","No","No","<div class='source-info-cell' title='/home/lawrence/git/DISCO-EB/src/discoeb/spline_interpolation.py:68:49
/home/lawrence/git/DISCO-EB/src/discoeb/spline_interpolation.py:71:21
/home/lawrence/git/DISCO-EB/src/discoeb/background.py:248:40
/home/lawrence/git/DISCO-EB/src/discoeb/cmb.py:987:12
/home/lawrence/git/DISCO-EB/scripts/profile_CMB.py:38:0
'>/home/lawrence/git/DISCO-EB/src/discoeb/spline_interpolation.py:68</div>"
"207.0","7","loop fusion","loop_dynamic_slice_fusion.8","%loop_dynamic_slice_fusion.8 = f64[1]{0} fusion(f64[1022]{0} %get-tuple-element.16128, s64[] %copy.966), kind=kLoop, calls=%fused_dynamic_slice.8","jit(compute_Cell_spectrum_from_cosmo_params)/jit(main)/jit(evolve_background)/while/body/dynamic_slice:","1021.0","812.142","0.795437806072478","812.142","0.795437806072478","0.010551540040813732","80.40242820841603","0.0","0.01131452381480086","0.01131452381480086","0.02809992386599595","0.02809992386599595","0.0","0.0","0.375","HBM","No","No","No","<div class='source-info-cell' title='/home/lawrence/git/DISCO-EB/src/discoeb/spline_interpolation.py:68:49
/home/lawrence/git/DISCO-EB/src/discoeb/spline_interpolation.py:71:21
/home/lawrence/git/DISCO-EB/src/discoeb/background.py:248:40
/home/lawrence/git/DISCO-EB/src/discoeb/cmb.py:987:12
/home/lawrence/git/DISCO-EB/scripts/profile_CMB.py:38:0
'>/home/lawrence/git/DISCO-EB/src/discoeb/spline_interpolation.py:68</div>"
"208.0","7","loop fusion","loop_dynamic_slice_fusion.9","%loop_dynamic_slice_fusion.9 = f64[1]{0} fusion(f64[1022]{0} %get-tuple-element.16095, s64[] %copy.951), kind=kLoop, calls=%fused_dynamic_slice.9","jit(compute_Cell_spectrum_from_cosmo_params)/jit(main)/jit(evolve_background)/while/body/dynamic_slice:","1021.0","811.709","0.7950137120470127","811.709","0.7950137120470127","0.010545914402886285","80.41297412281891","0.0","0.011320559461580443","0.011320559461580443","0.028114913556924567","0.028114913556924567","0.0","0.0","0.375","HBM","No","No","No","<div class='source-info-cell' title='/home/lawrence/git/DISCO-EB/src/discoeb/spline_interpolation.py:68:49
/home/lawrence/git/DISCO-EB/src/discoeb/spline_interpolation.py:71:21
/home/lawrence/git/DISCO-EB/src/discoeb/background.py:248:40
/home/lawrence/git/DISCO-EB/src/discoeb/cmb.py:987:12
/home/lawrence/git/DISCO-EB/scripts/profile_CMB.py:38:0
'>/home/lawrence/git/DISCO-EB/src/discoeb/spline_interpolation.py:68</div>"
"209.0","7","loop fusion","loop_dynamic_slice_fusion.18","%loop_dynamic_slice_fusion.18 = f64[1]{0} fusion(f64[1022]{0} %get-tuple-element.16640, s64[] %copy.1269), kind=kLoop, calls=%fused_dynamic_slice.18","jit(compute_Cell_spectrum_from_cosmo_params)/jit(main)/jit(evolve_background)/while/body/dynamic_slice:","1021.0","811.545","0.7948530852105778","811.545","0.7948530852105778","0.01054378367628097","80.42351790649519","0.0","0.011322847161894904","0.011322847161894904","0.02812059512211607","0.02812059512211607","0.0","0.0","0.375","HBM","No","No","No","<div class='source-info-cell' title='/home/lawrence/git/DISCO-EB/src/discoeb/spline_interpolation.py:68:49
/home/lawrence/git/DISCO-EB/src/discoeb/spline_interpolation.py:71:21
/home/lawrence/git/DISCO-EB/src/discoeb/background.py:248:40
/home/lawrence/git/DISCO-EB/src/discoeb/cmb.py:987:12
/home/lawrence/git/DISCO-EB/scripts/profile_CMB.py:38:0
'>/home/lawrence/git/DISCO-EB/src/discoeb/spline_interpolation.py:68</div>"
"210.0","7","loop fusion","loop_dynamic_slice_fusion.16","%loop_dynamic_slice_fusion.16 = f64[1]{0} fusion(f64[1022]{0} %get-tuple-element.16574, s64[] %copy.1239), kind=kLoop, calls=%fused_dynamic_slice.16","jit(compute_Cell_spectrum_from_cosmo_params)/jit(main)/jit(evolve_background)/while/body/dynamic_slice:","1021.0","811.502","0.7948109696376101","811.502","0.7948109696376101","0.010543225010158846","80.43406113150536","0.0","0.011323447138762443","0.011323447138762443","0.028122085180785364","0.028122085180785364","0.0","0.0","0.375","HBM","No","No","No","<div class='source-info-cell' title='/home/lawrence/git/DISCO-EB/src/discoeb/spline_interpolation.py:68:49
/home/lawrence/git/DISCO-EB/src/discoeb/spline_interpolation.py:71:21
/home/lawrence/git/DISCO-EB/src/discoeb/background.py:248:40
/home/lawrence/git/DISCO-EB/src/discoeb/cmb.py:987:12
/home/lawrence/git/DISCO-EB/scripts/profile_CMB.py:38:0
'>/home/lawrence/git/DISCO-EB/src/discoeb/spline_interpolation.py:68</div>"
"211.0","7","data formatting","copy.951","%copy.951 = s64[] copy(s64[] %get-tuple-element.16093)","jit(compute_Cell_spectrum_from_cosmo_params)/jit(main)/jit(evolve_background)/while/body/sub:","1021.0","811.478","0.7947874632713026","811.478","0.7947874632713026","0.010542913196509287","80.44460404470186","0.0","0.0","0.0","0.01874861127340292","0.01874861127340292","0.0","0.0","0.0","HBM","No","No","No","<div class='source-info-cell' title='/home/lawrence/git/DISCO-EB/src/discoeb/spline_interpolation.py:66:46
/home/lawrence/git/DISCO-EB/src/discoeb/spline_interpolation.py:71:21
/home/lawrence/git/DISCO-EB/src/discoeb/background.py:248:40
/home/lawrence/git/DISCO-EB/src/discoeb/cmb.py:987:12
/home/lawrence/git/DISCO-EB/scripts/profile_CMB.py:38:0
'>/home/lawrence/git/DISCO-EB/src/discoeb/spline_interpolation.py:66</div>"
"212.0","7","loop fusion","loop_dynamic_update_slice_fusion.24","%loop_dynamic_update_slice_fusion.24 = f64[1024]{0} fusion(f64[1024]{0} %get-tuple-element.16502, s64[] %get-tuple-element.16500, f64[] %loop_select_fusion.17), kind=kLoop, calls=%fused_dynamic_update_slice.24","jit(compute_Cell_spectrum_from_cosmo_params)/jit(main)/jit(evolve_background)/while/body/dynamic_update_slice:","1024.0","811.408","0.792390625","811.408","0.792390625","0.010542003740031409","80.45514604844189","0.0","0.0","0.0","0.028207983645404038","0.028207983645404038","0.0","0.0","0.0","HBM","No","No","No","<div class='source-info-cell' title='/home/lawrence/git/DISCO-EB/src/discoeb/spline_interpolation.py:39:15
/home/lawrence/git/DISCO-EB/src/discoeb/background.py:248:40
/home/lawrence/git/DISCO-EB/src/discoeb/cmb.py:987:12
/home/lawrence/git/DISCO-EB/scripts/profile_CMB.py:38:0
'>/home/lawrence/git/DISCO-EB/src/discoeb/spline_interpolation.py:39</div>"
"213.0","7","loop fusion","loop_dynamic_slice_fusion.11","%loop_dynamic_slice_fusion.11 = f64[1]{0} fusion(f64[1022]{0} %get-tuple-element.16181, s64[] %copy.1001), kind=kLoop, calls=%fused_dynamic_slice.11","jit(compute_Cell_spectrum_from_cosmo_params)/jit(main)/jit(evolve_background)/while/body/dynamic_slice:","1021.0","811.261","0.7945749265426053","811.261","0.7945749265426053","0.010540093881427865","80.46568614232332","0.0","0.011326810976985211","0.011326810976985211","0.028130439363383282","0.028130439363383282","0.0","0.0","0.375","HBM","No","No","No","<div class='source-info-cell' title='/home/lawrence/git/DISCO-EB/src/discoeb/spline_interpolation.py:68:49
/home/lawrence/git/DISCO-EB/src/discoeb/spline_interpolation.py:71:21
/home/lawrence/git/DISCO-EB/src/discoeb/background.py:248:40
/home/lawrence/git/DISCO-EB/src/discoeb/cmb.py:987:12
/home/lawrence/git/DISCO-EB/scripts/profile_CMB.py:38:0
'>/home/lawrence/git/DISCO-EB/src/discoeb/spline_interpolation.py:68</div>"
"214.0","7","loop fusion","loop_dynamic_slice_fusion.15","%loop_dynamic_slice_fusion.15 = f64[1]{0} fusion(f64[1022]{0} %get-tuple-element.16541, s64[] %copy.1224), kind=kLoop, calls=%fused_dynamic_slice.15","jit(compute_Cell_spectrum_from_cosmo_params)/jit(main)/jit(evolve_background)/while/body/dynamic_slice:","1021.0","810.929","0.7942497551420176","810.929","0.7942497551420176","0.010535780459275642","80.4762219227826","0.0","0.011331448252559719","0.011331448252559719","0.02814195616185595","0.02814195616185595","0.0","0.0","0.375","HBM","No","No","No","<div class='source-info-cell' title='/home/lawrence/git/DISCO-EB/src/discoeb/spline_interpolation.py:68:49
/home/lawrence/git/DISCO-EB/src/discoeb/spline_interpolation.py:71:21
/home/lawrence/git/DISCO-EB/src/discoeb/background.py:248:40
/home/lawrence/git/DISCO-EB/src/discoeb/cmb.py:987:12
/home/lawrence/git/DISCO-EB/scripts/profile_CMB.py:38:0
'>/home/lawrence/git/DISCO-EB/src/discoeb/spline_interpolation.py:68</div>"
"215.0","7","loop fusion","loop_dynamic_slice_fusion.1","%loop_dynamic_slice_fusion.1 = f64[1]{0} fusion(f64[1022]{0} %get-tuple-element.15891, s64[] %copy.837), kind=kLoop, calls=%fused_dynamic_slice.1","jit(compute_Cell_spectrum_from_cosmo_params)/jit(main)/jit(evolve_background)/while/body/dynamic_slice:","1021.0","810.748","0.7940724779627817","810.748","0.7940724779627817","0.01053342886466856","80.48675535164726","0.0","0.011333978005496159","0.011333978005496159","0.028148238871237036","0.028148238871237036","0.0","0.0","0.375","HBM","No","No","No","<div class='source-info-cell' title='/home/lawrence/git/DISCO-EB/src/discoeb/spline_interpolation.py:68:49
/home/lawrence/git/DISCO-EB/src/discoeb/spline_interpolation.py:71:21
/home/lawrence/git/DISCO-EB/src/discoeb/background.py:248:40
/home/lawrence/git/DISCO-EB/src/discoeb/cmb.py:987:12
/home/lawrence/git/DISCO-EB/scripts/profile_CMB.py:38:0
'>/home/lawrence/git/DISCO-EB/src/discoeb/spline_interpolation.py:68</div>"
"216.0","7","data formatting","copy.1224","%copy.1224 = s64[] copy(s64[] %get-tuple-element.16539)","jit(compute_Cell_spectrum_from_cosmo_params)/jit(main)/jit(evolve_background)/while/body/sub:","1021.0","810.439","0.7937698334965719","810.439","0.7937698334965719","0.010529414263930495","80.49728476591119","0.0","0.0","0.0","0.018772647391004697","0.018772647391004697","0.0","0.0","0.0","HBM","No","No","No","<div class='source-info-cell' title='/home/lawrence/git/DISCO-EB/src/discoeb/spline_interpolation.py:66:46
/home/lawrence/git/DISCO-EB/src/discoeb/spline_interpolation.py:71:21
/home/lawrence/git/DISCO-EB/src/discoeb/background.py:248:40
/home/lawrence/git/DISCO-EB/src/discoeb/cmb.py:987:12
/home/lawrence/git/DISCO-EB/scripts/profile_CMB.py:38:0
'>/home/lawrence/git/DISCO-EB/src/discoeb/spline_interpolation.py:66</div>"
"217.0","7","loop fusion","loop_dynamic_slice_fusion.14","%loop_dynamic_slice_fusion.14 = f64[1]{0} fusion(f64[1022]{0} %get-tuple-element.16226, s64[] %copy.1025), kind=kLoop, calls=%fused_dynamic_slice.14","jit(compute_Cell_spectrum_from_cosmo_params)/jit(main)/jit(evolve_background)/while/body/dynamic_slice:","1021.0","809.958","0.7932987267384917","809.958","0.7932987267384917","0.010523164998703932","80.50780793090989","0.0","0.011345032705399539","0.011345032705399539","0.028175693515438683","0.028175693515438683","0.0","0.0","0.375","HBM","No","No","No","<div class='source-info-cell' title='/home/lawrence/git/DISCO-EB/src/discoeb/spline_interpolation.py:68:49
/home/lawrence/git/DISCO-EB/src/discoeb/spline_interpolation.py:71:21
/home/lawrence/git/DISCO-EB/src/discoeb/background.py:248:40
/home/lawrence/git/DISCO-EB/src/discoeb/cmb.py:987:12
/home/lawrence/git/DISCO-EB/scripts/profile_CMB.py:38:0
'>/home/lawrence/git/DISCO-EB/src/discoeb/spline_interpolation.py:68</div>"
"218.0","7","loop fusion","loop_dynamic_update_slice_fusion.26","%loop_dynamic_update_slice_fusion.26 = f64[1024]{0} fusion(f64[1024]{0} %get-tuple-element.16478, s64[] %get-tuple-element.16476, f64[] %loop_select_fusion.19), kind=kLoop, calls=%fused_dynamic_update_slice.26","jit(compute_Cell_spectrum_from_cosmo_params)/jit(main)/jit(evolve_background)/while/body/dynamic_update_slice:","1024.0","809.925","0.7909423828125","809.925","0.7909423828125","0.01052273625493579","80.51833066716483","0.0","0.0","0.0","0.02825963341513103","0.02825963341513103","0.0","0.0","0.0","HBM","No","No","No","<div class='source-info-cell' title='/home/lawrence/git/DISCO-EB/src/discoeb/spline_interpolation.py:39:15
/home/lawrence/git/DISCO-EB/src/discoeb/background.py:248:40
/home/lawrence/git/DISCO-EB/src/discoeb/cmb.py:987:12
/home/lawrence/git/DISCO-EB/scripts/profile_CMB.py:38:0
'>/home/lawrence/git/DISCO-EB/src/discoeb/spline_interpolation.py:39</div>"
"219.0","7","loop fusion","loop_dynamic_slice_fusion.13","%loop_dynamic_slice_fusion.13 = f64[1]{0} fusion(f64[1022]{0} %get-tuple-element.16029, s64[] %copy.921), kind=kLoop, calls=%fused_dynamic_slice.13","jit(compute_Cell_spectrum_from_cosmo_params)/jit(main)/jit(evolve_background)/while/body/dynamic_slice:","1021.0","809.736","0.793081292850147","809.736","0.793081292850147","0.010520280722445518","80.52885094788728","0.0","0.01134814309849136","0.01134814309849136","0.028183418260244925","0.028183418260244925","0.0","0.0","0.375","HBM","No","No","No","<div class='source-info-cell' title='/home/lawrence/git/DISCO-EB/src/discoeb/spline_interpolation.py:68:49
/home/lawrence/git/DISCO-EB/src/discoeb/spline_interpolation.py:71:21
/home/lawrence/git/DISCO-EB/src/discoeb/background.py:248:40
/home/lawrence/git/DISCO-EB/src/discoeb/cmb.py:987:12
/home/lawrence/git/DISCO-EB/scripts/profile_CMB.py:38:0
'>/home/lawrence/git/DISCO-EB/src/discoeb/spline_interpolation.py:68</div>"
"220.0","7","loop fusion","loop_dynamic_slice_fusion.12","%loop_dynamic_slice_fusion.12 = f64[1]{0} fusion(f64[1022]{0} %get-tuple-element.16062, s64[] %copy.936), kind=kLoop, calls=%fused_dynamic_slice.12","jit(compute_Cell_spectrum_from_cosmo_params)/jit(main)/jit(evolve_background)/while/body/dynamic_slice:","1021.0","809.528","0.792877571008815","809.528","0.792877571008815","0.01051757833748268","80.53936852622476","0.0","0.01135105888863634","0.01135105888863634","0.028190659703404557","0.028190659703404557","0.0","0.0","0.375","HBM","No","No","No","<div class='source-info-cell' title='/home/lawrence/git/DISCO-EB/src/discoeb/spline_interpolation.py:68:49
/home/lawrence/git/DISCO-EB/src/discoeb/spline_interpolation.py:71:21
/home/lawrence/git/DISCO-EB/src/discoeb/background.py:248:40
/home/lawrence/git/DISCO-EB/src/discoeb/cmb.py:987:12
/home/lawrence/git/DISCO-EB/scripts/profile_CMB.py:38:0
'>/home/lawrence/git/DISCO-EB/src/discoeb/spline_interpolation.py:68</div>"
"221.0","7","data formatting","copy.906","%copy.906 = s64[] copy(s64[] %get-tuple-element.15994)","jit(compute_Cell_spectrum_from_cosmo_params)/jit(main)/jit(evolve_background)/while/body/sub:","1021.0","809.367","0.7927198824681684","809.367","0.7927198824681684","0.010515486587583561","80.54988401281234","0.0","0.0","0.0","0.01879751160958929","0.01879751160958929","0.0","0.0","0.0","HBM","No","No","No","<div class='source-info-cell' title='/home/lawrence/git/DISCO-EB/src/discoeb/spline_interpolation.py:66:46
/home/lawrence/git/DISCO-EB/src/discoeb/spline_interpolation.py:71:21
/home/lawrence/git/DISCO-EB/src/discoeb/background.py:248:40
/home/lawrence/git/DISCO-EB/src/discoeb/cmb.py:987:12
/home/lawrence/git/DISCO-EB/scripts/profile_CMB.py:38:0
'>/home/lawrence/git/DISCO-EB/src/discoeb/spline_interpolation.py:66</div>"
"222.0","7","data formatting","copy.1269","%copy.1269 = s64[] copy(s64[] %get-tuple-element.16638)","jit(compute_Cell_spectrum_from_cosmo_params)/jit(main)/jit(evolve_background)/while/body/sub:","1021.0","809.167","0.7925239960822723","809.167","0.7925239960822723","0.01051288814050391","80.56039690095285","0.0","0.0","0.0","0.01880215774854691","0.01880215774854691","0.0","0.0","0.0","HBM","No","No","No","<div class='source-info-cell' title='/home/lawrence/git/DISCO-EB/src/discoeb/spline_interpolation.py:66:46
/home/lawrence/git/DISCO-EB/src/discoeb/spline_interpolation.py:71:21
/home/lawrence/git/DISCO-EB/src/discoeb/background.py:248:40
/home/lawrence/git/DISCO-EB/src/discoeb/cmb.py:987:12
/home/lawrence/git/DISCO-EB/scripts/profile_CMB.py:38:0
'>/home/lawrence/git/DISCO-EB/src/discoeb/spline_interpolation.py:66</div>"
"223.0","7","loop fusion","loop_dynamic_slice_fusion.10","%loop_dynamic_slice_fusion.10 = f64[1]{0} fusion(f64[1022]{0} %get-tuple-element.15996, s64[] %copy.906), kind=kLoop, calls=%fused_dynamic_slice.10","jit(compute_Cell_spectrum_from_cosmo_params)/jit(main)/jit(evolve_background)/while/body/dynamic_slice:","1021.0","809.071","0.7924299706170421","809.071","0.7924299706170421","0.010511640885905676","80.57090854183875","0.0","0.01135747048157702","0.01135747048157702","0.028206583066724283","0.028206583066724283","0.0","0.0","0.375","HBM","No","No","No","<div class='source-info-cell' title='/home/lawrence/git/DISCO-EB/src/discoeb/spline_interpolation.py:68:49
/home/lawrence/git/DISCO-EB/src/discoeb/spline_interpolation.py:71:21
/home/lawrence/git/DISCO-EB/src/discoeb/background.py:248:40
/home/lawrence/git/DISCO-EB/src/discoeb/cmb.py:987:12
/home/lawrence/git/DISCO-EB/scripts/profile_CMB.py:38:0
'>/home/lawrence/git/DISCO-EB/src/discoeb/spline_interpolation.py:68</div>"
"224.0","7","loop fusion","loop_dynamic_update_slice_fusion.27","%loop_dynamic_update_slice_fusion.27 = f64[1024]{0} fusion(f64[1024]{0} %get-tuple-element.16490, s64[] %get-tuple-element.16488, f64[] %loop_select_fusion.20), kind=kLoop, calls=%fused_dynamic_update_slice.27","jit(compute_Cell_spectrum_from_cosmo_params)/jit(main)/jit(evolve_background)/while/body/dynamic_update_slice:","1024.0","808.606","0.789654296875","808.606","0.789654296875","0.010505599496445485","80.58141414133519","0.0","0.0","0.0","0.028305730595308467","0.028305730595308467","0.0","0.0","0.0","HBM","No","No","No","<div class='source-info-cell' title='/home/lawrence/git/DISCO-EB/src/discoeb/spline_interpolation.py:39:15
/home/lawrence/git/DISCO-EB/src/discoeb/background.py:248:40
/home/lawrence/git/DISCO-EB/src/discoeb/cmb.py:987:12
/home/lawrence/git/DISCO-EB/scripts/profile_CMB.py:38:0
'>/home/lawrence/git/DISCO-EB/src/discoeb/spline_interpolation.py:39</div>"
"225.0","7","loop fusion","loop_dynamic_update_slice_fusion.29","%loop_dynamic_update_slice_fusion.29 = f64[1024]{0} fusion(f64[1024]{0} %get-tuple-element.15957, s64[] %get-tuple-element.15955, f64[] %loop_select_fusion.22), kind=kLoop, calls=%fused_dynamic_update_slice.29","jit(compute_Cell_spectrum_from_cosmo_params)/jit(main)/jit(evolve_background)/while/body/dynamic_update_slice:","1024.0","807.841","0.7889072265625","807.841","0.7889072265625","0.010495660436365815","80.59190980177155","0.0","0.0","0.0","0.028332535231252187","0.028332535231252187","0.0","0.0","0.0","HBM","No","No","No","<div class='source-info-cell' title='/home/lawrence/git/DISCO-EB/src/discoeb/spline_interpolation.py:40:15
/home/lawrence/git/DISCO-EB/src/discoeb/background.py:248:40
/home/lawrence/git/DISCO-EB/src/discoeb/cmb.py:987:12
/home/lawrence/git/DISCO-EB/scripts/profile_CMB.py:38:0
'>/home/lawrence/git/DISCO-EB/src/discoeb/spline_interpolation.py:40</div>"
"226.0","7","conditional","conditional.5.clone.4","%conditional.5.clone.4 = (f64[6]{0}) conditional(s32[] %get-tuple-element.13844, (pred[], pred[], f64[], f64[6]{0}, f64[], /*index=5*/f64[], f64[], s64[], f64[], f64[], /*index=10*/f64[], f64[], f64[], f64[], f64[], /*index=15*/f64[], f64[], f64[512]{0}, f64[512]{0}, f64[512]{0}, /*index=20*/f64[], f64[], f64[], f64[], f64[], /*index=25*/f64[], f64[], f64[], f64[]) %tuple.3396.0, (f64[], f64[]) %tuple.3397.0), branch_computations={%region_62.8448, %region_75.8464}","jit(compute_Cell_spectrum_from_cosmo_params)/jit(main)/jit(evolve_background)/jit(evaluate_thermo)/while/body/cond:","1024.0","773.087","0.7549677734375","773.087","0.7549677734375","0.010044128287334685","80.60195393005888","0.0","1703.3323080067314","1703.3323080067314","10.987608297941199","0.9165592191950501","0.0","0.0","144.37644549230941","Compute","No","No","No","<div class='source-info-cell' title='/home/lawrence/git/DISCO-EB/src/discoeb/thermodynamics_recfast.py:440:14
/home/lawrence/git/DISCO-EB/src/discoeb/thermodynamics_recfast.py:452:12
/home/lawrence/git/DISCO-EB/src/discoeb/thermodynamics_recfast.py:461:11
/home/lawrence/git/DISCO-EB/src/discoeb/background.py:237:82
/home/lawrence/git/DISCO-EB/src/discoeb/cmb.py:987:12
/home/lawrence/git/DISCO-EB/scripts/profile_CMB.py:38:0
'>/home/lawrence/git/DISCO-EB/src/discoeb/thermodynamics_recfast.py:440</div>"
"227.0","7","loop fusion","wrapped_convert","%wrapped_convert = s32[] fusion(pred[] %get-tuple-element.3431.0), kind=kLoop, calls=%wrapped_convert_computation","jit(compute_Cell_spectrum_from_cosmo_params)/jit(main)/jit(evolve_background)/jit(evaluate_thermo)/while/body/cond/branch_0_fun/convert_element_type:","919.0","762.465","0.8296681175190425","762.465","0.8296681175190425","0.009906124762934367","80.61186005482183","0.0","0.0036159036808246937","0.0036159036808246937","0.005612621209312065","0.005612621209312065","0.0","0.0","0.6","HBM","No","No","No","<div class='source-info-cell' title='/home/lawrence/git/DISCO-EB/src/discoeb/thermodynamics_recfast.py:443:14
/home/lawrence/git/DISCO-EB/src/discoeb/thermodynamics_recfast.py:440:14
/home/lawrence/git/DISCO-EB/src/discoeb/thermodynamics_recfast.py:452:12
/home/lawrence/git/DISCO-EB/src/discoeb/thermodynamics_recfast.py:461:11
/home/lawrence/git/DISCO-EB/src/discoeb/background.py:237:82
/home/lawrence/git/DISCO-EB/src/discoeb/cmb.py:987:12
/home/lawrence/git/DISCO-EB/scripts/profile_CMB.py:38:0
'>/home/lawrence/git/DISCO-EB/src/discoeb/thermodynamics_recfast.py:443</div>"
"228.0","7","loop fusion","wrapped_convert.1","%wrapped_convert.1 = s32[] fusion(pred[] %get-tuple-element.3463.0), kind=kLoop, calls=%wrapped_convert_computation.1","jit(compute_Cell_spectrum_from_cosmo_params)/jit(main)/jit(evolve_background)/jit(evaluate_thermo)/while/body/cond/branch_0_fun/cond/branch_0_fun/convert_element_type:","907.0","733.886","0.8091356119073869","733.886","0.8091356119073869","0.009534819667487492","80.62139487448931","0.0","0.0037076603178150284","0.0037076603178150284","0.005755046254978559","0.005755046254978559","0.0","0.0","0.6","HBM","No","No","No","<div class='source-info-cell' title='/home/lawrence/git/DISCO-EB/src/discoeb/thermodynamics_recfast.py:446:16
/home/lawrence/git/DISCO-EB/src/discoeb/thermodynamics_recfast.py:443:14
/home/lawrence/git/DISCO-EB/src/discoeb/thermodynamics_recfast.py:440:14
/home/lawrence/git/DISCO-EB/src/discoeb/thermodynamics_recfast.py:452:12
/home/lawrence/git/DISCO-EB/src/discoeb/thermodynamics_recfast.py:461:11
/home/lawrence/git/DISCO-EB/src/discoeb/background.py:237:82
/home/lawrence/git/DISCO-EB/src/discoeb/cmb.py:987:12
/home/lawrence/git/DISCO-EB/scripts/profile_CMB.py:38:0
'>/home/lawrence/git/DISCO-EB/src/discoeb/thermodynamics_recfast.py:446</div>"
"229.0","7","input fusion","input_concatenate_fusion.19","%input_concatenate_fusion.19 = f64[6]{0} fusion(f64[3]{0} %get-tuple-element.98.0, f64[] %get-tuple-element.7705.0, f64[] %get-tuple-element.14710, f64[] %get-tuple-element.14713, f64[] %get-tuple-element.17945, /*index=5*/f64[] %get-tuple-element.14712, f64[] %get-tuple-element.14711), kind=kInput, calls=%fused_concatenate.21","jit(compute_Cell_spectrum_from_cosmo_params)/jit(main)/jit(evolve_background)/jit(evaluate_thermo)/while/body/cond/branch_0_fun/cond/branch_0_fun/cond/branch_1_fun/concatenate:","30.0","716.23","23.874333333333333","716.23","23.874333333333333","0.009305428759295813","80.63070030324862","0.0","7.592672744788685","7.592672744788685","0.004681123757194927","0.004681123757194927","0.0","0.0","1510.5833333333333","Compute","No","No","No","<div class='source-info-cell' title='/home/lawrence/git/DISCO-EB/src/discoeb/thermodynamics_recfast.py:301:9
/home/lawrence/git/DISCO-EB/src/discoeb/thermodynamics_recfast.py:432:14
/home/lawrence/git/DISCO-EB/src/discoeb/thermodynamics_recfast.py:446:16
/home/lawrence/git/DISCO-EB/src/discoeb/thermodynamics_recfast.py:443:14
/home/lawrence/git/DISCO-EB/src/discoeb/thermodynamics_recfast.py:440:14
/home/lawrence/git/DISCO-EB/src/discoeb/thermodynamics_recfast.py:452:12
/home/lawrence/git/DISCO-EB/src/discoeb/thermodynamics_recfast.py:461:11
/home/lawrence/git/DISCO-EB/src/discoeb/background.py:237:82
/home/lawrence/git/DISCO-EB/src/discoeb/cmb.py:987:12
/home/lawrence/git/DISCO-EB/scripts/profile_CMB.py:38:0
'>/home/lawrence/git/DISCO-EB/src/discoeb/thermodynamics_recfast.py:301</div>"
"230.0","7","call","call.624","%call.624 = (s64[], f64[126]{0}, f64[320,126]{1,0}) call(s64[] %get-tuple-element.16716, f64[126]{0} %get-tuple-element.16717, f64[126]{0} %get-tuple-element.16726, f64[126]{0} %get-tuple-element.16727, s32[2]{0} %constant_19880_0, /*index=5*/f64[126]{0} %get-tuple-element.16728, f64[320,126]{1,0} %get-tuple-element.16729, f64[320,126]{1,0} %get-tuple-element.16718), to_apply=%command_buffer.112","","750.0","705.158","0.9402106666666666","705.158","0.9402106666666666","0.009161578728966276","80.63986188197758","0.0","755.7508388191015","755.7508388191015","15.446585263749865","10.334373737123403","0.0","0.0","45.56656406310119","HBM","No","No","No",""
"231.0","7","conditional","conditional.8303.clone","%conditional.8303.clone = (f64[6]{0}) conditional(s32[] %wrapped_convert.1, (f64[], f64[6]{0}, f64[], f64[], f64[], /*index=5*/s64[], f64[], f64[], f64[], f64[], /*index=10*/f64[], f64[], f64[], f64[], f64[], /*index=15*/f64[512]{0}, f64[512]{0}, f64[512]{0}, f64[], f64[], /*index=20*/f64[], f64[]) %tuple.3490.0, (f64[], f64[], f64[], f64[], f64[6]{0}, /*index=5*/f64[], f64[], f64[], s64[], f64[], /*index=10*/f64[], f64[], f64[], f64[], f64[], /*index=15*/f64[], f64[], f64[512]{0}, f64[512]{0}, f64[512]{0}, /*index=20*/f64[], f64[], f64[], f64[], f64[]) %tuple.7698.0), branch_computations={%region_64.7697, %region_71.8302}","jit(compute_Cell_spectrum_from_cosmo_params)/jit(main)/jit(evolve_background)/jit(evaluate_thermo)/while/body/cond/branch_0_fun/cond/branch_0_fun/cond:","907.0","690.164","0.7609305402425579","690.164","0.7609305402425579","0.008966773151404765","80.648828655129","0.0","1689.976853327615","1689.976853327615","10.115747327927298","0.9069290707796887","0.0","0.0","155.59044162129462","Compute","No","No","No","<div class='source-info-cell' title='/home/lawrence/git/DISCO-EB/src/discoeb/thermodynamics_recfast.py:446:16
/home/lawrence/git/DISCO-EB/src/discoeb/thermodynamics_recfast.py:443:14
/home/lawrence/git/DISCO-EB/src/discoeb/thermodynamics_recfast.py:440:14
/home/lawrence/git/DISCO-EB/src/discoeb/thermodynamics_recfast.py:452:12
/home/lawrence/git/DISCO-EB/src/discoeb/thermodynamics_recfast.py:461:11
/home/lawrence/git/DISCO-EB/src/discoeb/background.py:237:82
/home/lawrence/git/DISCO-EB/src/discoeb/cmb.py:987:12
/home/lawrence/git/DISCO-EB/scripts/profile_CMB.py:38:0
'>/home/lawrence/git/DISCO-EB/src/discoeb/thermodynamics_recfast.py:446</div>"
"232.0","7","conditional","conditional.8447.clone","%conditional.8447.clone = (f64[6]{0}) conditional(s32[] %wrapped_convert, (pred[], f64[], f64[6]{0}, f64[], f64[], /*index=5*/f64[], s64[], f64[], f64[], f64[], /*index=10*/f64[], f64[], f64[], f64[], f64[], /*index=15*/f64[], f64[512]{0}, f64[512]{0}, f64[512]{0}, f64[], /*index=20*/f64[], f64[], f64[], f64[], f64[], /*index=25*/f64[]) %tuple.3461.0, (f64[], f64[], f64[], f64[], f64[], /*index=5*/f64[]) %tuple.8305.0), branch_computations={%region_63.8304, %region_74.8446}","jit(compute_Cell_spectrum_from_cosmo_params)/jit(main)/jit(evolve_background)/jit(evaluate_thermo)/while/body/cond/branch_0_fun/cond:","919.0","688.558","0.7492470076169749","688.558","0.7492470076169749","0.00894590762135516","80.65777456275035","0.0","1716.3338484194505","1716.3338484194505","10.747076595922591","0.9223144615052697","0.0","0.0","148.73444367337498","Compute","No","No","No","<div class='source-info-cell' title='/home/lawrence/git/DISCO-EB/src/discoeb/thermodynamics_recfast.py:443:14
/home/lawrence/git/DISCO-EB/src/discoeb/thermodynamics_recfast.py:440:14
/home/lawrence/git/DISCO-EB/src/discoeb/thermodynamics_recfast.py:452:12
/home/lawrence/git/DISCO-EB/src/discoeb/thermodynamics_recfast.py:461:11
/home/lawrence/git/DISCO-EB/src/discoeb/background.py:237:82
/home/lawrence/git/DISCO-EB/src/discoeb/cmb.py:987:12
/home/lawrence/git/DISCO-EB/scripts/profile_CMB.py:38:0
'>/home/lawrence/git/DISCO-EB/src/discoeb/thermodynamics_recfast.py:443</div>"
"233.0","7","conditional","conditional.2.clone","%conditional.2.clone = (f64[]) conditional(s32[] %get-tuple-element.13694, (f64[]) %tuple.274.0, () %get-tuple-element.17951), branch_computations={%region_65.3642, %region_66.3648}","jit(compute_Cell_spectrum_from_cosmo_params)/jit(main)/jit(evolve_background)/jit(evaluate_thermo)/while/body/cond/branch_0_fun/cond/branch_0_fun/cond/branch_0_fun/jit(diffeqsolve)/jit(branched_error_if_impl)/cond:","877.0","663.629","0.7567035347776511","663.629","0.7567035347776511","0.008622024185111935","80.66639658693546","0.0","0.0","0.0","0.007384576906112674","0.007384576906112674","0.0","0.0","0.0","HBM","No","No","No","<div class='source-info-cell' title='/home/lawrence/git/DISCO-EB/.venv/lib/python3.13/site-packages/equinox/_errors.py:118:15
/home/lawrence/git/DISCO-EB/.venv/lib/python3.13/site-packages/equinox/_ad.py:776:19
/home/lawrence/git/DISCO-EB/.venv/lib/python3.13/site-packages/equinox/_ad.py:819:15
/home/lawrence/git/DISCO-EB/.venv/lib/python3.13/site-packages/equinox/_errors.py:336:16
/home/lawrence/git/DISCO-EB/.venv/lib/python3.13/site-packages/equinox/_jit.py:55:14
/home/lawrence/git/DISCO-EB/.venv/lib/python3.13/site-packages/equinox/_jit.py:263:37
/home/lawrence/git/DISCO-EB/.venv/lib/python3.13/site-packages/equinox/_jit.py:209:19
/home/lawrence/git/DISCO-EB/.venv/lib/python3.13/site-packages/equinox/_errors.py:267:15
/home/lawrence/git/DISCO-EB/.venv/lib/python3.13/site-packages/equinox/_errors.py:246:11
/home/lawrence/git/DISCO-EB/.venv/lib/python3.13/site-packages/diffrax/_integrate.py:1021:14
'>/home/lawrence/git/DISCO-EB/.venv/lib/python3.13/site-packages/equinox/_errors.py:118</div>"
"234.0","7","conditional","conditional.9","%conditional.9 = (s64[], pred[8]{0}, f64[8,16,72]{1,0,2}, f64[8]{0}, f64[8]{0}, /*index=5*/f64[8]{0}, s32[8]{0}, s64[8]{0}, s64[8]{0}, s64[8]{0}, /*index=10*/s64[8]{0}, f64[8,320]{1,0}, f64[8,320,16,72]{3,2,1,0}, s64[8]{0}) conditional(s32[] %loop_convert_fusion.3, (s64[], pred[8]{0}, f64[8,16,72]{1,0,2}, f64[8]{0}, f64[8]{0}, /*index=5*/f64[8]{0}, s32[8]{0}, s64[8]{0}, s64[8]{0}, s64[8]{0}, /*index=10*/s64[8]{0}, f64[8,320]{1,0}, f64[8,320,16,72]{3,2,1,0}, s64[8]{0}) %tuple.97.0, (s64[8]{0}, f64[8]{0}, f64[8]{0}, f64[8,16,72]{1,0,2}, s64[8]{0}, /*index=5*/f64[], f64[], f64[8,16]{1,0}, f64[1024]{0}, f64[1024]{0}, /*index=10*/f64[1024]{0}, f64[1024]{0}, f64[1024]{0}, f64[1024]{0}, f64[], /*index=15*/f64[], f64[], f64[], f64[], f64[], /*index=20*/f64[], f64[512]{0}, f64[512]{0}, f64[512]{0}, s64[], /*index=25*/f64[], f64[], f64[], f64[], f64[], /*index=30*/f64[3]{0}, f64[3]{0}, f64[], f64[], s64[8]{0}, /*index=35*/s64[8]{0}, f64[3]{0}, s64[5]{0}, f64[3]{0}, f64[3]{0}, /*index=40*/s64[8]{0}, s64[8]{0}, f64[3]{0}, s64[5]{0}, f64[3]{0}, /*index=45*/f64[3]{0}, s64[8]{0}, s64[8]{0}, f64[3]{0}, s64[5]{0}, /*index=50*/f64[3]{0}, f64[3]{0}, s64[8]{0}, s64[8]{0}, f64[3]{0}, /*index=55*/s64[5]{0}, f64[3]{0}, f64[3]{0}, s64[8]{0}, s64[8]{0}, /*index=60*/f64[3]{0}, s64[5]{0}, f64[3]{0}, f64[3]{0}, s64[8]{0}, /*index=65*/s64[8]{0}, f64[3]{0}, s64[5]{0}, f64[3]{0}, f64[3]{0}, /*index=70*/s64[8]{0}, s64[8]{0}, f64[3]{0}, s64[5]{0}, f64[3]{0}, /*index=75*/f64[3]{0}, s64[8]{0}, s64[8]{0}, f64[3]{0}, s64[5]{0}, /*index=80*/f64[3]{0}, f64[3]{0}, s64[8]{0}, s64[8]{0}, f64[3]{0}, /*index=85*/s64[5]{0}, f64[], f64[], s64[6]{0}, f64[8,16,6]{2,1,0}, /*index=90*/f64[8]{0}, f64[8]{0}, s64[8]{0}, s64[8]{0}, s64[8]{0}, /*index=95*/s64[8]{0}, f64[8,320]{1,0}, f64[8,320]{1,0}, pred[8]{0}, f64[8,320,16,72]{3,2,1,0}, /*index=100*/s64[8]{0}, s32[8]{0}, s64[], pred[]) %tuple.98.0), branch_computations={%region_308.22721, %region_317.36766}, control-predecessors={%loop_convert_fusion.3, %input_reduce_fusion.21}","jit(compute_Cell_spectrum_from_cosmo_params)/jit(main)/jit(evolve_perturbations_batched)/vmap(jit(diffeqsolve))/outer-loop/while/body/checkpoint/cond/branch_1_fun/while/body/checkpoint/cond/branch_1_fun/while/body/cond:","592.0","657.958","1.1114155405405406","657.958","1.1114155405405406","0.0085483452181684","80.67494493215364","0.0","1675395.5690545598","1675395.5690545598","281188.6222180055","130078.68831340075","0.0","0.0","5.549064192439233","HBM","No","No","No","<div class='source-info-cell' title='/home/lawrence/git/DISCO-EB/.venv/lib/python3.13/site-packages/equinox/internal/_loop/bounded.py:72:19
/home/lawrence/git/DISCO-EB/.venv/lib/python3.13/site-packages/equinox/internal/_loop/bounded.py:78:15
/home/lawrence/git/DISCO-EB/.venv/lib/python3.13/site-packages/equinox/internal/_loop/bounded.py:69:19
/home/lawrence/git/DISCO-EB/.venv/lib/python3.13/site-packages/equinox/internal/_loop/bounded.py:72:19
/home/lawrence/git/DISCO-EB/.venv/lib/python3.13/site-packages/equinox/internal/_loop/bounded.py:78:15
/home/lawrence/git/DISCO-EB/.venv/lib/python3.13/site-packages/equinox/internal/_loop/bounded.py:69:19
/home/lawrence/git/DISCO-EB/.venv/lib/python3.13/site-packages/equinox/internal/_loop/bounded.py:72:19
/home/lawrence/git/DISCO-EB/.venv/lib/python3.13/site-packages/equinox/internal/_loop/bounded.py:78:15
/home/lawrence/git/DISCO-EB/.venv/lib/python3.13/site-packages/equinox/internal/_loop/bounded.py:59:19
/home/lawrence/git/DISCO-EB/.venv/lib/python3.13/site-packages/equinox/internal/_loop/loop.py:119:15
'>/home/lawrence/git/DISCO-EB/.venv/lib/python3.13/site-packages/equinox/internal/_loop/bounded.py:72</div>"
"235.0","7","input fusion","input_reduce_fusion.21","%input_reduce_fusion.21 = pred[] fusion(f64[8]{0} %get-tuple-element.15045, f64[8]{0} %get-tuple-element.15162, pred[] %get-tuple-element.15163), kind=kInput, calls=%fused_reduce.21","jit(compute_Cell_spectrum_from_cosmo_params)/jit(main)/jit(evolve_perturbations_batched)/vmap(jit(diffeqsolve))/outer-loop/while/body/checkpoint/cond/branch_1_fun/while/body/checkpoint/cond/branch_1_fun/while/body/reduce_or:","592.0","610.535","1.0313091216216215","610.535","1.0313091216216215","0.007932214438876713","80.68287714659252","0.0","0.06690525522697306","0.06690525522697306","0.11739635785402511","0.11739635785402511","0.0","0.0","0.5307692307692308","HBM","No","No","No","<div class='source-info-cell' title='/home/lawrence/git/DISCO-EB/.venv/lib/python3.13/site-packages/equinox/_unvmap.py:50:23
/home/lawrence/git/DISCO-EB/.venv/lib/python3.13/site-packages/equinox/internal/_loop/common.py:475:14
/home/lawrence/git/DISCO-EB/.venv/lib/python3.13/site-packages/equinox/internal/_loop/bounded.py:72:28
/home/lawrence/git/DISCO-EB/.venv/lib/python3.13/site-packages/equinox/internal/_loop/bounded.py:78:15
/home/lawrence/git/DISCO-EB/.venv/lib/python3.13/site-packages/equinox/internal/_loop/bounded.py:69:19
/home/lawrence/git/DISCO-EB/.venv/lib/python3.13/site-packages/equinox/internal/_loop/bounded.py:72:19
/home/lawrence/git/DISCO-EB/.venv/lib/python3.13/site-packages/equinox/internal/_loop/bounded.py:78:15
/home/lawrence/git/DISCO-EB/.venv/lib/python3.13/site-packages/equinox/internal/_loop/bounded.py:69:19
/home/lawrence/git/DISCO-EB/.venv/lib/python3.13/site-packages/equinox/internal/_loop/bounded.py:72:19
/home/lawrence/git/DISCO-EB/.venv/lib/python3.13/site-packages/equinox/internal/_loop/bounded.py:78:15
'>/home/lawrence/git/DISCO-EB/.venv/lib/python3.13/site-packages/equinox/_unvmap.py:50</div>"
"236.0","7","call","call.598","%call.598 = (s64[], pred[8]{0}, s32[8]{0}, f64[8]{0}, f64[8]{0}, /*index=5*/f64[8]{0}, s64[8]{0}, s64[8]{0}, s64[8]{0}, s64[8]{0}, /*index=10*/s64[8]{0}, f64[8,320]{1,0}, f64[8,16,72]{1,0,2}, f64[8,320,16,72]{3,2,1,0}) call(s64[] %get-tuple-element.16367, pred[8]{0} %get-tuple-element.16368, s32[8]{0} %get-tuple-element.16373, f64[8]{0} %get-tuple-element.16370, f64[8]{0} %get-tuple-element.16371, /*index=5*/f64[8]{0} %get-tuple-element.16372, s64[8]{0} %get-tuple-element.16374, s64[8]{0} %get-tuple-element.16375, s64[8]{0} %get-tuple-element.16376, s64[8]{0} %get-tuple-element.16377, /*index=10*/s64[8]{0} %get-tuple-element.16380, f64[8,320]{1,0} %get-tuple-element.16378, f64[8,16,72]{1,0,2} %get-tuple-element.16369, f64[8,320,16,72]{3,2,1,0} %get-tuple-element.16379), to_apply=%command_buffer.62","","224.0","608.572","2.716839285714286","608.572","2.716839285714286","0.00790671068078993","80.6907838572733","0.0","0.0","0.0","16240.17150945701","8120.066558133235","0.0","0.0","0.0","HBM","No","No","No",""
"237.0","7","loop fusion","loop_dynamic_update_slice_fusion.32","%loop_dynamic_update_slice_fusion.32 = f64[510]{0} fusion(f64[510]{0} %get-tuple-element.16808, f64[1]{0} %get-tuple-element.13812, f64[1]{0} %loop_dynamic_slice_fusion.2, f64[510]{0} %get-tuple-element.16819, f64[510]{0} %get-tuple-element.16817, /*index=5*/s64[] %get-tuple-element.16813, s64[] %copy.1356), kind=kLoop, calls=%fused_dynamic_update_slice.32, control-predecessors={%loop_dynamic_slice_fusion.2}","jit(compute_Cell_spectrum_from_cosmo_params)/jit(main)/jit(evolve_background)/while/body/scatter:","509.0","603.694","1.1860392927308447","603.694","1.1860392927308447","0.007843334556517216","80.69862719182981","0.0","1.9189920721425093","1.9189920721425093","0.05025520245467708","0.05025520245467708","0.0","0.0","35.5625","HBM","No","No","No","<div class='source-info-cell' title='/home/lawrence/git/DISCO-EB/src/discoeb/spline_interpolation.py:68:21
/home/lawrence/git/DISCO-EB/src/discoeb/spline_interpolation.py:71:21
/home/lawrence/git/DISCO-EB/src/discoeb/background.py:166:43
/home/lawrence/git/DISCO-EB/src/discoeb/background.py:233:12
/home/lawrence/git/DISCO-EB/src/discoeb/cmb.py:987:12
/home/lawrence/git/DISCO-EB/scripts/profile_CMB.py:38:0
'>/home/lawrence/git/DISCO-EB/src/discoeb/spline_interpolation.py:68</div>"
"238.0","7","loop fusion","loop_dynamic_update_slice_fusion.34","%loop_dynamic_update_slice_fusion.34 = f64[510]{0} fusion(f64[510]{0} %get-tuple-element.16841, f64[1]{0} %get-tuple-element.13814, f64[1]{0} %loop_dynamic_slice_fusion.3, f64[510]{0} %get-tuple-element.16852, f64[510]{0} %get-tuple-element.16850, /*index=5*/s64[] %get-tuple-element.16846, s64[] %copy.1371), kind=kLoop, calls=%fused_dynamic_update_slice.34, control-predecessors={%loop_dynamic_slice_fusion.3}","jit(compute_Cell_spectrum_from_cosmo_params)/jit(main)/jit(evolve_background)/while/body/scatter:","509.0","601.407","1.1815461689587428","601.407","1.1815461689587428","0.007813621314161396","80.70644081314397","0.0","1.9262895177475488","1.9262895177475488","0.0504463103865998","0.0504463103865998","0.0","0.0","35.5625","HBM","No","No","No","<div class='source-info-cell' title='/home/lawrence/git/DISCO-EB/src/discoeb/spline_interpolation.py:68:21
/home/lawrence/git/DISCO-EB/src/discoeb/spline_interpolation.py:71:21
/home/lawrence/git/DISCO-EB/src/discoeb/background.py:166:43
/home/lawrence/git/DISCO-EB/src/discoeb/background.py:233:12
/home/lawrence/git/DISCO-EB/src/discoeb/cmb.py:987:12
/home/lawrence/git/DISCO-EB/scripts/profile_CMB.py:38:0
'>/home/lawrence/git/DISCO-EB/src/discoeb/spline_interpolation.py:68</div>"
"239.0","7","loop fusion","loop_dynamic_update_slice_fusion.9","%loop_dynamic_update_slice_fusion.9 = f64[510]{0} fusion(f64[510]{0} %get-tuple-element.15687, f64[1]{0} %get-tuple-element.13580, f64[1]{0} %loop_dynamic_slice_fusion, f64[510]{0} %get-tuple-element.15698, f64[510]{0} %get-tuple-element.15696, /*index=5*/s64[] %get-tuple-element.15692, s64[] %copy.744), kind=kLoop, calls=%fused_dynamic_update_slice.9, control-predecessors={%loop_dynamic_slice_fusion}","jit(compute_Cell_spectrum_from_cosmo_params)/jit(main)/jit(evolve_background)/while/body/scatter:","509.0","601.301","1.1813379174852654","601.301","1.1813379174852654","0.007812244137209181","80.71425305728118","0.0","1.9266290925842464","1.9266290925842464","0.050455203285332685","0.050455203285332685","0.0","0.0","35.5625","HBM","No","No","No","<div class='source-info-cell' title='/home/lawrence/git/DISCO-EB/src/discoeb/spline_interpolation.py:68:21
/home/lawrence/git/DISCO-EB/src/discoeb/spline_interpolation.py:71:21
/home/lawrence/git/DISCO-EB/src/discoeb/background.py:166:43
/home/lawrence/git/DISCO-EB/src/discoeb/background.py:233:12
/home/lawrence/git/DISCO-EB/src/discoeb/cmb.py:987:12
/home/lawrence/git/DISCO-EB/scripts/profile_CMB.py:38:0
'>/home/lawrence/git/DISCO-EB/src/discoeb/spline_interpolation.py:68</div>"
"240.0","7","data formatting","copy.590","%copy.590 = pred[8]{0} copy(pred[8]{0} %get-tuple-element.15149)","","592.0","580.697","0.9809070945945946","580.697","0.9809070945945946","0.0075445521190634305","80.72179760940024","0.0","0.0","0.0","0.015191205442352572","0.015191205442352572","0.0","0.0","0.0","HBM","No","No","No",""
"241.0","7","loop fusion","loop_convert_fusion.3","%loop_convert_fusion.3 = s32[] fusion(pred[] %input_reduce_fusion.21, s64[] %get-tuple-element.15042), kind=kLoop, calls=%fused_convert.3","jit(compute_Cell_spectrum_from_cosmo_params)/jit(main)/jit(evolve_perturbations_batched)/vmap(jit(diffeqsolve))/outer-loop/while/body/checkpoint/cond/branch_1_fun/while/body/checkpoint/cond/branch_1_fun/while/body/convert_element_type:","592.0","571.667","0.9656537162162163","571.667","0.9656537162162163","0.007427232233417142","80.72922484163367","0.0","0.00932011118360864","0.00932011118360864","0.012537821029096874","0.012537821029096874","0.0","0.0","0.6923076923076923","HBM","No","No","No","<div class='source-info-cell' title='/home/lawrence/git/DISCO-EB/.venv/lib/python3.13/site-packages/equinox/internal/_loop/bounded.py:72:19
/home/lawrence/git/DISCO-EB/.venv/lib/python3.13/site-packages/equinox/internal/_loop/bounded.py:78:15
/home/lawrence/git/DISCO-EB/.venv/lib/python3.13/site-packages/equinox/internal/_loop/bounded.py:69:19
/home/lawrence/git/DISCO-EB/.venv/lib/python3.13/site-packages/equinox/internal/_loop/bounded.py:72:19
/home/lawrence/git/DISCO-EB/.venv/lib/python3.13/site-packages/equinox/internal/_loop/bounded.py:78:15
/home/lawrence/git/DISCO-EB/.venv/lib/python3.13/site-packages/equinox/internal/_loop/bounded.py:69:19
/home/lawrence/git/DISCO-EB/.venv/lib/python3.13/site-packages/equinox/internal/_loop/bounded.py:72:19
/home/lawrence/git/DISCO-EB/.venv/lib/python3.13/site-packages/equinox/internal/_loop/bounded.py:78:15
/home/lawrence/git/DISCO-EB/.venv/lib/python3.13/site-packages/equinox/internal/_loop/bounded.py:59:19
/home/lawrence/git/DISCO-EB/.venv/lib/python3.13/site-packages/equinox/internal/_loop/loop.py:119:15
'>/home/lawrence/git/DISCO-EB/.venv/lib/python3.13/site-packages/equinox/internal/_loop/bounded.py:72</div>"
"242.0","7","loop fusion","loop_dynamic_update_slice_fusion.33","%loop_dynamic_update_slice_fusion.33 = f64[510]{0} fusion(f64[510]{0} %get-tuple-element.16807, f64[1]{0} %get-tuple-element.13812, f64[510]{0} %get-tuple-element.16818, s64[] %get-tuple-element.16813, s64[] %copy.1356), kind=kLoop, calls=%fused_dynamic_update_slice.33, control-predecessors={%loop_add_subtract_fusion.2}","jit(compute_Cell_spectrum_from_cosmo_params)/jit(main)/jit(evolve_background)/while/body/scatter:","509.0","571.242","1.1222829076620824","571.242","1.1222829076620824","0.0074217105333728795","80.73664655216703","0.0","1.8524740827880304","1.8524740827880304","0.03983263335504982","0.03983263335504982","0.0","0.0","43.3125","HBM","No","No","No","<div class='source-info-cell' title='/home/lawrence/git/DISCO-EB/src/discoeb/spline_interpolation.py:67:21
/home/lawrence/git/DISCO-EB/src/discoeb/spline_interpolation.py:71:21
/home/lawrence/git/DISCO-EB/src/discoeb/background.py:166:43
/home/lawrence/git/DISCO-EB/src/discoeb/background.py:233:12
/home/lawrence/git/DISCO-EB/src/discoeb/cmb.py:987:12
/home/lawrence/git/DISCO-EB/scripts/profile_CMB.py:38:0
'>/home/lawrence/git/DISCO-EB/src/discoeb/spline_interpolation.py:67</div>"
"243.0","7","loop fusion","loop_dynamic_update_slice_fusion.35","%loop_dynamic_update_slice_fusion.35 = f64[510]{0} fusion(f64[510]{0} %get-tuple-element.16840, f64[1]{0} %get-tuple-element.13814, f64[510]{0} %get-tuple-element.16851, s64[] %get-tuple-element.16846, s64[] %copy.1371), kind=kLoop, calls=%fused_dynamic_update_slice.35, control-predecessors={%loop_add_subtract_fusion.3}","jit(compute_Cell_spectrum_from_cosmo_params)/jit(main)/jit(evolve_background)/while/body/scatter:","509.0","570.144","1.1201257367387034","570.144","1.1201257367387034","0.007407445058905592","80.74405399722593","0.0","1.8560416315878094","1.8560416315878094","0.039909344206034564","0.039909344206034564","0.0","0.0","43.3125","HBM","No","No","No","<div class='source-info-cell' title='/home/lawrence/git/DISCO-EB/src/discoeb/spline_interpolation.py:67:21
/home/lawrence/git/DISCO-EB/src/discoeb/spline_interpolation.py:71:21
/home/lawrence/git/DISCO-EB/src/discoeb/background.py:166:43
/home/lawrence/git/DISCO-EB/src/discoeb/background.py:233:12
/home/lawrence/git/DISCO-EB/src/discoeb/cmb.py:987:12
/home/lawrence/git/DISCO-EB/scripts/profile_CMB.py:38:0
'>/home/lawrence/git/DISCO-EB/src/discoeb/spline_interpolation.py:67</div>"
"244.0","7","loop fusion","loop_dynamic_update_slice_fusion.10","%loop_dynamic_update_slice_fusion.10 = f64[510]{0} fusion(f64[510]{0} %get-tuple-element.15686, f64[1]{0} %get-tuple-element.13580, f64[510]{0} %get-tuple-element.15697, s64[] %get-tuple-element.15692, s64[] %copy.744), kind=kLoop, calls=%fused_dynamic_update_slice.10, control-predecessors={%loop_add_subtract_fusion}","jit(compute_Cell_spectrum_from_cosmo_params)/jit(main)/jit(evolve_background)/while/body/scatter:","509.0","569.531","1.1189214145383104","569.531","1.1189214145383104","0.007399480818606458","80.75145347804454","0.0","1.8580393341187749","1.8580393341187749","0.039952299599153286","0.039952299599153286","0.0","0.0","43.3125","HBM","No","No","No","<div class='source-info-cell' title='/home/lawrence/git/DISCO-EB/src/discoeb/spline_interpolation.py:67:21
/home/lawrence/git/DISCO-EB/src/discoeb/spline_interpolation.py:71:21
/home/lawrence/git/DISCO-EB/src/discoeb/background.py:166:43
/home/lawrence/git/DISCO-EB/src/discoeb/background.py:233:12
/home/lawrence/git/DISCO-EB/src/discoeb/cmb.py:987:12
/home/lawrence/git/DISCO-EB/scripts/profile_CMB.py:38:0
'>/home/lawrence/git/DISCO-EB/src/discoeb/spline_interpolation.py:67</div>"
"245.0","7","data formatting","copy.593","%copy.593 = f64[8]{0} copy(f64[8]{0} %get-tuple-element.15152)","","592.0","559.907","0.9457888513513514","559.907","0.9457888513513514","0.007274443545133603","80.75872792158968","0.0","0.0","0.0","0.1260421809587351","0.1260421809587351","0.0","0.0","0.0","HBM","No","No","No",""
"246.0","7","loop fusion","loop_add_fusion.66","%loop_add_fusion.66 = s64[] fusion(s64[] %get-tuple-element.15041), kind=kLoop, calls=%fused_add.66","jit(compute_Cell_spectrum_from_cosmo_params)/jit(main)/jit(evolve_perturbations_batched)/vmap(jit(diffeqsolve))/outer-loop/while/body/checkpoint/cond/branch_1_fun/while/body/checkpoint/cond/branch_1_fun/while/body/add:","592.0","550.251","0.9294780405405405","550.251","0.9294780405405405","0.007148990520128002","80.7658769121098","0.0","0.003227617941630274","0.003227617941630274","0.016031751740129163","0.016031751740129163","0.0","0.0","0.1875","HBM","No","No","No","<div class='source-info-cell' title='/home/lawrence/git/DISCO-EB/.venv/lib/python3.13/site-packages/equinox/internal/_loop/bounded.py:78:15
/home/lawrence/git/DISCO-EB/.venv/lib/python3.13/site-packages/equinox/internal/_loop/bounded.py:69:19
/home/lawrence/git/DISCO-EB/.venv/lib/python3.13/site-packages/equinox/internal/_loop/bounded.py:72:19
/home/lawrence/git/DISCO-EB/.venv/lib/python3.13/site-packages/equinox/internal/_loop/bounded.py:78:15
/home/lawrence/git/DISCO-EB/.venv/lib/python3.13/site-packages/equinox/internal/_loop/bounded.py:69:19
/home/lawrence/git/DISCO-EB/.venv/lib/python3.13/site-packages/equinox/internal/_loop/bounded.py:72:19
/home/lawrence/git/DISCO-EB/.venv/lib/python3.13/site-packages/equinox/internal/_loop/bounded.py:78:15
/home/lawrence/git/DISCO-EB/.venv/lib/python3.13/site-packages/equinox/internal/_loop/bounded.py:59:19
/home/lawrence/git/DISCO-EB/.venv/lib/python3.13/site-packages/equinox/internal/_loop/loop.py:119:15
/home/lawrence/git/DISCO-EB/.venv/lib/python3.13/site-packages/diffrax/_integrate.py:638:18
'>/home/lawrence/git/DISCO-EB/.venv/lib/python3.13/site-packages/equinox/internal/_loop/bounded.py:78</div>"
"247.0","7","loop fusion","loop_add_fusion.64","%loop_add_fusion.64 = s32[8,16,72]{2,1,0} fusion(s32[8,16,72]{2,1,0} %get-tuple-element.157.0), kind=kLoop, calls=%fused_add.64","jit(compute_Cell_spectrum_from_cosmo_params)/jit(main)/jit(evolve_perturbations_batched)/vmap(jit(diffeqsolve))/outer-loop/while/body/checkpoint/cond/branch_1_fun/while/body/checkpoint/cond/branch_1_fun/while/body/cond/branch_1_fun/vmap(jit(lu_factor))/lu:","587.0","531.37","0.9052299829642249","531.37","0.9052299829642249","0.006903684123573455","80.77278059623337","0.0","30.54251463198901","30.54251463198901","75.85315563278647","75.85315563278647","0.0","0.0","0.375","HBM","No","No","No","<div class='source-info-cell' title='/home/lawrence/git/DISCO-EB/src/discoeb/ode_integrators_stiff.py:996:22
/home/lawrence/git/DISCO-EB/src/discoeb/ode_integrators_stiff.py:1002:21
/home/lawrence/git/DISCO-EB/.venv/lib/python3.13/site-packages/equinox/_module/_prebuilt.py:33:15
/home/lawrence/git/DISCO-EB/.venv/lib/python3.13/site-packages/diffrax/_integrate.py:349:64
/home/lawrence/git/DISCO-EB/.venv/lib/python3.13/site-packages/equinox/_eval_shape.py:33:15
/home/lawrence/git/DISCO-EB/.venv/lib/python3.13/site-packages/equinox/_eval_shape.py:38:30
/home/lawrence/git/DISCO-EB/.venv/lib/python3.13/site-packages/diffrax/_integrate.py:619:36
/home/lawrence/git/DISCO-EB/.venv/lib/python3.13/site-packages/diffrax/_adjoint.py:393:22
/home/lawrence/git/DISCO-EB/.venv/lib/python3.13/site-packages/equinox/_module/_prebuilt.py:33:15
/home/lawrence/git/DISCO-EB/.venv/lib/python3.13/site-packages/diffrax/_integrate.py:1416:29
'>/home/lawrence/git/DISCO-EB/src/discoeb/ode_integrators_stiff.py:996</div>"
"248.0","7","loop fusion","loop_add_subtract_fusion.2","%loop_add_subtract_fusion.2 = (f64[1]{0}, s64[]) fusion(f64[510]{0} %get-tuple-element.16807, f64[510]{0} %get-tuple-element.16817, f64[510]{0} %get-tuple-element.16816, s64[] %copy.1356), kind=kLoop, calls=%fused_add_subtract.2, control-predecessors={%loop_dynamic_slice_fusion.2}","jit(compute_Cell_spectrum_from_cosmo_params)/jit(main)/jit(evolve_background)/while/body/sub:","509.0","502.961","0.9881355599214146","502.961","0.9881355599214146","0.006534587708144285","80.77931518394152","0.0","0.23276158588836907","0.23276158588836907","0.04524023362249831","0.04524023362249831","0.0","0.0","4.791666666666667","HBM","No","No","No","<div class='source-info-cell' title='/home/lawrence/git/DISCO-EB/src/discoeb/spline_interpolation.py:66:24
/home/lawrence/git/DISCO-EB/src/discoeb/spline_interpolation.py:71:21
/home/lawrence/git/DISCO-EB/src/discoeb/background.py:166:43
/home/lawrence/git/DISCO-EB/src/discoeb/background.py:233:12
/home/lawrence/git/DISCO-EB/src/discoeb/cmb.py:987:12
/home/lawrence/git/DISCO-EB/scripts/profile_CMB.py:38:0
'>/home/lawrence/git/DISCO-EB/src/discoeb/spline_interpolation.py:66</div>"
"249.0","7","loop fusion","loop_add_subtract_fusion.3","%loop_add_subtract_fusion.3 = (f64[1]{0}, s64[]) fusion(f64[510]{0} %get-tuple-element.16840, f64[510]{0} %get-tuple-element.16850, f64[510]{0} %get-tuple-element.16849, s64[] %copy.1371), kind=kLoop, calls=%fused_add_subtract.3, control-predecessors={%loop_dynamic_slice_fusion.3}","jit(compute_Cell_spectrum_from_cosmo_params)/jit(main)/jit(evolve_background)/while/body/sub:","509.0","500.969","0.9842220039292731","500.969","0.9842220039292731","0.00650870717523095","80.78582389111675","0.0","0.2336871143723464","0.2336871143723464","0.04542012208940148","0.04542012208940148","0.0","0.0","4.791666666666667","HBM","No","No","No","<div class='source-info-cell' title='/home/lawrence/git/DISCO-EB/src/discoeb/spline_interpolation.py:66:24
/home/lawrence/git/DISCO-EB/src/discoeb/spline_interpolation.py:71:21
/home/lawrence/git/DISCO-EB/src/discoeb/background.py:166:43
/home/lawrence/git/DISCO-EB/src/discoeb/background.py:233:12
/home/lawrence/git/DISCO-EB/src/discoeb/cmb.py:987:12
/home/lawrence/git/DISCO-EB/scripts/profile_CMB.py:38:0
'>/home/lawrence/git/DISCO-EB/src/discoeb/spline_interpolation.py:66</div>"
"250.0","7","loop fusion","loop_add_subtract_fusion","%loop_add_subtract_fusion = (f64[1]{0}, s64[]) fusion(f64[510]{0} %get-tuple-element.15686, f64[510]{0} %get-tuple-element.15696, f64[510]{0} %get-tuple-element.15695, s64[] %copy.744), kind=kLoop, calls=%fused_add_subtract, control-predecessors={%loop_dynamic_slice_fusion}","jit(compute_Cell_spectrum_from_cosmo_params)/jit(main)/jit(evolve_background)/while/body/sub:","509.0","500.897","0.9840805500982318","500.897","0.9840805500982318","0.0065077717342822755","80.79233166285104","0.0","0.2337207050551311","0.2337207050551311","0.04542665087434217","0.04542665087434217","0.0","0.0","4.791666666666667","HBM","No","No","No","<div class='source-info-cell' title='/home/lawrence/git/DISCO-EB/src/discoeb/spline_interpolation.py:66:24
/home/lawrence/git/DISCO-EB/src/discoeb/spline_interpolation.py:71:21
/home/lawrence/git/DISCO-EB/src/discoeb/background.py:166:43
/home/lawrence/git/DISCO-EB/src/discoeb/background.py:233:12
/home/lawrence/git/DISCO-EB/src/discoeb/cmb.py:987:12
/home/lawrence/git/DISCO-EB/scripts/profile_CMB.py:38:0
'>/home/lawrence/git/DISCO-EB/src/discoeb/spline_interpolation.py:66</div>"
"251.0","7","loop fusion","loop_subtract_fusion.3","%loop_subtract_fusion.3 = f64[1]{0} fusion(f64[510]{0} %get-tuple-element.16858, s64[] %get-tuple-element.16857, f64[510]{0} %get-tuple-element.16864, f64[510]{0} %get-tuple-element.16863), kind=kLoop, calls=%fused_subtract.3","jit(compute_Cell_spectrum_from_cosmo_params)/jit(main)/jit(evolve_background)/while/body/sub:","509.0","500.444","0.9831905697445973","500.444","0.9831905697445973","0.006501886251646864","80.79883354910268","0.0","0.23393226814588644","0.23393226814588644","0.03788980908787225","0.03788980908787225","0.0","0.0","5.75","HBM","No","No","No","<div class='source-info-cell' title='/home/lawrence/git/DISCO-EB/src/discoeb/spline_interpolation.py:79:42
/home/lawrence/git/DISCO-EB/src/discoeb/spline_interpolation.py:82:25
/home/lawrence/git/DISCO-EB/src/discoeb/background.py:166:43
/home/lawrence/git/DISCO-EB/src/discoeb/background.py:233:12
/home/lawrence/git/DISCO-EB/src/discoeb/cmb.py:987:12
/home/lawrence/git/DISCO-EB/scripts/profile_CMB.py:38:0
'>/home/lawrence/git/DISCO-EB/src/discoeb/spline_interpolation.py:79</div>"
"252.0","7","loop fusion","loop_subtract_fusion","%loop_subtract_fusion = f64[1]{0} fusion(f64[510]{0} %get-tuple-element.15704, s64[] %get-tuple-element.15703, f64[510]{0} %get-tuple-element.15710, f64[510]{0} %get-tuple-element.15709), kind=kLoop, calls=%fused_subtract","jit(compute_Cell_spectrum_from_cosmo_params)/jit(main)/jit(evolve_background)/while/body/sub:","509.0","499.016","0.980385068762279","499.016","0.980385068762279","0.006483333339498148","80.80531688244218","0.0","0.23460169613799958","0.23460169613799958","0.03799823576633042","0.03799823576633042","0.0","0.0","5.75","HBM","No","No","No","<div class='source-info-cell' title='/home/lawrence/git/DISCO-EB/src/discoeb/spline_interpolation.py:79:42
/home/lawrence/git/DISCO-EB/src/discoeb/spline_interpolation.py:82:25
/home/lawrence/git/DISCO-EB/src/discoeb/background.py:166:43
/home/lawrence/git/DISCO-EB/src/discoeb/background.py:233:12
/home/lawrence/git/DISCO-EB/src/discoeb/cmb.py:987:12
/home/lawrence/git/DISCO-EB/scripts/profile_CMB.py:38:0
'>/home/lawrence/git/DISCO-EB/src/discoeb/spline_interpolation.py:79</div>"
"253.0","7","loop fusion","loop_subtract_fusion.2","%loop_subtract_fusion.2 = f64[1]{0} fusion(f64[510]{0} %get-tuple-element.16825, s64[] %get-tuple-element.16824, f64[510]{0} %get-tuple-element.16831, f64[510]{0} %get-tuple-element.16830), kind=kLoop, calls=%fused_subtract.2","jit(compute_Cell_spectrum_from_cosmo_params)/jit(main)/jit(evolve_background)/while/body/sub:","509.0","498.731","0.9798251473477406","498.731","0.9798251473477406","0.006479630552409644","80.81179651299459","0.0","0.2347357593572487","0.2347357593572487","0.03801994987111518","0.03801994987111518","0.0","0.0","5.75","HBM","No","No","No","<div class='source-info-cell' title='/home/lawrence/git/DISCO-EB/src/discoeb/spline_interpolation.py:79:42
/home/lawrence/git/DISCO-EB/src/discoeb/spline_interpolation.py:82:25
/home/lawrence/git/DISCO-EB/src/discoeb/background.py:166:43
/home/lawrence/git/DISCO-EB/src/discoeb/background.py:233:12
/home/lawrence/git/DISCO-EB/src/discoeb/cmb.py:987:12
/home/lawrence/git/DISCO-EB/scripts/profile_CMB.py:38:0
'>/home/lawrence/git/DISCO-EB/src/discoeb/spline_interpolation.py:79</div>"
"254.0","7","loop fusion","loop_select_fusion.6","%loop_select_fusion.6 = f64[] fusion(f64[] %get-tuple-element.15635, f64[512]{0} %get-tuple-element.15641, s64[] %get-tuple-element.15634), kind=kLoop, calls=%fused_select.6","jit(compute_Cell_spectrum_from_cosmo_params)/jit(main)/jit(evolve_background)/while/body/jit(_where)/select_n:","512.0","494.627","0.966068359375","494.627","0.966068359375","0.006426310418335185","80.81822282341294","0.0","0.10661771395415132","0.10661771395415132","0.03084908236408445","0.03084908236408445","0.0","0.0","3.21875","HBM","No","No","No","<div class='source-info-cell' title='/home/lawrence/git/DISCO-EB/src/discoeb/spline_interpolation.py:34:17
/home/lawrence/git/DISCO-EB/src/discoeb/spline_interpolation.py:39:40
/home/lawrence/git/DISCO-EB/src/discoeb/spline_interpolation.py:39:15
/home/lawrence/git/DISCO-EB/src/discoeb/background.py:166:43
/home/lawrence/git/DISCO-EB/src/discoeb/background.py:233:12
/home/lawrence/git/DISCO-EB/src/discoeb/cmb.py:987:12
/home/lawrence/git/DISCO-EB/scripts/profile_CMB.py:38:0
'>/home/lawrence/git/DISCO-EB/src/discoeb/spline_interpolation.py:34</div>"
"255.0","7","call","call.632","%call.632 = (s64[], pred[8]{0}, s32[8]{0}, f64[8]{0}, f64[8]{0}, /*index=5*/f64[8]{0}, s64[8]{0}, s64[8]{0}, s64[8]{0}, s64[8]{0}, /*index=10*/s64[8]{0}, f64[8,320]{1,0}, f64[8,16,72]{1,0,2}, f64[8,320,16,72]{3,2,1,0}) call(s64[] %get-tuple-element.15602, pred[8]{0} %get-tuple-element.15603, s32[8]{0} %get-tuple-element.15608, f64[8]{0} %get-tuple-element.15605, f64[8]{0} %get-tuple-element.15606, /*index=5*/f64[8]{0} %get-tuple-element.15607, s64[8]{0} %get-tuple-element.15609, s64[8]{0} %get-tuple-element.15610, s64[8]{0} %get-tuple-element.15611, s64[8]{0} %get-tuple-element.15612, /*index=10*/s64[8]{0} %get-tuple-element.15615, f64[8,320]{1,0} %get-tuple-element.15613, f64[8,16,72]{1,0,2} %get-tuple-element.15604, f64[8,320,16,72]{3,2,1,0} %get-tuple-element.15614), to_apply=%command_buffer.128","","182.0","492.037","2.7035","492.037","2.7035","0.006392660528653692","80.82461548394159","0.0","0.0","0.0","16320.301817507183","8160.131617440783","0.0","0.0","0.0","HBM","No","No","No",""
"256.0","7","loop fusion","loop_select_fusion.11","%loop_select_fusion.11 = f64[] fusion(f64[] %get-tuple-element.15647, f64[512]{0} %get-tuple-element.15653, s64[] %get-tuple-element.15646), kind=kLoop, calls=%fused_select.11","jit(compute_Cell_spectrum_from_cosmo_params)/jit(main)/jit(evolve_background)/while/body/jit(_where)/select_n:","512.0","481.481","0.940392578125","481.481","0.940392578125","0.006255514491789659","80.83087099843338","0.0","0.006380314072621765","0.006380314072621765","0.03169136282117051","0.03169136282117051","0.0","0.0","0.1875","HBM","No","No","No","<div class='source-info-cell' title='/home/lawrence/git/DISCO-EB/src/discoeb/spline_interpolation.py:34:17
/home/lawrence/git/DISCO-EB/src/discoeb/spline_interpolation.py:39:40
/home/lawrence/git/DISCO-EB/src/discoeb/spline_interpolation.py:39:15
/home/lawrence/git/DISCO-EB/src/discoeb/background.py:166:43
/home/lawrence/git/DISCO-EB/src/discoeb/background.py:233:12
/home/lawrence/git/DISCO-EB/src/discoeb/cmb.py:987:12
/home/lawrence/git/DISCO-EB/scripts/profile_CMB.py:38:0
'>/home/lawrence/git/DISCO-EB/src/discoeb/spline_interpolation.py:34</div>"
"257.0","7","loop fusion","loop_select_fusion","%loop_select_fusion = f64[] fusion(f64[] %get-tuple-element.15659, f64[512]{0} %get-tuple-element.15665, s64[] %get-tuple-element.15658), kind=kLoop, calls=%fused_select","jit(compute_Cell_spectrum_from_cosmo_params)/jit(main)/jit(evolve_background)/while/body/jit(_where)/select_n:","512.0","480.504","0.938484375","480.504","0.938484375","0.006242821077805558","80.83711381951119","0.0","0.006393287048598971","0.006393287048598971","0.031755800289903935","0.031755800289903935","0.0","0.0","0.1875","HBM","No","No","No","<div class='source-info-cell' title='/home/lawrence/git/DISCO-EB/src/discoeb/spline_interpolation.py:34:17
/home/lawrence/git/DISCO-EB/src/discoeb/spline_interpolation.py:39:40
/home/lawrence/git/DISCO-EB/src/discoeb/spline_interpolation.py:39:15
/home/lawrence/git/DISCO-EB/src/discoeb/background.py:166:43
/home/lawrence/git/DISCO-EB/src/discoeb/background.py:233:12
/home/lawrence/git/DISCO-EB/src/discoeb/cmb.py:987:12
/home/lawrence/git/DISCO-EB/scripts/profile_CMB.py:38:0
'>/home/lawrence/git/DISCO-EB/src/discoeb/spline_interpolation.py:34</div>"
"258.0","7","loop fusion","loop_select_fusion.10","%loop_select_fusion.10 = f64[] fusion(f64[] %get-tuple-element.15671, f64[512]{0} %get-tuple-element.15677, s64[] %get-tuple-element.15670), kind=kLoop, calls=%fused_select.10","jit(compute_Cell_spectrum_from_cosmo_params)/jit(main)/jit(evolve_background)/while/body/jit(_where)/select_n:","512.0","480.309","0.938103515625","480.309","0.938103515625","0.006240287591902898","80.8433541071031","0.0","0.006395882650543712","0.006395882650543712","0.03176869278422849","0.03176869278422849","0.0","0.0","0.1875","HBM","No","No","No","<div class='source-info-cell' title='/home/lawrence/git/DISCO-EB/src/discoeb/spline_interpolation.py:34:17
/home/lawrence/git/DISCO-EB/src/discoeb/spline_interpolation.py:39:40
/home/lawrence/git/DISCO-EB/src/discoeb/spline_interpolation.py:39:15
/home/lawrence/git/DISCO-EB/src/discoeb/background.py:166:43
/home/lawrence/git/DISCO-EB/src/discoeb/background.py:233:12
/home/lawrence/git/DISCO-EB/src/discoeb/cmb.py:987:12
/home/lawrence/git/DISCO-EB/scripts/profile_CMB.py:38:0
'>/home/lawrence/git/DISCO-EB/src/discoeb/spline_interpolation.py:34</div>"
"259.0","7","loop fusion","loop_dynamic_update_slice_fusion.206","%loop_dynamic_update_slice_fusion.206 = f64[72,8,16]{2,1,0} fusion(f64[72,8,16]{2,1,0} %get-tuple-element.18136, f64[8,16]{1,0} %get-tuple-element.18106), kind=kLoop, calls=%fused_dynamic_update_slice.206","jit(compute_Cell_spectrum_from_cosmo_params)/jit(main)/jit(evolve_perturbations_batched)/vmap(jit(diffeqsolve))/outer-loop/while/body/checkpoint/cond/branch_1_fun/while/body/checkpoint/cond/branch_1_fun/while/body/cond/branch_1_fun/scatter:","587.0","479.466","0.8168074957410563","479.466","0.8168074957410563","0.006229335137462164","80.84958344224056","0.0","0.0","0.0","2.335126260174731","2.335126260174731","0.0","0.0","0.0","HBM","No","No","No","<div class='source-info-cell' title='/home/lawrence/git/DISCO-EB/src/discoeb/perturbations.py:255:8
/home/lawrence/git/DISCO-EB/src/discoeb/perturbations.py:826:15
/home/lawrence/git/DISCO-EB/src/discoeb/perturbations.py:856:19
/home/lawrence/git/DISCO-EB/.venv/lib/python3.13/site-packages/diffrax/_term.py:194:14
/home/lawrence/git/DISCO-EB/.venv/lib/python3.13/site-packages/equinox/_module/_prebuilt.py:33:15
/home/lawrence/git/DISCO-EB/.venv/lib/python3.13/site-packages/diffrax/_term.py:743:15
/home/lawrence/git/DISCO-EB/.venv/lib/python3.13/site-packages/equinox/_module/_prebuilt.py:33:15
/home/lawrence/git/DISCO-EB/src/discoeb/ode_integrators_stiff.py:1006:14
/home/lawrence/git/DISCO-EB/.venv/lib/python3.13/site-packages/equinox/_module/_prebuilt.py:33:15
/home/lawrence/git/DISCO-EB/.venv/lib/python3.13/site-packages/diffrax/_integrate.py:349:64
'>/home/lawrence/git/DISCO-EB/src/discoeb/perturbations.py:255</div>"
"260.0","7","loop fusion","loop_dynamic_update_slice_fusion.59","%loop_dynamic_update_slice_fusion.59 = f64[8192,318]{1,0} fusion(f64[8192,318]{1,0} %get-tuple-element.16792, f64[8192,1]{1,0} %loop_dynamic_slice_fusion.7, f64[8192,318]{1,0} %get-tuple-element.16797, pred[] %input_reduce_fusion.7, s64[] %get-tuple-element.16791, /*index=5*/f64[318]{0} %get-tuple-element.16798), kind=kLoop, calls=%fused_dynamic_update_slice.59, control-predecessors={%loop_dynamic_slice_fusion.7}","jit(compute_Cell_spectrum_from_cosmo_params)/jit(main)/jit(compute_theta_ell)/vmap(while)/body/scatter:","317.0","479.057","1.5112208201892745","479.057","1.5112208201892745","0.006224021313184275","80.85580746355375","0.0","1067.9299665801773","1067.9299665801773","161.56239658820266","161.56239658820266","0.0","0.0","6.156056774272298","HBM","No","No","No","<div class='source-info-cell' title='/home/lawrence/git/DISCO-EB/src/discoeb/spline_interpolation.py:79:24
/home/lawrence/git/DISCO-EB/src/discoeb/spline_interpolation.py:82:25
/home/lawrence/git/DISCO-EB/src/discoeb/cmb.py:766:17
/home/lawrence/git/DISCO-EB/src/discoeb/cmb.py:770:15
/home/lawrence/git/DISCO-EB/src/discoeb/cmb.py:1063:24
/home/lawrence/git/DISCO-EB/scripts/profile_CMB.py:38:0
'>/home/lawrence/git/DISCO-EB/src/discoeb/spline_interpolation.py:79</div>"
"261.0","7","data formatting","copy.592","%copy.592 = f64[8]{0} copy(f64[8]{0} %get-tuple-element.15151)","","592.0","472.498","0.7981385135135135","472.498","0.7981385135135135","0.006138805241207087","80.86194626879495","0.0","0.0","0.0","0.1493591494864793","0.1493591494864793","0.0","0.0","0.0","HBM","No","No","No",""
"262.0","7","loop fusion","loop_dynamic_update_slice_fusion.37","%loop_dynamic_update_slice_fusion.37 = f64[510]{0} fusion(f64[510]{0} %get-tuple-element.16858, f64[1]{0} %loop_subtract_fusion.3, s64[] %get-tuple-element.16857), kind=kLoop, calls=%fused_dynamic_update_slice.37, control-predecessors={%loop_subtract_fusion.3}","jit(compute_Cell_spectrum_from_cosmo_params)/jit(main)/jit(evolve_background)/while/body/scatter:","509.0","471.242","0.925819253438114","471.242","0.925819253438114","0.006122486993546873","80.86806875578849","0.0","0.061567092916166216","0.061567092916166216","0.03219021669404873","0.03219021669404873","0.0","0.0","1.78125","HBM","No","No","No","<div class='source-info-cell' title='/home/lawrence/git/DISCO-EB/src/discoeb/spline_interpolation.py:79:24
/home/lawrence/git/DISCO-EB/src/discoeb/spline_interpolation.py:82:25
/home/lawrence/git/DISCO-EB/src/discoeb/background.py:166:43
/home/lawrence/git/DISCO-EB/src/discoeb/background.py:233:12
/home/lawrence/git/DISCO-EB/src/discoeb/cmb.py:987:12
/home/lawrence/git/DISCO-EB/scripts/profile_CMB.py:38:0
'>/home/lawrence/git/DISCO-EB/src/discoeb/spline_interpolation.py:79</div>"
"263.0","7","loop fusion","loop_dynamic_update_slice_fusion.11","%loop_dynamic_update_slice_fusion.11 = f64[510]{0} fusion(f64[510]{0} %get-tuple-element.15704, f64[1]{0} %loop_subtract_fusion, s64[] %get-tuple-element.15703), kind=kLoop, calls=%fused_dynamic_update_slice.11, control-predecessors={%loop_subtract_fusion}","jit(compute_Cell_spectrum_from_cosmo_params)/jit(main)/jit(evolve_background)/while/body/scatter:","509.0","469.557","0.9225088408644401","469.557","0.9225088408644401","0.0061005950769008055","80.87416935086539","0.0","0.06178802573489481","0.06178802573489481","0.03230573092369385","0.03230573092369385","0.0","0.0","1.78125","HBM","No","No","No","<div class='source-info-cell' title='/home/lawrence/git/DISCO-EB/src/discoeb/spline_interpolation.py:79:24
/home/lawrence/git/DISCO-EB/src/discoeb/spline_interpolation.py:82:25
/home/lawrence/git/DISCO-EB/src/discoeb/background.py:166:43
/home/lawrence/git/DISCO-EB/src/discoeb/background.py:233:12
/home/lawrence/git/DISCO-EB/src/discoeb/cmb.py:987:12
/home/lawrence/git/DISCO-EB/scripts/profile_CMB.py:38:0
'>/home/lawrence/git/DISCO-EB/src/discoeb/spline_interpolation.py:79</div>"
"264.0","7","loop fusion","loop_dynamic_update_slice_fusion.36","%loop_dynamic_update_slice_fusion.36 = f64[510]{0} fusion(f64[510]{0} %get-tuple-element.16825, f64[1]{0} %loop_subtract_fusion.2, s64[] %get-tuple-element.16824), kind=kLoop, calls=%fused_dynamic_update_slice.36, control-predecessors={%loop_subtract_fusion.2}","jit(compute_Cell_spectrum_from_cosmo_params)/jit(main)/jit(evolve_background)/while/body/scatter:","509.0","468.472","0.92037721021611","468.472","0.92037721021611","0.006086498501493693","80.88025584936688","0.0","0.06193112928840998","0.06193112928840998","0.032380552296267254","0.032380552296267254","0.0","0.0","1.78125","HBM","No","No","No","<div class='source-info-cell' title='/home/lawrence/git/DISCO-EB/src/discoeb/spline_interpolation.py:79:24
/home/lawrence/git/DISCO-EB/src/discoeb/spline_interpolation.py:82:25
/home/lawrence/git/DISCO-EB/src/discoeb/background.py:166:43
/home/lawrence/git/DISCO-EB/src/discoeb/background.py:233:12
/home/lawrence/git/DISCO-EB/src/discoeb/cmb.py:987:12
/home/lawrence/git/DISCO-EB/scripts/profile_CMB.py:38:0
'>/home/lawrence/git/DISCO-EB/src/discoeb/spline_interpolation.py:79</div>"
"265.0","7","loop fusion","loop_dynamic_update_slice_fusion.192","%loop_dynamic_update_slice_fusion.192 = f64[72,8,16]{2,1,0} fusion(f64[72,8,16]{2,1,0} %get-tuple-element.18158, f64[8,16]{1,0} %get-tuple-element.18157), kind=kLoop, calls=%fused_dynamic_update_slice.192","jit(compute_Cell_spectrum_from_cosmo_params)/jit(main)/jit(evolve_perturbations_batched)/vmap(jit(diffeqsolve))/outer-loop/while/body/checkpoint/cond/branch_1_fun/while/body/checkpoint/cond/branch_1_fun/while/body/cond/branch_1_fun/scatter:","587.0","467.691","0.796747870528109","467.691","0.796747870528109","0.006076351565647652","80.88633220093251","0.0","0.0","0.0","2.393917452892909","2.393917452892909","0.0","0.0","0.0","HBM","No","No","No","<div class='source-info-cell' title='/home/lawrence/git/DISCO-EB/src/discoeb/perturbations.py:255:8
/home/lawrence/git/DISCO-EB/src/discoeb/perturbations.py:826:15
/home/lawrence/git/DISCO-EB/src/discoeb/perturbations.py:856:19
/home/lawrence/git/DISCO-EB/.venv/lib/python3.13/site-packages/diffrax/_term.py:194:14
/home/lawrence/git/DISCO-EB/.venv/lib/python3.13/site-packages/equinox/_module/_prebuilt.py:33:15
/home/lawrence/git/DISCO-EB/.venv/lib/python3.13/site-packages/diffrax/_term.py:743:15
/home/lawrence/git/DISCO-EB/.venv/lib/python3.13/site-packages/equinox/_module/_prebuilt.py:33:15
/home/lawrence/git/DISCO-EB/src/discoeb/ode_integrators_stiff.py:1011:13
/home/lawrence/git/DISCO-EB/.venv/lib/python3.13/site-packages/equinox/_module/_prebuilt.py:33:15
/home/lawrence/git/DISCO-EB/.venv/lib/python3.13/site-packages/diffrax/_integrate.py:349:64
'>/home/lawrence/git/DISCO-EB/src/discoeb/perturbations.py:255</div>"
"266.0","7","loop fusion","loop_dynamic_update_slice_fusion.178","%loop_dynamic_update_slice_fusion.178 = f64[72,8,16]{2,1,0} fusion(f64[72,8,16]{2,1,0} %get-tuple-element.18177, f64[8,16]{1,0} %get-tuple-element.18176), kind=kLoop, calls=%fused_dynamic_update_slice.178","jit(compute_Cell_spectrum_from_cosmo_params)/jit(main)/jit(evolve_perturbations_batched)/vmap(jit(diffeqsolve))/outer-loop/while/body/checkpoint/cond/branch_1_fun/while/body/checkpoint/cond/branch_1_fun/while/body/cond/branch_1_fun/scatter:","587.0","467.314","0.7961056218057923","467.314","0.7961056218057923","0.006071453492902508","80.89240365442542","0.0","0.0","0.0","2.395848717267057","2.395848717267057","0.0","0.0","0.0","HBM","No","No","No","<div class='source-info-cell' title='/home/lawrence/git/DISCO-EB/src/discoeb/perturbations.py:255:8
/home/lawrence/git/DISCO-EB/src/discoeb/perturbations.py:826:15
/home/lawrence/git/DISCO-EB/src/discoeb/perturbations.py:856:19
/home/lawrence/git/DISCO-EB/.venv/lib/python3.13/site-packages/diffrax/_term.py:194:14
/home/lawrence/git/DISCO-EB/.venv/lib/python3.13/site-packages/equinox/_module/_prebuilt.py:33:15
/home/lawrence/git/DISCO-EB/.venv/lib/python3.13/site-packages/diffrax/_term.py:743:15
/home/lawrence/git/DISCO-EB/.venv/lib/python3.13/site-packages/equinox/_module/_prebuilt.py:33:15
/home/lawrence/git/DISCO-EB/src/discoeb/ode_integrators_stiff.py:1016:13
/home/lawrence/git/DISCO-EB/.venv/lib/python3.13/site-packages/equinox/_module/_prebuilt.py:33:15
/home/lawrence/git/DISCO-EB/.venv/lib/python3.13/site-packages/diffrax/_integrate.py:349:64
'>/home/lawrence/git/DISCO-EB/src/discoeb/perturbations.py:255</div>"
"267.0","7","loop fusion","loop_dynamic_update_slice_fusion.122","%loop_dynamic_update_slice_fusion.122 = f64[72,8,16]{2,1,0} fusion(f64[72,8,16]{2,1,0} %get-tuple-element.18253, f64[8,16]{1,0} %get-tuple-element.18252), kind=kLoop, calls=%fused_dynamic_update_slice.122","jit(compute_Cell_spectrum_from_cosmo_params)/jit(main)/jit(evolve_perturbations_batched)/vmap(jit(diffeqsolve))/outer-loop/while/body/checkpoint/cond/branch_1_fun/while/body/checkpoint/cond/branch_1_fun/while/body/cond/branch_1_fun/scatter:","587.0","466.676","0.7950187393526406","466.676","0.7950187393526406","0.006063164446718418","80.89846681887215","0.0","0.0","0.0","2.3991241192196244","2.3991241192196244","0.0","0.0","0.0","HBM","No","No","No","<div class='source-info-cell' title='/home/lawrence/git/DISCO-EB/src/discoeb/perturbations.py:255:8
/home/lawrence/git/DISCO-EB/src/discoeb/perturbations.py:826:15
/home/lawrence/git/DISCO-EB/src/discoeb/perturbations.py:856:19
/home/lawrence/git/DISCO-EB/.venv/lib/python3.13/site-packages/diffrax/_term.py:194:14
/home/lawrence/git/DISCO-EB/.venv/lib/python3.13/site-packages/equinox/_module/_prebuilt.py:33:15
/home/lawrence/git/DISCO-EB/.venv/lib/python3.13/site-packages/diffrax/_term.py:743:15
/home/lawrence/git/DISCO-EB/.venv/lib/python3.13/site-packages/equinox/_module/_prebuilt.py:33:15
/home/lawrence/git/DISCO-EB/src/discoeb/ode_integrators_stiff.py:1036:13
/home/lawrence/git/DISCO-EB/.venv/lib/python3.13/site-packages/equinox/_module/_prebuilt.py:33:15
/home/lawrence/git/DISCO-EB/.venv/lib/python3.13/site-packages/diffrax/_integrate.py:349:64
'>/home/lawrence/git/DISCO-EB/src/discoeb/perturbations.py:255</div>"
"268.0","7","loop fusion","loop_dynamic_update_slice_fusion.150","%loop_dynamic_update_slice_fusion.150 = f64[72,8,16]{2,1,0} fusion(f64[72,8,16]{2,1,0} %get-tuple-element.18215, f64[8,16]{1,0} %get-tuple-element.18214), kind=kLoop, calls=%fused_dynamic_update_slice.150","jit(compute_Cell_spectrum_from_cosmo_params)/jit(main)/jit(evolve_perturbations_batched)/vmap(jit(diffeqsolve))/outer-loop/while/body/checkpoint/cond/branch_1_fun/while/body/checkpoint/cond/branch_1_fun/while/body/cond/branch_1_fun/scatter:","587.0","466.411","0.7945672913117547","466.411","0.7945672913117547","0.006059721504337879","80.90452654037648","0.0","0.0","0.0","2.4004872257749867","2.4004872257749867","0.0","0.0","0.0","HBM","No","No","No","<div class='source-info-cell' title='/home/lawrence/git/DISCO-EB/src/discoeb/perturbations.py:255:8
/home/lawrence/git/DISCO-EB/src/discoeb/perturbations.py:826:15
/home/lawrence/git/DISCO-EB/src/discoeb/perturbations.py:856:19
/home/lawrence/git/DISCO-EB/.venv/lib/python3.13/site-packages/diffrax/_term.py:194:14
/home/lawrence/git/DISCO-EB/.venv/lib/python3.13/site-packages/equinox/_module/_prebuilt.py:33:15
/home/lawrence/git/DISCO-EB/.venv/lib/python3.13/site-packages/diffrax/_term.py:743:15
/home/lawrence/git/DISCO-EB/.venv/lib/python3.13/site-packages/equinox/_module/_prebuilt.py:33:15
/home/lawrence/git/DISCO-EB/src/discoeb/ode_integrators_stiff.py:1026:13
/home/lawrence/git/DISCO-EB/.venv/lib/python3.13/site-packages/equinox/_module/_prebuilt.py:33:15
/home/lawrence/git/DISCO-EB/.venv/lib/python3.13/site-packages/diffrax/_integrate.py:349:64
'>/home/lawrence/git/DISCO-EB/src/discoeb/perturbations.py:255</div>"
"269.0","7","loop fusion","loop_dynamic_update_slice_fusion.108","%loop_dynamic_update_slice_fusion.108 = f64[72,8,16]{2,1,0} fusion(f64[72,8,16]{2,1,0} %get-tuple-element.18272, f64[8,16]{1,0} %get-tuple-element.18271), kind=kLoop, calls=%fused_dynamic_update_slice.108","jit(compute_Cell_spectrum_from_cosmo_params)/jit(main)/jit(evolve_perturbations_batched)/vmap(jit(diffeqsolve))/outer-loop/while/body/checkpoint/cond/branch_1_fun/while/body/checkpoint/cond/branch_1_fun/while/body/cond/branch_1_fun/scatter:","587.0","466.373","0.7945025553662691","466.373","0.7945025553662691","0.006059227799392745","80.91058576817588","0.0","0.0","0.0","2.400682817103343","2.400682817103343","0.0","0.0","0.0","HBM","No","No","No","<div class='source-info-cell' title='/home/lawrence/git/DISCO-EB/src/discoeb/perturbations.py:255:8
/home/lawrence/git/DISCO-EB/src/discoeb/perturbations.py:826:15
/home/lawrence/git/DISCO-EB/src/discoeb/perturbations.py:856:19
/home/lawrence/git/DISCO-EB/.venv/lib/python3.13/site-packages/diffrax/_term.py:194:14
/home/lawrence/git/DISCO-EB/.venv/lib/python3.13/site-packages/equinox/_module/_prebuilt.py:33:15
/home/lawrence/git/DISCO-EB/.venv/lib/python3.13/site-packages/diffrax/_term.py:743:15
/home/lawrence/git/DISCO-EB/.venv/lib/python3.13/site-packages/equinox/_module/_prebuilt.py:33:15
/home/lawrence/git/DISCO-EB/src/discoeb/ode_integrators_stiff.py:1043:13
/home/lawrence/git/DISCO-EB/.venv/lib/python3.13/site-packages/equinox/_module/_prebuilt.py:33:15
/home/lawrence/git/DISCO-EB/.venv/lib/python3.13/site-packages/diffrax/_integrate.py:349:64
'>/home/lawrence/git/DISCO-EB/src/discoeb/perturbations.py:255</div>"
"270.0","7","loop fusion","loop_dynamic_update_slice_fusion.136","%loop_dynamic_update_slice_fusion.136 = f64[72,8,16]{2,1,0} fusion(f64[72,8,16]{2,1,0} %get-tuple-element.18234, f64[8,16]{1,0} %get-tuple-element.18233), kind=kLoop, calls=%fused_dynamic_update_slice.136","jit(compute_Cell_spectrum_from_cosmo_params)/jit(main)/jit(evolve_perturbations_batched)/vmap(jit(diffeqsolve))/outer-loop/while/body/checkpoint/cond/branch_1_fun/while/body/checkpoint/cond/branch_1_fun/while/body/cond/branch_1_fun/scatter:","587.0","465.668","0.7933015332197615","465.668","0.7933015332197615","0.0060500682734369714","80.91663583644932","0.0","0.0","0.0","2.4043173408113447","2.4043173408113447","0.0","0.0","0.0","HBM","No","No","No","<div class='source-info-cell' title='/home/lawrence/git/DISCO-EB/src/discoeb/perturbations.py:255:8
/home/lawrence/git/DISCO-EB/src/discoeb/perturbations.py:826:15
/home/lawrence/git/DISCO-EB/src/discoeb/perturbations.py:856:19
/home/lawrence/git/DISCO-EB/.venv/lib/python3.13/site-packages/diffrax/_term.py:194:14
/home/lawrence/git/DISCO-EB/.venv/lib/python3.13/site-packages/equinox/_module/_prebuilt.py:33:15
/home/lawrence/git/DISCO-EB/.venv/lib/python3.13/site-packages/diffrax/_term.py:743:15
/home/lawrence/git/DISCO-EB/.venv/lib/python3.13/site-packages/equinox/_module/_prebuilt.py:33:15
/home/lawrence/git/DISCO-EB/src/discoeb/ode_integrators_stiff.py:1031:13
/home/lawrence/git/DISCO-EB/.venv/lib/python3.13/site-packages/equinox/_module/_prebuilt.py:33:15
/home/lawrence/git/DISCO-EB/.venv/lib/python3.13/site-packages/diffrax/_integrate.py:349:64
'>/home/lawrence/git/DISCO-EB/src/discoeb/perturbations.py:255</div>"
"271.0","7","loop fusion","loop_dynamic_update_slice_fusion.164","%loop_dynamic_update_slice_fusion.164 = f64[72,8,16]{2,1,0} fusion(f64[72,8,16]{2,1,0} %get-tuple-element.18196, f64[8,16]{1,0} %get-tuple-element.18195), kind=kLoop, calls=%fused_dynamic_update_slice.164","jit(compute_Cell_spectrum_from_cosmo_params)/jit(main)/jit(evolve_perturbations_batched)/vmap(jit(diffeqsolve))/outer-loop/while/body/checkpoint/cond/branch_1_fun/while/body/checkpoint/cond/branch_1_fun/while/body/cond/branch_1_fun/scatter:","587.0","465.309","0.7926899488926746","465.309","0.7926899488926746","0.006045404060928997","80.92268124051024","0.0","0.0","0.0","2.4061723445300593","2.4061723445300593","0.0","0.0","0.0","HBM","No","No","No","<div class='source-info-cell' title='/home/lawrence/git/DISCO-EB/src/discoeb/perturbations.py:255:8
/home/lawrence/git/DISCO-EB/src/discoeb/perturbations.py:826:15
/home/lawrence/git/DISCO-EB/src/discoeb/perturbations.py:856:19
/home/lawrence/git/DISCO-EB/.venv/lib/python3.13/site-packages/diffrax/_term.py:194:14
/home/lawrence/git/DISCO-EB/.venv/lib/python3.13/site-packages/equinox/_module/_prebuilt.py:33:15
/home/lawrence/git/DISCO-EB/.venv/lib/python3.13/site-packages/diffrax/_term.py:743:15
/home/lawrence/git/DISCO-EB/.venv/lib/python3.13/site-packages/equinox/_module/_prebuilt.py:33:15
/home/lawrence/git/DISCO-EB/src/discoeb/ode_integrators_stiff.py:1021:13
/home/lawrence/git/DISCO-EB/.venv/lib/python3.13/site-packages/equinox/_module/_prebuilt.py:33:15
/home/lawrence/git/DISCO-EB/.venv/lib/python3.13/site-packages/diffrax/_integrate.py:349:64
'>/home/lawrence/git/DISCO-EB/src/discoeb/perturbations.py:255</div>"
"272.0","7","call","call.633","%call.633 = (s64[], pred[8]{0}, s32[8]{0}, f64[8]{0}, f64[8]{0}, /*index=5*/f64[8]{0}, s64[8]{0}, s64[8]{0}, s64[8]{0}, s64[8]{0}, /*index=10*/s64[8]{0}, f64[8,320]{1,0}, f64[8,16,72]{1,0,2}, f64[8,320,16,72]{3,2,1,0}) call(s64[] %get-tuple-element.15253, pred[8]{0} %get-tuple-element.15254, s32[8]{0} %get-tuple-element.15259, f64[8]{0} %get-tuple-element.15256, f64[8]{0} %get-tuple-element.15257, /*index=5*/f64[8]{0} %get-tuple-element.15258, s64[8]{0} %get-tuple-element.15260, s64[8]{0} %get-tuple-element.15261, s64[8]{0} %get-tuple-element.15262, s64[8]{0} %get-tuple-element.15263, /*index=10*/s64[8]{0} %get-tuple-element.15266, f64[8,320]{1,0} %get-tuple-element.15264, f64[8,16,72]{1,0,2} %get-tuple-element.15255, f64[8,320,16,72]{3,2,1,0} %get-tuple-element.15265), to_apply=%command_buffer.130","","154.0","428.375","2.781655844155844","428.375","2.781655844155844","0.005565548838729659","80.92824678934896","0.0","0.0","0.0","15861.752292732126","7930.857397078911","0.0","0.0","0.0","HBM","No","No","No",""
"273.0","7","loop fusion","loop_add_fusion.6","%loop_add_fusion.6 = s64[] fusion(s64[] %get-tuple-element.15634), kind=kLoop, calls=%fused_add.6, control-predecessors={%loop_select_fusion.6, %loop_dynamic_update_slice_fusion.6}","jit(compute_Cell_spectrum_from_cosmo_params)/jit(main)/jit(evolve_background)/while/body/add:","512.0","418.615","0.817607421875","418.615","0.817607421875","0.005438744621242641","80.9336855339702","0.0","0.0036692426215018574","0.0036692426215018574","0.01822532525411177","0.01822532525411177","0.0","0.0","0.1875","HBM","No","No","No","<div class='source-info-cell' title='/home/lawrence/git/DISCO-EB/src/discoeb/spline_interpolation.py:40:15
/home/lawrence/git/DISCO-EB/src/discoeb/background.py:166:43
/home/lawrence/git/DISCO-EB/src/discoeb/background.py:233:12
/home/lawrence/git/DISCO-EB/src/discoeb/cmb.py:987:12
/home/lawrence/git/DISCO-EB/scripts/profile_CMB.py:38:0
'>/home/lawrence/git/DISCO-EB/src/discoeb/spline_interpolation.py:40</div>"
"274.0","7","loop fusion","loop_add_fusion.11","%loop_add_fusion.11 = s64[] fusion(s64[] %get-tuple-element.15670), kind=kLoop, calls=%fused_add.11, control-predecessors={%loop_select_fusion.10, %loop_dynamic_update_slice_fusion.17}","jit(compute_Cell_spectrum_from_cosmo_params)/jit(main)/jit(evolve_background)/while/body/add:","512.0","418.553","0.817486328125","418.553","0.817486328125","0.0054379391026479484","80.93912347307285","0.0","0.0036697861441681223","0.0036697861441681223","0.01822802496039928","0.01822802496039928","0.0","0.0","0.1875","HBM","No","No","No","<div class='source-info-cell' title='/home/lawrence/git/DISCO-EB/src/discoeb/spline_interpolation.py:39:15
/home/lawrence/git/DISCO-EB/src/discoeb/background.py:166:43
/home/lawrence/git/DISCO-EB/src/discoeb/background.py:233:12
/home/lawrence/git/DISCO-EB/src/discoeb/cmb.py:987:12
/home/lawrence/git/DISCO-EB/scripts/profile_CMB.py:38:0
'>/home/lawrence/git/DISCO-EB/src/discoeb/spline_interpolation.py:39</div>"
"275.0","7","loop fusion","loop_add_fusion.12","%loop_add_fusion.12 = s64[] fusion(s64[] %get-tuple-element.15646), kind=kLoop, calls=%fused_add.12, control-predecessors={%loop_select_fusion.11, %loop_dynamic_update_slice_fusion.18}","jit(compute_Cell_spectrum_from_cosmo_params)/jit(main)/jit(evolve_background)/while/body/add:","512.0","418.428","0.8172421875","418.428","0.8172421875","0.005436315073223166","80.94455978814608","0.0","0.0036708824457254295","0.0036708824457254295","0.018233470349140114","0.018233470349140114","0.0","0.0","0.1875","HBM","No","No","No","<div class='source-info-cell' title='/home/lawrence/git/DISCO-EB/src/discoeb/spline_interpolation.py:39:15
/home/lawrence/git/DISCO-EB/src/discoeb/background.py:166:43
/home/lawrence/git/DISCO-EB/src/discoeb/background.py:233:12
/home/lawrence/git/DISCO-EB/src/discoeb/cmb.py:987:12
/home/lawrence/git/DISCO-EB/scripts/profile_CMB.py:38:0
'>/home/lawrence/git/DISCO-EB/src/discoeb/spline_interpolation.py:39</div>"
"276.0","7","loop fusion","loop_add_fusion","%loop_add_fusion = s64[] fusion(s64[] %get-tuple-element.15658), kind=kLoop, calls=%fused_add, control-predecessors={%loop_select_fusion, %loop_dynamic_update_slice_fusion}","jit(compute_Cell_spectrum_from_cosmo_params)/jit(main)/jit(evolve_background)/while/body/add:","512.0","417.489","0.815408203125","417.489","0.815408203125","0.0054241153641841995","80.94998390351027","0.0","0.0036791388515625563","0.0036791388515625563","0.018274480360560397","0.018274480360560397","0.0","0.0","0.1875","HBM","No","No","No","<div class='source-info-cell' title='/home/lawrence/git/DISCO-EB/src/discoeb/spline_interpolation.py:39:15
/home/lawrence/git/DISCO-EB/src/discoeb/background.py:166:43
/home/lawrence/git/DISCO-EB/src/discoeb/background.py:233:12
/home/lawrence/git/DISCO-EB/src/discoeb/cmb.py:987:12
/home/lawrence/git/DISCO-EB/scripts/profile_CMB.py:38:0
'>/home/lawrence/git/DISCO-EB/src/discoeb/spline_interpolation.py:39</div>"
"277.0","7","custom-call","custom-call.19","%custom-call.19 = (f64[8,8]{0,1}, f64[8]{0}, s32[]) custom-call(f64[8,8]{0,1} %bitcast.13971.0), custom_call_target=""cusolver_syevd_ffi"", operand_layout_constraints={f64[8,8]{0,1}}, output_to_operand_aliasing={{0}: (0, {})}, api_version=API_VERSION_TYPED_FFI, frontend_attributes={num_batch_dims=""0""}","jit(compute_Cell_spectrum_from_cosmo_params)/jit(main)/jit(evolve_background)/vmap(jit(eigh))/eigh:","53.0","415.443","7.838547169811321","415.443","7.838547169811321","0.005397533250559359","80.95538143676083","0.0","0.0","0.0","0.0","0.0","0.0","0.0","0.0","Unknown","No","No","No","<div class='source-info-cell' title='/home/lawrence/git/DISCO-EB/src/discoeb/util.py:115:15
/home/lawrence/git/DISCO-EB/src/discoeb/background.py:42:15
/home/lawrence/git/DISCO-EB/src/discoeb/background.py:64:11
/home/lawrence/git/DISCO-EB/src/discoeb/background.py:164:48
/home/lawrence/git/DISCO-EB/src/discoeb/background.py:164:26
/home/lawrence/git/DISCO-EB/src/discoeb/background.py:233:12
/home/lawrence/git/DISCO-EB/src/discoeb/cmb.py:987:12
/home/lawrence/git/DISCO-EB/scripts/profile_CMB.py:38:0
'>/home/lawrence/git/DISCO-EB/src/discoeb/util.py:115</div>"
"278.0","7","loop fusion","loop_add_fusion.9","%loop_add_fusion.9 = s64[] fusion(s64[] %get-tuple-element.15703), kind=kLoop, calls=%fused_add.9, control-predecessors={%loop_dynamic_update_slice_fusion.11, %loop_subtract_fusion}","jit(compute_Cell_spectrum_from_cosmo_params)/jit(main)/jit(evolve_background)/while/body/add:","509.0","414.889","0.815106090373281","414.889","0.815106090373281","0.005390335552148724","80.96077177231298","0.0","0.0036805024958482873","0.0036805024958482873","0.018281253654997977","0.018281253654997977","0.0","0.0","0.1875","HBM","No","No","No","<div class='source-info-cell' title='/home/lawrence/git/DISCO-EB/src/discoeb/spline_interpolation.py:82:25
/home/lawrence/git/DISCO-EB/src/discoeb/background.py:166:43
/home/lawrence/git/DISCO-EB/src/discoeb/background.py:233:12
/home/lawrence/git/DISCO-EB/src/discoeb/cmb.py:987:12
/home/lawrence/git/DISCO-EB/scripts/profile_CMB.py:38:0
'>/home/lawrence/git/DISCO-EB/src/discoeb/spline_interpolation.py:82</div>"
"279.0","7","loop fusion","loop_add_fusion.39","%loop_add_fusion.39 = s64[] fusion(s64[] %get-tuple-element.16857), kind=kLoop, calls=%fused_add.39, control-predecessors={%loop_dynamic_update_slice_fusion.37, %loop_subtract_fusion.3}","jit(compute_Cell_spectrum_from_cosmo_params)/jit(main)/jit(evolve_background)/while/body/add:","509.0","414.627","0.8145913555992141","414.627","0.8145913555992141","0.00538693158647438","80.96615870389945","0.0","0.0036828281805092286","0.0036828281805092286","0.018292805455670896","0.018292805455670896","0.0","0.0","0.1875","HBM","No","No","No","<div class='source-info-cell' title='/home/lawrence/git/DISCO-EB/src/discoeb/spline_interpolation.py:82:25
/home/lawrence/git/DISCO-EB/src/discoeb/background.py:166:43
/home/lawrence/git/DISCO-EB/src/discoeb/background.py:233:12
/home/lawrence/git/DISCO-EB/src/discoeb/cmb.py:987:12
/home/lawrence/git/DISCO-EB/scripts/profile_CMB.py:38:0
'>/home/lawrence/git/DISCO-EB/src/discoeb/spline_interpolation.py:82</div>"
"280.0","7","loop fusion","loop_add_fusion.38","%loop_add_fusion.38 = s64[] fusion(s64[] %get-tuple-element.16824), kind=kLoop, calls=%fused_add.38, control-predecessors={%loop_dynamic_update_slice_fusion.36, %loop_subtract_fusion.2}","jit(compute_Cell_spectrum_from_cosmo_params)/jit(main)/jit(evolve_background)/while/body/add:","509.0","412.497","0.8104066797642436","412.497","0.8104066797642436","0.005359258125076086","80.97151796202452","0.0","0.0037018451043280315","0.0037018451043280315","0.018387263538082597","0.018387263538082597","0.0","0.0","0.1875","HBM","No","No","No","<div class='source-info-cell' title='/home/lawrence/git/DISCO-EB/src/discoeb/spline_interpolation.py:82:25
/home/lawrence/git/DISCO-EB/src/discoeb/background.py:166:43
/home/lawrence/git/DISCO-EB/src/discoeb/background.py:233:12
/home/lawrence/git/DISCO-EB/src/discoeb/cmb.py:987:12
/home/lawrence/git/DISCO-EB/scripts/profile_CMB.py:38:0
'>/home/lawrence/git/DISCO-EB/src/discoeb/spline_interpolation.py:82</div>"
"281.0","7","loop fusion","loop_dynamic_update_slice_fusion","%loop_dynamic_update_slice_fusion = f64[512]{0} fusion(f64[512]{0} %get-tuple-element.15660, s64[] %get-tuple-element.15658, f64[] %loop_select_fusion), kind=kLoop, calls=%fused_dynamic_update_slice","jit(compute_Cell_spectrum_from_cosmo_params)/jit(main)/jit(evolve_background)/while/body/dynamic_update_slice:","512.0","407.538","0.79597265625","407.538","0.79597265625","0.005294829629736114","80.97681279165425","0.0","0.0","0.0","0.028081042250968007","0.028081042250968007","0.0","0.0","0.0","HBM","No","No","No","<div class='source-info-cell' title='/home/lawrence/git/DISCO-EB/src/discoeb/spline_interpolation.py:39:15
/home/lawrence/git/DISCO-EB/src/discoeb/background.py:166:43
/home/lawrence/git/DISCO-EB/src/discoeb/background.py:233:12
/home/lawrence/git/DISCO-EB/src/discoeb/cmb.py:987:12
/home/lawrence/git/DISCO-EB/scripts/profile_CMB.py:38:0
'>/home/lawrence/git/DISCO-EB/src/discoeb/spline_interpolation.py:39</div>"
"282.0","7","loop fusion","loop_dynamic_update_slice_fusion.17","%loop_dynamic_update_slice_fusion.17 = f64[512]{0} fusion(f64[512]{0} %get-tuple-element.15672, s64[] %get-tuple-element.15670, f64[] %loop_select_fusion.10), kind=kLoop, calls=%fused_dynamic_update_slice.17","jit(compute_Cell_spectrum_from_cosmo_params)/jit(main)/jit(evolve_background)/while/body/dynamic_update_slice:","512.0","407.31","0.79552734375","407.31","0.79552734375","0.00529186740006531","80.98210465905431","0.0","0.0","0.0","0.02809676118159387","0.02809676118159387","0.0","0.0","0.0","HBM","No","No","No","<div class='source-info-cell' title='/home/lawrence/git/DISCO-EB/src/discoeb/spline_interpolation.py:39:15
/home/lawrence/git/DISCO-EB/src/discoeb/background.py:166:43
/home/lawrence/git/DISCO-EB/src/discoeb/background.py:233:12
/home/lawrence/git/DISCO-EB/src/discoeb/cmb.py:987:12
/home/lawrence/git/DISCO-EB/scripts/profile_CMB.py:38:0
'>/home/lawrence/git/DISCO-EB/src/discoeb/spline_interpolation.py:39</div>"
"283.0","7","data formatting","copy.744","%copy.744 = s64[] copy(s64[] %get-tuple-element.15685)","jit(compute_Cell_spectrum_from_cosmo_params)/jit(main)/jit(evolve_background)/while/body/sub:","509.0","406.759","0.7991335952848724","406.759","0.7991335952848724","0.005284708678360869","80.98738936773269","0.0","0.0","0.0","0.018646645919742296","0.018646645919742296","0.0","0.0","0.0","HBM","No","No","No","<div class='source-info-cell' title='/home/lawrence/git/DISCO-EB/src/discoeb/spline_interpolation.py:66:46
/home/lawrence/git/DISCO-EB/src/discoeb/spline_interpolation.py:71:21
/home/lawrence/git/DISCO-EB/src/discoeb/background.py:166:43
/home/lawrence/git/DISCO-EB/src/discoeb/background.py:233:12
/home/lawrence/git/DISCO-EB/src/discoeb/cmb.py:987:12
/home/lawrence/git/DISCO-EB/scripts/profile_CMB.py:38:0
'>/home/lawrence/git/DISCO-EB/src/discoeb/spline_interpolation.py:66</div>"
"284.0","7","data formatting","copy.1371","%copy.1371 = s64[] copy(s64[] %get-tuple-element.16839)","jit(compute_Cell_spectrum_from_cosmo_params)/jit(main)/jit(evolve_background)/while/body/sub:","509.0","406.67","0.798958742632613","406.67","0.798958742632613","0.0052835523694104245","80.9926729201021","0.0","0.0","0.0","0.018650726750604807","0.018650726750604807","0.0","0.0","0.0","HBM","No","No","No","<div class='source-info-cell' title='/home/lawrence/git/DISCO-EB/src/discoeb/spline_interpolation.py:66:46
/home/lawrence/git/DISCO-EB/src/discoeb/spline_interpolation.py:71:21
/home/lawrence/git/DISCO-EB/src/discoeb/background.py:166:43
/home/lawrence/git/DISCO-EB/src/discoeb/background.py:233:12
/home/lawrence/git/DISCO-EB/src/discoeb/cmb.py:987:12
/home/lawrence/git/DISCO-EB/scripts/profile_CMB.py:38:0
'>/home/lawrence/git/DISCO-EB/src/discoeb/spline_interpolation.py:66</div>"
"285.0","7","loop fusion","loop_dynamic_update_slice_fusion.18","%loop_dynamic_update_slice_fusion.18 = f64[512]{0} fusion(f64[512]{0} %get-tuple-element.15648, s64[] %get-tuple-element.15646, f64[] %loop_select_fusion.11), kind=kLoop, calls=%fused_dynamic_update_slice.18","jit(compute_Cell_spectrum_from_cosmo_params)/jit(main)/jit(evolve_background)/while/body/dynamic_update_slice:","512.0","405.912","0.792796875","405.912","0.792796875","0.005273704254978542","80.99794662435707","0.0","0.0","0.0","0.028193529131622125","0.028193529131622125","0.0","0.0","0.0","HBM","No","No","No","<div class='source-info-cell' title='/home/lawrence/git/DISCO-EB/src/discoeb/spline_interpolation.py:39:15
/home/lawrence/git/DISCO-EB/src/discoeb/background.py:166:43
/home/lawrence/git/DISCO-EB/src/discoeb/background.py:233:12
/home/lawrence/git/DISCO-EB/src/discoeb/cmb.py:987:12
/home/lawrence/git/DISCO-EB/scripts/profile_CMB.py:38:0
'>/home/lawrence/git/DISCO-EB/src/discoeb/spline_interpolation.py:39</div>"
"286.0","7","loop fusion","loop_dynamic_update_slice_fusion.6","%loop_dynamic_update_slice_fusion.6 = f64[512]{0} fusion(f64[512]{0} %get-tuple-element.15636, s64[] %get-tuple-element.15634, f64[] %loop_select_fusion.6), kind=kLoop, calls=%fused_dynamic_update_slice.6","jit(compute_Cell_spectrum_from_cosmo_params)/jit(main)/jit(evolve_background)/while/body/dynamic_update_slice:","512.0","405.858","0.79269140625","405.858","0.79269140625","0.005273002674267037","81.00321962703134","0.0","0.0","0.0","0.028197280321873658","0.028197280321873658","0.0","0.0","0.0","HBM","No","No","No","<div class='source-info-cell' title='/home/lawrence/git/DISCO-EB/src/discoeb/spline_interpolation.py:40:15
/home/lawrence/git/DISCO-EB/src/discoeb/background.py:166:43
/home/lawrence/git/DISCO-EB/src/discoeb/background.py:233:12
/home/lawrence/git/DISCO-EB/src/discoeb/cmb.py:987:12
/home/lawrence/git/DISCO-EB/scripts/profile_CMB.py:38:0
'>/home/lawrence/git/DISCO-EB/src/discoeb/spline_interpolation.py:40</div>"
"287.0","7","data formatting","copy.1356","%copy.1356 = s64[] copy(s64[] %get-tuple-element.16806)","jit(compute_Cell_spectrum_from_cosmo_params)/jit(main)/jit(evolve_background)/while/body/sub:","509.0","405.652","0.7969587426326129","405.652","0.7969587426326129","0.005270326273774995","81.00848995330512","0.0","0.0","0.0","0.018697531499089017","0.018697531499089017","0.0","0.0","0.0","HBM","No","No","No","<div class='source-info-cell' title='/home/lawrence/git/DISCO-EB/src/discoeb/spline_interpolation.py:66:46
/home/lawrence/git/DISCO-EB/src/discoeb/spline_interpolation.py:71:21
/home/lawrence/git/DISCO-EB/src/discoeb/background.py:166:43
/home/lawrence/git/DISCO-EB/src/discoeb/background.py:233:12
/home/lawrence/git/DISCO-EB/src/discoeb/cmb.py:987:12
/home/lawrence/git/DISCO-EB/scripts/profile_CMB.py:38:0
'>/home/lawrence/git/DISCO-EB/src/discoeb/spline_interpolation.py:66</div>"
"288.0","7","loop fusion","loop_dynamic_slice_fusion.2","%loop_dynamic_slice_fusion.2 = f64[1]{0} fusion(f64[510]{0} %get-tuple-element.16808, s64[] %copy.1356), kind=kLoop, calls=%fused_dynamic_slice.2","jit(compute_Cell_spectrum_from_cosmo_params)/jit(main)/jit(evolve_background)/while/body/dynamic_slice:","509.0","404.767","0.7952200392927309","404.767","0.7952200392927309","0.005258828145447535","81.01374878145057","0.0","0.011317622236990664","0.011317622236990664","0.02810761888074543","0.02810761888074543","0.0","0.0","0.375","HBM","No","No","No","<div class='source-info-cell' title='/home/lawrence/git/DISCO-EB/src/discoeb/spline_interpolation.py:68:49
/home/lawrence/git/DISCO-EB/src/discoeb/spline_interpolation.py:71:21
/home/lawrence/git/DISCO-EB/src/discoeb/background.py:166:43
/home/lawrence/git/DISCO-EB/src/discoeb/background.py:233:12
/home/lawrence/git/DISCO-EB/src/discoeb/cmb.py:987:12
/home/lawrence/git/DISCO-EB/scripts/profile_CMB.py:38:0
'>/home/lawrence/git/DISCO-EB/src/discoeb/spline_interpolation.py:68</div>"
"289.0","7","loop fusion","loop_dynamic_slice_fusion.3","%loop_dynamic_slice_fusion.3 = f64[1]{0} fusion(f64[510]{0} %get-tuple-element.16841, s64[] %copy.1371), kind=kLoop, calls=%fused_dynamic_slice.3","jit(compute_Cell_spectrum_from_cosmo_params)/jit(main)/jit(evolve_background)/while/body/dynamic_slice:","509.0","404.713","0.79511394891945","404.713","0.79511394891945","0.00525812656473603","81.0190069080153","0.0","0.011319132323399544","0.011319132323399544","0.028111369220911325","0.028111369220911325","0.0","0.0","0.375","HBM","No","No","No","<div class='source-info-cell' title='/home/lawrence/git/DISCO-EB/src/discoeb/spline_interpolation.py:68:49
/home/lawrence/git/DISCO-EB/src/discoeb/spline_interpolation.py:71:21
/home/lawrence/git/DISCO-EB/src/discoeb/background.py:166:43
/home/lawrence/git/DISCO-EB/src/discoeb/background.py:233:12
/home/lawrence/git/DISCO-EB/src/discoeb/cmb.py:987:12
/home/lawrence/git/DISCO-EB/scripts/profile_CMB.py:38:0
'>/home/lawrence/git/DISCO-EB/src/discoeb/spline_interpolation.py:68</div>"
"290.0","7","loop fusion","loop_dynamic_slice_fusion","%loop_dynamic_slice_fusion = f64[1]{0} fusion(f64[510]{0} %get-tuple-element.15687, s64[] %copy.744), kind=kLoop, calls=%fused_dynamic_slice","jit(compute_Cell_spectrum_from_cosmo_params)/jit(main)/jit(evolve_background)/while/body/dynamic_slice:","509.0","404.202","0.7941100196463654","404.202","0.7941100196463654","0.005251487532447518","81.02425839554775","0.0","0.011333442189796192","0.011333442189796192","0.028146908158551132","0.028146908158551132","0.0","0.0","0.375","HBM","No","No","No","<div class='source-info-cell' title='/home/lawrence/git/DISCO-EB/src/discoeb/spline_interpolation.py:68:49
/home/lawrence/git/DISCO-EB/src/discoeb/spline_interpolation.py:71:21
/home/lawrence/git/DISCO-EB/src/discoeb/background.py:166:43
/home/lawrence/git/DISCO-EB/src/discoeb/background.py:233:12
/home/lawrence/git/DISCO-EB/src/discoeb/cmb.py:987:12
/home/lawrence/git/DISCO-EB/scripts/profile_CMB.py:38:0
'>/home/lawrence/git/DISCO-EB/src/discoeb/spline_interpolation.py:68</div>"
"291.0","7","loop fusion","loop_dynamic_slice_fusion.7","%loop_dynamic_slice_fusion.7 = f64[8192,1]{1,0} fusion(f64[8192,318]{1,0} %get-tuple-element.16792, s64[] %get-tuple-element.16791), kind=kLoop, calls=%fused_dynamic_slice.7","","317.0","367.458","1.159173501577287","367.458","1.159173501577287","0.00477410083497385","81.02903249638271","0.0","0.010352203517136652","0.010352203517136652","105.3144873605942","105.3144873605942","0.0","0.0","9.1547146780592e-05","HBM","No","No","No",""
"292.0","7","data formatting","copy.1670","%copy.1670 = s64[] copy(s64[] %constant_36419_0)","","381.0","355.421","0.9328635170603674","355.421","0.9328635170603674","0.004617713297484994","81.0336502096802","0.0","0.0","0.0","0.015973570539883564","0.015973570539883564","0.0","0.0","0.0","HBM","No","No","No",""
"293.0","7","data formatting","copy.1669","%copy.1669 = s64[] copy(s64[] %constant_36335_0)","","377.0","350.618","0.9300212201591512","350.618","0.9300212201591512","0.004555311590867151","81.03820552127107","0.0","0.0","0.0","0.016022388383028156","0.016022388383028156","0.0","0.0","0.0","HBM","No","No","No",""
"294.0","7","loop fusion","loop_select_fusion.5","%loop_select_fusion.5 = f64[8192]{0} fusion(f64[8192]{0} %get-tuple-element.16747, f64[320,8192]{1,0} %get-tuple-element.16753, s64[] %get-tuple-element.16746), kind=kLoop, calls=%fused_select.5","jit(compute_Cell_spectrum_from_cosmo_params)/jit(main)/jit(compute_theta_ell)/vmap(while)/body/jit(_where)/select_n:","320.0","339.191","1.059971875","339.191","1.059971875","0.004406849316971232","81.04261237058805","0.0","46.371041684478655","46.371041684478655","172.75262075288265","172.75262075288265","0.0","0.0","0.24998982788786264","HBM","No","No","No","<div class='source-info-cell' title='/home/lawrence/git/DISCO-EB/src/discoeb/spline_interpolation.py:34:17
/home/lawrence/git/DISCO-EB/src/discoeb/spline_interpolation.py:39:40
/home/lawrence/git/DISCO-EB/src/discoeb/spline_interpolation.py:39:15
/home/lawrence/git/DISCO-EB/src/discoeb/background.py:166:43
/home/lawrence/git/DISCO-EB/src/discoeb/background.py:233:12
/home/lawrence/git/DISCO-EB/src/discoeb/cmb.py:987:12
/home/lawrence/git/DISCO-EB/scripts/profile_CMB.py:38:0
'>/home/lawrence/git/DISCO-EB/src/discoeb/spline_interpolation.py:34</div>"
"295.0","7","loop fusion","loop_dynamic_update_slice_fusion.53","%loop_dynamic_update_slice_fusion.53 = f64[128,318]{1,0} fusion(f64[128,318]{1,0} %get-tuple-element.16465, f64[128,1]{1,0} %loop_dynamic_slice_fusion.4, f64[128,318]{1,0} %get-tuple-element.16470, pred[] %input_reduce_fusion.3, s64[] %get-tuple-element.16464, /*index=5*/f64[318]{0} %get-tuple-element.16471), kind=kLoop, calls=%fused_dynamic_update_slice.53, control-predecessors={%loop_dynamic_slice_fusion.4}","jit(compute_Cell_spectrum_from_cosmo_params)/jit(main)/jit(compute_source_function)/jit(compute_source_term_isw)/vmap(while)/body/scatter:","317.0","335.852","1.0594700315457413","335.852","1.0594700315457413","0.0043634682429764425","81.04697583883102","0.0","23.851547705536962","23.851547705536962","3.615514960630658","3.615514960630658","0.0","0.0","6.1439338682227085","HBM","No","No","No","<div class='source-info-cell' title='/home/lawrence/git/DISCO-EB/src/discoeb/spline_interpolation.py:79:24
/home/lawrence/git/DISCO-EB/src/discoeb/spline_interpolation.py:82:25
/home/lawrence/git/DISCO-EB/src/discoeb/cmb.py:442:14
/home/lawrence/git/DISCO-EB/src/discoeb/cmb.py:445:9
/home/lawrence/git/DISCO-EB/src/discoeb/cmb.py:609:9
/home/lawrence/git/DISCO-EB/src/discoeb/cmb.py:1056:21
/home/lawrence/git/DISCO-EB/scripts/profile_CMB.py:38:0
'>/home/lawrence/git/DISCO-EB/src/discoeb/spline_interpolation.py:79</div>"
"296.0","7","call","call.591","%call.591 = (f64[72,8,16,320]{3,2,1,0}, f64[3,128,320]{2,1,0}, f64[128,320]{1,0}, f64[128,320]{1,0}, f64[1,128,320]{2,1,0}, /*index=5*/f64[128,320]{1,0}, f64[128]{0}, f64[320,128]{1,0}, (f64[128,320]{1,0}, f64[128,320]{1,0}, f64[128,320]{1,0}, f64[128,320]{1,0}, f64[128,320]{1,0}, /*index=5*/s64[128,320]{1,0}, s64[128,320]{1,0}, f64[128,320]{1,0}, f64[320,128]{1,0})) call(f64[8,320,16,72]{3,2,1,0} %get-tuple-element.696.0, f64[3]{0} %constant_18805_0, f64[] %get-tuple-element.17283, f64[1]{0} %get-tuple-element.17352, f64[512]{0} %get-tuple-element.17010, /*index=5*/f64[128]{0} %get-tuple-element.17767, f64[] %get-tuple-element.17393, f64[] %get-tuple-element.17397, f64[320]{0} %get-tuple-element.17555, f64[320]{0} %get-tuple-element.17327, /*index=10*/f64[] %Arg_14.15, f64[] %Arg_13.14, f64[128]{0} %get-tuple-element.17755, f64[] %get-tuple-element.17395, f64[] %Arg_2.3, /*index=15*/f64[320]{0} %get-tuple-element.17556, f64[] %get-tuple-element.17403, f64[320,3]{1,0} %get-tuple-element.17331, f64[3]{0} %constant_18258_0, s64[] %Arg_3.4, /*index=20*/f64[] %get-tuple-element.17396, f64[] %Arg_4.5, f64[] %Arg_6.7, f64[] %Arg_7.8, f64[] %get-tuple-element.17404, /*index=25*/f64[1024]{0} %get-tuple-element.17052, f64[128,1]{1,0} %get-tuple-element.17766, f64[] %get-tuple-element.17405, f64[512]{0} %get-tuple-element.17392, f64[512]{0} %get-tuple-element.17011, /*index=30*/f64[] %get-tuple-element.17402, f64[] %Arg_1.2, f64[] %Arg_8.9, f64[1024]{0} %get-tuple-element.17550, f64[1024]{0} %get-tuple-element.17061), to_apply=%command_buffer.48","","6.0","314.78","52.46333333333333","314.78","52.46333333333333","0.004089695858664305","81.05106553468968","0.0","79528.51530592795","79528.51530592795","1269.298738109027","821.3934923219622","0.0","0.0","58.35245825612829","HBM","No","No","No",""
"297.0","7","loop fusion","loop_select_fusion.26","%loop_select_fusion.26 = f64[] fusion(f64[] %get-tuple-element.16759, f64[320]{0} %get-tuple-element.16765, s64[] %get-tuple-element.16758), kind=kLoop, calls=%fused_select.26","jit(compute_Cell_spectrum_from_cosmo_params)/jit(main)/jit(compute_source_function)/jit(compute_source_term_isw)/vmap(while)/body/jit(_where)/select_n:","320.0","310.303","0.969696875","310.303","0.969696875","0.0040315296207862955","81.05509706431047","0.0","0.10621876037292582","0.10621876037292582","0.0307336479636436","0.0307336479636436","0.0","0.0","3.21875","HBM","No","No","No","<div class='source-info-cell' title='/home/lawrence/git/DISCO-EB/src/discoeb/spline_interpolation.py:34:17
/home/lawrence/git/DISCO-EB/src/discoeb/spline_interpolation.py:39:40
/home/lawrence/git/DISCO-EB/src/discoeb/spline_interpolation.py:39:15
/home/lawrence/git/DISCO-EB/src/discoeb/background.py:166:43
/home/lawrence/git/DISCO-EB/src/discoeb/background.py:233:12
/home/lawrence/git/DISCO-EB/src/discoeb/cmb.py:987:12
/home/lawrence/git/DISCO-EB/scripts/profile_CMB.py:38:0
'>/home/lawrence/git/DISCO-EB/src/discoeb/spline_interpolation.py:34</div>"
"298.0","7","loop fusion","loop_select_fusion.2","%loop_select_fusion.2 = f64[] fusion(f64[] %get-tuple-element.16432, f64[320]{0} %get-tuple-element.16438, s64[] %get-tuple-element.16431), kind=kLoop, calls=%fused_select.2","jit(compute_Cell_spectrum_from_cosmo_params)/jit(main)/jit(compute_source_function)/jit(compute_source_term_isw)/vmap(while)/body/jit(_where)/select_n:","320.0","308.549","0.9642156249999999","308.549","0.9642156249999999","0.004008741239897747","81.05910580555037","0.0","0.10682257923376838","0.10682257923376838","0.030908358685532926","0.030908358685532926","0.0","0.0","3.21875","HBM","No","No","No","<div class='source-info-cell' title='/home/lawrence/git/DISCO-EB/src/discoeb/spline_interpolation.py:34:17
/home/lawrence/git/DISCO-EB/src/discoeb/spline_interpolation.py:39:40
/home/lawrence/git/DISCO-EB/src/discoeb/spline_interpolation.py:39:15
/home/lawrence/git/DISCO-EB/src/discoeb/background.py:166:43
/home/lawrence/git/DISCO-EB/src/discoeb/background.py:233:12
/home/lawrence/git/DISCO-EB/src/discoeb/cmb.py:987:12
/home/lawrence/git/DISCO-EB/scripts/profile_CMB.py:38:0
'>/home/lawrence/git/DISCO-EB/src/discoeb/spline_interpolation.py:34</div>"
"299.0","7","loop fusion","loop_dynamic_slice_fusion.4","%loop_dynamic_slice_fusion.4 = f64[128,1]{1,0} fusion(f64[128,318]{1,0} %get-tuple-element.16465, s64[] %get-tuple-element.16464), kind=kLoop, calls=%fused_dynamic_slice.4","","317.0","299.222","0.9439179810725551","299.222","0.9439179810725551","0.0038875626603381754","81.06299336821071","0.0","0.012712968966185642","0.012712968966185642","2.02856524804589","2.02856524804589","0.0","0.0","0.005836575875486381","HBM","No","No","No",""
"300.0","7","loop fusion","loop_select_fusion.1","%loop_select_fusion.1 = f64[128]{0} fusion(f64[128]{0} %get-tuple-element.16420, f64[320,128]{1,0} %get-tuple-element.16426, s64[] %get-tuple-element.16419), kind=kLoop, calls=%fused_select.1","jit(compute_Cell_spectrum_from_cosmo_params)/jit(main)/jit(compute_source_function)/jit(compute_source_term_isw)/vmap(while)/body/jit(_where)/select_n:","320.0","297.916","0.9309875","297.916","0.9309875","0.003870594800908048","81.06686396301161","0.0","0.8249305173270318","0.8249305173270318","3.0811085324085163","3.0811085324085163","0.0","0.0","0.24935064935064935","HBM","No","No","No","<div class='source-info-cell' title='/home/lawrence/git/DISCO-EB/src/discoeb/spline_interpolation.py:34:17
/home/lawrence/git/DISCO-EB/src/discoeb/spline_interpolation.py:39:40
/home/lawrence/git/DISCO-EB/src/discoeb/spline_interpolation.py:39:15
/home/lawrence/git/DISCO-EB/src/discoeb/background.py:166:43
/home/lawrence/git/DISCO-EB/src/discoeb/background.py:233:12
/home/lawrence/git/DISCO-EB/src/discoeb/cmb.py:987:12
/home/lawrence/git/DISCO-EB/scripts/profile_CMB.py:38:0
'>/home/lawrence/git/DISCO-EB/src/discoeb/spline_interpolation.py:34</div>"
"301.0","7","loop fusion","loop_dynamic_update_slice_fusion.5","%loop_dynamic_update_slice_fusion.5 = f64[320,8192]{1,0} fusion(f64[320,8192]{1,0} %get-tuple-element.16748, s64[] %get-tuple-element.16746, f64[8192]{0} %loop_select_fusion.5), kind=kLoop, calls=%fused_dynamic_update_slice.5","jit(compute_Cell_spectrum_from_cosmo_params)/jit(main)/jit(compute_theta_ell)/vmap(while)/body/dynamic_update_slice:","320.0","282.827","0.883834375","282.827","0.883834375","0.003674554960983702","81.07053851797261","0.0","0.0","0.0","138.12289557146602","138.12289557146602","0.0","0.0","0.0","HBM","No","No","No","<div class='source-info-cell' title='/home/lawrence/git/DISCO-EB/src/discoeb/spline_interpolation.py:39:15
/home/lawrence/git/DISCO-EB/src/discoeb/cmb.py:766:17
/home/lawrence/git/DISCO-EB/src/discoeb/cmb.py:770:15
/home/lawrence/git/DISCO-EB/src/discoeb/cmb.py:1063:24
/home/lawrence/git/DISCO-EB/scripts/profile_CMB.py:38:0
'>/home/lawrence/git/DISCO-EB/src/discoeb/spline_interpolation.py:39</div>"
"302.0","7","input fusion","input_reduce_fusion.3","%input_reduce_fusion.3 = pred[] fusion(s32[2]{0} %constant_19867_0, s64[] %get-tuple-element.16464), kind=kInput, calls=%fused_reduce.3","","317.0","268.582","0.8472618296529968","268.582","0.8472618296529968","0.003489480567735487","81.07402799854033","0.0","0.05665308918691498","0.05665308918691498","0.018686648228856784","0.018686648228856784","0.0","0.0","2.823529411764706","HBM","No","No","No",""
"303.0","7","input fusion","input_reduce_fusion.7","%input_reduce_fusion.7 = pred[] fusion(s32[2]{0} %constant_19913_0, s64[] %get-tuple-element.16791), kind=kInput, calls=%fused_reduce.7","","317.0","268.131","0.8458391167192428","268.131","0.8458391167192428","0.0034836210695708713","81.0775116196099","0.0","0.056748380455821965","0.056748380455821965","0.018718079426111915","0.018718079426111915","0.0","0.0","2.823529411764706","HBM","No","No","No",""
"304.0","7","loop fusion","loop_add_fusion.35","%loop_add_fusion.35 = s64[] fusion(s64[] %get-tuple-element.16758), kind=kLoop, calls=%fused_add.35, control-predecessors={%loop_select_fusion.26, %loop_dynamic_update_slice_fusion.31}","jit(compute_Cell_spectrum_from_cosmo_params)/jit(main)/jit(compute_source_function)/jit(compute_source_term_isw)/vmap(while)/body/add:","320.0","262.001","0.818753125","262.001","0.818753125","0.0034039786665795374","81.08091559827648","0.0","0.0036641081522589608","0.0036641081522589608","0.018199822069500687","0.018199822069500687","0.0","0.0","0.1875","HBM","No","No","No","<div class='source-info-cell' title='/home/lawrence/git/DISCO-EB/src/discoeb/spline_interpolation.py:40:15
/home/lawrence/git/DISCO-EB/src/discoeb/cmb.py:442:14
/home/lawrence/git/DISCO-EB/src/discoeb/cmb.py:445:9
/home/lawrence/git/DISCO-EB/src/discoeb/cmb.py:609:9
/home/lawrence/git/DISCO-EB/src/discoeb/cmb.py:1056:21
/home/lawrence/git/DISCO-EB/scripts/profile_CMB.py:38:0
'>/home/lawrence/git/DISCO-EB/src/discoeb/spline_interpolation.py:40</div>"
"305.0","7","loop fusion","loop_add_fusion.1","%loop_add_fusion.1 = s64[] fusion(s64[] %get-tuple-element.16419), kind=kLoop, calls=%fused_add.1, control-predecessors={%loop_select_fusion.1, %loop_dynamic_update_slice_fusion.1}","jit(compute_Cell_spectrum_from_cosmo_params)/jit(main)/jit(compute_source_function)/jit(compute_source_term_isw)/vmap(while)/body/add:","320.0","259.825","0.8119531249999999","259.825","0.8119531249999999","0.0033757075623529237","81.08429130583883","0.0","0.0036947945732704705","0.0036947945732704705","0.018352243171485615","0.018352243171485615","0.0","0.0","0.1875","HBM","No","No","No","<div class='source-info-cell' title='/home/lawrence/git/DISCO-EB/src/discoeb/spline_interpolation.py:39:15
/home/lawrence/git/DISCO-EB/src/discoeb/cmb.py:442:14
/home/lawrence/git/DISCO-EB/src/discoeb/cmb.py:445:9
/home/lawrence/git/DISCO-EB/src/discoeb/cmb.py:609:9
/home/lawrence/git/DISCO-EB/src/discoeb/cmb.py:1056:21
/home/lawrence/git/DISCO-EB/scripts/profile_CMB.py:38:0
'>/home/lawrence/git/DISCO-EB/src/discoeb/spline_interpolation.py:39</div>"
"306.0","7","loop fusion","loop_add_fusion.2","%loop_add_fusion.2 = s64[] fusion(s64[] %get-tuple-element.16431), kind=kLoop, calls=%fused_add.2, control-predecessors={%loop_select_fusion.2, %loop_dynamic_update_slice_fusion.2}","jit(compute_Cell_spectrum_from_cosmo_params)/jit(main)/jit(compute_source_function)/jit(compute_source_term_isw)/vmap(while)/body/add:","320.0","259.664","0.81145","259.664","0.81145","0.003373615812453804","81.08766492165128","0.0","0.003697085464292316","0.003697085464292316","0.018363622150283636","0.018363622150283636","0.0","0.0","0.1875","HBM","No","No","No","<div class='source-info-cell' title='/home/lawrence/git/DISCO-EB/src/discoeb/spline_interpolation.py:40:15
/home/lawrence/git/DISCO-EB/src/discoeb/cmb.py:442:14
/home/lawrence/git/DISCO-EB/src/discoeb/cmb.py:445:9
/home/lawrence/git/DISCO-EB/src/discoeb/cmb.py:609:9
/home/lawrence/git/DISCO-EB/src/discoeb/cmb.py:1056:21
/home/lawrence/git/DISCO-EB/scripts/profile_CMB.py:38:0
'>/home/lawrence/git/DISCO-EB/src/discoeb/spline_interpolation.py:40</div>"
"307.0","7","loop fusion","loop_add_fusion.5","%loop_add_fusion.5 = s64[] fusion(s64[] %get-tuple-element.16746), kind=kLoop, calls=%fused_add.5, control-predecessors={%loop_select_fusion.5, %loop_dynamic_update_slice_fusion.5}","jit(compute_Cell_spectrum_from_cosmo_params)/jit(main)/jit(compute_theta_ell)/vmap(while)/body/add:","320.0","259.213","0.8100406250000001","259.213","0.8100406250000001","0.003367756314289189","81.09103267796557","0.0","0.003703517956275341","0.003703517956275341","0.018395572683589365","0.018395572683589365","0.0","0.0","0.1875","HBM","No","No","No","<div class='source-info-cell' title='/home/lawrence/git/DISCO-EB/src/discoeb/spline_interpolation.py:39:15
/home/lawrence/git/DISCO-EB/src/discoeb/cmb.py:766:17
/home/lawrence/git/DISCO-EB/src/discoeb/cmb.py:770:15
/home/lawrence/git/DISCO-EB/src/discoeb/cmb.py:1063:24
/home/lawrence/git/DISCO-EB/scripts/profile_CMB.py:38:0
'>/home/lawrence/git/DISCO-EB/src/discoeb/spline_interpolation.py:39</div>"
"308.0","7","loop fusion","loop_add_fusion.42","%loop_add_fusion.42 = s64[] fusion(s64[] %get-tuple-element.16791), kind=kLoop, calls=%fused_add.42, control-predecessors={%loop_dynamic_update_slice_fusion.59, %loop_dynamic_slice_fusion.7, %input_reduce_fusion.7}","jit(compute_Cell_spectrum_from_cosmo_params)/jit(main)/jit(compute_theta_ell)/vmap(while)/body/add:","317.0","257.626","0.8127003154574132","257.626","0.8127003154574132","0.0033471376367121496","81.09437981560228","0.0","0.003691397607384348","0.003691397607384348","0.018335370259405907","0.018335370259405907","0.0","0.0","0.1875","HBM","No","No","No","<div class='source-info-cell' title='/home/lawrence/git/DISCO-EB/src/discoeb/spline_interpolation.py:82:25
/home/lawrence/git/DISCO-EB/src/discoeb/cmb.py:766:17
/home/lawrence/git/DISCO-EB/src/discoeb/cmb.py:770:15
/home/lawrence/git/DISCO-EB/src/discoeb/cmb.py:1063:24
/home/lawrence/git/DISCO-EB/scripts/profile_CMB.py:38:0
'>/home/lawrence/git/DISCO-EB/src/discoeb/spline_interpolation.py:82</div>"
"309.0","7","loop fusion","loop_add_fusion.40","%loop_add_fusion.40 = s64[] fusion(s64[] %get-tuple-element.16464), kind=kLoop, calls=%fused_add.40, control-predecessors={%loop_dynamic_update_slice_fusion.53, %loop_dynamic_slice_fusion.4, %input_reduce_fusion.3}","jit(compute_Cell_spectrum_from_cosmo_params)/jit(main)/jit(compute_source_function)/jit(compute_source_term_isw)/vmap(while)/body/add:","317.0","256.841","0.810223974763407","256.841","0.810223974763407","0.0033369387319245156","81.0977167543342","0.0","0.0037026798680895963","0.0037026798680895963","0.018391409854539215","0.018391409854539215","0.0","0.0","0.1875","HBM","No","No","No","<div class='source-info-cell' title='/home/lawrence/git/DISCO-EB/src/discoeb/spline_interpolation.py:82:25
/home/lawrence/git/DISCO-EB/src/discoeb/cmb.py:442:14
/home/lawrence/git/DISCO-EB/src/discoeb/cmb.py:445:9
/home/lawrence/git/DISCO-EB/src/discoeb/cmb.py:609:9
/home/lawrence/git/DISCO-EB/src/discoeb/cmb.py:1056:21
/home/lawrence/git/DISCO-EB/scripts/profile_CMB.py:38:0
'>/home/lawrence/git/DISCO-EB/src/discoeb/spline_interpolation.py:82</div>"
"310.0","7","loop fusion","loop_dynamic_update_slice_fusion.2","%loop_dynamic_update_slice_fusion.2 = f64[320]{0} fusion(f64[320]{0} %get-tuple-element.16433, s64[] %get-tuple-element.16431, f64[] %loop_select_fusion.2), kind=kLoop, calls=%fused_dynamic_update_slice.2","jit(compute_Cell_spectrum_from_cosmo_params)/jit(main)/jit(compute_source_function)/jit(compute_source_term_isw)/vmap(while)/body/dynamic_update_slice:","320.0","254.815","0.796296875","254.815","0.796296875","0.0033106164630076406","81.10102737079721","0.0","0.0","0.0","0.028069608826194983","0.028069608826194983","0.0","0.0","0.0","HBM","No","No","No","<div class='source-info-cell' title='/home/lawrence/git/DISCO-EB/src/discoeb/spline_interpolation.py:40:15
/home/lawrence/git/DISCO-EB/src/discoeb/cmb.py:442:14
/home/lawrence/git/DISCO-EB/src/discoeb/cmb.py:445:9
/home/lawrence/git/DISCO-EB/src/discoeb/cmb.py:609:9
/home/lawrence/git/DISCO-EB/src/discoeb/cmb.py:1056:21
/home/lawrence/git/DISCO-EB/scripts/profile_CMB.py:38:0
'>/home/lawrence/git/DISCO-EB/src/discoeb/spline_interpolation.py:40</div>"
"311.0","7","loop fusion","loop_dynamic_update_slice_fusion.1","%loop_dynamic_update_slice_fusion.1 = f64[320,128]{1,0} fusion(f64[320,128]{1,0} %get-tuple-element.16421, s64[] %get-tuple-element.16419, f64[128]{0} %loop_select_fusion.1), kind=kLoop, calls=%fused_dynamic_update_slice.1","jit(compute_Cell_spectrum_from_cosmo_params)/jit(main)/jit(compute_source_function)/jit(compute_source_term_isw)/vmap(while)/body/dynamic_update_slice:","320.0","254.285","0.794640625","254.285","0.794640625","0.003303730578246563","81.10433110137545","0.0","0.0","0.0","2.409641733845943","2.409641733845943","0.0","0.0","0.0","HBM","No","No","No","<div class='source-info-cell' title='/home/lawrence/git/DISCO-EB/src/discoeb/spline_interpolation.py:39:15
/home/lawrence/git/DISCO-EB/src/discoeb/cmb.py:442:14
/home/lawrence/git/DISCO-EB/src/discoeb/cmb.py:445:9
/home/lawrence/git/DISCO-EB/src/discoeb/cmb.py:609:9
/home/lawrence/git/DISCO-EB/src/discoeb/cmb.py:1056:21
/home/lawrence/git/DISCO-EB/scripts/profile_CMB.py:38:0
'>/home/lawrence/git/DISCO-EB/src/discoeb/spline_interpolation.py:39</div>"
"312.0","7","loop fusion","loop_dynamic_update_slice_fusion.31","%loop_dynamic_update_slice_fusion.31 = f64[320]{0} fusion(f64[320]{0} %get-tuple-element.16760, s64[] %get-tuple-element.16758, f64[] %loop_select_fusion.26), kind=kLoop, calls=%fused_dynamic_update_slice.31","jit(compute_Cell_spectrum_from_cosmo_params)/jit(main)/jit(compute_source_function)/jit(compute_source_term_isw)/vmap(while)/body/dynamic_update_slice:","320.0","254.13","0.79415625","254.13","0.79415625","0.0033017167817598323","81.1076328181572","0.0","0.0","0.0","0.028145269637771513","0.028145269637771513","0.0","0.0","0.0","HBM","No","No","No","<div class='source-info-cell' title='/home/lawrence/git/DISCO-EB/src/discoeb/spline_interpolation.py:40:15
/home/lawrence/git/DISCO-EB/src/discoeb/cmb.py:442:14
/home/lawrence/git/DISCO-EB/src/discoeb/cmb.py:445:9
/home/lawrence/git/DISCO-EB/src/discoeb/cmb.py:609:9
/home/lawrence/git/DISCO-EB/src/discoeb/cmb.py:1056:21
/home/lawrence/git/DISCO-EB/scripts/profile_CMB.py:38:0
'>/home/lawrence/git/DISCO-EB/src/discoeb/spline_interpolation.py:40</div>"
"313.0","7","call","call.596","%call.596 = (s64[], f64[], (), f64[3]{0}, (s32[], f64[])) call(s64[] %constant_513_0, f64[] %get-tuple-element.14715, f64[] %get-tuple-element.14714, f64[] %get-tuple-element.7705.0, f64[] %get-tuple-element.14726, /*index=5*/f64[] %get-tuple-element.14725, f64[] %get-tuple-element.14724, f64[] %get-tuple-element.14720, f64[] %get-tuple-element.14721, f64[] %get-tuple-element.14728, /*index=10*/f64[] %get-tuple-element.14727, s64[] %get-tuple-element.14723, f64[] %get-tuple-element.14722, f64[] %get-tuple-element.14719, f64[512]{0} %get-tuple-element.14718, /*index=15*/f64[512]{0} %get-tuple-element.14717, f64[512]{0} %get-tuple-element.14716, f64[6]{0} %get-tuple-element.7704.0, f64[] %get-tuple-element.7703.0), to_apply=%command_buffer.58","","150.0","239.32","1.5954666666666666","239.32","1.5954666666666666","0.0031093017755116003","81.11074211993272","0.0","14.793790740431222","14.793790740431222","0.1844588418718606","0.1354254788426318","0.0","0.0","74.69303797468355","HBM","No","No","No",""
"314.0","7","call","call.593","%call.593 = (f64[128,320]{1,0}, f64[1,320]{1,0}) call(f64[72,128,320]{2,1,0} %loop_dynamic_update_slice_fusion.235, f64[72,8,16,320]{3,2,1,0} %get-tuple-element.17909, f64[128,320]{1,0} %get-tuple-element.14087, f64[128,320]{1,0} %get-tuple-element.14089, f64[128,320]{1,0} %get-tuple-element.14090, /*index=5*/f64[] %get-tuple-element.17396, f64[128,1]{1,0} %get-tuple-element.17766, f64[128,320]{1,0} %get-tuple-element.14091, f64[1024]{0} %input_concatenate_fusion.35, s64[128,320]{1,0} %get-tuple-element.14093, /*index=10*/f64[1024]{0} %get-tuple-element.16975, s64[128,320]{1,0} %get-tuple-element.14092, f64[1024]{0} %get-tuple-element.17052, f64[] %get-tuple-element.17397, f64[] %Arg_4.5, /*index=15*/f64[1,128,320]{2,1,0} %get-tuple-element.17913, f64[128,320]{1,0} %get-tuple-element.14221, f64[128]{0} %get-tuple-element.17755, s32[8,1]{1,0} %constant_1829_0, f64[8,40960]{1,0} %get-tuple-element.17923, /*index=20*/f64[320]{0} %get-tuple-element.17554, f64[11,40960]{1,0} %get-tuple-element.17921, s32[8,1]{1,0} %constant_1849_0, f64[8,40960]{1,0} %get-tuple-element.17922, f64[] %Arg_9.10, /*index=25*/f64[3,128,320]{2,1,0} %get-tuple-element.17910, f64[3]{0} %constant_18364_0, f64[] %Arg_14.15, f64[] %Arg_13.14, s64[5]{0} %constant_1864_0, /*index=30*/s64[5]{0} %constant_1758_0, s64[5]{0} %constant_1866_0, f64[128]{0} %get-tuple-element.17767, f64[128,320]{1,0} %get-tuple-element.17912, f64[128,320]{1,0} %get-tuple-element.17911, /*index=35*/f64[320,128]{1,0} %get-tuple-element.624.0, f64[128,320]{1,0} %get-tuple-element.17920, f64[320]{0} %get-tuple-element.17864, f64[320]{0} %get-tuple-element.17861, f64[320]{0} %get-tuple-element.17863, /*index=40*/f64[320]{0} %get-tuple-element.17860, f64[320]{0} %get-tuple-element.17865, f64[320]{0} %get-tuple-element.17862, s64[320]{0} %get-tuple-element.17839, f64[320]{0} %get-tuple-element.17553, /*index=45*/f64[320]{0} %get-tuple-element.623.0), to_apply=%command_buffer.52","","20.0","193.283","9.66415","193.283","9.66415","0.0025111782344819015","81.1132532981672","0.0","158239.4114329765","158239.4114329765","17525.848055266033","10546.846657518508","0.0","0.0","8.408833375519107","HBM","No","No","No",""
"315.0","7","loop fusion","loop_dynamic_update_slice_fusion.48","%loop_dynamic_update_slice_fusion.48 = f64[6]{0} fusion(f64[6]{0} %loop_dynamic_update_slice_fusion.49, f64[] %get-tuple-element.7724.0, f64[] %get-tuple-element.7702.0, f64[] %get-tuple-element.14713, f64[] %get-tuple-element.7701.0), kind=kLoop, calls=%fused_dynamic_update_slice.48","jit(compute_Cell_spectrum_from_cosmo_params)/jit(main)/jit(evolve_background)/jit(evaluate_thermo)/while/body/cond/branch_0_fun/cond/branch_0_fun/cond/branch_1_fun/scatter:","30.0","168.405","5.6135","168.405","5.6135","0.0021879574022439876","81.11544125556944","0.0","5.251981829518126","5.251981829518126","0.006636305867038236","0.006636305867038236","0.0","0.0","737.05","Compute","No","No","No","<div class='source-info-cell' title='/home/lawrence/git/DISCO-EB/src/discoeb/thermodynamics_recfast.py:434:14
/home/lawrence/git/DISCO-EB/src/discoeb/thermodynamics_recfast.py:446:16
/home/lawrence/git/DISCO-EB/src/discoeb/thermodynamics_recfast.py:443:14
/home/lawrence/git/DISCO-EB/src/discoeb/thermodynamics_recfast.py:440:14
/home/lawrence/git/DISCO-EB/src/discoeb/thermodynamics_recfast.py:452:12
/home/lawrence/git/DISCO-EB/src/discoeb/thermodynamics_recfast.py:461:11
/home/lawrence/git/DISCO-EB/src/discoeb/background.py:237:82
/home/lawrence/git/DISCO-EB/src/discoeb/cmb.py:987:12
/home/lawrence/git/DISCO-EB/scripts/profile_CMB.py:38:0
'>/home/lawrence/git/DISCO-EB/src/discoeb/thermodynamics_recfast.py:434</div>"
"316.0","7","loop fusion","loop_dynamic_update_slice_fusion.56","%loop_dynamic_update_slice_fusion.56 = f64[320,126]{1,0} fusion(f64[320,126]{1,0} %get-tuple-element.16735, f64[320,1]{1,0} %loop_dynamic_slice_fusion.5, f64[320,126]{1,0} %get-tuple-element.16740, pred[] %input_reduce_fusion.5, s64[] %get-tuple-element.16734, /*index=5*/f64[126]{0} %get-tuple-element.16741), kind=kLoop, calls=%fused_dynamic_update_slice.56, control-predecessors={%loop_dynamic_slice_fusion.5}","jit(compute_Cell_spectrum_from_cosmo_params)/jit(main)/jit(compute_theta_ell)/vmap(while)/body/scatter:","125.0","140.471","1.123768","140.471","1.123768","0.0018250322986289908","81.11726628786808","0.0","56.14504061336503","56.14504061336503","8.513747329542051","8.513747329542051","0.0","0.0","6.141730750511049","HBM","No","No","No","<div class='source-info-cell' title='/home/lawrence/git/DISCO-EB/src/discoeb/spline_interpolation.py:79:24
/home/lawrence/git/DISCO-EB/src/discoeb/spline_interpolation.py:82:25
/home/lawrence/git/DISCO-EB/src/discoeb/cmb.py:735:18
/home/lawrence/git/DISCO-EB/src/discoeb/cmb.py:739:12
/home/lawrence/git/DISCO-EB/src/discoeb/cmb.py:1063:24
/home/lawrence/git/DISCO-EB/scripts/profile_CMB.py:38:0
'>/home/lawrence/git/DISCO-EB/src/discoeb/spline_interpolation.py:79</div>"
"317.0","7","call","call.592","%call.592 = (f64[128,320]{1,0}, f64[11,40960]{1,0}, f64[8,40960]{1,0}, f64[8,40960]{1,0}, f64[72,128,320]{2,1,0}) call(f64[128,318]{1,0} %get-tuple-element.631.0, f64[72,8,16,320]{3,2,1,0} %get-tuple-element.17909, f64[128,320]{1,0} %get-tuple-element.14090, f64[128,11]{1,0} %loop_divide_fusion.45, s32[8,1]{1,0} %constant_1851_0, /*index=5*/f64[8]{0} %constant_18346_0, s32[8,1]{1,0} %constant_1850_0, f64[8]{0} %constant_18345_0, f64[8]{0} %constant_18824_0, f64[128]{0} %get-tuple-element.17755, /*index=10*/s32[8,1]{1,0} %constant_1829_0, s32[8,1]{1,0} %constant_1834_0, s32[8,1]{1,0} %constant_1832_0, f64[128,320]{1,0} %get-tuple-element.14089, f64[128,320]{1,0} %get-tuple-element.14088, /*index=15*/f64[128,1]{1,0} %get-tuple-element.17766, f64[128,320]{1,0} %get-tuple-element.17914, f64[3,128,320]{2,1,0} %get-tuple-element.17910, f64[3]{0} %constant_18258_0, f64[] %get-tuple-element.17396, /*index=20*/f64[] %get-tuple-element.17393, f64[] %get-tuple-element.17397, f64[] %Arg_14.15, f64[] %Arg_13.14, f64[] %Arg_9.10, /*index=25*/f64[] %get-tuple-element.17395, s64[] %Arg_3.4, f64[] %Arg_2.3), to_apply=%command_buffer.50","","5.0","139.892","27.9784","139.892","27.9784","0.001817509794333398","81.11908379766241","0.0","41242.778143138996","41242.778143138996","2105.5484993683513","1200.1864782746006","0.0","0.0","18.242434375691655","HBM","No","No","No",""
"318.0","7","call","call.584","%call.584 = (s64[], f64[], f64[], f64[52]{0}, f64[128]{0}, /*index=5*/pred[128]{0}, f64[128]{0}, f64[128]{0}, pred[128]{0}, pred[128]{0}, /*index=10*/pred[128]{0}, pred[128]{0}, f64[128]{0}, f64[128]{0}, pred[128]{0}, /*index=15*/f64[128,1]{1,0}, f64[128]{0}, f64[128]{0}, f64[1]{0}) call(f64[1024]{0} %get-tuple-element.17697, f64[1024]{0} %get-tuple-element.17478, f64[] %get-tuple-element.17561, f64[] %get-tuple-element.17560, f64[] %get-tuple-element.17562, /*index=5*/f64[] %get-tuple-element.14321, f64[] %get-tuple-element.14315, f64[1024]{0} %get-tuple-element.17060, f64[1]{0} %get-tuple-element.17352, f64[512]{0} %get-tuple-element.17010, /*index=10*/f64[1024]{0} %input_concatenate_fusion.34, f64[1024]{0} %get-tuple-element.16952, f64[512]{0} %get-tuple-element.17392, f64[512]{0} %get-tuple-element.17011, f64[] %get-tuple-element.17405, /*index=15*/f64[] %Arg_14.15, f64[] %get-tuple-element.17404, f64[] %get-tuple-element.17403, s64[] %Arg_3.4, f64[] %Arg_2.3, /*index=20*/f64[] %get-tuple-element.17395, f64[] %get-tuple-element.17396, f64[] %get-tuple-element.17402), to_apply=%command_buffer.34","","22.0","128.233","5.828772727272727","128.233","5.828772727272727","0.001666033321825084","81.12074983098422","0.0","8943.379067790662","8943.379067790662","57.64103305412045","56.79228053831046","0.0","0.0","144.50072071672506","HBM","No","No","No",""
"319.0","7","loop fusion","loop_select_fusion.3","%loop_select_fusion.3 = f64[320]{0} fusion(f64[320]{0} %get-tuple-element.16702, f64[128,320]{1,0} %get-tuple-element.16708, s64[] %get-tuple-element.16701), kind=kLoop, calls=%fused_select.3","jit(compute_Cell_spectrum_from_cosmo_params)/jit(main)/jit(compute_theta_ell)/vmap(while)/body/jit(_where)/select_n:","128.0","126.907","0.9914609375","126.907","0.9914609375","0.0016488056176869911","81.12239863660191","0.0","1.9365362036767082","1.9365362036767082","7.22167428168979","7.22167428168979","0.0","0.0","0.2497398543184183","HBM","No","No","No","<div class='source-info-cell' title='/home/lawrence/git/DISCO-EB/src/discoeb/spline_interpolation.py:34:17
/home/lawrence/git/DISCO-EB/src/discoeb/spline_interpolation.py:39:40
/home/lawrence/git/DISCO-EB/src/discoeb/spline_interpolation.py:39:15
/home/lawrence/git/DISCO-EB/src/discoeb/background.py:166:43
/home/lawrence/git/DISCO-EB/src/discoeb/background.py:233:12
/home/lawrence/git/DISCO-EB/src/discoeb/cmb.py:987:12
/home/lawrence/git/DISCO-EB/scripts/profile_CMB.py:38:0
'>/home/lawrence/git/DISCO-EB/src/discoeb/spline_interpolation.py:34</div>"
"320.0","7","loop fusion","loop_select_fusion.4","%loop_select_fusion.4 = f64[] fusion(f64[] %get-tuple-element.16259, f64[128]{0} %get-tuple-element.16265, s64[] %get-tuple-element.16258), kind=kLoop, calls=%fused_select.4","jit(compute_Cell_spectrum_from_cosmo_params)/jit(main)/jit(compute_theta_ell)/vmap(while)/body/jit(_where)/select_n:","128.0","124.609","0.9735078125","124.609","0.9735078125","0.0016189494607417895","81.12401758606266","0.0","0.1058029516327071","0.1058029516327071","0.030613336642016223","0.030613336642016223","0.0","0.0","3.21875","HBM","No","No","No","<div class='source-info-cell' title='/home/lawrence/git/DISCO-EB/src/discoeb/spline_interpolation.py:34:17
/home/lawrence/git/DISCO-EB/src/discoeb/spline_interpolation.py:39:40
/home/lawrence/git/DISCO-EB/src/discoeb/spline_interpolation.py:39:15
/home/lawrence/git/DISCO-EB/src/discoeb/background.py:166:43
/home/lawrence/git/DISCO-EB/src/discoeb/background.py:233:12
/home/lawrence/git/DISCO-EB/src/discoeb/cmb.py:987:12
/home/lawrence/git/DISCO-EB/scripts/profile_CMB.py:38:0
'>/home/lawrence/git/DISCO-EB/src/discoeb/spline_interpolation.py:34</div>"
"321.0","7","loop fusion","loop_dynamic_slice_fusion.5","%loop_dynamic_slice_fusion.5 = f64[320,1]{1,0} fusion(f64[320,126]{1,0} %get-tuple-element.16735, s64[] %get-tuple-element.16734), kind=kLoop, calls=%fused_dynamic_slice.5","","125.0","123.644","0.989152","123.644","0.989152","0.0016064119535824687","81.12562399801624","0.0","0.012131603636245996","0.012131603636245996","4.835730750405497","4.835730750405497","0.0","0.0","0.002336448598130841","HBM","No","No","No",""
"322.0","7","loop fusion","loop_broadcast_reverse_fusion","%loop_broadcast_reverse_fusion = (f64[320,8192]{1,0}, f64[320,8192]{1,0}) fusion(f64[8192]{0} %get-tuple-element.14358, f64[320,128]{1,0} %input_concatenate_fusion.25, f64[8192]{0} %get-tuple-element.14047, f64[128,320]{1,0} %get-tuple-element.640.0, f64[8192]{0} %get-tuple-element.17822, /*index=5*/f64[8192]{0} %get-tuple-element.14048, s64[8192]{0} %get-tuple-element.17821), kind=kLoop, calls=%fused_broadcast_reverse","","1.0","123.609","123.609","123.609","123.609","0.0016059572253435295","81.12722995524159","0.0","18538.61747930976","18538.61747930976","323.42327293117813","323.42327293117813","0.0","0.0","53.383396946564886","HBM","No","No","No",""
"323.0","7","call","call.599","%call.599 = (s64[], s64[8]{0}, pred[8]{0}, s32[8]{0}, f64[8]{0}, /*index=5*/f64[8]{0}, f64[8]{0}, s64[8]{0}, s64[8]{0}, s64[8]{0}, /*index=10*/s64[8]{0}, f64[8,320]{1,0}, f64[8,16,72]{1,0,2}, f64[8,320,16,72]{3,2,1,0}) call(s64[] %get-tuple-element.15616, s64[8]{0} %get-tuple-element.15629, pred[8]{0} %get-tuple-element.15617, s32[8]{0} %get-tuple-element.15622, f64[8]{0} %get-tuple-element.15619, /*index=5*/f64[8]{0} %get-tuple-element.15620, f64[8]{0} %get-tuple-element.15621, s64[8]{0} %get-tuple-element.15623, s64[8]{0} %get-tuple-element.15624, s64[8]{0} %get-tuple-element.15625, /*index=10*/s64[8]{0} %get-tuple-element.15626, f64[8,320]{1,0} %get-tuple-element.15627, f64[8,16,72]{1,0,2} %get-tuple-element.15618, f64[8,320,16,72]{3,2,1,0} %get-tuple-element.15628), to_apply=%command_buffer.64","","42.0","116.727","2.7792142857142856","116.727","2.7792142857142856","0.0015165446613327035","81.12874649990292","0.0","0.0","0.0","15875.686948799235","7937.824708641091","0.0","0.0","0.0","HBM","No","No","No",""
"324.0","7","loop fusion","loop_and_fusion.1","%loop_and_fusion.1 = pred[] fusion(s64[] %get-tuple-element.13349.0, f64[] %get-tuple-element.13350.0, f64[] %get-tuple-element.13351.0), kind=kLoop, calls=%fused_and.1","jit(compute_Cell_spectrum_from_cosmo_params)/jit(main)/jit(evolve_background)/jit(evaluate_thermo)/while/body/cond/branch_0_fun/cond/branch_0_fun/cond/branch_0_fun/jit(diffeqsolve)/outer-loop/while/cond/and:","128.0","110.123","0.8603359375","110.123","0.8603359375","0.001430743938762594","81.13017724384167","0.0","0.010461029939249748","0.010461029939249748","0.027062759267087993","0.027062759267087993","0.0","0.0","0.36","HBM","No","No","No","<div class='source-info-cell' title='/home/lawrence/git/DISCO-EB/.venv/lib/python3.13/site-packages/equinox/internal/_loop/common.py:479:18
/home/lawrence/git/DISCO-EB/.venv/lib/python3.13/site-packages/equinox/internal/_loop/loop.py:103:29
/home/lawrence/git/DISCO-EB/.venv/lib/python3.13/site-packages/equinox/_module/_prebuilt.py:81:15
/home/lawrence/git/DISCO-EB/.venv/lib/python3.13/site-packages/diffrax/_integrate.py:638:18
/home/lawrence/git/DISCO-EB/.venv/lib/python3.13/site-packages/diffrax/_adjoint.py:904:22
/home/lawrence/git/DISCO-EB/.venv/lib/python3.13/site-packages/equinox/_module/_prebuilt.py:33:15
/home/lawrence/git/DISCO-EB/.venv/lib/python3.13/site-packages/diffrax/_integrate.py:1416:29
/home/lawrence/git/DISCO-EB/.venv/lib/python3.13/site-packages/equinox/_jit.py:55:14
/home/lawrence/git/DISCO-EB/.venv/lib/python3.13/site-packages/equinox/_jit.py:263:37
/home/lawrence/git/DISCO-EB/.venv/lib/python3.13/site-packages/equinox/_jit.py:209:19
'>/home/lawrence/git/DISCO-EB/.venv/lib/python3.13/site-packages/equinox/internal/_loop/common.py:479</div>"
"325.0","7","loop fusion","loop_concatenate_fusion","%loop_concatenate_fusion = f64[6]{0} fusion(f64[] %get-tuple-element.8310.0, f64[] %get-tuple-element.8312.0, f64[] %get-tuple-element.8307.0, f64[] %get-tuple-element.8309.0, f64[] %get-tuple-element.8311.0, /*index=5*/f64[] %get-tuple-element.8308.0), kind=kLoop, calls=%fused_concatenate","jit(compute_Cell_spectrum_from_cosmo_params)/jit(main)/jit(evolve_background)/jit(evaluate_thermo)/while/body/cond/branch_0_fun/cond/branch_1_fun/concatenate:","12.0","106.995","8.91625","106.995","8.91625","0.0013901042264368366","81.13156734806812","0.0","5.954969858404598","5.954969858404598","0.010027418159325494","0.010027418159325494","0.0","0.0","553.0833333333334","Compute","No","No","No","<div class='source-info-cell' title='/home/lawrence/git/DISCO-EB/src/discoeb/thermodynamics_recfast.py:418:13
/home/lawrence/git/DISCO-EB/src/discoeb/thermodynamics_recfast.py:443:14
/home/lawrence/git/DISCO-EB/src/discoeb/thermodynamics_recfast.py:440:14
/home/lawrence/git/DISCO-EB/src/discoeb/thermodynamics_recfast.py:452:12
/home/lawrence/git/DISCO-EB/src/discoeb/thermodynamics_recfast.py:461:11
/home/lawrence/git/DISCO-EB/src/discoeb/background.py:237:82
/home/lawrence/git/DISCO-EB/src/discoeb/cmb.py:987:12
/home/lawrence/git/DISCO-EB/scripts/profile_CMB.py:38:0
'>/home/lawrence/git/DISCO-EB/src/discoeb/thermodynamics_recfast.py:418</div>"
"326.0","7","loop fusion","loop_dynamic_update_slice_fusion.3","%loop_dynamic_update_slice_fusion.3 = f64[128,320]{1,0} fusion(f64[128,320]{1,0} %get-tuple-element.16703, s64[] %get-tuple-element.16701, f64[320]{0} %loop_select_fusion.3), kind=kLoop, calls=%fused_dynamic_update_slice.3","jit(compute_Cell_spectrum_from_cosmo_params)/jit(main)/jit(compute_theta_ell)/vmap(while)/body/dynamic_update_slice:","128.0","106.658","0.833265625","106.658","0.833265625","0.001385725843107623","81.13295307391122","0.0","0.0","0.0","5.731452275651205","5.731452275651205","0.0","0.0","0.0","HBM","No","No","No","<div class='source-info-cell' title='/home/lawrence/git/DISCO-EB/src/discoeb/spline_interpolation.py:39:15
/home/lawrence/git/DISCO-EB/src/discoeb/cmb.py:735:18
/home/lawrence/git/DISCO-EB/src/discoeb/cmb.py:739:12
/home/lawrence/git/DISCO-EB/src/discoeb/cmb.py:1063:24
/home/lawrence/git/DISCO-EB/scripts/profile_CMB.py:38:0
'>/home/lawrence/git/DISCO-EB/src/discoeb/spline_interpolation.py:39</div>"
"327.0","7","input fusion","input_reduce_fusion.5","%input_reduce_fusion.5 = pred[] fusion(s32[2]{0} %constant_19890_0, s64[] %get-tuple-element.16734), kind=kInput, calls=%fused_reduce.5","","125.0","106.183","0.8494640000000001","106.183","0.8494640000000001","0.0013795545312934494","81.13433262844251","0.0","0.05650622039309494","0.05650622039309494","0.018638204524809923","0.018638204524809923","0.0","0.0","2.823529411764706","HBM","No","No","No",""
"328.0","7","loop fusion","loop_add_fusion.4","%loop_add_fusion.4 = s64[] fusion(s64[] %get-tuple-element.16258), kind=kLoop, calls=%fused_add.4, control-predecessors={%loop_select_fusion.4, %loop_dynamic_update_slice_fusion.4}","jit(compute_Cell_spectrum_from_cosmo_params)/jit(main)/jit(compute_theta_ell)/vmap(while)/body/add:","128.0","104.855","0.8191796875","104.855","0.8191796875","0.00136230084268456","81.1356949292852","0.0","0.0036622001812026132","0.0036622001812026132","0.018190345074746078","0.018190345074746078","0.0","0.0","0.1875","HBM","No","No","No","<div class='source-info-cell' title='/home/lawrence/git/DISCO-EB/src/discoeb/spline_interpolation.py:40:15
/home/lawrence/git/DISCO-EB/src/discoeb/cmb.py:735:18
/home/lawrence/git/DISCO-EB/src/discoeb/cmb.py:739:12
/home/lawrence/git/DISCO-EB/src/discoeb/cmb.py:1063:24
/home/lawrence/git/DISCO-EB/scripts/profile_CMB.py:38:0
'>/home/lawrence/git/DISCO-EB/src/discoeb/spline_interpolation.py:40</div>"
"329.0","7","input fusion","input_transpose_fusion.16","%input_transpose_fusion.16 = f64[8192,318]{1,0} fusion(f64[8192,318]{1,0} %input_transpose_fusion.17, f64[320,8192]{1,0} %get-tuple-element.668.0, f64[318]{0} %get-tuple-element.17887), kind=kInput, calls=%fused_transpose.17","jit(compute_Cell_spectrum_from_cosmo_params)/jit(main)/jit(compute_theta_ell)/mul:","1.0","104.735","104.735","104.735","104.735","0.0013607417744367688","81.13705567105963","0.0","57381.622112951736","57381.622112951736","557.1392434203448","557.1392434203448","0.0","0.0","95.92000684383167","HBM","No","No","No","<div class='source-info-cell' title='/home/lawrence/git/DISCO-EB/src/discoeb/spline_interpolation.py:56:16
/home/lawrence/git/DISCO-EB/src/discoeb/cmb.py:766:17
/home/lawrence/git/DISCO-EB/src/discoeb/cmb.py:770:15
/home/lawrence/git/DISCO-EB/src/discoeb/cmb.py:1063:24
/home/lawrence/git/DISCO-EB/scripts/profile_CMB.py:38:0
'>/home/lawrence/git/DISCO-EB/src/discoeb/spline_interpolation.py:56</div>"
"330.0","7","loop fusion","loop_add_fusion.3","%loop_add_fusion.3 = s64[] fusion(s64[] %get-tuple-element.16701), kind=kLoop, calls=%fused_add.3, control-predecessors={%loop_select_fusion.3, %loop_dynamic_update_slice_fusion.3}","jit(compute_Cell_spectrum_from_cosmo_params)/jit(main)/jit(compute_theta_ell)/vmap(while)/body/add:","128.0","104.389","0.8155390625","104.389","0.8155390625","0.0013562464609889707","81.13841191752063","0.0","0.0036785485060686473","0.0036785485060686473","0.01827154808277213","0.01827154808277213","0.0","0.0","0.1875","HBM","No","No","No","<div class='source-info-cell' title='/home/lawrence/git/DISCO-EB/src/discoeb/spline_interpolation.py:39:15
/home/lawrence/git/DISCO-EB/src/discoeb/cmb.py:735:18
/home/lawrence/git/DISCO-EB/src/discoeb/cmb.py:739:12
/home/lawrence/git/DISCO-EB/src/discoeb/cmb.py:1063:24
/home/lawrence/git/DISCO-EB/scripts/profile_CMB.py:38:0
'>/home/lawrence/git/DISCO-EB/src/discoeb/spline_interpolation.py:39</div>"
"331.0","7","call","call.581","%call.581 = (f64[318]{0}, f64[318]{0}, f64[318]{0}, f64[318]{0}, f64[1024]{0}, /*index=5*/f64[1024]{0}, f64[1024]{0}, f64[1024]{0}, f64[1024]{0}, f64[1024]{0}, /*index=10*/f64[1024]{0}, f64[1024]{0}, s64[], f64[], f64[64,16]{1,0}, /*index=15*/s32[]) call(f64[320]{0} %get-tuple-element.623.0, f64[1022]{0} %get-tuple-element.456.0, f64[1024]{0} %get-tuple-element.16975, f64[1024]{0} %get-tuple-element.17060, f64[1022]{0} %get-tuple-element.455.0, /*index=5*/f64[1024]{0} %get-tuple-element.17052, f64[1022]{0} %get-tuple-element.517.0, f64[1024]{0} %get-tuple-element.17061, f64[1022]{0} %get-tuple-element.395.0, f64[1024]{0} %get-tuple-element.17028, /*index=10*/f64[1024]{0} %get-tuple-element.17027, f64[1025]{0} %get-tuple-element.17332, f64[] %Arg_1.2, f64[] %Arg_4.5, f64[1024]{0} %input_concatenate_fusion.33, /*index=15*/f64[1024]{0} %get-tuple-element.17478, s64[1024]{0} %input_reduce_fusion.39, f64[] %Arg_8.9, f64[1024]{0} %get-tuple-element.17507, s64[] %get-tuple-element.14409, /*index=20*/f64[1]{0} %get-tuple-element.17565, f64[1024]{0} %get-tuple-element.17453, f64[1022]{0} %get-tuple-element.397.0, f64[] %wrapped_exponential.5, f64[1022]{0} %get-tuple-element.511.0, /*index=25*/f64[1024]{0} %get-tuple-element.17039, f64[1022]{0} %get-tuple-element.447.0, f64[1024]{0} %get-tuple-element.16952, f64[] %get-tuple-element.14282, f64[] %get-tuple-element.17564, /*index=30*/f64[1]{0} %get-tuple-element.17352, f64[512]{0} %get-tuple-element.17010, f64[1024]{0} %input_concatenate_fusion.34, f64[] %get-tuple-element.17405, f64[] %get-tuple-element.17396, /*index=35*/f64[] %get-tuple-element.17395, f64[] %Arg_2.3, f64[] %get-tuple-element.17403, f64[] %Arg_14.15, f64[] %get-tuple-element.17404, /*index=40*/f64[512]{0} %get-tuple-element.17392, f64[512]{0} %get-tuple-element.17011, f64[] %get-tuple-element.17402, s64[] %Arg_3.4), to_apply=%command_buffer.28","","6.0","102.804","17.134","102.804","17.134","0.0013356537678827286","81.13974757128851","0.0","3422.9202754756625","3422.9202754756625","14.535676602292007","14.499367306164824","0.0","0.0","219.31162964624934","HBM","No","No","No",""
"332.0","7","loop fusion","loop_dynamic_update_slice_fusion.4","%loop_dynamic_update_slice_fusion.4 = f64[128]{0} fusion(f64[128]{0} %get-tuple-element.16260, s64[] %get-tuple-element.16258, f64[] %loop_select_fusion.4), kind=kLoop, calls=%fused_dynamic_update_slice.4","jit(compute_Cell_spectrum_from_cosmo_params)/jit(main)/jit(compute_theta_ell)/vmap(while)/body/dynamic_update_slice:","128.0","102.287","0.7991171875","102.287","0.7991171875","0.0013289367821818282","81.1410765080707","0.0","0.0","0.0","0.027970543169892066","0.027970543169892066","0.0","0.0","0.0","HBM","No","No","No","<div class='source-info-cell' title='/home/lawrence/git/DISCO-EB/src/discoeb/spline_interpolation.py:40:15
/home/lawrence/git/DISCO-EB/src/discoeb/cmb.py:735:18
/home/lawrence/git/DISCO-EB/src/discoeb/cmb.py:739:12
/home/lawrence/git/DISCO-EB/src/discoeb/cmb.py:1063:24
/home/lawrence/git/DISCO-EB/scripts/profile_CMB.py:38:0
'>/home/lawrence/git/DISCO-EB/src/discoeb/spline_interpolation.py:40</div>"
"333.0","7","loop fusion","loop_add_fusion.41","%loop_add_fusion.41 = s64[] fusion(s64[] %get-tuple-element.16734), kind=kLoop, calls=%fused_add.41, control-predecessors={%loop_dynamic_update_slice_fusion.56, %loop_dynamic_slice_fusion.5, %input_reduce_fusion.5}","jit(compute_Cell_spectrum_from_cosmo_params)/jit(main)/jit(compute_theta_ell)/vmap(while)/body/add:","125.0","101.926","0.815408","101.926","0.815408","0.0013242465852030562","81.1424007546559","0.0","0.003679139768067029","0.003679139768067029","0.01827448491288736","0.01827448491288736","0.0","0.0","0.1875","HBM","No","No","No","<div class='source-info-cell' title='/home/lawrence/git/DISCO-EB/src/discoeb/spline_interpolation.py:82:25
/home/lawrence/git/DISCO-EB/src/discoeb/cmb.py:735:18
/home/lawrence/git/DISCO-EB/src/discoeb/cmb.py:739:12
/home/lawrence/git/DISCO-EB/src/discoeb/cmb.py:1063:24
/home/lawrence/git/DISCO-EB/scripts/profile_CMB.py:38:0
'>/home/lawrence/git/DISCO-EB/src/discoeb/spline_interpolation.py:82</div>"
"334.0","7","while","while.599","%while.599 = (s64[], f64[3]{0}, f64[], f64[], f64[], /*index=5*/s64[], f64[], f64[], f64[], f64[], /*index=10*/f64[], f64[], f64[512]{0}, f64[512]{0}, f64[512]{0}, /*index=15*/f64[], f64[], f64[], f64[], s64[], /*index=20*/f64[], f64[], f64[], f64[], f64[]) while((s64[], f64[3]{0}, f64[], f64[], f64[], /*index=5*/s64[], f64[], f64[], f64[], f64[], /*index=10*/f64[], f64[], f64[512]{0}, f64[512]{0}, f64[512]{0}, /*index=15*/f64[], f64[], f64[], f64[], s64[], /*index=20*/f64[], f64[], f64[], f64[], f64[]) %tuple.4206), condition=%region_69.7295.clone.1.clone.clone, body=%region_67.7256.clone.clone.clone","jit(compute_Cell_spectrum_from_cosmo_params)/jit(main)/jit(evolve_background)/jit(evaluate_thermo)/while/body/cond/branch_0_fun/cond/branch_0_fun/cond/branch_0_fun/jit(diffeqsolve)/outer-loop/while:","128.0","98.874","0.772453125","98.874","0.772453125","0.0012845942827675665","81.14368534893866","0.0","1347.5717377672593","1347.5717377672593","9.017196396932388","0.9560952992067635","0.0","0.0","139.18117395373713","Compute","No","No","No","<div class='source-info-cell' title='/home/lawrence/git/DISCO-EB/.venv/lib/python3.13/site-packages/equinox/internal/_loop/loop.py:103:29
/home/lawrence/git/DISCO-EB/.venv/lib/python3.13/site-packages/equinox/_module/_prebuilt.py:81:15
/home/lawrence/git/DISCO-EB/.venv/lib/python3.13/site-packages/diffrax/_integrate.py:638:18
/home/lawrence/git/DISCO-EB/.venv/lib/python3.13/site-packages/diffrax/_adjoint.py:904:22
/home/lawrence/git/DISCO-EB/.venv/lib/python3.13/site-packages/equinox/_module/_prebuilt.py:33:15
/home/lawrence/git/DISCO-EB/.venv/lib/python3.13/site-packages/diffrax/_integrate.py:1416:29
/home/lawrence/git/DISCO-EB/.venv/lib/python3.13/site-packages/equinox/_jit.py:55:14
/home/lawrence/git/DISCO-EB/.venv/lib/python3.13/site-packages/equinox/_jit.py:263:37
/home/lawrence/git/DISCO-EB/.venv/lib/python3.13/site-packages/equinox/_jit.py:209:19
/home/lawrence/git/DISCO-EB/src/discoeb/thermodynamics_recfast.py:284:7
'>/home/lawrence/git/DISCO-EB/.venv/lib/python3.13/site-packages/equinox/internal/_loop/loop.py:103</div>"
"335.0","7","call","call.573","%call.573 = (f64[1023]{0}, f64[1023]{0}, f64[1023]{0}, f64[1023]{0}, f64[1023]{0}, /*index=5*/f64[1023]{0}, f64[1023]{0}, f64[6,1023]{1,0}, (f64[6,1023]{1,0}, f64[6,1023]{1,0}, f64[6,1023]{1,0}, f64[6,1023]{1,0}, f64[6,1023]{1,0}, /*index=5*/f64[6,1023]{1,0})) call(f64[1]{0} %get-tuple-element.17352, f64[512]{0} %get-tuple-element.17010, f64[1023]{0} %get-tuple-element.17365, f64[1025]{0} %get-tuple-element.17332, f64[] %get-tuple-element.17405, /*index=5*/f64[] %get-tuple-element.17404, f64[] %get-tuple-element.17403, f64[512]{0} %get-tuple-element.17392, f64[512]{0} %get-tuple-element.17011, f64[] %Arg_2.3, /*index=10*/f64[] %get-tuple-element.17395, f64[] %get-tuple-element.17396, f64[] %get-tuple-element.17402, s64[] %Arg_3.4, f64[] %Arg_14.15, /*index=15*/f64[1023]{0} %input_reduce_fusion.61, f64[1023]{0} %get-tuple-element.17431, f64[1023]{0} %get-tuple-element.17430, s32[1023,1]{1,0} %get-tuple-element.17364, f64[1025]{0} %get-tuple-element.17333), to_apply=%command_buffer.12","","7.0","98.773","14.11042857142857","98.773","14.11042857142857","0.0012832820669923422","81.14496863100565","0.0","71196.47223431505","71196.47223431505","67.00645900543371","68.6211424539242","0.0","0.0","989.5595560336167","Compute","No","No","No",""
"336.0","7","loop fusion","loop_concatenate_fusion.1","%loop_concatenate_fusion.1 = f64[6]{0} fusion(f64[] %get-tuple-element.8452.0, f64[] %get-tuple-element.8451.0), kind=kLoop, calls=%fused_concatenate.1","jit(compute_Cell_spectrum_from_cosmo_params)/jit(main)/jit(evolve_background)/jit(evaluate_thermo)/while/body/cond/branch_1_fun/concatenate:","105.0","97.557","0.9291142857142858","97.557","0.9291142857142858","0.001267483508748058","81.14623611451441","0.0","0.45957747778221963","0.45957747778221963","0.06415211313812454","0.06415211313812454","0.0","0.0","6.671875","HBM","No","No","No","<div class='source-info-cell' title='/home/lawrence/git/DISCO-EB/src/discoeb/thermodynamics_recfast.py:405:13
/home/lawrence/git/DISCO-EB/src/discoeb/thermodynamics_recfast.py:440:14
/home/lawrence/git/DISCO-EB/src/discoeb/thermodynamics_recfast.py:452:12
/home/lawrence/git/DISCO-EB/src/discoeb/thermodynamics_recfast.py:461:11
/home/lawrence/git/DISCO-EB/src/discoeb/background.py:237:82
/home/lawrence/git/DISCO-EB/src/discoeb/cmb.py:987:12
/home/lawrence/git/DISCO-EB/scripts/profile_CMB.py:38:0
'>/home/lawrence/git/DISCO-EB/src/discoeb/thermodynamics_recfast.py:405</div>"
"337.0","7","input fusion","input_transpose_fusion.17","%input_transpose_fusion.17 = f64[8192,318]{1,0} fusion(f64[320,8192]{1,0} %get-tuple-element.668.0, f64[318]{0} %get-tuple-element.17886), kind=kInput, calls=%fused_transpose.18","jit(compute_Cell_spectrum_from_cosmo_params)/jit(main)/jit(compute_theta_ell)/div:","1.0","84.869","84.869","84.869","84.869","0.001102638026014934","81.14733875254042","0.0","64858.58591476275","64858.58591476275","458.8577569210173","458.8577569210173","0.0","0.0","131.64050146035424","HBM","No","No","No","<div class='source-info-cell' title='/home/lawrence/git/DISCO-EB/src/discoeb/spline_interpolation.py:56:21
/home/lawrence/git/DISCO-EB/src/discoeb/cmb.py:766:17
/home/lawrence/git/DISCO-EB/src/discoeb/cmb.py:770:15
/home/lawrence/git/DISCO-EB/src/discoeb/cmb.py:1063:24
/home/lawrence/git/DISCO-EB/scripts/profile_CMB.py:38:0
'>/home/lawrence/git/DISCO-EB/src/discoeb/spline_interpolation.py:56</div>"
"338.0","7","call","call.590","%call.590 = (f64[318]{0}, f64[318]{0}, f64[318]{0}, f64[318]{0}, f64[16384]{0}, /*index=5*/f64[16384]{0}, f64[16384]{0}, f64[16384]{0}, s32[16384]{0}, s32[16384]{0}, /*index=10*/f64[16384]{0}, c128[8193]{0}, f64[8193]{0}, f64[8193]{0}, c128[8193]{0}, /*index=15*/c128[8193]{0}, f64[8,320,16,72]{3,2,1,0}) call(f64[320]{0} %get-tuple-element.667.0, f64[16384]{0} %get-tuple-element.17859, f64[1]{0} %get-tuple-element.17563, f64[320]{0} %get-tuple-element.17553, f64[] %get-tuple-element.17564), to_apply=%command_buffer.46","","5.0","77.662","15.5324","77.662","15.5324","0.0010090029854996738","81.14834775552592","0.0","13742.72926270248","13742.72926270248","1525.744826115027","103.70344383293973","0.0","0.0","8.38863339407361","HBM","No","No","No",""
"339.0","7","call","call.567","%call.567 = (f64[], s64[], s64[], s64[], s64[], /*index=5*/s64[], s64[], s64[], s64[], s64[], /*index=10*/s64[], s64[], s64[], s64[], s64[], /*index=15*/s64[], s64[], s64[], s64[], s64[], /*index=20*/s64[], s64[], s64[], s64[], s64[], /*index=25*/s64[], s64[], s64[], s64[], s64[], /*index=30*/s64[], s64[], s64[], s64[], s64[], /*index=35*/s64[], s64[], s64[], s64[], s64[], /*index=40*/s64[], s64[], s64[], s64[], s64[], /*index=45*/s64[], s64[], s64[], s64[], s64[], /*index=50*/s64[], s64[], s64[], s64[], s64[], /*index=55*/s64[], s64[], s64[], s64[], s64[], /*index=60*/s64[], s64[], s64[], s64[], s64[], /*index=65*/s64[], s64[], s64[], s64[], s64[], /*index=70*/s64[], s64[], s64[], s64[], s64[], /*index=75*/s64[], f64[], f64[], f64[], (), /*index=80*/(), (), f64[], f64[], s64[], /*index=85*/s64[], pred[], pred[], pred[], pred[], /*index=90*/pred[], pred[], pred[], pred[], pred[], /*index=95*/pred[], s64[], s64[], s64[], s64[], /*index=100*/s64[], s64[], s64[], f64[6]{0}, f64[6]{0}, /*index=105*/f64[6]{0}, f64[6]{0}, f64[6]{0}, f64[6]{0}, f64[8,8]{1,0}) call(s64[] %constant_23_0, f64[] %Arg_8.9, f64[] %Arg_7.8, f64[] %Arg_11.12, f64[] %Arg_4.5, /*index=5*/f64[] %Arg_1.2, pred[] %constant_1432_0, s64[] %Arg_3.4, s64[] %constant_1768_0, s64[] %constant_1769_0, /*index=10*/s64[] %constant_1770_0, s64[] %constant_1771_0, f64[8]{0} %constant_17524_0, f64[8]{0} %constant_17523_0, s64[8]{0} %constant_1268_0), to_apply=%command_buffer","","101.0","76.317","0.7556138613861385","76.317","0.7556138613861385","0.000991528428889014","81.1493392839548","0.0","78.84847412765177","78.84847412765177","4.105583095515548","8.039843450029396","0.0","0.0","17.886220354247975","HBM","No","No","No",""
"340.0","7","loop fusion","loop_dynamic_update_slice_fusion.49","%loop_dynamic_update_slice_fusion.49 = f64[6]{0} fusion(f64[6]{0} %input_concatenate_fusion.19, f64[] %get-tuple-element.7702.0, f64[] %get-tuple-element.14713, f64[] %get-tuple-element.7701.0), kind=kLoop, calls=%fused_dynamic_update_slice.49","jit(compute_Cell_spectrum_from_cosmo_params)/jit(main)/jit(evolve_background)/jit(evaluate_thermo)/while/body/cond/branch_0_fun/cond/branch_0_fun/cond/branch_1_fun/scatter:","30.0","69.09","2.303","69.09","2.303","0.0008976335436657885","81.15023691749846","0.0","4.456795484151107","4.456795484151107","0.012940652361135611","0.012940652361135611","0.0","0.0","320.75","Compute","No","No","No","<div class='source-info-cell' title='/home/lawrence/git/DISCO-EB/src/discoeb/thermodynamics_recfast.py:433:14
/home/lawrence/git/DISCO-EB/src/discoeb/thermodynamics_recfast.py:446:16
/home/lawrence/git/DISCO-EB/src/discoeb/thermodynamics_recfast.py:443:14
/home/lawrence/git/DISCO-EB/src/discoeb/thermodynamics_recfast.py:440:14
/home/lawrence/git/DISCO-EB/src/discoeb/thermodynamics_recfast.py:452:12
/home/lawrence/git/DISCO-EB/src/discoeb/thermodynamics_recfast.py:461:11
/home/lawrence/git/DISCO-EB/src/discoeb/background.py:237:82
/home/lawrence/git/DISCO-EB/src/discoeb/cmb.py:987:12
/home/lawrence/git/DISCO-EB/scripts/profile_CMB.py:38:0
'>/home/lawrence/git/DISCO-EB/src/discoeb/thermodynamics_recfast.py:433</div>"
"341.0","7","loop fusion","loop_add_fusion.67","%loop_add_fusion.67 = s64[] fusion(s64[] %get-tuple-element.15388), kind=kLoop, calls=%fused_add.67","jit(compute_Cell_spectrum_from_cosmo_params)/jit(main)/jit(evolve_perturbations_batched)/vmap(jit(diffeqsolve))/outer-loop/while/body/checkpoint/cond/branch_1_fun/while/body/add:","48.0","64.895","1.3519791666666665","64.895","1.3519791666666665","0.0008431311161700873","81.15108004861463","0.0","0.002218969103937129","0.002218969103937129","0.011021738767311618","0.011021738767311618","0.0","0.0","0.1875","HBM","No","No","No","<div class='source-info-cell' title='/home/lawrence/git/DISCO-EB/.venv/lib/python3.13/site-packages/equinox/internal/_loop/bounded.py:78:15
/home/lawrence/git/DISCO-EB/.venv/lib/python3.13/site-packages/equinox/internal/_loop/bounded.py:69:19
/home/lawrence/git/DISCO-EB/.venv/lib/python3.13/site-packages/equinox/internal/_loop/bounded.py:72:19
/home/lawrence/git/DISCO-EB/.venv/lib/python3.13/site-packages/equinox/internal/_loop/bounded.py:78:15
/home/lawrence/git/DISCO-EB/.venv/lib/python3.13/site-packages/equinox/internal/_loop/bounded.py:59:19
/home/lawrence/git/DISCO-EB/.venv/lib/python3.13/site-packages/equinox/internal/_loop/loop.py:119:15
/home/lawrence/git/DISCO-EB/.venv/lib/python3.13/site-packages/diffrax/_integrate.py:638:18
/home/lawrence/git/DISCO-EB/.venv/lib/python3.13/site-packages/diffrax/_adjoint.py:393:22
/home/lawrence/git/DISCO-EB/.venv/lib/python3.13/site-packages/equinox/_module/_prebuilt.py:33:15
/home/lawrence/git/DISCO-EB/.venv/lib/python3.13/site-packages/diffrax/_integrate.py:1416:29
'>/home/lawrence/git/DISCO-EB/.venv/lib/python3.13/site-packages/equinox/internal/_loop/bounded.py:78</div>"
"342.0","7","call","call.583","%call.583 = (f64[1024]{0}, f64[1024]{0}, f64[1024]{0}, f64[1024]{0}, f64[1024]{0}, /*index=5*/f64[1024]{0}, f64[], f64[], f64[], f64[], /*index=10*/f64[], s32[]) call(f64[1022]{0} %get-tuple-element.436.0, f64[1024]{0} %get-tuple-element.11053.0, f64[1024]{0} %get-tuple-element.17060, f64[1024]{0} %get-tuple-element.17632, f64[1024]{0} %get-tuple-element.17478, /*index=5*/s64[1024]{0} %input_reduce_fusion.39, f64[] %get-tuple-element.17564, s64[] %get-tuple-element.17637, f64[] %get-tuple-element.17662, f64[] %get-tuple-element.17661, /*index=10*/f64[1]{0} %get-tuple-element.17352, f64[512]{0} %get-tuple-element.17010, f64[1024]{0} %input_concatenate_fusion.34, f64[1024]{0} %get-tuple-element.16952, f64[] %get-tuple-element.17405, /*index=15*/f64[] %get-tuple-element.17396, f64[] %get-tuple-element.17395, f64[] %Arg_2.3, f64[] %get-tuple-element.17403, f64[] %Arg_14.15, /*index=20*/f64[] %get-tuple-element.17404, f64[512]{0} %get-tuple-element.17392, f64[512]{0} %get-tuple-element.17011, f64[] %get-tuple-element.17402, f64[1024]{0} %input_concatenate_fusion.33, /*index=25*/f64[1024]{0} %get-tuple-element.17061, s64[] %Arg_3.4, f64[] %Arg_1.2, f64[] %Arg_4.5, f64[] %Arg_8.9), to_apply=%command_buffer.32","","11.0","59.781","5.434636363636364","59.781","5.434636363636364","0.0007766888243433854","81.15185673743898","0.0","3668.1703551295564","3668.1703551295564","27.071340180470717","24.15465741471722","0.0","0.0","126.19433823715595","HBM","No","No","No",""
"343.0","7","conditional","conditional.10","%conditional.10 = (s64[], pred[8]{0}, f64[8,16,72]{1,0,2}, f64[8]{0}, f64[8]{0}, /*index=5*/f64[8]{0}, s32[8]{0}, s64[8]{0}, s64[8]{0}, s64[8]{0}, /*index=10*/s64[8]{0}, f64[8,320]{1,0}, f64[8,320,16,72]{3,2,1,0}, s64[8]{0}) conditional(s32[] %loop_convert_fusion.4, (s64[], pred[8]{0}, f64[8,16,72]{1,0,2}, f64[8]{0}, f64[8]{0}, /*index=5*/f64[8]{0}, s32[8]{0}, s64[8]{0}, s64[8]{0}, s64[8]{0}, /*index=10*/s64[8]{0}, f64[8,320]{1,0}, f64[8,320,16,72]{3,2,1,0}, s64[8]{0}) %tuple.100.0, (f64[8]{0}, pred[], s64[8]{0}, f64[], f64[], /*index=5*/f64[8,16]{1,0}, f64[1024]{0}, f64[1024]{0}, f64[1024]{0}, f64[1024]{0}, /*index=10*/f64[1024]{0}, f64[1024]{0}, f64[], f64[], f64[], /*index=15*/f64[], f64[512]{0}, f64[512]{0}, f64[512]{0}, f64[], /*index=20*/f64[], f64[], s64[], f64[], f64[], /*index=25*/f64[], f64[], f64[], f64[], f64[], /*index=30*/s64[8]{0}, f64[3]{0}, f64[3]{0}, s64[8]{0}, s64[8]{0}, /*index=35*/f64[3]{0}, s64[5]{0}, f64[3]{0}, f64[3]{0}, s64[8]{0}, /*index=40*/s64[8]{0}, f64[3]{0}, s64[5]{0}, f64[3]{0}, f64[3]{0}, /*index=45*/s64[8]{0}, s64[8]{0}, f64[3]{0}, s64[5]{0}, f64[3]{0}, /*index=50*/f64[3]{0}, s64[8]{0}, s64[8]{0}, f64[3]{0}, s64[5]{0}, /*index=55*/f64[3]{0}, f64[3]{0}, s64[8]{0}, s64[8]{0}, f64[3]{0}, /*index=60*/s64[5]{0}, f64[3]{0}, f64[3]{0}, s64[8]{0}, s64[8]{0}, /*index=65*/f64[3]{0}, s64[5]{0}, f64[3]{0}, f64[3]{0}, s64[8]{0}, /*index=70*/s64[8]{0}, f64[3]{0}, s64[5]{0}, f64[3]{0}, f64[3]{0}, /*index=75*/s64[8]{0}, s64[8]{0}, f64[3]{0}, s64[5]{0}, f64[3]{0}, /*index=80*/f64[3]{0}, s64[8]{0}, s64[8]{0}, f64[3]{0}, s64[5]{0}, /*index=85*/f64[], f64[], s64[6]{0}, f64[8,16,6]{2,1,0}, f64[8,320]{1,0}, /*index=90*/pred[], s64[], pred[8]{0}, f64[8,16,72]{1,0,2}, f64[8]{0}, /*index=95*/f64[8]{0}, f64[8]{0}, s32[8]{0}, s64[8]{0}, s64[8]{0}, /*index=100*/s64[8]{0}, s64[8]{0}, f64[8,320]{1,0}, f64[8,320,16,72]{3,2,1,0}, s64[8]{0}) %tuple.101.0), branch_computations={%region_308.22721.clone, %region_313.36930}, control-predecessors={%loop_convert_fusion.4, %input_reduce_fusion.22}","jit(compute_Cell_spectrum_from_cosmo_params)/jit(main)/jit(evolve_perturbations_batched)/vmap(jit(diffeqsolve))/outer-loop/while/body/checkpoint/cond/branch_1_fun/while/body/checkpoint/cond:","48.0","56.965","1.1867708333333333","56.965","1.1867708333333333","0.0007401026894618851","81.15259684012844","0.0","1569014.6300359871","1569014.6300359871","300514.88950842037","140408.40526946777","0.0","0.0","4.862516952969559","HBM","No","No","No","<div class='source-info-cell' title='/home/lawrence/git/DISCO-EB/.venv/lib/python3.13/site-packages/equinox/internal/_loop/bounded.py:72:19
/home/lawrence/git/DISCO-EB/.venv/lib/python3.13/site-packages/equinox/internal/_loop/bounded.py:78:15
/home/lawrence/git/DISCO-EB/.venv/lib/python3.13/site-packages/equinox/internal/_loop/bounded.py:69:19
/home/lawrence/git/DISCO-EB/.venv/lib/python3.13/site-packages/equinox/internal/_loop/bounded.py:72:19
/home/lawrence/git/DISCO-EB/.venv/lib/python3.13/site-packages/equinox/internal/_loop/bounded.py:78:15
/home/lawrence/git/DISCO-EB/.venv/lib/python3.13/site-packages/equinox/internal/_loop/bounded.py:59:19
/home/lawrence/git/DISCO-EB/.venv/lib/python3.13/site-packages/equinox/internal/_loop/loop.py:119:15
/home/lawrence/git/DISCO-EB/.venv/lib/python3.13/site-packages/diffrax/_integrate.py:638:18
/home/lawrence/git/DISCO-EB/.venv/lib/python3.13/site-packages/diffrax/_adjoint.py:393:22
/home/lawrence/git/DISCO-EB/.venv/lib/python3.13/site-packages/equinox/_module/_prebuilt.py:33:15
'>/home/lawrence/git/DISCO-EB/.venv/lib/python3.13/site-packages/equinox/internal/_loop/bounded.py:72</div>"
"344.0","7","input fusion","input_reduce_fusion.22","%input_reduce_fusion.22 = pred[] fusion(f64[8]{0} %get-tuple-element.15392, f64[8]{0} %get-tuple-element.15510, pred[] %get-tuple-element.15511), kind=kInput, calls=%fused_reduce.22","jit(compute_Cell_spectrum_from_cosmo_params)/jit(main)/jit(evolve_perturbations_batched)/vmap(jit(diffeqsolve))/outer-loop/while/body/checkpoint/cond/branch_1_fun/while/body/checkpoint/reduce_or:","48.0","54.856","1.1428333333333334","54.856","1.1428333333333334","0.0007127020650069546","81.15330954219345","0.0","0.060376257838704976","0.060376257838704976","0.10594014994896794","0.10594014994896794","0.0","0.0","0.5307692307692308","HBM","No","No","No","<div class='source-info-cell' title='/home/lawrence/git/DISCO-EB/.venv/lib/python3.13/site-packages/equinox/_unvmap.py:50:23
/home/lawrence/git/DISCO-EB/.venv/lib/python3.13/site-packages/equinox/internal/_loop/common.py:475:14
/home/lawrence/git/DISCO-EB/.venv/lib/python3.13/site-packages/equinox/internal/_loop/bounded.py:72:28
/home/lawrence/git/DISCO-EB/.venv/lib/python3.13/site-packages/equinox/internal/_loop/bounded.py:78:15
/home/lawrence/git/DISCO-EB/.venv/lib/python3.13/site-packages/equinox/internal/_loop/bounded.py:69:19
/home/lawrence/git/DISCO-EB/.venv/lib/python3.13/site-packages/equinox/internal/_loop/bounded.py:72:19
/home/lawrence/git/DISCO-EB/.venv/lib/python3.13/site-packages/equinox/internal/_loop/bounded.py:78:15
/home/lawrence/git/DISCO-EB/.venv/lib/python3.13/site-packages/equinox/internal/_loop/bounded.py:59:19
/home/lawrence/git/DISCO-EB/.venv/lib/python3.13/site-packages/equinox/internal/_loop/loop.py:119:15
/home/lawrence/git/DISCO-EB/.venv/lib/python3.13/site-packages/diffrax/_integrate.py:638:18
'>/home/lawrence/git/DISCO-EB/.venv/lib/python3.13/site-packages/equinox/_unvmap.py:50</div>"
"345.0","7","call","call.576","%call.576 = (f64[1024]{0}, f64[128,320]{1,0}, f64[320]{0}, f64[320]{0}, f64[320]{0}, /*index=5*/f64[320]{0}, f64[320]{0}, f64[], f64[], (s64[], f64[], f64[320]{0}, f64[320]{0}), /*index=10*/f64[], f64[], f64[], f64[1]{0}, f64[], /*index=15*/f64[1]{0}, f64[], (f64[], f64[]), (f64[], f64[]), f64[], /*index=20*/(s32[], f64[], f64[])) call(f64[1022]{0} %get-tuple-element.517.0, f64[320]{0} %get-tuple-element.17327, f64[1024]{0} %get-tuple-element.17027, f64[512]{0} %get-tuple-element.17010, f64[1]{0} %get-tuple-element.17352, /*index=5*/f64[1024]{0} %get-tuple-element.17507, f64[1024]{0} %get-tuple-element.17028, f64[] %Arg_14.15, f64[] %get-tuple-element.17404, f64[] %get-tuple-element.17405, /*index=10*/f64[] %get-tuple-element.17403, f64[512]{0} %get-tuple-element.17392, f64[512]{0} %get-tuple-element.17011, f64[] %Arg_2.3, f64[] %get-tuple-element.17395, /*index=15*/f64[] %get-tuple-element.17396, f64[] %get-tuple-element.17402, s64[] %Arg_3.4, s64[] %get-tuple-element.17237, f64[320]{0} %get-tuple-element.17330, /*index=20*/s64[] %get-tuple-element.14408, f64[] %get-tuple-element.17398, s64[] %get-tuple-element.14410, s64[] %get-tuple-element.14409, f64[1024]{0} %get-tuple-element.17060, /*index=25*/f64[1024]{0} %input_concatenate_fusion.34, f64[1024]{0} %get-tuple-element.16952, f64[1024]{0} %input_concatenate_fusion.33, f64[1024]{0} %get-tuple-element.17061, f64[] %Arg_1.2, /*index=30*/f64[] %Arg_4.5, f64[] %Arg_8.9), to_apply=%command_buffer.18","","13.0","46.348","3.565230769230769","46.348","3.565230769230769","0.0006021641262385579","81.15391170631969","0.0","5077.5983861223785","5077.5983861223785","287.10254838800597","200.7754481804837","0.0","0.0","16.47105547609429","HBM","No","No","No",""
"346.0","7","call","call.582","%call.582 = (f64[], f64[], (f64[], f64[]), (f64[], f64[]), (s64[], f64[], f64[1024]{0}, f64[1024]{0}), /*index=5*/f64[], f64[], f64[], f64[], f64[], /*index=10*/f64[], f64[], f64[], f64[], f64[], /*index=15*/f64[], f64[1024]{0}, f64[1024]{0}, f64[1024]{0}, f64[1024]{0}, /*index=20*/f64[1024]{0}, f64[1024]{0}, f64[1024]{0}, (f64[], f64[], f64[], f64[], f64[], /*index=5*/f64[], f64[], f64[], f64[], f64[], /*index=10*/f64[], f64[], f64[], f64[], f64[], /*index=15*/f64[], f64[], f64[], f64[], f64[], /*index=20*/f64[], f64[], f64[], f64[], f64[], /*index=25*/f64[], f64[], f64[])) call(f64[] %get-tuple-element.529.0, f64[] %get-tuple-element.530.0, s64[] %get-tuple-element.17212, f64[] %get-tuple-element.17638, f64[1024]{0} %get-tuple-element.17453, /*index=5*/f64[1024]{0} %get-tuple-element.17632, f64[64,16]{1,0} %get-tuple-element.17639, f64[1024]{0} %get-tuple-element.17629, f64[1024]{0} %get-tuple-element.17630, f64[1024]{0} %get-tuple-element.17631, /*index=10*/f64[1024]{0} %get-tuple-element.17634, f64[1024]{0} %get-tuple-element.17635, f64[1024]{0} %get-tuple-element.17636, f64[1024]{0} %get-tuple-element.17052, f64[32,16]{1,0} %get-tuple-element.17425, /*index=15*/f64[2,16]{1,0} %get-tuple-element.17426, f64[32,16]{1,0} %get-tuple-element.17421, f64[2,16]{1,0} %get-tuple-element.17422, f64[32,16]{1,0} %get-tuple-element.17423, f64[2,16]{1,0} %get-tuple-element.17424, /*index=20*/f64[] %Arg_0.1, f64[] %Arg_1.2, f64[] %Arg_2.3, f64[] %Arg_4.5, f64[] %Arg_5.6, /*index=25*/f64[] %Arg_6.7, f64[] %Arg_7.8, f64[] %Arg_8.9, f64[] %constant_1334_0, f64[] %constant_1314_0, /*index=30*/f64[] %Arg_9.10, f64[] %bitcast.2261.0, f64[] %get-tuple-element.17569, f64[] %Arg_10.11, f64[] %get-tuple-element.17354, /*index=35*/f64[] %get-tuple-element.17353, f64[] %Arg_11.12, f64[] %Arg_12.13, f64[] %Arg_13.14, f64[] %Arg_14.15, /*index=40*/f64[] %bitcast.2269.0), to_apply=%command_buffer.30","","45.0","42.029","0.9339777777777779","42.029","0.9339777777777779","0.0005460506615534727","81.15445775698124","0.0","11124.962763805943","11124.962763805943","224.09709856992285","146.7575937060683","0.0","0.0","46.2341057952442","HBM","No","No","No",""
"347.0","7","loop fusion","loop_convert_fusion.4","%loop_convert_fusion.4 = s32[] fusion(pred[] %input_reduce_fusion.22, s64[] %get-tuple-element.15389), kind=kLoop, calls=%fused_convert.4","jit(compute_Cell_spectrum_from_cosmo_params)/jit(main)/jit(evolve_perturbations_batched)/vmap(jit(diffeqsolve))/outer-loop/while/body/checkpoint/cond/branch_1_fun/while/body/checkpoint/convert_element_type:","48.0","39.759","0.8283125","39.759","0.8283125","0.0005165582871994222","81.15497431526845","0.0","0.010865464423149476","0.010865464423149476","0.01461669776805399","0.01461669776805399","0.0","0.0","0.6923076923076923","HBM","No","No","No","<div class='source-info-cell' title='/home/lawrence/git/DISCO-EB/.venv/lib/python3.13/site-packages/equinox/internal/_loop/bounded.py:72:19
/home/lawrence/git/DISCO-EB/.venv/lib/python3.13/site-packages/equinox/internal/_loop/bounded.py:78:15
/home/lawrence/git/DISCO-EB/.venv/lib/python3.13/site-packages/equinox/internal/_loop/bounded.py:69:19
/home/lawrence/git/DISCO-EB/.venv/lib/python3.13/site-packages/equinox/internal/_loop/bounded.py:72:19
/home/lawrence/git/DISCO-EB/.venv/lib/python3.13/site-packages/equinox/internal/_loop/bounded.py:78:15
/home/lawrence/git/DISCO-EB/.venv/lib/python3.13/site-packages/equinox/internal/_loop/bounded.py:59:19
/home/lawrence/git/DISCO-EB/.venv/lib/python3.13/site-packages/equinox/internal/_loop/loop.py:119:15
/home/lawrence/git/DISCO-EB/.venv/lib/python3.13/site-packages/diffrax/_integrate.py:638:18
/home/lawrence/git/DISCO-EB/.venv/lib/python3.13/site-packages/diffrax/_adjoint.py:393:22
/home/lawrence/git/DISCO-EB/.venv/lib/python3.13/site-packages/equinox/_module/_prebuilt.py:33:15
'>/home/lawrence/git/DISCO-EB/.venv/lib/python3.13/site-packages/equinox/internal/_loop/bounded.py:72</div>"
"348.0","7","call","call.585","%call.585 = (f64[8]{0}, s64[8]{0}, (s32[], f64[8]{0})) call(f64[128]{0} %get-tuple-element.17763, f64[1024]{0} %get-tuple-element.17060, f64[128]{0} %get-tuple-element.17764, f64[1]{0} %get-tuple-element.17352, f64[512]{0} %get-tuple-element.17010, /*index=5*/f64[1024]{0} %input_concatenate_fusion.34, f64[1024]{0} %get-tuple-element.16952, pred[128]{0} %get-tuple-element.17765, f64[] %get-tuple-element.17557, f64[128]{0} %get-tuple-element.17757, /*index=10*/f64[128]{0} %get-tuple-element.17755, f64[] %get-tuple-element.17405, f64[] %get-tuple-element.17404, f64[] %get-tuple-element.17403, f64[512]{0} %get-tuple-element.17392, /*index=15*/f64[512]{0} %get-tuple-element.17011, f64[] %Arg_2.3, f64[] %get-tuple-element.17395, f64[] %get-tuple-element.17396, f64[] %get-tuple-element.17402, /*index=20*/f64[] %get-tuple-element.531.0, f64[] %get-tuple-element.532.0, pred[128]{0} %get-tuple-element.17762, pred[128]{0} %get-tuple-element.17761, s64[] %Arg_3.4, /*index=25*/pred[128]{0} %get-tuple-element.17760, pred[128]{0} %get-tuple-element.17759, pred[128]{0} %get-tuple-element.17756, f64[] %get-tuple-element.17561, f64[] %get-tuple-element.17560, /*index=30*/f64[] %get-tuple-element.17562, f64[] %Arg_14.15, f64[] %get-tuple-element.17558), to_apply=%command_buffer.36","","5.0","39.535","7.906999999999999","39.535","7.906999999999999","0.000513648026470212","81.15548796329492","0.0","1249.2280257999241","1249.2280257999241","8.83242914193316","8.632666515583363","0.0","0.0","131.7230223502427","HBM","No","No","No",""
"349.0","7","data formatting","copy.1667","%copy.1667 = s64[] copy(s64[] %constant_23184_0)","","37.0","34.322","0.9276216216216217","34.322","0.9276216216216217","0.00044591950333908224","81.15593388279827","0.0","0.0","0.0","0.0160638355623904","0.0160638355623904","0.0","0.0","0.0","HBM","No","No","No",""
"350.0","7","call","call.571","%call.571 = (f64[32,16]{1,0}, f64[2,16]{1,0}, f64[32,16]{1,0}, f64[2,16]{1,0}, f64[32,16]{1,0}, /*index=5*/f64[2,16]{1,0}, f64[512]{0}, f64[512]{0}, f64[512]{0}, f64[1023]{0}, /*index=10*/f64[1023]{0}, f64[6,1024]{1,0}) call(f64[510]{0} %get-tuple-element.292.0, f64[512]{0} %get-tuple-element.17003, f64[512]{0} %get-tuple-element.17010, f64[510]{0} %get-tuple-element.291.0, f64[512]{0} %get-tuple-element.16995, /*index=5*/f64[510]{0} %get-tuple-element.267.0, f64[512]{0} %get-tuple-element.17011, f64[] %get-tuple-element.17405, f64[] %get-tuple-element.17404, f64[] %get-tuple-element.17403, /*index=10*/f64[512]{0} %get-tuple-element.17392, s32[1023,4]{1,0} %get-tuple-element.17367, f64[] %Arg_2.3, f64[] %get-tuple-element.17395, f64[] %get-tuple-element.17396, /*index=15*/f64[] %get-tuple-element.17402, f64[1023]{0} %get-tuple-element.17365, f64[1025]{0} %get-tuple-element.17332, s64[] %Arg_3.4, f64[] %Arg_14.15, /*index=20*/s32[1023,8]{1,0} %loop_clamp_fusion.2), to_apply=%command_buffer.8","","13.0","33.425","2.571153846153846","33.425","2.571153846153846","0.0004342654681868429","81.15636814826644","0.0","91583.19964098728","91583.19964098728","166.94271305914504","108.83108216073856","0.0","0.0","510.9147905781882","Compute","No","No","No",""
"351.0","7","loop fusion","loop_pad_fusion.9","%loop_pad_fusion.9 = f64[8192,318]{1,0} fusion(f64[8192,318]{1,0} %input_transpose_fusion.16, f64[318]{0} %get-tuple-element.17885), kind=kLoop, calls=%fused_pad.9","jit(compute_Cell_spectrum_from_cosmo_params)/jit(main)/jit(compute_theta_ell)/scatter:","1.0","32.886","32.886","32.886","32.886","0.0004272626533071808","81.15679541091974","0.0","502.191570881226","502.191570881226","592.0520067606457","592.0520067606457","0.0","0.0","0.7899683497439395","HBM","No","No","No","<div class='source-info-cell' title='/home/lawrence/git/DISCO-EB/src/discoeb/spline_interpolation.py:62:17
/home/lawrence/git/DISCO-EB/src/discoeb/cmb.py:766:17
/home/lawrence/git/DISCO-EB/src/discoeb/cmb.py:770:15
/home/lawrence/git/DISCO-EB/src/discoeb/cmb.py:1063:24
/home/lawrence/git/DISCO-EB/scripts/profile_CMB.py:38:0
'>/home/lawrence/git/DISCO-EB/src/discoeb/spline_interpolation.py:62</div>"
"352.0","7","loop fusion","loop_pad_fusion.11","%loop_pad_fusion.11 = f64[8192,318]{1,0} fusion(f64[8192,318]{1,0} %get-tuple-element.16789), kind=kLoop, calls=%fused_pad.11","jit(compute_Cell_spectrum_from_cosmo_params)/jit(main)/jit(compute_theta_ell)/scatter:","1.0","32.373","32.373","32.373","32.373","0.00042059763654787337","81.1572160085563","0.0","0.0","0.0","601.4337516989466","601.4337516989466","0.0","0.0","0.0","HBM","No","No","No","<div class='source-info-cell' title='/home/lawrence/git/DISCO-EB/src/discoeb/spline_interpolation.py:75:25
/home/lawrence/git/DISCO-EB/src/discoeb/cmb.py:766:17
/home/lawrence/git/DISCO-EB/src/discoeb/cmb.py:770:15
/home/lawrence/git/DISCO-EB/src/discoeb/cmb.py:1063:24
/home/lawrence/git/DISCO-EB/scripts/profile_CMB.py:38:0
'>/home/lawrence/git/DISCO-EB/src/discoeb/spline_interpolation.py:75</div>"
"353.0","7","call","call.570","%call.570 = (f64[512]{0}, f64[], f64[], f64[], f64[], /*index=5*/f64[], f64[], f64[], f64[], f64[], /*index=10*/f64[], f64[], f64[], f64[], f64[], /*index=15*/f64[], f64[], f64[], f64[], f64[], /*index=20*/f64[], f64[], (f64[1]{0}, f64[6]{0})) call(f64[510]{0} %get-tuple-element.267.0, f64[] %Arg_6.7, f64[] %Arg_2.3, f64[] %Arg_5.6, s64[] %Arg_3.4, /*index=5*/f64[512]{0} %get-tuple-element.17010, f64[512]{0} %get-tuple-element.17011, f64[1]{0} %get-tuple-element.17352, f64[] %Arg_7.8, f64[] %Arg_1.2, /*index=10*/f64[] %Arg_14.15, f64[] %Arg_13.14, s32[2]{0} %get-tuple-element.17355, s32[32]{0} %get-tuple-element.17361, s32[4]{0} %get-tuple-element.17356, /*index=15*/s32[16]{0} %get-tuple-element.17357), to_apply=%command_buffer.6","","11.0","32.211","2.928272727272727","32.211","2.928272727272727","0.0004184928944133552","81.15763450145072","0.0","361.93213498494305","361.93213498494305","4.081153768964764","4.009911683222237","0.0","0.0","82.59320448877806","HBM","No","No","No",""
"354.0","7","call","call.568","%call.568 = (f64[8]{0}, f64[8]{0}, f64[320]{0}, f64[512]{0}, f64[320]{0}, /*index=5*/f64[320]{0}, f64[320,3]{1,0}, f64[1025]{0}, f64[1025]{0}, f64[], /*index=10*/f64[2501]{0}, f64[2501]{0}, f64[512]{0}, f64[512]{0}, f64[512]{0}, /*index=15*/f64[512]{0}, f64[512]{0}, f64[1]{0}) call(f64[8,8]{0,1} %get-tuple-element.228.0, f64[8]{0} %get-tuple-element.227.0, s32[] %get-tuple-element.226.0, f64[3]{0} %constant_18805_0, f64[] %get-tuple-element.17283), to_apply=%command_buffer.2","","13.0","30.131","2.3177692307692306","30.131","2.3177692307692306","0.0003914690447849742","81.1580259704955","0.0","5863.60963791444","5863.60963791444","46.519332329128844","151.10786818654074","0.0","0.0","117.39016342466226","HBM","No","No","No",""
"355.0","7","loop fusion","loop_minimum_multiply_select_fusion.1","%loop_minimum_multiply_select_fusion.1 = (f64[], f64[], f64[], s64[]) fusion(f64[] %get-tuple-element.684.0, f64[] %get-tuple-element.7705.0, f64[] %get-tuple-element.7703.0), kind=kLoop, calls=%fused_minimum_multiply_select.1","jit(compute_Cell_spectrum_from_cosmo_params)/jit(main)/jit(evolve_background)/jit(evaluate_thermo)/while/body/cond/branch_0_fun/cond/branch_0_fun/cond/branch_0_fun/jit(diffeqsolve)/min:","30.0","29.713","0.9904333333333334","29.713","0.9904333333333334","0.00038603829038850155","81.15841200878589","0.0","0.403863628714704","0.403863628714704","0.05265782402833789","0.05265782402833789","0.0","0.0","7.142857142857143","HBM","No","No","No","<div class='source-info-cell' title='/home/lawrence/git/DISCO-EB/.venv/lib/python3.13/site-packages/diffrax/_integrate.py:1238:12
/home/lawrence/git/DISCO-EB/.venv/lib/python3.13/site-packages/equinox/_jit.py:55:14
/home/lawrence/git/DISCO-EB/.venv/lib/python3.13/site-packages/equinox/_jit.py:263:37
/home/lawrence/git/DISCO-EB/.venv/lib/python3.13/site-packages/equinox/_jit.py:209:19
/home/lawrence/git/DISCO-EB/src/discoeb/thermodynamics_recfast.py:284:7
/home/lawrence/git/DISCO-EB/src/discoeb/thermodynamics_recfast.py:432:14
/home/lawrence/git/DISCO-EB/src/discoeb/thermodynamics_recfast.py:446:16
/home/lawrence/git/DISCO-EB/src/discoeb/thermodynamics_recfast.py:443:14
/home/lawrence/git/DISCO-EB/src/discoeb/thermodynamics_recfast.py:440:14
/home/lawrence/git/DISCO-EB/src/discoeb/thermodynamics_recfast.py:452:12
'>/home/lawrence/git/DISCO-EB/.venv/lib/python3.13/site-packages/diffrax/_integrate.py:1238</div>"
"356.0","7","call","call.569","%call.569 = (f64[1]{0}, f64[], f64[], s32[2]{0}, s32[4]{0}, /*index=5*/s32[16]{0}, s32[8]{0}, s32[8]{0}, s32[8]{0}, s32[32]{0}, /*index=10*/f64[512]{0}, f64[512]{0}, s32[1023,1]{1,0}, f64[1023]{0}, s32[1023,2]{1,0}, /*index=15*/s32[1023,4]{1,0}, f64[512]{0}, f64[512]{0}, f64[512]{0}, f64[], /*index=20*/f64[], f64[1]{0}) call(f64[512]{0} %get-tuple-element.17010, f64[1025]{0} %get-tuple-element.17332, f64[512]{0} %get-tuple-element.17328, f64[] %get-tuple-element.17283, f64[8]{0} %get-tuple-element.227.0, /*index=5*/s32[] %get-tuple-element.226.0, f64[8]{0} %get-tuple-element.17325), to_apply=%command_buffer.4","","18.0","26.26","1.458888888888889","26.26","1.458888888888889","0.00034117610155830956","81.15875318488744","0.0","22234.630921553693","22234.630921553693","110.34236095919466","73.62285826102703","0.0","0.0","187.66694436730538","HBM","No","No","No",""
"357.0","7","input fusion","input_concatenate_fusion.22","%input_concatenate_fusion.22 = f64[8192,320]{1,0} fusion(f64[8192,318]{1,0} %get-tuple-element.680.0), kind=kInput, calls=%fused_concatenate.26","jit(compute_Cell_spectrum_from_cosmo_params)/jit(main)/jit(compute_theta_ell)/concatenate:","1.0","26.199","26.199","26.199","26.199","0.0003403835751990157","81.15909356846265","0.0","40023.51234779954","40023.51234779954","1486.3326725256688","1486.3326725256688","0.0","0.0","25.078369905956112","HBM","No","No","No","<div class='source-info-cell' title='/home/lawrence/git/DISCO-EB/src/discoeb/spline_interpolation.py:85:21
/home/lawrence/git/DISCO-EB/src/discoeb/cmb.py:766:17
/home/lawrence/git/DISCO-EB/src/discoeb/cmb.py:770:15
/home/lawrence/git/DISCO-EB/src/discoeb/cmb.py:1063:24
/home/lawrence/git/DISCO-EB/scripts/profile_CMB.py:38:0
'>/home/lawrence/git/DISCO-EB/src/discoeb/spline_interpolation.py:85</div>"
"358.0","7","call","call.588","%call.588 = (f64[8,16,72]{1,0,2}, s64[320]{0}, f64[1022]{0}, f64[1022]{0}, f64[1022]{0}, /*index=5*/f64[1022]{0}, f64[1022]{0}, f64[1022]{0}, f64[1022]{0}, f64[1022]{0}, /*index=10*/(s64[], f64[1022]{0}, f64[1022]{0}, f64[1022]{0}, f64[1022]{0}, /*index=5*/f64[1022]{0}, f64[1022]{0}), (s64[], f64[1022]{0}, f64[1022]{0}, f64[1022]{0}, f64[1022]{0}, /*index=5*/f64[1022]{0}, f64[1022]{0}), (s64[], f64[1022]{0}, f64[1022]{0}, f64[1022]{0}, f64[1022]{0}, /*index=5*/f64[1022]{0}, f64[1022]{0}), f64[1022]{0}) call(f64[72,8,16]{2,1,0} %loop_dynamic_update_slice_fusion.240, f64[8,16]{1,0} %get-tuple-element.17812, f64[3]{0} %constant_18232_0, f64[8]{0} %get-tuple-element.17326, f64[8]{0} %get-tuple-element.17805, /*index=5*/f64[8]{0} %get-tuple-element.17775, f64[8,16]{1,0} %get-tuple-element.17813, f64[8,16]{1,0} %get-tuple-element.17811, f64[3]{0} %constant_18234_0, f64[3]{0} %constant_18805_0, /*index=10*/f64[8]{0} %get-tuple-element.14278, f64[] %get-tuple-element.17283, f64[3]{0} %constant_18237_0, f64[] %Arg_9.10, f64[] %Arg_14.15, /*index=15*/f64[] %Arg_13.14, f64[320]{0} %get-tuple-element.17553, f64[320]{0} %get-tuple-element.623.0, f64[1024]{0} %get-tuple-element.595.0, f64[1024]{0} %get-tuple-element.607.0, /*index=20*/f64[1024]{0} %get-tuple-element.571.0, f64[1024]{0} %get-tuple-element.11053.0, f64[1024]{0} %get-tuple-element.583.0, f64[1024]{0} %get-tuple-element.606.0, s64[] %get-tuple-element.17240, /*index=25*/s64[] %get-tuple-element.17267, s64[] %get-tuple-element.17217), to_apply=%command_buffer.42","","13.0","25.749","1.9806923076923075","25.749","1.9806923076923075","0.00033453706926979865","81.15942810553192","0.0","13084.229135112044","13084.229135112044","217.24769169022503","136.28856428081843","0.0","0.0","56.090989368701734","HBM","No","No","No",""
"359.0","7","call","call.572","%call.572 = (f64[1024]{0}, f64[1024]{0}, f64[1024]{0}, f64[1024]{0}, f64[1024]{0}, /*index=5*/f64[1024]{0}, f64[1024]{0}, f64[1024]{0}, f64[1024]{0}, f64[1024]{0}, /*index=10*/f64[1024]{0}, f64[1024]{0}, f64[], f64[], f64[], /*index=15*/f64[1024]{0}, f64[1024]{0}, f64[1024]{0}) call(f64[6,1024]{1,0} %get-tuple-element.300.0, f64[] %Arg_7.8, f64[] %get-tuple-element.17282, f64[] %get-tuple-element.17284, f64[] %get-tuple-element.17405, /*index=5*/f64[] %get-tuple-element.17404, f64[] %get-tuple-element.17403, f64[512]{0} %get-tuple-element.17010, f64[512]{0} %get-tuple-element.17392, f64[512]{0} %get-tuple-element.17011, /*index=10*/f64[] %Arg_2.3, f64[] %get-tuple-element.17395, f64[] %get-tuple-element.17396, f64[] %get-tuple-element.17402, s64[] %Arg_3.4, /*index=15*/f64[1025]{0} %get-tuple-element.17332, f64[1]{0} %get-tuple-element.17352, f64[] %Arg_14.15, f64[1025]{0} %get-tuple-element.17333, f64[] %Arg_8.9), to_apply=%command_buffer.10","","10.0","23.51","2.351","23.51","2.351","0.00030544745421309436","81.15973355298614","0.0","29018.32752020417","29018.32752020417","99.10444765078772","79.56687666821206","0.0","0.0","272.69637375287795","Compute","No","No","No",""
"360.0","7","conditional","conditional.4.clone","%conditional.4.clone = (f64[]) conditional(s32[] %get-tuple-element.13836, (f64[]) %tuple.277.0, () %get-tuple-element.17946), branch_computations={%region_65.3642.clone.1, %region_66.3648.clone.1}","jit(compute_Cell_spectrum_from_cosmo_params)/jit(main)/jit(evolve_background)/jit(evaluate_thermo)/while/body/cond/branch_0_fun/cond/branch_0_fun/cond/branch_0_fun/jit(diffeqsolve)/jit(branched_error_if_impl)/cond:","30.0","22.165","0.7388333333333333","22.165","0.7388333333333333","0.00028797289760243455","81.16002152588374","0.0","0.0","0.0","0.007563188063649273","0.007563188063649273","0.0","0.0","0.0","HBM","No","No","No","<div class='source-info-cell' title='/home/lawrence/git/DISCO-EB/.venv/lib/python3.13/site-packages/equinox/_errors.py:118:15
/home/lawrence/git/DISCO-EB/.venv/lib/python3.13/site-packages/equinox/_ad.py:776:19
/home/lawrence/git/DISCO-EB/.venv/lib/python3.13/site-packages/equinox/_ad.py:819:15
/home/lawrence/git/DISCO-EB/.venv/lib/python3.13/site-packages/equinox/_errors.py:336:16
/home/lawrence/git/DISCO-EB/.venv/lib/python3.13/site-packages/equinox/_jit.py:55:14
/home/lawrence/git/DISCO-EB/.venv/lib/python3.13/site-packages/equinox/_jit.py:263:37
/home/lawrence/git/DISCO-EB/.venv/lib/python3.13/site-packages/equinox/_jit.py:209:19
/home/lawrence/git/DISCO-EB/.venv/lib/python3.13/site-packages/equinox/_errors.py:267:15
/home/lawrence/git/DISCO-EB/.venv/lib/python3.13/site-packages/equinox/_errors.py:246:11
/home/lawrence/git/DISCO-EB/.venv/lib/python3.13/site-packages/diffrax/_integrate.py:1021:14
'>/home/lawrence/git/DISCO-EB/.venv/lib/python3.13/site-packages/equinox/_errors.py:118</div>"
"361.0","7","call","call.575","%call.575 = (f64[1024]{0}, f64[1024]{0}, f64[1024]{0}, f64[1024]{0}, f64[1024]{0}, /*index=5*/f64[1024]{0}, f64[1024]{0}, f64[1022]{0}, f64[1022]{0}, f64[1022]{0}, /*index=10*/f64[1022]{0}, f64[1022]{0}, f64[1022]{0}, (s64[], f64[1022]{0}, f64[1022]{0}, f64[1022]{0}, f64[1022]{0}, /*index=5*/f64[1022]{0}, f64[1022]{0}), (s64[], f64[1022]{0}, f64[1022]{0}, f64[1022]{0}, f64[1022]{0}, /*index=5*/f64[1022]{0}, f64[1022]{0}), /*index=15*/(s64[], f64[1022]{0}, f64[1022]{0}, f64[1022]{0}, f64[1022]{0}, /*index=5*/f64[1022]{0}, f64[1022]{0}), (s64[], f64[1022]{0}, f64[1022]{0}, f64[1022]{0}, f64[1022]{0}, /*index=5*/f64[1022]{0}, f64[1022]{0}), (s64[], f64[1022]{0}, f64[1022]{0}, f64[1022]{0}, f64[1022]{0}, /*index=5*/f64[1022]{0}, f64[1022]{0}), f64[1022]{0}) call(f64[1022]{0} %get-tuple-element.395.0, f64[1024]{0} %get-tuple-element.17060, f64[1024]{0} %get-tuple-element.16975, f64[1024]{0} %get-tuple-element.17052, f64[1024]{0} %get-tuple-element.17061, /*index=5*/f64[1024]{0} %get-tuple-element.17039, f64[1024]{0} %get-tuple-element.16952, s64[] %get-tuple-element.17264, s64[] %get-tuple-element.17236, s64[] %get-tuple-element.17255, /*index=10*/s64[] %get-tuple-element.17257, s64[] %get-tuple-element.17260), to_apply=%command_buffer.16","","13.0","18.904","1.4541538461538461","18.904","1.4541538461538461","0.00024560521796870843","81.1602671311017","0.0","18947.95387219636","18947.95387219636","251.79683279294963","193.9149180106374","0.0","0.0","70.08291958326551","HBM","No","No","No",""
"362.0","7","conditional","conditional.41","%conditional.41 = (s64[], pred[8]{0}, f64[8,16,72]{1,0,2}, f64[8]{0}, f64[8]{0}, /*index=5*/f64[8]{0}, s32[8]{0}, s64[8]{0}, s64[8]{0}, s64[8]{0}, /*index=10*/s64[8]{0}, f64[8,320]{1,0}, f64[8,320,16,72]{3,2,1,0}, s64[8]{0}) conditional(s32[] %loop_convert_fusion.5, (s64[], pred[8]{0}, f64[8,16,72]{1,0,2}, f64[8]{0}, f64[8]{0}, /*index=5*/f64[8]{0}, s32[8]{0}, s64[8]{0}, s64[8]{0}, s64[8]{0}, /*index=10*/s64[8]{0}, f64[8,320]{1,0}, f64[8,320,16,72]{3,2,1,0}, s64[8]{0}) %tuple.3507.0, (f64[8]{0}, pred[], pred[], s64[8]{0}, f64[], /*index=5*/f64[], f64[8,16]{1,0}, f64[1024]{0}, f64[1024]{0}, f64[1024]{0}, /*index=10*/f64[1024]{0}, f64[1024]{0}, f64[1024]{0}, f64[], f64[], /*index=15*/f64[], f64[], f64[512]{0}, f64[512]{0}, f64[512]{0}, /*index=20*/f64[], f64[], f64[], s64[], f64[], /*index=25*/f64[], f64[], f64[], f64[], f64[], /*index=30*/f64[], s64[8]{0}, f64[3]{0}, f64[3]{0}, s64[8]{0}, /*index=35*/s64[8]{0}, f64[3]{0}, s64[5]{0}, f64[3]{0}, f64[3]{0}, /*index=40*/s64[8]{0}, s64[8]{0}, f64[3]{0}, s64[5]{0}, f64[3]{0}, /*index=45*/f64[3]{0}, s64[8]{0}, s64[8]{0}, f64[3]{0}, s64[5]{0}, /*index=50*/f64[3]{0}, f64[3]{0}, s64[8]{0}, s64[8]{0}, f64[3]{0}, /*index=55*/s64[5]{0}, f64[3]{0}, f64[3]{0}, s64[8]{0}, s64[8]{0}, /*index=60*/f64[3]{0}, s64[5]{0}, f64[3]{0}, f64[3]{0}, s64[8]{0}, /*index=65*/s64[8]{0}, f64[3]{0}, s64[5]{0}, f64[3]{0}, f64[3]{0}, /*index=70*/s64[8]{0}, s64[8]{0}, f64[3]{0}, s64[5]{0}, f64[3]{0}, /*index=75*/f64[3]{0}, s64[8]{0}, s64[8]{0}, f64[3]{0}, s64[5]{0}, /*index=80*/f64[3]{0}, f64[3]{0}, s64[8]{0}, s64[8]{0}, f64[3]{0}, /*index=85*/s64[5]{0}, f64[], f64[], s64[6]{0}, f64[8,16,6]{2,1,0}, /*index=90*/f64[8,320]{1,0}, pred[], s64[], pred[8]{0}, f64[8,16,72]{1,0,2}, /*index=95*/f64[8]{0}, f64[8]{0}, f64[8]{0}, s32[8]{0}, s64[8]{0}, /*index=100*/s64[8]{0}, s64[8]{0}, s64[8]{0}, f64[8,320]{1,0}, f64[8,320,16,72]{3,2,1,0}, /*index=105*/s64[8]{0}) %tuple.3508.0), branch_computations={%region_308.22721.clone.1, %region_309.37095}, control-predecessors={%loop_convert_fusion.5, %input_reduce_fusion.23}","jit(compute_Cell_spectrum_from_cosmo_params)/jit(main)/jit(evolve_perturbations_batched)/vmap(jit(diffeqsolve))/outer-loop/while/body/checkpoint/cond:","16.0","17.627","1.1016875","17.627","1.1016875","0.00022901413336513029","81.16049614523507","0.0","1690189.757077211","1690189.757077211","403824.9951953036","191301.54530311012","0.0","0.0","3.898005063774133","HBM","No","No","No","<div class='source-info-cell' title='/home/lawrence/git/DISCO-EB/.venv/lib/python3.13/site-packages/equinox/internal/_loop/bounded.py:72:19
/home/lawrence/git/DISCO-EB/.venv/lib/python3.13/site-packages/equinox/internal/_loop/bounded.py:78:15
/home/lawrence/git/DISCO-EB/.venv/lib/python3.13/site-packages/equinox/internal/_loop/bounded.py:59:19
/home/lawrence/git/DISCO-EB/.venv/lib/python3.13/site-packages/equinox/internal/_loop/loop.py:119:15
/home/lawrence/git/DISCO-EB/.venv/lib/python3.13/site-packages/diffrax/_integrate.py:638:18
/home/lawrence/git/DISCO-EB/.venv/lib/python3.13/site-packages/diffrax/_adjoint.py:393:22
/home/lawrence/git/DISCO-EB/.venv/lib/python3.13/site-packages/equinox/_module/_prebuilt.py:33:15
/home/lawrence/git/DISCO-EB/.venv/lib/python3.13/site-packages/diffrax/_integrate.py:1416:29
/home/lawrence/git/DISCO-EB/.venv/lib/python3.13/site-packages/equinox/_jit.py:55:14
/home/lawrence/git/DISCO-EB/.venv/lib/python3.13/site-packages/equinox/_jit.py:263:37
'>/home/lawrence/git/DISCO-EB/.venv/lib/python3.13/site-packages/equinox/internal/_loop/bounded.py:72</div>"
"363.0","7","call","call.589","%call.589 = (f64[16384]{0}, f64[320]{0}, f64[320]{0}, f64[320]{0}, f64[320]{0}, /*index=5*/f64[320]{0}, f64[320]{0}, f64[320]{0}, f64[1]{0}) call(f64[1]{0} %get-tuple-element.17563, f64[320]{0} %get-tuple-element.17553, f64[] %get-tuple-element.17564, f64[320]{0} %get-tuple-element.17552, f64[1024]{0} %get-tuple-element.606.0, /*index=5*/f64[1024]{0} %get-tuple-element.11053.0, f64[1022]{0} %get-tuple-element.617.0, f64[1022]{0} %get-tuple-element.614.0, f64[1024]{0} %get-tuple-element.571.0, f64[1022]{0} %get-tuple-element.618.0, /*index=10*/f64[1024]{0} %get-tuple-element.607.0, f64[1022]{0} %get-tuple-element.615.0, f64[1024]{0} %get-tuple-element.595.0, f64[1022]{0} %get-tuple-element.616.0, f64[1024]{0} %get-tuple-element.583.0), to_apply=%command_buffer.44","","5.0","17.464","3.4928","17.464","3.4928","0.0002268963989952139","81.16072304163407","0.0","3556.5288593678424","3556.5288593678424","237.42752901414528","115.0842515416392","0.0","0.0","13.95068056241858","HBM","No","No","No",""
"364.0","7","call","call.587","%call.587 = (f64[8192]{0}, f64[8191]{0}, s64[8192]{0}, f64[8192]{0}, f64[72,8,16]{2,1,0}) call(f64[128]{0} %get-tuple-element.17768, f64[128]{0} %get-tuple-element.639.0, f64[8]{0} %get-tuple-element.14278, f64[8]{0} %get-tuple-element.17805, f64[8]{0} %get-tuple-element.17775, /*index=5*/f64[8]{0} %get-tuple-element.17804, f64[8,16]{1,0} %get-tuple-element.17813, f64[8]{0} %get-tuple-element.17326), to_apply=%command_buffer.40","","9.0","17.177","1.9085555555555556","17.177","1.9085555555555556","0.00022316762743591328","81.1609462092615","0.0","19511.945508528846","19511.945508528846","296.65603344547475","291.1770785167885","0.0","0.0","61.255842720286346","HBM","No","No","No",""
"365.0","7","call","call.586","%call.586 = (f64[512]{0}, f64[512]{0}, f64[1024]{0}, f64[1024]{0}, f64[], /*index=5*/f64[], f64[8]{0}, f64[8]{0}, s64[8]{0}, s64[8]{0}, /*index=10*/s64[8]{0}, s64[8]{0}, f64[8,16]{1,0}, f64[8,16]{1,0}, f64[8,16]{1,0}, /*index=15*/f64[8,16]{1,0}, f64[126]{0}, f64[126]{0}, f64[126]{0}, f64[126]{0}, /*index=20*/(f64[8]{0}, f64[768]{0})) call(f64[510]{0} %get-tuple-element.291.0, f64[510]{0} %get-tuple-element.292.0, f64[1022]{0} %get-tuple-element.456.0, f64[1022]{0} %get-tuple-element.511.0, f64[] %get-tuple-element.17398, /*index=5*/f64[6]{0} %get-tuple-element.293.0, f64[] %get-tuple-element.17397, f64[] %get-tuple-element.17395, f64[] %get-tuple-element.17394, f64[] %get-tuple-element.17396, /*index=10*/f64[8]{0} %get-tuple-element.14278, f64[] %get-tuple-element.17402, f64[512]{0} %get-tuple-element.17392, f64[512]{0} %get-tuple-element.17011, f64[8]{0} %get-tuple-element.17326, /*index=15*/f64[512]{0} %get-tuple-element.17010, s32[8]{0} %get-tuple-element.14277, s32[8]{0} %get-tuple-element.17359, s64[] %Arg_3.4, f64[] %Arg_2.3, /*index=20*/s64[8]{0} %get-tuple-element.16290, f64[8]{0} %get-tuple-element.17775, f64[] %Arg_4.5, f64[] %Arg_6.7, f64[52]{0} %get-tuple-element.17754, /*index=25*/f64[] %get-tuple-element.17752, f64[1024]{0} %get-tuple-element.17478, s64[] %get-tuple-element.17751, f64[128]{0} %get-tuple-element.639.0, f64[8]{0} %get-tuple-element.16280), to_apply=%command_buffer.38","","9.0","16.953","1.8836666666666666","16.953","1.8836666666666666","0.00022025736670670302","81.1611664666282","0.0","1168.2980003539196","1168.2980003539196","33.430706355618575","36.87978065070842","0.0","0.0","32.546793658305724","HBM","No","No","No",""
"366.0","7","input fusion","input_reduce_fusion.23","%input_reduce_fusion.23 = pred[] fusion(f64[8]{0} %get-tuple-element.16325, f64[8]{0} %get-tuple-element.16381), kind=kInput, calls=%fused_reduce.23","jit(compute_Cell_spectrum_from_cosmo_params)/jit(main)/jit(evolve_perturbations_batched)/vmap(jit(diffeqsolve))/outer-loop/while/body/checkpoint/reduce_or:","16.0","16.507","1.0316875","16.507","1.0316875","0.00021446282971907907","81.16138092945792","0.0","0.043617859090083","0.043617859090083","0.1164505842373749","0.1164505842373749","0.0","0.0","0.3488372093023256","HBM","No","No","No","<div class='source-info-cell' title='/home/lawrence/git/DISCO-EB/.venv/lib/python3.13/site-packages/equinox/_unvmap.py:50:23
/home/lawrence/git/DISCO-EB/.venv/lib/python3.13/site-packages/equinox/internal/_loop/common.py:475:14
/home/lawrence/git/DISCO-EB/.venv/lib/python3.13/site-packages/equinox/internal/_loop/bounded.py:72:28
/home/lawrence/git/DISCO-EB/.venv/lib/python3.13/site-packages/equinox/internal/_loop/bounded.py:78:15
/home/lawrence/git/DISCO-EB/.venv/lib/python3.13/site-packages/equinox/internal/_loop/bounded.py:59:19
/home/lawrence/git/DISCO-EB/.venv/lib/python3.13/site-packages/equinox/internal/_loop/loop.py:119:15
/home/lawrence/git/DISCO-EB/.venv/lib/python3.13/site-packages/diffrax/_integrate.py:638:18
/home/lawrence/git/DISCO-EB/.venv/lib/python3.13/site-packages/diffrax/_adjoint.py:393:22
/home/lawrence/git/DISCO-EB/.venv/lib/python3.13/site-packages/equinox/_module/_prebuilt.py:33:15
/home/lawrence/git/DISCO-EB/.venv/lib/python3.13/site-packages/diffrax/_integrate.py:1416:29
'>/home/lawrence/git/DISCO-EB/.venv/lib/python3.13/site-packages/equinox/_unvmap.py:50</div>"
"367.0","7","loop fusion","loop_add_fusion.68","%loop_add_fusion.68 = s64[] fusion(s64[] %get-tuple-element.16321), kind=kLoop, calls=%fused_add.68","jit(compute_Cell_spectrum_from_cosmo_params)/jit(main)/jit(evolve_perturbations_batched)/vmap(jit(diffeqsolve))/outer-loop/while/body/add:","16.0","15.419","0.9636875","15.419","0.9636875","0.0002003272776057721","81.16158125673553","0.0","0.0031130423503469744","0.0031130423503469744","0.015462648621931543","0.015462648621931543","0.0","0.0","0.1875","HBM","No","No","No","<div class='source-info-cell' title='/home/lawrence/git/DISCO-EB/.venv/lib/python3.13/site-packages/equinox/internal/_loop/bounded.py:78:15
/home/lawrence/git/DISCO-EB/.venv/lib/python3.13/site-packages/equinox/internal/_loop/bounded.py:59:19
/home/lawrence/git/DISCO-EB/.venv/lib/python3.13/site-packages/equinox/internal/_loop/loop.py:119:15
/home/lawrence/git/DISCO-EB/.venv/lib/python3.13/site-packages/diffrax/_integrate.py:638:18
/home/lawrence/git/DISCO-EB/.venv/lib/python3.13/site-packages/diffrax/_adjoint.py:393:22
/home/lawrence/git/DISCO-EB/.venv/lib/python3.13/site-packages/equinox/_module/_prebuilt.py:33:15
/home/lawrence/git/DISCO-EB/.venv/lib/python3.13/site-packages/diffrax/_integrate.py:1416:29
/home/lawrence/git/DISCO-EB/.venv/lib/python3.13/site-packages/equinox/_jit.py:55:14
/home/lawrence/git/DISCO-EB/.venv/lib/python3.13/site-packages/equinox/_jit.py:263:37
/home/lawrence/git/DISCO-EB/.venv/lib/python3.13/site-packages/equinox/_jit.py:209:19
'>/home/lawrence/git/DISCO-EB/.venv/lib/python3.13/site-packages/equinox/internal/_loop/bounded.py:78</div>"
"368.0","7","call","call.577","%call.577 = ((f64[], f64[]), (f64[], f64[]), s32[]) call(f64[] %get-tuple-element.519.0, f64[] %get-tuple-element.520.0, f64[1024]{0} %get-tuple-element.17060, f64[1]{0} %get-tuple-element.17352, f64[512]{0} %get-tuple-element.17010, /*index=5*/f64[1024]{0} %input_concatenate_fusion.34, f64[1024]{0} %get-tuple-element.16952, f64[] %get-tuple-element.17405, f64[] %get-tuple-element.17396, f64[] %get-tuple-element.17395, /*index=10*/f64[] %Arg_2.3, f64[] %get-tuple-element.17403, f64[] %Arg_14.15, f64[] %get-tuple-element.17404, f64[512]{0} %get-tuple-element.17392, /*index=15*/f64[512]{0} %get-tuple-element.17011, f64[] %get-tuple-element.17402, f64[1024]{0} %input_concatenate_fusion.33, f64[1024]{0} %get-tuple-element.17061, s64[] %Arg_3.4, /*index=20*/f64[] %Arg_1.2, f64[] %Arg_4.5, f64[] %Arg_8.9), to_apply=%command_buffer.20","","5.0","14.842","2.9684","14.842","2.9684","0.00019283075778097603","81.16177408749333","0.0","28.855612451152137","28.855612451152137","2.799866141985086","2.7584517167562614","0.0","0.0","9.598274316450022","HBM","No","No","No",""
"369.0","7","call","call.579","%call.579 = ((f64[], f64[]), (f64[], f64[]), s32[]) call(f64[] %get-tuple-element.523.0, f64[] %get-tuple-element.524.0, f64[1024]{0} %get-tuple-element.17060, f64[1]{0} %get-tuple-element.17352, f64[512]{0} %get-tuple-element.17010, /*index=5*/f64[1024]{0} %input_concatenate_fusion.34, f64[1024]{0} %get-tuple-element.16952, f64[] %get-tuple-element.17405, f64[] %get-tuple-element.17396, f64[] %get-tuple-element.17395, /*index=10*/f64[] %Arg_2.3, f64[] %get-tuple-element.17403, f64[] %Arg_14.15, f64[] %get-tuple-element.17404, f64[512]{0} %get-tuple-element.17392, /*index=15*/f64[512]{0} %get-tuple-element.17011, f64[] %get-tuple-element.17402, f64[1024]{0} %input_concatenate_fusion.33, f64[1024]{0} %get-tuple-element.17061, s64[] %Arg_3.4, /*index=20*/f64[] %Arg_1.2, f64[] %Arg_4.5, f64[] %Arg_8.9), to_apply=%command_buffer.24","","5.0","14.746","2.9492000000000003","14.746","2.9492000000000003","0.00019158350318274306","81.16196567099651","0.0","29.043469415434693","29.043469415434693","2.8180939427195613","2.776409899640339","0.0","0.0","9.598274316450022","HBM","No","No","No",""
"370.0","7","call","call.578","%call.578 = ((f64[], f64[]), (f64[], f64[]), s32[]) call(f64[] %get-tuple-element.521.0, f64[] %get-tuple-element.522.0, f64[1024]{0} %get-tuple-element.17060, f64[1]{0} %get-tuple-element.17352, f64[512]{0} %get-tuple-element.17010, /*index=5*/f64[1024]{0} %input_concatenate_fusion.34, f64[1024]{0} %get-tuple-element.16952, f64[] %get-tuple-element.17405, f64[] %get-tuple-element.17396, f64[] %get-tuple-element.17395, /*index=10*/f64[] %Arg_2.3, f64[] %get-tuple-element.17403, f64[] %Arg_14.15, f64[] %get-tuple-element.17404, f64[512]{0} %get-tuple-element.17392, /*index=15*/f64[512]{0} %get-tuple-element.17011, f64[] %get-tuple-element.17402, f64[1024]{0} %input_concatenate_fusion.33, f64[1024]{0} %get-tuple-element.17061, s64[] %Arg_3.4, /*index=20*/f64[] %Arg_1.2, f64[] %Arg_4.5, f64[] %Arg_8.9), to_apply=%command_buffer.22","","5.0","14.745","2.949","14.745","2.949","0.00019157051094734477","81.16215724150744","0.0","29.04543913190912","29.04543913190912","2.8182850647231366","2.7765981946487917","0.0","0.0","9.598274316450022","HBM","No","No","No",""
"371.0","7","call","call.580","%call.580 = ((f64[], f64[]), (f64[], f64[]), s32[]) call(f64[] %get-tuple-element.525.0, f64[] %get-tuple-element.526.0, f64[1024]{0} %get-tuple-element.17060, f64[1]{0} %get-tuple-element.17352, f64[512]{0} %get-tuple-element.17010, /*index=5*/f64[1024]{0} %input_concatenate_fusion.34, f64[1024]{0} %get-tuple-element.16952, f64[] %get-tuple-element.17405, f64[] %get-tuple-element.17396, f64[] %get-tuple-element.17395, /*index=10*/f64[] %Arg_2.3, f64[] %get-tuple-element.17403, f64[] %Arg_14.15, f64[] %get-tuple-element.17404, f64[512]{0} %get-tuple-element.17392, /*index=15*/f64[512]{0} %get-tuple-element.17011, f64[] %get-tuple-element.17402, f64[1024]{0} %input_concatenate_fusion.33, f64[1024]{0} %get-tuple-element.17061, s64[] %Arg_3.4, /*index=20*/f64[] %Arg_1.2, f64[] %Arg_4.5, f64[] %Arg_8.9), to_apply=%command_buffer.26","","5.0","14.651","2.9302","14.651","2.9302","0.00019034924081990832","81.16234759074827","0.0","29.231793051668827","29.231793051668827","2.8363670247315986","2.7944126940206426","0.0","0.0","9.598274316450022","HBM","No","No","No",""
"372.0","7","loop fusion","loop_add_divide_fusion","%loop_add_divide_fusion = (f64[], s64[]) fusion(f64[] %get-tuple-element.16870, f64[6]{0} %get-tuple-element.16876, s64[] %copy.1386), kind=kLoop, calls=%fused_add_divide","jit(compute_Cell_spectrum_from_cosmo_params)/jit(main)/jit(evolve_background)/while/body/div:","6.0","13.467","2.2445","13.467","2.2445","0.00017496643410836843","81.16252255718238","0.0","3.485854310536868","3.485854310536868","0.016597417235294783","0.016597417235294783","0.0","0.0","195.6","HBM","No","No","No","<div class='source-info-cell' title='/home/lawrence/git/DISCO-EB/.venv/lib/python3.13/site-packages/jax_cosmo/scipy/integrate.py:65:11
/home/lawrence/git/DISCO-EB/.venv/lib/python3.13/site-packages/jax_cosmo/scipy/integrate.py:142:12
/home/lawrence/git/DISCO-EB/.venv/lib/python3.13/site-packages/jax_cosmo/scipy/integrate.py:150:23
/home/lawrence/git/DISCO-EB/src/discoeb/background.py:183:8
/home/lawrence/git/DISCO-EB/src/discoeb/background.py:233:12
/home/lawrence/git/DISCO-EB/src/discoeb/cmb.py:987:12
/home/lawrence/git/DISCO-EB/scripts/profile_CMB.py:38:0
'>/home/lawrence/git/DISCO-EB/.venv/lib/python3.13/site-packages/jax_cosmo/scipy/integrate.py:65</div>"
"373.0","7","loop fusion","loop_add_divide_fusion.3","%loop_add_divide_fusion.3 = (f64[], s64[]) fusion(f64[] %get-tuple-element.16906, f64[6]{0} %get-tuple-element.16912, s64[] %copy.1413), kind=kLoop, calls=%fused_add_divide.3","jit(compute_Cell_spectrum_from_cosmo_params)/jit(main)/jit(evolve_background)/while/body/div:","6.0","13.37","2.228333333333333","13.37","2.228333333333333","0.00017370618727473717","81.16269626336965","0.0","3.5111443530291697","3.5111443530291697","0.016717832304241946","0.016717832304241946","0.0","0.0","195.6","HBM","No","No","No","<div class='source-info-cell' title='/home/lawrence/git/DISCO-EB/.venv/lib/python3.13/site-packages/jax_cosmo/scipy/integrate.py:65:11
/home/lawrence/git/DISCO-EB/.venv/lib/python3.13/site-packages/jax_cosmo/scipy/integrate.py:142:12
/home/lawrence/git/DISCO-EB/.venv/lib/python3.13/site-packages/jax_cosmo/scipy/integrate.py:150:23
/home/lawrence/git/DISCO-EB/src/discoeb/background.py:183:8
/home/lawrence/git/DISCO-EB/src/discoeb/background.py:233:12
/home/lawrence/git/DISCO-EB/src/discoeb/cmb.py:987:12
/home/lawrence/git/DISCO-EB/scripts/profile_CMB.py:38:0
'>/home/lawrence/git/DISCO-EB/.venv/lib/python3.13/site-packages/jax_cosmo/scipy/integrate.py:65</div>"
"374.0","7","loop fusion","loop_add_divide_fusion.1","%loop_add_divide_fusion.1 = (f64[], s64[]) fusion(f64[] %get-tuple-element.16882, f64[6]{0} %get-tuple-element.16888, s64[] %copy.1395), kind=kLoop, calls=%fused_add_divide.1","jit(compute_Cell_spectrum_from_cosmo_params)/jit(main)/jit(evolve_background)/while/body/div:","6.0","13.242","2.2070000000000003","13.242","2.2070000000000003","0.0001720431811437599","81.1628683065508","0.0","3.545083824195741","3.545083824195741","0.016879430441603595","0.016879430441603595","0.0","0.0","195.6","HBM","No","No","No","<div class='source-info-cell' title='/home/lawrence/git/DISCO-EB/.venv/lib/python3.13/site-packages/jax_cosmo/scipy/integrate.py:65:11
/home/lawrence/git/DISCO-EB/.venv/lib/python3.13/site-packages/jax_cosmo/scipy/integrate.py:142:12
/home/lawrence/git/DISCO-EB/.venv/lib/python3.13/site-packages/jax_cosmo/scipy/integrate.py:150:23
/home/lawrence/git/DISCO-EB/src/discoeb/background.py:183:8
/home/lawrence/git/DISCO-EB/src/discoeb/background.py:233:12
/home/lawrence/git/DISCO-EB/src/discoeb/cmb.py:987:12
/home/lawrence/git/DISCO-EB/scripts/profile_CMB.py:38:0
'>/home/lawrence/git/DISCO-EB/.venv/lib/python3.13/site-packages/jax_cosmo/scipy/integrate.py:65</div>"
"375.0","7","loop fusion","loop_convert_fusion.5","%loop_convert_fusion.5 = s32[] fusion(pred[] %input_reduce_fusion.23, s64[] %get-tuple-element.16322), kind=kLoop, calls=%fused_convert.5","jit(compute_Cell_spectrum_from_cosmo_params)/jit(main)/jit(evolve_perturbations_batched)/vmap(jit(diffeqsolve))/outer-loop/while/body/checkpoint/convert_element_type:","16.0","13.212","0.82575","13.212","0.82575","0.0001716534140818121","81.16303995996489","0.0","0.010899182561307902","0.010899182561307902","0.014662056881624246","0.014662056881624246","0.0","0.0","0.6923076923076923","HBM","No","No","No","<div class='source-info-cell' title='/home/lawrence/git/DISCO-EB/.venv/lib/python3.13/site-packages/equinox/internal/_loop/bounded.py:72:19
/home/lawrence/git/DISCO-EB/.venv/lib/python3.13/site-packages/equinox/internal/_loop/bounded.py:78:15
/home/lawrence/git/DISCO-EB/.venv/lib/python3.13/site-packages/equinox/internal/_loop/bounded.py:59:19
/home/lawrence/git/DISCO-EB/.venv/lib/python3.13/site-packages/equinox/internal/_loop/loop.py:119:15
/home/lawrence/git/DISCO-EB/.venv/lib/python3.13/site-packages/diffrax/_integrate.py:638:18
/home/lawrence/git/DISCO-EB/.venv/lib/python3.13/site-packages/diffrax/_adjoint.py:393:22
/home/lawrence/git/DISCO-EB/.venv/lib/python3.13/site-packages/equinox/_module/_prebuilt.py:33:15
/home/lawrence/git/DISCO-EB/.venv/lib/python3.13/site-packages/diffrax/_integrate.py:1416:29
/home/lawrence/git/DISCO-EB/.venv/lib/python3.13/site-packages/equinox/_jit.py:55:14
/home/lawrence/git/DISCO-EB/.venv/lib/python3.13/site-packages/equinox/_jit.py:263:37
'>/home/lawrence/git/DISCO-EB/.venv/lib/python3.13/site-packages/equinox/internal/_loop/bounded.py:72</div>"
"376.0","7","loop fusion","loop_add_divide_fusion.2","%loop_add_divide_fusion.2 = (f64[], s64[]) fusion(f64[] %get-tuple-element.16894, f64[6]{0} %get-tuple-element.16900, s64[] %copy.1404), kind=kLoop, calls=%fused_add_divide.2","jit(compute_Cell_spectrum_from_cosmo_params)/jit(main)/jit(evolve_background)/while/body/div:","6.0","13.21","2.2016666666666667","13.21","2.2016666666666667","0.00017162742961101556","81.1632115873945","0.0","3.553671461014383","3.553671461014383","0.016920319296571902","0.016920319296571902","0.0","0.0","195.6","HBM","No","No","No","<div class='source-info-cell' title='/home/lawrence/git/DISCO-EB/.venv/lib/python3.13/site-packages/jax_cosmo/scipy/integrate.py:65:11
/home/lawrence/git/DISCO-EB/.venv/lib/python3.13/site-packages/jax_cosmo/scipy/integrate.py:142:12
/home/lawrence/git/DISCO-EB/.venv/lib/python3.13/site-packages/jax_cosmo/scipy/integrate.py:150:23
/home/lawrence/git/DISCO-EB/src/discoeb/background.py:183:8
/home/lawrence/git/DISCO-EB/src/discoeb/background.py:233:12
/home/lawrence/git/DISCO-EB/src/discoeb/cmb.py:987:12
/home/lawrence/git/DISCO-EB/scripts/profile_CMB.py:38:0
'>/home/lawrence/git/DISCO-EB/.venv/lib/python3.13/site-packages/jax_cosmo/scipy/integrate.py:65</div>"
"377.0","7","loop fusion","loop_add_divide_fusion.4","%loop_add_divide_fusion.4 = (f64[], s64[]) fusion(f64[] %get-tuple-element.16918, f64[6]{0} %get-tuple-element.16924, s64[] %copy.1422), kind=kLoop, calls=%fused_add_divide.4","jit(compute_Cell_spectrum_from_cosmo_params)/jit(main)/jit(evolve_background)/while/body/div:","6.0","13.178","2.1963333333333335","13.178","2.1963333333333335","0.00017121167807827126","81.16338279907258","0.0","3.5623008043709214","3.5623008043709214","0.016961406731500595","0.016961406731500595","0.0","0.0","195.6","HBM","No","No","No","<div class='source-info-cell' title='/home/lawrence/git/DISCO-EB/.venv/lib/python3.13/site-packages/jax_cosmo/scipy/integrate.py:65:11
/home/lawrence/git/DISCO-EB/.venv/lib/python3.13/site-packages/jax_cosmo/scipy/integrate.py:142:12
/home/lawrence/git/DISCO-EB/.venv/lib/python3.13/site-packages/jax_cosmo/scipy/integrate.py:150:23
/home/lawrence/git/DISCO-EB/src/discoeb/background.py:183:8
/home/lawrence/git/DISCO-EB/src/discoeb/background.py:233:12
/home/lawrence/git/DISCO-EB/src/discoeb/cmb.py:987:12
/home/lawrence/git/DISCO-EB/scripts/profile_CMB.py:38:0
'>/home/lawrence/git/DISCO-EB/.venv/lib/python3.13/site-packages/jax_cosmo/scipy/integrate.py:65</div>"
"378.0","7","loop fusion","loop_add_divide_fusion.5","%loop_add_divide_fusion.5 = (f64[], s64[]) fusion(f64[] %get-tuple-element.16930, f64[6]{0} %get-tuple-element.16936, s64[] %copy.1431), kind=kLoop, calls=%fused_add_divide.5","jit(compute_Cell_spectrum_from_cosmo_params)/jit(main)/jit(evolve_background)/while/body/div:","6.0","13.147","2.1911666666666667","13.147","2.1911666666666667","0.0001708089187809252","81.16355360799136","0.0","3.570700540047159","3.570700540047159","0.017001400920948873","0.017001400920948873","0.0","0.0","195.6","HBM","No","No","No","<div class='source-info-cell' title='/home/lawrence/git/DISCO-EB/.venv/lib/python3.13/site-packages/jax_cosmo/scipy/integrate.py:65:11
/home/lawrence/git/DISCO-EB/.venv/lib/python3.13/site-packages/jax_cosmo/scipy/integrate.py:142:12
/home/lawrence/git/DISCO-EB/.venv/lib/python3.13/site-packages/jax_cosmo/scipy/integrate.py:150:23
/home/lawrence/git/DISCO-EB/src/discoeb/background.py:183:8
/home/lawrence/git/DISCO-EB/src/discoeb/background.py:233:12
/home/lawrence/git/DISCO-EB/src/discoeb/cmb.py:987:12
/home/lawrence/git/DISCO-EB/scripts/profile_CMB.py:38:0
'>/home/lawrence/git/DISCO-EB/.venv/lib/python3.13/site-packages/jax_cosmo/scipy/integrate.py:65</div>"
"379.0","7","loop fusion","loop_add_power_fusion","%loop_add_power_fusion = (f64[], s64[]) fusion(s64[] %copy.774), kind=kLoop, calls=%fused_add_power","jit(compute_Cell_spectrum_from_cosmo_params)/jit(main)/jit(evolve_background)/jit(evaluate_thermo)/vmap(while)/body/pow:","6.0","11.866","1.9776666666666667","11.866","1.9776666666666667","0.00015416586523575403","81.1637077738566","0.0","2.7896511039946064","2.7896511039946064","0.01130207742665","0.01130207742665","0.0","0.0","229.875","HBM","No","No","No","<div class='source-info-cell' title='/home/lawrence/git/DISCO-EB/.venv/lib/python3.13/site-packages/jax_cosmo/scipy/integrate.py:64:10
/home/lawrence/git/DISCO-EB/.venv/lib/python3.13/site-packages/jax_cosmo/scipy/integrate.py:142:12
/home/lawrence/git/DISCO-EB/.venv/lib/python3.13/site-packages/jax_cosmo/scipy/integrate.py:150:23
/home/lawrence/git/DISCO-EB/src/discoeb/thermodynamics_recfast.py:488:45
/home/lawrence/git/DISCO-EB/src/discoeb/thermodynamics_recfast.py:488:21
/home/lawrence/git/DISCO-EB/src/discoeb/background.py:237:82
/home/lawrence/git/DISCO-EB/src/discoeb/cmb.py:987:12
/home/lawrence/git/DISCO-EB/scripts/profile_CMB.py:38:0
'>/home/lawrence/git/DISCO-EB/.venv/lib/python3.13/site-packages/jax_cosmo/scipy/integrate.py:64</div>"
"380.0","7","loop fusion","loop_add_power_fusion.1","%loop_add_power_fusion.1 = (f64[], s64[]) fusion(s64[] %copy.783), kind=kLoop, calls=%fused_add_power.1","jit(compute_Cell_spectrum_from_cosmo_params)/jit(main)/jit(evolve_background)/jit(evaluate_thermo)/vmap(while)/body/pow:","6.0","11.675","1.9458333333333335","11.675","1.9458333333333335","0.00015168434827468637","81.16385945820487","0.0","2.835289079229122","2.835289079229122","0.011486976509175923","0.011486976509175923","0.0","0.0","229.875","HBM","No","No","No","<div class='source-info-cell' title='/home/lawrence/git/DISCO-EB/.venv/lib/python3.13/site-packages/jax_cosmo/scipy/integrate.py:64:10
/home/lawrence/git/DISCO-EB/.venv/lib/python3.13/site-packages/jax_cosmo/scipy/integrate.py:142:12
/home/lawrence/git/DISCO-EB/.venv/lib/python3.13/site-packages/jax_cosmo/scipy/integrate.py:150:23
/home/lawrence/git/DISCO-EB/src/discoeb/thermodynamics_recfast.py:488:45
/home/lawrence/git/DISCO-EB/src/discoeb/thermodynamics_recfast.py:488:21
/home/lawrence/git/DISCO-EB/src/discoeb/background.py:237:82
/home/lawrence/git/DISCO-EB/src/discoeb/cmb.py:987:12
/home/lawrence/git/DISCO-EB/scripts/profile_CMB.py:38:0
'>/home/lawrence/git/DISCO-EB/.venv/lib/python3.13/site-packages/jax_cosmo/scipy/integrate.py:64</div>"
"381.0","7","loop fusion","loop_add_power_fusion.4","%loop_add_power_fusion.4 = (f64[], s64[]) fusion(s64[] %copy.810), kind=kLoop, calls=%fused_add_power.4","jit(compute_Cell_spectrum_from_cosmo_params)/jit(main)/jit(evolve_background)/jit(evaluate_thermo)/vmap(while)/body/pow:","6.0","11.675","1.9458333333333335","11.675","1.9458333333333335","0.00015168434827468637","81.16401114255314","0.0","2.835289079229122","2.835289079229122","0.011486976509175923","0.011486976509175923","0.0","0.0","229.875","HBM","No","No","No","<div class='source-info-cell' title='/home/lawrence/git/DISCO-EB/.venv/lib/python3.13/site-packages/jax_cosmo/scipy/integrate.py:64:10
/home/lawrence/git/DISCO-EB/.venv/lib/python3.13/site-packages/jax_cosmo/scipy/integrate.py:142:12
/home/lawrence/git/DISCO-EB/.venv/lib/python3.13/site-packages/jax_cosmo/scipy/integrate.py:150:23
/home/lawrence/git/DISCO-EB/src/discoeb/thermodynamics_recfast.py:488:45
/home/lawrence/git/DISCO-EB/src/discoeb/thermodynamics_recfast.py:488:21
/home/lawrence/git/DISCO-EB/src/discoeb/background.py:237:82
/home/lawrence/git/DISCO-EB/src/discoeb/cmb.py:987:12
/home/lawrence/git/DISCO-EB/scripts/profile_CMB.py:38:0
'>/home/lawrence/git/DISCO-EB/.venv/lib/python3.13/site-packages/jax_cosmo/scipy/integrate.py:64</div>"
"382.0","7","loop fusion","loop_add_power_fusion.3","%loop_add_power_fusion.3 = (f64[], s64[]) fusion(s64[] %copy.801), kind=kLoop, calls=%fused_add_power.3","jit(compute_Cell_spectrum_from_cosmo_params)/jit(main)/jit(evolve_background)/jit(evaluate_thermo)/vmap(while)/body/pow:","6.0","11.644","1.9406666666666668","11.644","1.9406666666666668","0.0001512815889773403","81.16416242414212","0.0","2.8428375128821712","2.8428375128821712","0.01151755846312512","0.01151755846312512","0.0","0.0","229.875","HBM","No","No","No","<div class='source-info-cell' title='/home/lawrence/git/DISCO-EB/.venv/lib/python3.13/site-packages/jax_cosmo/scipy/integrate.py:64:10
/home/lawrence/git/DISCO-EB/.venv/lib/python3.13/site-packages/jax_cosmo/scipy/integrate.py:142:12
/home/lawrence/git/DISCO-EB/.venv/lib/python3.13/site-packages/jax_cosmo/scipy/integrate.py:150:23
/home/lawrence/git/DISCO-EB/src/discoeb/thermodynamics_recfast.py:488:45
/home/lawrence/git/DISCO-EB/src/discoeb/thermodynamics_recfast.py:488:21
/home/lawrence/git/DISCO-EB/src/discoeb/background.py:237:82
/home/lawrence/git/DISCO-EB/src/discoeb/cmb.py:987:12
/home/lawrence/git/DISCO-EB/scripts/profile_CMB.py:38:0
'>/home/lawrence/git/DISCO-EB/.venv/lib/python3.13/site-packages/jax_cosmo/scipy/integrate.py:64</div>"
"383.0","7","loop fusion","loop_add_power_fusion.5","%loop_add_power_fusion.5 = (f64[], s64[]) fusion(s64[] %copy.819), kind=kLoop, calls=%fused_add_power.5","jit(compute_Cell_spectrum_from_cosmo_params)/jit(main)/jit(evolve_background)/jit(evaluate_thermo)/vmap(while)/body/pow:","6.0","11.644","1.9406666666666668","11.644","1.9406666666666668","0.0001512815889773403","81.16431370573109","0.0","2.8428375128821712","2.8428375128821712","0.01151755846312512","0.01151755846312512","0.0","0.0","229.875","HBM","No","No","No","<div class='source-info-cell' title='/home/lawrence/git/DISCO-EB/.venv/lib/python3.13/site-packages/jax_cosmo/scipy/integrate.py:64:10
/home/lawrence/git/DISCO-EB/.venv/lib/python3.13/site-packages/jax_cosmo/scipy/integrate.py:142:12
/home/lawrence/git/DISCO-EB/.venv/lib/python3.13/site-packages/jax_cosmo/scipy/integrate.py:150:23
/home/lawrence/git/DISCO-EB/src/discoeb/thermodynamics_recfast.py:488:45
/home/lawrence/git/DISCO-EB/src/discoeb/thermodynamics_recfast.py:488:21
/home/lawrence/git/DISCO-EB/src/discoeb/background.py:237:82
/home/lawrence/git/DISCO-EB/src/discoeb/cmb.py:987:12
/home/lawrence/git/DISCO-EB/scripts/profile_CMB.py:38:0
'>/home/lawrence/git/DISCO-EB/.venv/lib/python3.13/site-packages/jax_cosmo/scipy/integrate.py:64</div>"
"384.0","7","loop fusion","loop_add_power_fusion.2","%loop_add_power_fusion.2 = (f64[], s64[]) fusion(s64[] %copy.792), kind=kLoop, calls=%fused_add_power.2","jit(compute_Cell_spectrum_from_cosmo_params)/jit(main)/jit(evolve_background)/jit(evaluate_thermo)/vmap(while)/body/pow:","6.0","11.642","1.9403333333333332","11.642","1.9403333333333332","0.00015125560450654377","81.1644649613356","0.0","2.8433258890225046","2.8433258890225046","0.011519537085090955","0.011519537085090955","0.0","0.0","229.875","HBM","No","No","No","<div class='source-info-cell' title='/home/lawrence/git/DISCO-EB/.venv/lib/python3.13/site-packages/jax_cosmo/scipy/integrate.py:64:10
/home/lawrence/git/DISCO-EB/.venv/lib/python3.13/site-packages/jax_cosmo/scipy/integrate.py:142:12
/home/lawrence/git/DISCO-EB/.venv/lib/python3.13/site-packages/jax_cosmo/scipy/integrate.py:150:23
/home/lawrence/git/DISCO-EB/src/discoeb/thermodynamics_recfast.py:488:45
/home/lawrence/git/DISCO-EB/src/discoeb/thermodynamics_recfast.py:488:21
/home/lawrence/git/DISCO-EB/src/discoeb/background.py:237:82
/home/lawrence/git/DISCO-EB/src/discoeb/cmb.py:987:12
/home/lawrence/git/DISCO-EB/scripts/profile_CMB.py:38:0
'>/home/lawrence/git/DISCO-EB/.venv/lib/python3.13/site-packages/jax_cosmo/scipy/integrate.py:64</div>"
"385.0","7","input fusion","input_reduce_fusion.39","%input_reduce_fusion.39 = s64[1024]{0} fusion(f64[1024]{0} %get-tuple-element.17478, f64[1024]{0} %get-tuple-element.17060), kind=kInput, calls=%fused_reduce.39","jit(compute_Cell_spectrum_from_cosmo_params)/jit(main)/jit(evolve_background)/reduce_sum:","1.0","8.54","8.54","8.54","8.54","0.00011095369030114102","81.1645759150259","0.0","1104.696955503513","1104.696955503513","2.680115174912178","2.680115174912178","0.0","0.0","383.875","Compute","No","No","No","<div class='source-info-cell' title='/home/lawrence/git/DISCO-EB/src/discoeb/spline_interpolation.py:143:27
/home/lawrence/git/DISCO-EB/src/discoeb/spline_interpolation.py:159:14
/home/lawrence/git/DISCO-EB/src/discoeb/background.py:313:59
/home/lawrence/git/DISCO-EB/src/discoeb/cmb.py:987:12
/home/lawrence/git/DISCO-EB/scripts/profile_CMB.py:38:0
'>/home/lawrence/git/DISCO-EB/src/discoeb/spline_interpolation.py:143</div>"
"386.0","7","loop fusion","loop_divide_fusion.38","%loop_divide_fusion.38 = f64[1023]{0} fusion(f64[6,1023]{1,0} %get-tuple-element.15845, s64[] %copy.801, f64[1023]{0} %get-tuple-element.15839, f64[] %get-tuple-element.13830), kind=kLoop, calls=%fused_divide.38","jit(compute_Cell_spectrum_from_cosmo_params)/jit(main)/jit(evolve_background)/jit(evaluate_thermo)/vmap(while)/body/div:","6.0","7.004","1.1673333333333333","7.004","1.1673333333333333","9.099761672941355e-05","81.16466691264263","0.0","1936.8306681896058","1936.8306681896058","19.600856379057458","19.600856379057458","0.0","0.0","92.02731195050472","HBM","No","No","No","<div class='source-info-cell' title='/home/lawrence/git/DISCO-EB/.venv/lib/python3.13/site-packages/jax_cosmo/scipy/integrate.py:65:11
/home/lawrence/git/DISCO-EB/.venv/lib/python3.13/site-packages/jax_cosmo/scipy/integrate.py:142:12
/home/lawrence/git/DISCO-EB/.venv/lib/python3.13/site-packages/jax_cosmo/scipy/integrate.py:150:23
/home/lawrence/git/DISCO-EB/src/discoeb/thermodynamics_recfast.py:488:45
/home/lawrence/git/DISCO-EB/src/discoeb/thermodynamics_recfast.py:488:21
/home/lawrence/git/DISCO-EB/src/discoeb/background.py:237:82
/home/lawrence/git/DISCO-EB/src/discoeb/cmb.py:987:12
/home/lawrence/git/DISCO-EB/scripts/profile_CMB.py:38:0
'>/home/lawrence/git/DISCO-EB/.venv/lib/python3.13/site-packages/jax_cosmo/scipy/integrate.py:65</div>"
"387.0","7","loop fusion","loop_sqrt_fusion.2","%loop_sqrt_fusion.2 = f64[1023,2]{1,0} fusion(f64[] %get-tuple-element.17405, f64[] %get-tuple-element.17404, f64[] %get-tuple-element.17403, f64[512]{0} %get-tuple-element.17010, f64[512]{0} %get-tuple-element.17392, /*index=5*/f64[512]{0} %get-tuple-element.17011, s32[1023,2]{1,0} %get-tuple-element.17366, f64[] %Arg_2.3, f64[] %get-tuple-element.17395, f64[] %get-tuple-element.17396, /*index=10*/f64[] %get-tuple-element.17402, s64[] %Arg_3.4, f64[1023]{0} %get-tuple-element.17365, f64[1025]{0} %get-tuple-element.17332, f64[] %Arg_14.15), kind=kLoop, calls=%fused_sqrt.2","jit(compute_Cell_spectrum_from_cosmo_params)/jit(main)/jit(evolve_background)/jit(evaluate_thermo)/vmap(jit(<lambda>))/sqrt:","1.0","6.973","6.973","6.973","6.973","9.059485743206749e-05","81.16475750750006","0.0","5354.153449017639","5354.153449017639","7.116143234692771","7.116143234692771","0.0","0.0","700.7228228228229","Compute","No","No","No","<div class='source-info-cell' title='/home/lawrence/git/DISCO-EB/src/discoeb/background.py:81:11
/home/lawrence/git/DISCO-EB/src/discoeb/thermodynamics_recfast.py:483:25
/home/lawrence/git/DISCO-EB/.venv/lib/python3.13/site-packages/jax_cosmo/scipy/integrate.py:130:26
/home/lawrence/git/DISCO-EB/.venv/lib/python3.13/site-packages/jax_cosmo/scipy/integrate.py:55:15
/home/lawrence/git/DISCO-EB/.venv/lib/python3.13/site-packages/jax_cosmo/scipy/integrate.py:147:26
/home/lawrence/git/DISCO-EB/src/discoeb/thermodynamics_recfast.py:488:45
/home/lawrence/git/DISCO-EB/src/discoeb/thermodynamics_recfast.py:488:21
/home/lawrence/git/DISCO-EB/src/discoeb/background.py:237:82
/home/lawrence/git/DISCO-EB/src/discoeb/cmb.py:987:12
/home/lawrence/git/DISCO-EB/scripts/profile_CMB.py:38:0
'>/home/lawrence/git/DISCO-EB/src/discoeb/background.py:81</div>"
"388.0","7","loop fusion","loop_divide_fusion.39","%loop_divide_fusion.39 = f64[1023]{0} fusion(f64[6,1023]{1,0} %get-tuple-element.15857, s64[] %copy.810, f64[1023]{0} %get-tuple-element.15851, f64[] %get-tuple-element.13832), kind=kLoop, calls=%fused_divide.39","jit(compute_Cell_spectrum_from_cosmo_params)/jit(main)/jit(evolve_background)/jit(evaluate_thermo)/vmap(while)/body/div:","6.0","6.942","1.157","6.942","1.157","9.019209813472144e-05","81.1648476995982","0.0","1954.1287813310284","1954.1287813310284","19.775914445248986","19.775914445248986","0.0","0.0","92.02731195050472","HBM","No","No","No","<div class='source-info-cell' title='/home/lawrence/git/DISCO-EB/.venv/lib/python3.13/site-packages/jax_cosmo/scipy/integrate.py:65:11
/home/lawrence/git/DISCO-EB/.venv/lib/python3.13/site-packages/jax_cosmo/scipy/integrate.py:142:12
/home/lawrence/git/DISCO-EB/.venv/lib/python3.13/site-packages/jax_cosmo/scipy/integrate.py:150:23
/home/lawrence/git/DISCO-EB/src/discoeb/thermodynamics_recfast.py:488:45
/home/lawrence/git/DISCO-EB/src/discoeb/thermodynamics_recfast.py:488:21
/home/lawrence/git/DISCO-EB/src/discoeb/background.py:237:82
/home/lawrence/git/DISCO-EB/src/discoeb/cmb.py:987:12
/home/lawrence/git/DISCO-EB/scripts/profile_CMB.py:38:0
'>/home/lawrence/git/DISCO-EB/.venv/lib/python3.13/site-packages/jax_cosmo/scipy/integrate.py:65</div>"
"389.0","7","loop fusion","loop_divide_fusion.40","%loop_divide_fusion.40 = f64[1023]{0} fusion(f64[6,1023]{1,0} %get-tuple-element.15869, s64[] %copy.819, f64[1023]{0} %get-tuple-element.15863, f64[] %get-tuple-element.13834), kind=kLoop, calls=%fused_divide.40","jit(compute_Cell_spectrum_from_cosmo_params)/jit(main)/jit(evolve_background)/jit(evaluate_thermo)/vmap(while)/body/div:","6.0","6.94","1.1566666666666667","6.94","1.1566666666666667","9.016611366392491e-05","81.16493786571186","0.0","1954.6919308357349","1954.6919308357349","19.78161355604012","19.78161355604012","0.0","0.0","92.02731195050472","HBM","No","No","No","<div class='source-info-cell' title='/home/lawrence/git/DISCO-EB/.venv/lib/python3.13/site-packages/jax_cosmo/scipy/integrate.py:65:11
/home/lawrence/git/DISCO-EB/.venv/lib/python3.13/site-packages/jax_cosmo/scipy/integrate.py:142:12
/home/lawrence/git/DISCO-EB/.venv/lib/python3.13/site-packages/jax_cosmo/scipy/integrate.py:150:23
/home/lawrence/git/DISCO-EB/src/discoeb/thermodynamics_recfast.py:488:45
/home/lawrence/git/DISCO-EB/src/discoeb/thermodynamics_recfast.py:488:21
/home/lawrence/git/DISCO-EB/src/discoeb/background.py:237:82
/home/lawrence/git/DISCO-EB/src/discoeb/cmb.py:987:12
/home/lawrence/git/DISCO-EB/scripts/profile_CMB.py:38:0
'>/home/lawrence/git/DISCO-EB/.venv/lib/python3.13/site-packages/jax_cosmo/scipy/integrate.py:65</div>"
"390.0","7","loop fusion","loop_divide_fusion.36","%loop_divide_fusion.36 = f64[1023]{0} fusion(f64[6,1023]{1,0} %get-tuple-element.15821, s64[] %copy.783, f64[1023]{0} %get-tuple-element.15815, f64[] %get-tuple-element.13826), kind=kLoop, calls=%fused_divide.36","jit(compute_Cell_spectrum_from_cosmo_params)/jit(main)/jit(evolve_background)/jit(evaluate_thermo)/vmap(while)/body/div:","6.0","6.91","1.1516666666666666","6.91","1.1516666666666666","8.97763466019771e-05","81.16502764205846","0.0","1963.1782923299565","1963.1782923299565","19.867496104040296","19.867496104040296","0.0","0.0","92.02731195050472","HBM","No","No","No","<div class='source-info-cell' title='/home/lawrence/git/DISCO-EB/.venv/lib/python3.13/site-packages/jax_cosmo/scipy/integrate.py:65:11
/home/lawrence/git/DISCO-EB/.venv/lib/python3.13/site-packages/jax_cosmo/scipy/integrate.py:142:12
/home/lawrence/git/DISCO-EB/.venv/lib/python3.13/site-packages/jax_cosmo/scipy/integrate.py:150:23
/home/lawrence/git/DISCO-EB/src/discoeb/thermodynamics_recfast.py:488:45
/home/lawrence/git/DISCO-EB/src/discoeb/thermodynamics_recfast.py:488:21
/home/lawrence/git/DISCO-EB/src/discoeb/background.py:237:82
/home/lawrence/git/DISCO-EB/src/discoeb/cmb.py:987:12
/home/lawrence/git/DISCO-EB/scripts/profile_CMB.py:38:0
'>/home/lawrence/git/DISCO-EB/.venv/lib/python3.13/site-packages/jax_cosmo/scipy/integrate.py:65</div>"
"391.0","7","loop fusion","loop_divide_fusion.37","%loop_divide_fusion.37 = f64[1023]{0} fusion(f64[6,1023]{1,0} %get-tuple-element.15833, s64[] %copy.792, f64[1023]{0} %get-tuple-element.15827, f64[] %get-tuple-element.13828), kind=kLoop, calls=%fused_divide.37","jit(compute_Cell_spectrum_from_cosmo_params)/jit(main)/jit(evolve_background)/jit(evaluate_thermo)/vmap(while)/body/div:","6.0","6.91","1.1516666666666666","6.91","1.1516666666666666","8.97763466019771e-05","81.16511741840506","0.0","1963.1782923299565","1963.1782923299565","19.867496104040296","19.867496104040296","0.0","0.0","92.02731195050472","HBM","No","No","No","<div class='source-info-cell' title='/home/lawrence/git/DISCO-EB/.venv/lib/python3.13/site-packages/jax_cosmo/scipy/integrate.py:65:11
/home/lawrence/git/DISCO-EB/.venv/lib/python3.13/site-packages/jax_cosmo/scipy/integrate.py:142:12
/home/lawrence/git/DISCO-EB/.venv/lib/python3.13/site-packages/jax_cosmo/scipy/integrate.py:150:23
/home/lawrence/git/DISCO-EB/src/discoeb/thermodynamics_recfast.py:488:45
/home/lawrence/git/DISCO-EB/src/discoeb/thermodynamics_recfast.py:488:21
/home/lawrence/git/DISCO-EB/src/discoeb/background.py:237:82
/home/lawrence/git/DISCO-EB/src/discoeb/cmb.py:987:12
/home/lawrence/git/DISCO-EB/scripts/profile_CMB.py:38:0
'>/home/lawrence/git/DISCO-EB/.venv/lib/python3.13/site-packages/jax_cosmo/scipy/integrate.py:65</div>"
"392.0","7","loop fusion","loop_divide_fusion","%loop_divide_fusion = f64[1023]{0} fusion(f64[6,1023]{1,0} %get-tuple-element.15809, s64[] %copy.774, f64[1023]{0} %get-tuple-element.15803, f64[] %get-tuple-element.13584), kind=kLoop, calls=%fused_divide","jit(compute_Cell_spectrum_from_cosmo_params)/jit(main)/jit(evolve_background)/jit(evaluate_thermo)/vmap(while)/body/div:","6.0","6.906","1.151","6.906","1.151","8.972437766038407e-05","81.16520714278272","0.0","1964.3153779322329","1964.3153779322329","19.87900348666644","19.87900348666644","0.0","0.0","92.02731195050472","HBM","No","No","No","<div class='source-info-cell' title='/home/lawrence/git/DISCO-EB/.venv/lib/python3.13/site-packages/jax_cosmo/scipy/integrate.py:65:11
/home/lawrence/git/DISCO-EB/.venv/lib/python3.13/site-packages/jax_cosmo/scipy/integrate.py:142:12
/home/lawrence/git/DISCO-EB/.venv/lib/python3.13/site-packages/jax_cosmo/scipy/integrate.py:150:23
/home/lawrence/git/DISCO-EB/src/discoeb/thermodynamics_recfast.py:488:45
/home/lawrence/git/DISCO-EB/src/discoeb/thermodynamics_recfast.py:488:21
/home/lawrence/git/DISCO-EB/src/discoeb/background.py:237:82
/home/lawrence/git/DISCO-EB/src/discoeb/cmb.py:987:12
/home/lawrence/git/DISCO-EB/scripts/profile_CMB.py:38:0
'>/home/lawrence/git/DISCO-EB/.venv/lib/python3.13/site-packages/jax_cosmo/scipy/integrate.py:65</div>"
"393.0","7","input fusion","input_add_broadcast_clamp_compare_minimum_multiply_reduce_select_fusion","%input_add_broadcast_clamp_compare_minimum_multiply_reduce_select_fusion = (f64[8]{0}, pred[8]{0}, f64[8]{0}, f64[8]{0}, s64[8]{0}, /*index=5*/s32[8]{0}, f64[8]{0}, s64[8]{0}, f64[]) fusion(f64[8]{0} %get-tuple-element.689.0, f64[] %get-tuple-element.17558, f64[8]{0} %get-tuple-element.17775, s32[8]{0} %get-tuple-element.17359, f64[1]{0} %get-tuple-element.17352, /*index=5*/f64[512]{0} %get-tuple-element.17010, f64[1024]{0} %input_concatenate_fusion.34, f64[1024]{0} %get-tuple-element.16952, f64[8]{0} %get-tuple-element.17326, f64[1024]{0} %get-tuple-element.17060, /*index=10*/s64[8]{0} %get-tuple-element.17776, f64[] %get-tuple-element.17405, f64[] %Arg_14.15, f64[] %get-tuple-element.17404, f64[] %get-tuple-element.17403, /*index=15*/f64[512]{0} %get-tuple-element.17392, f64[512]{0} %get-tuple-element.17011, s32[8]{0} %get-tuple-element.17358, s64[] %Arg_3.4, f64[] %Arg_2.3, /*index=20*/f64[] %get-tuple-element.17395, f64[] %get-tuple-element.17396, f64[] %get-tuple-element.17402), kind=kInput, calls=%fused_add_broadcast_clamp_compare_minimum_multiply_reduce_select","jit(compute_Cell_spectrum_from_cosmo_params)/jit(main)/jit(evolve_perturbations_batched)/vmap(jit(diffeqsolve))/min:","1.0","5.949","5.949","5.949","5.949","7.729080838424918e-05","81.16528443359111","0.0","31.45318540931249","31.45318540931249","0.2730251420624297","0.2730251420624297","0.0","0.0","107.29071100917432","HBM","No","No","No","<div class='source-info-cell' title='/home/lawrence/git/DISCO-EB/.venv/lib/python3.13/site-packages/diffrax/_integrate.py:1238:12
/home/lawrence/git/DISCO-EB/.venv/lib/python3.13/site-packages/equinox/_jit.py:55:14
/home/lawrence/git/DISCO-EB/.venv/lib/python3.13/site-packages/equinox/_jit.py:263:37
/home/lawrence/git/DISCO-EB/.venv/lib/python3.13/site-packages/equinox/_jit.py:209:19
/home/lawrence/git/DISCO-EB/src/discoeb/perturbations.py:879:15
/home/lawrence/git/DISCO-EB/src/discoeb/perturbations.py:904:9
/home/lawrence/git/DISCO-EB/src/discoeb/perturbations.py:1103:9
/home/lawrence/git/DISCO-EB/src/discoeb/cmb.py:1009:26
/home/lawrence/git/DISCO-EB/scripts/profile_CMB.py:38:0
'>/home/lawrence/git/DISCO-EB/.venv/lib/python3.13/site-packages/diffrax/_integrate.py:1238</div>"
"394.0","7","loop fusion","loop_dynamic_update_slice_fusion.13","%loop_dynamic_update_slice_fusion.13 = f64[6,1023]{1,0} fusion(f64[6,1023]{1,0} %get-tuple-element.15804, s64[] %copy.774, f64[1023]{0} %loop_divide_fusion), kind=kLoop, calls=%fused_dynamic_update_slice.13","jit(compute_Cell_spectrum_from_cosmo_params)/jit(main)/jit(evolve_background)/jit(evaluate_thermo)/vmap(while)/body/dynamic_update_slice:","6.0","5.088","0.848","5.088","0.848","6.610449370634726e-05","81.16535053808481","0.0","0.0","0.0","17.985068964508343","17.985068964508343","0.0","0.0","0.0","HBM","No","No","No","<div class='source-info-cell' title='/home/lawrence/git/DISCO-EB/.venv/lib/python3.13/site-packages/jax_cosmo/scipy/integrate.py:150:23
/home/lawrence/git/DISCO-EB/src/discoeb/thermodynamics_recfast.py:488:45
/home/lawrence/git/DISCO-EB/src/discoeb/thermodynamics_recfast.py:488:21
/home/lawrence/git/DISCO-EB/src/discoeb/background.py:237:82
/home/lawrence/git/DISCO-EB/src/discoeb/cmb.py:987:12
/home/lawrence/git/DISCO-EB/scripts/profile_CMB.py:38:0
'>/home/lawrence/git/DISCO-EB/.venv/lib/python3.13/site-packages/jax_cosmo/scipy/integrate.py:150</div>"
"395.0","7","loop fusion","loop_dynamic_update_slice_fusion.45","%loop_dynamic_update_slice_fusion.45 = f64[6,1023]{1,0} fusion(f64[6,1023]{1,0} %get-tuple-element.15840, s64[] %copy.801, f64[1023]{0} %loop_divide_fusion.38), kind=kLoop, calls=%fused_dynamic_update_slice.45","jit(compute_Cell_spectrum_from_cosmo_params)/jit(main)/jit(evolve_background)/jit(evaluate_thermo)/vmap(while)/body/dynamic_update_slice:","6.0","5.023","0.8371666666666666","5.023","0.8371666666666666","6.525999840546034e-05","81.16541579808322","0.0","0.0","0.0","18.21780427860212","18.21780427860212","0.0","0.0","0.0","HBM","No","No","No","<div class='source-info-cell' title='/home/lawrence/git/DISCO-EB/.venv/lib/python3.13/site-packages/jax_cosmo/scipy/integrate.py:150:23
/home/lawrence/git/DISCO-EB/src/discoeb/thermodynamics_recfast.py:488:45
/home/lawrence/git/DISCO-EB/src/discoeb/thermodynamics_recfast.py:488:21
/home/lawrence/git/DISCO-EB/src/discoeb/background.py:237:82
/home/lawrence/git/DISCO-EB/src/discoeb/cmb.py:987:12
/home/lawrence/git/DISCO-EB/scripts/profile_CMB.py:38:0
'>/home/lawrence/git/DISCO-EB/.venv/lib/python3.13/site-packages/jax_cosmo/scipy/integrate.py:150</div>"
"396.0","7","loop fusion","loop_dynamic_update_slice_fusion.43","%loop_dynamic_update_slice_fusion.43 = f64[6,1023]{1,0} fusion(f64[6,1023]{1,0} %get-tuple-element.15816, s64[] %copy.783, f64[1023]{0} %loop_divide_fusion.36), kind=kLoop, calls=%fused_dynamic_update_slice.43","jit(compute_Cell_spectrum_from_cosmo_params)/jit(main)/jit(evolve_background)/jit(evaluate_thermo)/vmap(while)/body/dynamic_update_slice:","6.0","5.022","0.8370000000000001","5.022","0.8370000000000001","6.52470061700621e-05","81.16548104508938","0.0","0.0","0.0","18.2214318780204","18.2214318780204","0.0","0.0","0.0","HBM","No","No","No","<div class='source-info-cell' title='/home/lawrence/git/DISCO-EB/.venv/lib/python3.13/site-packages/jax_cosmo/scipy/integrate.py:150:23
/home/lawrence/git/DISCO-EB/src/discoeb/thermodynamics_recfast.py:488:45
/home/lawrence/git/DISCO-EB/src/discoeb/thermodynamics_recfast.py:488:21
/home/lawrence/git/DISCO-EB/src/discoeb/background.py:237:82
/home/lawrence/git/DISCO-EB/src/discoeb/cmb.py:987:12
/home/lawrence/git/DISCO-EB/scripts/profile_CMB.py:38:0
'>/home/lawrence/git/DISCO-EB/.venv/lib/python3.13/site-packages/jax_cosmo/scipy/integrate.py:150</div>"
"397.0","7","loop fusion","loop_dynamic_update_slice_fusion.44","%loop_dynamic_update_slice_fusion.44 = f64[6,1023]{1,0} fusion(f64[6,1023]{1,0} %get-tuple-element.15828, s64[] %copy.792, f64[1023]{0} %loop_divide_fusion.37), kind=kLoop, calls=%fused_dynamic_update_slice.44","jit(compute_Cell_spectrum_from_cosmo_params)/jit(main)/jit(evolve_background)/jit(evaluate_thermo)/vmap(while)/body/dynamic_update_slice:","6.0","5.021","0.8368333333333333","5.021","0.8368333333333333","6.523401393466383e-05","81.16554627910332","0.0","0.0","0.0","18.22506092240957","18.22506092240957","0.0","0.0","0.0","HBM","No","No","No","<div class='source-info-cell' title='/home/lawrence/git/DISCO-EB/.venv/lib/python3.13/site-packages/jax_cosmo/scipy/integrate.py:150:23
/home/lawrence/git/DISCO-EB/src/discoeb/thermodynamics_recfast.py:488:45
/home/lawrence/git/DISCO-EB/src/discoeb/thermodynamics_recfast.py:488:21
/home/lawrence/git/DISCO-EB/src/discoeb/background.py:237:82
/home/lawrence/git/DISCO-EB/src/discoeb/cmb.py:987:12
/home/lawrence/git/DISCO-EB/scripts/profile_CMB.py:38:0
'>/home/lawrence/git/DISCO-EB/.venv/lib/python3.13/site-packages/jax_cosmo/scipy/integrate.py:150</div>"
"398.0","7","loop fusion","loop_dynamic_update_slice_fusion.47","%loop_dynamic_update_slice_fusion.47 = f64[6,1023]{1,0} fusion(f64[6,1023]{1,0} %get-tuple-element.15864, s64[] %copy.819, f64[1023]{0} %loop_divide_fusion.40), kind=kLoop, calls=%fused_dynamic_update_slice.47","jit(compute_Cell_spectrum_from_cosmo_params)/jit(main)/jit(evolve_background)/jit(evaluate_thermo)/vmap(while)/body/dynamic_update_slice:","6.0","4.99","0.8316666666666667","4.99","0.8316666666666667","6.483125463731777e-05","81.16561111035796","0.0","0.0","0.0","18.33828274377123","18.33828274377123","0.0","0.0","0.0","HBM","No","No","No","<div class='source-info-cell' title='/home/lawrence/git/DISCO-EB/.venv/lib/python3.13/site-packages/jax_cosmo/scipy/integrate.py:150:23
/home/lawrence/git/DISCO-EB/src/discoeb/thermodynamics_recfast.py:488:45
/home/lawrence/git/DISCO-EB/src/discoeb/thermodynamics_recfast.py:488:21
/home/lawrence/git/DISCO-EB/src/discoeb/background.py:237:82
/home/lawrence/git/DISCO-EB/src/discoeb/cmb.py:987:12
/home/lawrence/git/DISCO-EB/scripts/profile_CMB.py:38:0
'>/home/lawrence/git/DISCO-EB/.venv/lib/python3.13/site-packages/jax_cosmo/scipy/integrate.py:150</div>"
"399.0","7","loop fusion","loop_dynamic_update_slice_fusion.46","%loop_dynamic_update_slice_fusion.46 = f64[6,1023]{1,0} fusion(f64[6,1023]{1,0} %get-tuple-element.15852, s64[] %copy.810, f64[1023]{0} %loop_divide_fusion.39), kind=kLoop, calls=%fused_dynamic_update_slice.46","jit(compute_Cell_spectrum_from_cosmo_params)/jit(main)/jit(evolve_background)/jit(evaluate_thermo)/vmap(while)/body/dynamic_update_slice:","6.0","4.989","0.8315","4.989","0.8315","6.48182624019195e-05","81.16567592862036","0.0","0.0","0.0","18.34195848695499","18.34195848695499","0.0","0.0","0.0","HBM","No","No","No","<div class='source-info-cell' title='/home/lawrence/git/DISCO-EB/.venv/lib/python3.13/site-packages/jax_cosmo/scipy/integrate.py:150:23
/home/lawrence/git/DISCO-EB/src/discoeb/thermodynamics_recfast.py:488:45
/home/lawrence/git/DISCO-EB/src/discoeb/thermodynamics_recfast.py:488:21
/home/lawrence/git/DISCO-EB/src/discoeb/background.py:237:82
/home/lawrence/git/DISCO-EB/src/discoeb/cmb.py:987:12
/home/lawrence/git/DISCO-EB/scripts/profile_CMB.py:38:0
'>/home/lawrence/git/DISCO-EB/.venv/lib/python3.13/site-packages/jax_cosmo/scipy/integrate.py:150</div>"
"400.0","7","data formatting","copy.1386","%copy.1386 = s64[] copy(s64[] %get-tuple-element.16869)","","6.0","4.926","0.8210000000000001","4.926","0.8210000000000001","6.399975157182913e-05","81.16573992837193","0.0","0.0","0.0","0.0181500136344064","0.0181500136344064","0.0","0.0","0.0","HBM","No","No","No",""
"401.0","7","data formatting","copy.1422","%copy.1422 = s64[] copy(s64[] %get-tuple-element.16917)","","6.0","4.894","0.8156666666666667","4.894","0.8156666666666667","6.358400003908479e-05","81.16580351237198","0.0","0.0","0.0","0.018268689653266435","0.018268689653266435","0.0","0.0","0.0","HBM","No","No","No",""
"402.0","7","data formatting","copy.1431","%copy.1431 = s64[] copy(s64[] %get-tuple-element.16929)","","6.0","4.894","0.8156666666666667","4.894","0.8156666666666667","6.358400003908479e-05","81.16586709637203","0.0","0.0","0.0","0.018268689653266435","0.018268689653266435","0.0","0.0","0.0","HBM","No","No","No",""
"403.0","7","data formatting","copy.1413","%copy.1413 = s64[] copy(s64[] %get-tuple-element.16905)","","6.0","4.892","0.8153333333333334","4.892","0.8153333333333334","6.355801556828828e-05","81.1659306543876","0.0","0.0","0.0","0.0182761584552506","0.0182761584552506","0.0","0.0","0.0","HBM","No","No","No",""
"404.0","7","data formatting","copy.774","%copy.774 = s64[] copy(s64[] %get-tuple-element.15802)","","6.0","4.863","0.8105000000000001","4.863","0.8105000000000001","6.318124074173874e-05","81.16599383562834","0.0","0.0","0.0","0.01838514644521611","0.01838514644521611","0.0","0.0","0.0","HBM","No","No","No",""
"405.0","7","data formatting","copy.810","%copy.810 = s64[] copy(s64[] %get-tuple-element.15850)","","6.0","4.863","0.8105000000000001","4.863","0.8105000000000001","6.318124074173874e-05","81.16605701686908","0.0","0.0","0.0","0.01838514644521611","0.01838514644521611","0.0","0.0","0.0","HBM","No","No","No",""
"406.0","7","data formatting","copy.1395","%copy.1395 = s64[] copy(s64[] %get-tuple-element.16881)","","6.0","4.862","0.8103333333333333","4.862","0.8103333333333333","6.316824850634048e-05","81.16612018511759","0.0","0.0","0.0","0.018388927841029603","0.018388927841029603","0.0","0.0","0.0","HBM","No","No","No",""
"407.0","7","data formatting","copy.1404","%copy.1404 = s64[] copy(s64[] %get-tuple-element.16893)","","6.0","4.862","0.8103333333333333","4.862","0.8103333333333333","6.316824850634048e-05","81.1661833533661","0.0","0.0","0.0","0.018388927841029603","0.018388927841029603","0.0","0.0","0.0","HBM","No","No","No",""
"408.0","7","data formatting","copy.783","%copy.783 = s64[] copy(s64[] %get-tuple-element.15814)","","6.0","4.862","0.8103333333333333","4.862","0.8103333333333333","6.316824850634048e-05","81.16624652161461","0.0","0.0","0.0","0.018388927841029603","0.018388927841029603","0.0","0.0","0.0","HBM","No","No","No",""
"409.0","7","data formatting","copy.801","%copy.801 = s64[] copy(s64[] %get-tuple-element.15838)","","6.0","4.862","0.8103333333333333","4.862","0.8103333333333333","6.316824850634048e-05","81.16630968986311","0.0","0.0","0.0","0.018388927841029603","0.018388927841029603","0.0","0.0","0.0","HBM","No","No","No",""
"410.0","7","loop fusion","loop_multiply_pad_slice_fusion.5","%loop_multiply_pad_slice_fusion.5 = (f64[510]{0}, f64[510]{0}, f64[510]{0}, f64[510]{0}, f64[510]{0}, /*index=5*/f64[510]{0}, f64[510]{0}, f64[510]{0}, f64[510]{0}, f64[510]{0}) fusion(f64[512]{0} %get-tuple-element.17003, f64[512]{0} %get-tuple-element.17011, f64[512]{0} %get-tuple-element.16995, f64[512]{0} %get-tuple-element.17010), kind=kLoop, calls=%fused_multiply_pad_slice.5","jit(compute_Cell_spectrum_from_cosmo_params)/jit(main)/jit(evolve_background)/scatter:","1.0","4.862","4.862","4.862","4.862","6.316824850634048e-05","81.16637285811163","0.0","1436.4730563554092","1436.4730563554092","10.953671350639969","10.953671350639969","0.0","0.0","122.13437325125909","HBM","No","No","No","<div class='source-info-cell' title='/home/lawrence/git/DISCO-EB/src/discoeb/spline_interpolation.py:62:17
/home/lawrence/git/DISCO-EB/src/discoeb/background.py:168:43
/home/lawrence/git/DISCO-EB/src/discoeb/background.py:233:12
/home/lawrence/git/DISCO-EB/src/discoeb/cmb.py:987:12
/home/lawrence/git/DISCO-EB/scripts/profile_CMB.py:38:0
'>/home/lawrence/git/DISCO-EB/src/discoeb/spline_interpolation.py:62</div>"
"411.0","7","data formatting","copy.819","%copy.819 = s64[] copy(s64[] %get-tuple-element.15862)","","6.0","4.832","0.8053333333333333","4.832","0.8053333333333333","6.277848144439267e-05","81.16643563659306","0.0","0.0","0.0","0.01850309750891679","0.01850309750891679","0.0","0.0","0.0","HBM","No","No","No",""
"412.0","7","data formatting","copy.792","%copy.792 = s64[] copy(s64[] %get-tuple-element.15826)","","6.0","4.829","0.8048333333333333","4.829","0.8048333333333333","6.273950473819789e-05","81.1664983760978","0.0","0.0","0.0","0.01851459249597969","0.01851459249597969","0.0","0.0","0.0","HBM","No","No","No",""
"413.0","7","loop fusion","loop_dynamic_update_slice_fusion.38","%loop_dynamic_update_slice_fusion.38 = f64[6]{0} fusion(f64[6]{0} %get-tuple-element.16883, s64[] %copy.1395, f64[] %get-tuple-element.16886), kind=kLoop, calls=%fused_dynamic_update_slice.38","jit(compute_Cell_spectrum_from_cosmo_params)/jit(main)/jit(evolve_background)/while/body/dynamic_update_slice:","6.0","4.797","0.7995","4.797","0.7995","6.232375320545357e-05","81.166560699851","0.0","0.0","0.0","0.02795715045750029","0.02795715045750029","0.0","0.0","0.0","HBM","No","No","No","<div class='source-info-cell' title='/home/lawrence/git/DISCO-EB/.venv/lib/python3.13/site-packages/jax_cosmo/scipy/integrate.py:150:23
/home/lawrence/git/DISCO-EB/src/discoeb/background.py:183:8
/home/lawrence/git/DISCO-EB/src/discoeb/background.py:233:12
/home/lawrence/git/DISCO-EB/src/discoeb/cmb.py:987:12
/home/lawrence/git/DISCO-EB/scripts/profile_CMB.py:38:0
'>/home/lawrence/git/DISCO-EB/.venv/lib/python3.13/site-packages/jax_cosmo/scipy/integrate.py:150</div>"
"414.0","7","loop fusion","loop_dynamic_update_slice_fusion.12","%loop_dynamic_update_slice_fusion.12 = f64[6]{0} fusion(f64[6]{0} %get-tuple-element.16871, s64[] %copy.1386, f64[] %get-tuple-element.16874), kind=kLoop, calls=%fused_dynamic_update_slice.12","jit(compute_Cell_spectrum_from_cosmo_params)/jit(main)/jit(evolve_background)/while/body/dynamic_update_slice:","6.0","4.767","0.7945000000000001","4.767","0.7945000000000001","6.193398614350577e-05","81.16662263383715","0.0","0.0","0.0","0.028133092247667066","0.028133092247667066","0.0","0.0","0.0","HBM","No","No","No","<div class='source-info-cell' title='/home/lawrence/git/DISCO-EB/.venv/lib/python3.13/site-packages/jax_cosmo/scipy/integrate.py:150:23
/home/lawrence/git/DISCO-EB/src/discoeb/background.py:183:8
/home/lawrence/git/DISCO-EB/src/discoeb/background.py:233:12
/home/lawrence/git/DISCO-EB/src/discoeb/cmb.py:987:12
/home/lawrence/git/DISCO-EB/scripts/profile_CMB.py:38:0
'>/home/lawrence/git/DISCO-EB/.venv/lib/python3.13/site-packages/jax_cosmo/scipy/integrate.py:150</div>"
"415.0","7","loop fusion","loop_dynamic_update_slice_fusion.39","%loop_dynamic_update_slice_fusion.39 = f64[6]{0} fusion(f64[6]{0} %get-tuple-element.16895, s64[] %copy.1404, f64[] %get-tuple-element.16898), kind=kLoop, calls=%fused_dynamic_update_slice.39","jit(compute_Cell_spectrum_from_cosmo_params)/jit(main)/jit(evolve_background)/while/body/dynamic_update_slice:","6.0","4.767","0.7945000000000001","4.767","0.7945000000000001","6.193398614350577e-05","81.16668456782328","0.0","0.0","0.0","0.028133092247667066","0.028133092247667066","0.0","0.0","0.0","HBM","No","No","No","<div class='source-info-cell' title='/home/lawrence/git/DISCO-EB/.venv/lib/python3.13/site-packages/jax_cosmo/scipy/integrate.py:150:23
/home/lawrence/git/DISCO-EB/src/discoeb/background.py:183:8
/home/lawrence/git/DISCO-EB/src/discoeb/background.py:233:12
/home/lawrence/git/DISCO-EB/src/discoeb/cmb.py:987:12
/home/lawrence/git/DISCO-EB/scripts/profile_CMB.py:38:0
'>/home/lawrence/git/DISCO-EB/.venv/lib/python3.13/site-packages/jax_cosmo/scipy/integrate.py:150</div>"
"416.0","7","loop fusion","loop_dynamic_update_slice_fusion.41","%loop_dynamic_update_slice_fusion.41 = f64[6]{0} fusion(f64[6]{0} %get-tuple-element.16919, s64[] %copy.1422, f64[] %get-tuple-element.16922), kind=kLoop, calls=%fused_dynamic_update_slice.41","jit(compute_Cell_spectrum_from_cosmo_params)/jit(main)/jit(evolve_background)/while/body/dynamic_update_slice:","6.0","4.765","0.7941666666666666","4.765","0.7941666666666666","6.190800167270924e-05","81.16674647582497","0.0","0.0","0.0","0.028144900471065878","0.028144900471065878","0.0","0.0","0.0","HBM","No","No","No","<div class='source-info-cell' title='/home/lawrence/git/DISCO-EB/.venv/lib/python3.13/site-packages/jax_cosmo/scipy/integrate.py:150:23
/home/lawrence/git/DISCO-EB/src/discoeb/background.py:183:8
/home/lawrence/git/DISCO-EB/src/discoeb/background.py:233:12
/home/lawrence/git/DISCO-EB/src/discoeb/cmb.py:987:12
/home/lawrence/git/DISCO-EB/scripts/profile_CMB.py:38:0
'>/home/lawrence/git/DISCO-EB/.venv/lib/python3.13/site-packages/jax_cosmo/scipy/integrate.py:150</div>"
"417.0","7","loop fusion","loop_dynamic_update_slice_fusion.40","%loop_dynamic_update_slice_fusion.40 = f64[6]{0} fusion(f64[6]{0} %get-tuple-element.16907, s64[] %copy.1413, f64[] %get-tuple-element.16910), kind=kLoop, calls=%fused_dynamic_update_slice.40","jit(compute_Cell_spectrum_from_cosmo_params)/jit(main)/jit(evolve_background)/while/body/dynamic_update_slice:","6.0","4.764","0.794","4.764","0.794","6.189500943731099e-05","81.1668083708344","0.0","0.0","0.0","0.02815080830071975","0.02815080830071975","0.0","0.0","0.0","HBM","No","No","No","<div class='source-info-cell' title='/home/lawrence/git/DISCO-EB/.venv/lib/python3.13/site-packages/jax_cosmo/scipy/integrate.py:150:23
/home/lawrence/git/DISCO-EB/src/discoeb/background.py:183:8
/home/lawrence/git/DISCO-EB/src/discoeb/background.py:233:12
/home/lawrence/git/DISCO-EB/src/discoeb/cmb.py:987:12
/home/lawrence/git/DISCO-EB/scripts/profile_CMB.py:38:0
'>/home/lawrence/git/DISCO-EB/.venv/lib/python3.13/site-packages/jax_cosmo/scipy/integrate.py:150</div>"
"418.0","7","loop fusion","loop_dynamic_update_slice_fusion.42","%loop_dynamic_update_slice_fusion.42 = f64[6]{0} fusion(f64[6]{0} %get-tuple-element.16931, s64[] %copy.1431, f64[] %get-tuple-element.16934), kind=kLoop, calls=%fused_dynamic_update_slice.42","jit(compute_Cell_spectrum_from_cosmo_params)/jit(main)/jit(evolve_background)/while/body/dynamic_update_slice:","6.0","4.735","0.7891666666666667","4.735","0.7891666666666667","6.151823461076146e-05","81.166869889069","0.0","0.0","0.0","0.028323220854198288","0.028323220854198288","0.0","0.0","0.0","HBM","No","No","No","<div class='source-info-cell' title='/home/lawrence/git/DISCO-EB/.venv/lib/python3.13/site-packages/jax_cosmo/scipy/integrate.py:150:23
/home/lawrence/git/DISCO-EB/src/discoeb/background.py:183:8
/home/lawrence/git/DISCO-EB/src/discoeb/background.py:233:12
/home/lawrence/git/DISCO-EB/src/discoeb/cmb.py:987:12
/home/lawrence/git/DISCO-EB/scripts/profile_CMB.py:38:0
'>/home/lawrence/git/DISCO-EB/.venv/lib/python3.13/site-packages/jax_cosmo/scipy/integrate.py:150</div>"
"419.0","7","call","call.574","%call.574 = (f64[1024]{0}, f64[], (f64[1]{0}, f64[1024]{0})) call(f64[6,1023]{1,0} %get-tuple-element.299.0, f64[] %get-tuple-element.17398, f64[1024]{0} %get-tuple-element.17453), to_apply=%command_buffer.14","","5.0","4.734","0.9468","4.734","0.9468","6.150524237536319e-05","81.16693139431138","0.0","1902.4767638360795","1902.4767638360795","49.90661401108039","33.278945230662096","0.0","0.0","35.502700252286346","HBM","No","No","No",""
"420.0","7","loop fusion","loop_multiply_fusion.22","%loop_multiply_fusion.22 = f64[128,318]{1,0} fusion(f64[318]{0} %get-tuple-element.17628, f64[320,128]{1,0} %get-tuple-element.624.0, f64[318]{0} %get-tuple-element.17627), kind=kLoop, calls=%fused_multiply.22","jit(compute_Cell_spectrum_from_cosmo_params)/jit(main)/jit(compute_source_function)/jit(compute_source_term_isw)/mul:","1.0","4.67","4.67","4.67","4.67","6.067373930987454e-05","81.16699206805069","0.0","38524.98501070664","38524.98501070664","131.30252315349702","131.30252315349702","0.0","0.0","273.25589307411906","HBM","No","No","No","<div class='source-info-cell' title='/home/lawrence/git/DISCO-EB/src/discoeb/spline_interpolation.py:56:16
/home/lawrence/git/DISCO-EB/src/discoeb/cmb.py:442:14
/home/lawrence/git/DISCO-EB/src/discoeb/cmb.py:445:9
/home/lawrence/git/DISCO-EB/src/discoeb/cmb.py:609:9
/home/lawrence/git/DISCO-EB/src/discoeb/cmb.py:1056:21
/home/lawrence/git/DISCO-EB/scripts/profile_CMB.py:38:0
'>/home/lawrence/git/DISCO-EB/src/discoeb/spline_interpolation.py:56</div>"
"421.0","7","loop fusion","loop_multiply_fusion.23","%loop_multiply_fusion.23 = f64[320,126]{1,0} fusion(f64[126]{0} %get-tuple-element.17817, f64[128,320]{1,0} %get-tuple-element.640.0, f64[126]{0} %get-tuple-element.17816), kind=kLoop, calls=%fused_multiply.23","jit(compute_Cell_spectrum_from_cosmo_params)/jit(main)/jit(compute_theta_ell)/mul:","1.0","4.415","4.415","4.415","4.415","5.736071928331822e-05","81.16704942876997","0.0","40365.66251415628","40365.66251415628","137.59020095773351","137.59020095773351","0.0","0.0","273.22768974145123","HBM","No","No","No","<div class='source-info-cell' title='/home/lawrence/git/DISCO-EB/src/discoeb/spline_interpolation.py:56:16
/home/lawrence/git/DISCO-EB/src/discoeb/cmb.py:735:18
/home/lawrence/git/DISCO-EB/src/discoeb/cmb.py:739:12
/home/lawrence/git/DISCO-EB/src/discoeb/cmb.py:1063:24
/home/lawrence/git/DISCO-EB/scripts/profile_CMB.py:38:0
'>/home/lawrence/git/DISCO-EB/src/discoeb/spline_interpolation.py:56</div>"
"422.0","7","data formatting","copy.533","%copy.533 = f64[8]{0} copy(f64[8]{0} %get-tuple-element.14910)","","5.0","4.0","0.8","4.0","0.8","5.1968941593040294e-05","81.16710139771158","0.0","0.0","0.0","0.14901161193847656","0.14901161193847656","0.0","0.0","0.0","HBM","No","No","No",""
"423.0","7","data formatting","copy.534","%copy.534 = f64[8]{0} copy(f64[8]{0} %get-tuple-element.14911)","","5.0","3.999","0.7998000000000001","3.999","0.7998000000000001","5.195594935764203e-05","81.16715335366092","0.0","0.0","0.0","0.14904887415701581","0.14904887415701581","0.0","0.0","0.0","HBM","No","No","No",""
"424.0","7","data formatting","copy.531","%copy.531 = pred[8]{0} copy(pred[8]{0} %get-tuple-element.14908)","","5.0","3.997","0.7994","3.997","0.7994","5.192996488684551e-05","81.1672052836258","0.0","0.0","0.0","0.018640431816171695","0.018640431816171695","0.0","0.0","0.0","HBM","No","No","No",""
"425.0","7","loop fusion","loop_clamp_fusion.2","%loop_clamp_fusion.2 = s32[1023,8]{1,0} fusion(f64[1]{0} %get-tuple-element.17352, f64[512]{0} %get-tuple-element.17010, f64[1023]{0} %get-tuple-element.17365, f64[1025]{0} %get-tuple-element.17332), kind=kLoop, calls=%fused_clamp.2","jit(compute_Cell_spectrum_from_cosmo_params)/jit(main)/jit(evolve_background)/jit(evaluate_thermo)/vmap(jit(<lambda>))/jit(clip)/min:","1.0","3.103","3.103","3.103","3.103","4.031490644080101e-05","81.16724559853225","0.0","2746.5797615211086","2746.5797615211086","14.74268928943355","14.74268928943355","0.0","0.0","173.5064535830619","HBM","No","No","No","<div class='source-info-cell' title='/home/lawrence/git/DISCO-EB/src/discoeb/spline_interpolation.py:139:18
/home/lawrence/git/DISCO-EB/src/discoeb/spline_interpolation.py:159:14
/home/lawrence/git/DISCO-EB/src/discoeb/background.py:75:20
/home/lawrence/git/DISCO-EB/src/discoeb/background.py:183:25
/home/lawrence/git/DISCO-EB/.venv/lib/python3.13/site-packages/jax_cosmo/scipy/integrate.py:130:26
/home/lawrence/git/DISCO-EB/.venv/lib/python3.13/site-packages/jax_cosmo/scipy/integrate.py:55:15
/home/lawrence/git/DISCO-EB/.venv/lib/python3.13/site-packages/jax_cosmo/scipy/integrate.py:147:26
/home/lawrence/git/DISCO-EB/src/discoeb/background.py:183:8
/home/lawrence/git/DISCO-EB/src/discoeb/background.py:233:12
/home/lawrence/git/DISCO-EB/src/discoeb/cmb.py:987:12
'>/home/lawrence/git/DISCO-EB/src/discoeb/spline_interpolation.py:139</div>"
"426.0","7","data formatting","copy.1666","%copy.1666 = s64[] copy(s64[] %constant_22830_0)","","3.0","2.782","0.9273333333333333","2.782","0.9273333333333333","3.614439887795952e-05","81.16728174293112","0.0","0.0","0.0","0.01606882946856325","0.01606882946856325","0.0","0.0","0.0","HBM","No","No","No",""
"427.0","7","loop fusion","loop_multiply_pad_slice_fusion.4","%loop_multiply_pad_slice_fusion.4 = (f64[1022]{0}, f64[1022]{0}, f64[1022]{0}, f64[1022]{0}, f64[1022]{0}, /*index=5*/f64[1022]{0}) fusion(f64[1024]{0} %get-tuple-element.17028, f64[1024]{0} %get-tuple-element.17027), kind=kLoop, calls=%fused_multiply_pad_slice.4","jit(compute_Cell_spectrum_from_cosmo_params)/jit(main)/jit(evolve_background)/scatter:","1.0","2.623","2.623","2.623","2.623","3.407863344963618e-05","81.16731582156457","0.0","1876.971025543271","1876.971025543271","23.235131255370533","23.235131255370533","0.0","0.0","75.23372555012224","HBM","No","No","No","<div class='source-info-cell' title='/home/lawrence/git/DISCO-EB/src/discoeb/spline_interpolation.py:62:17
/home/lawrence/git/DISCO-EB/src/discoeb/background.py:248:40
/home/lawrence/git/DISCO-EB/src/discoeb/cmb.py:987:12
/home/lawrence/git/DISCO-EB/scripts/profile_CMB.py:38:0
'>/home/lawrence/git/DISCO-EB/src/discoeb/spline_interpolation.py:62</div>"
"428.0","7","loop fusion","loop_dynamic_update_slice_fusion.235","%loop_dynamic_update_slice_fusion.235 = f64[72,128,320]{2,1,0} fusion(f64[72,128,320]{2,1,0} %get-tuple-element.17924, f64[128,320]{1,0} %get-tuple-element.14221), kind=kLoop, calls=%fused_dynamic_update_slice.235","jit(compute_Cell_spectrum_from_cosmo_params)/jit(main)/jit(compute_time_derivatives)/scatter:","1.0","2.495","2.495","2.495","2.495","3.2415627318658886e-05","81.16734823719189","0.0","0.0","0.0","244.62988476953905","244.62988476953905","0.0","0.0","0.0","HBM","No","No","No","<div class='source-info-cell' title='/home/lawrence/git/DISCO-EB/src/discoeb/perturbations.py:255:8
/home/lawrence/git/DISCO-EB/src/discoeb/perturbations.py:1173:25
/home/lawrence/git/DISCO-EB/src/discoeb/perturbations.py:1172:19
/home/lawrence/git/DISCO-EB/src/discoeb/perturbations.py:1171:13
/home/lawrence/git/DISCO-EB/src/discoeb/cmb.py:1030:13
/home/lawrence/git/DISCO-EB/scripts/profile_CMB.py:38:0
'>/home/lawrence/git/DISCO-EB/src/discoeb/perturbations.py:255</div>"
"429.0","7","loop fusion","loop_multiply_slice_subtract_fusion","%loop_multiply_slice_subtract_fusion = (f64[1,8192]{1,0}, f64[8192]{0}, f64[8192]{0}, f64[8192]{0}) fusion(f64[320,128]{1,0} %input_concatenate_fusion.25, f64[128,320]{1,0} %get-tuple-element.640.0, f64[8192]{0} %get-tuple-element.17822, s64[8192]{0} %get-tuple-element.17821, f64[128]{0} %get-tuple-element.639.0), kind=kLoop, calls=%fused_multiply_slice_subtract","jit(compute_Cell_spectrum_from_cosmo_params)/jit(main)/jit(compute_theta_ell)/slice:","1.0","2.143","2.143","2.143","2.143","2.784236045847133e-05","81.16737607955234","0.0","5724.2697153523095","5724.2697153523095","285.256760063652","285.256760063652","0.0","0.0","18.688922947542903","HBM","No","No","No","<div class='source-info-cell' title='/home/lawrence/git/DISCO-EB/src/discoeb/spline_interpolation.py:39:64
/home/lawrence/git/DISCO-EB/src/discoeb/cmb.py:766:17
/home/lawrence/git/DISCO-EB/src/discoeb/cmb.py:770:15
/home/lawrence/git/DISCO-EB/src/discoeb/cmb.py:1063:24
/home/lawrence/git/DISCO-EB/scripts/profile_CMB.py:38:0
'>/home/lawrence/git/DISCO-EB/src/discoeb/spline_interpolation.py:39</div>"
"430.0","7","loop fusion","loop_multiply_pad_fusion","%loop_multiply_pad_fusion = (f64[1022]{0}, f64[1022]{0}) fusion(f64[1022]{0} %get-tuple-element.17517, f64[1022]{0} %get-tuple-element.17519, f64[1024]{0} %get-tuple-element.11053.0, f64[1022]{0} %get-tuple-element.17518), kind=kLoop, calls=%fused_multiply_pad","jit(compute_Cell_spectrum_from_cosmo_params)/jit(main)/jit(evolve_background)/scatter:","1.0","2.079","2.079","2.079","2.079","2.7010857392982696e-05","81.16740309040974","0.0","2175.8903318903317","2175.8903318903317","18.323626066412473","18.323626066412473","0.0","0.0","110.59250929004499","HBM","No","No","No","<div class='source-info-cell' title='/home/lawrence/git/DISCO-EB/src/discoeb/spline_interpolation.py:62:17
/home/lawrence/git/DISCO-EB/src/discoeb/background.py:320:17
/home/lawrence/git/DISCO-EB/src/discoeb/cmb.py:987:12
/home/lawrence/git/DISCO-EB/scripts/profile_CMB.py:38:0
'>/home/lawrence/git/DISCO-EB/src/discoeb/spline_interpolation.py:62</div>"
"431.0","7","input fusion","input_reduce_fusion.55","%input_reduce_fusion.55 = s32[] fusion(f64[8,320]{1,0} %get-tuple-element.691.0, f64[8]{0} %get-tuple-element.16280, f64[8]{0} %get-tuple-element.16291), kind=kInput, calls=%fused_reduce.55","jit(compute_Cell_spectrum_from_cosmo_params)/jit(main)/jit(evolve_perturbations_batched)/vmap(jit(diffeqsolve))/jit(branched_error_if_impl)/convert_element_type:","1.0","2.047","2.047","2.047","2.047","2.6595105860238373e-05","81.1674296855156","0.0","15.007327796775769","15.007327796775769","9.377831415717754","9.377831415717754","0.0","0.0","1.4903939452745973","HBM","No","No","No","<div class='source-info-cell' title='/home/lawrence/git/DISCO-EB/.venv/lib/python3.13/site-packages/equinox/_errors.py:118:15
/home/lawrence/git/DISCO-EB/.venv/lib/python3.13/site-packages/equinox/_ad.py:776:19
/home/lawrence/git/DISCO-EB/.venv/lib/python3.13/site-packages/equinox/_ad.py:819:15
/home/lawrence/git/DISCO-EB/.venv/lib/python3.13/site-packages/equinox/_errors.py:336:16
/home/lawrence/git/DISCO-EB/.venv/lib/python3.13/site-packages/equinox/_jit.py:55:14
/home/lawrence/git/DISCO-EB/.venv/lib/python3.13/site-packages/equinox/_jit.py:263:37
/home/lawrence/git/DISCO-EB/.venv/lib/python3.13/site-packages/equinox/_jit.py:209:19
/home/lawrence/git/DISCO-EB/.venv/lib/python3.13/site-packages/equinox/_errors.py:267:15
/home/lawrence/git/DISCO-EB/.venv/lib/python3.13/site-packages/equinox/_errors.py:246:11
/home/lawrence/git/DISCO-EB/.venv/lib/python3.13/site-packages/diffrax/_integrate.py:1201:13
'>/home/lawrence/git/DISCO-EB/.venv/lib/python3.13/site-packages/equinox/_errors.py:118</div>"
"432.0","7","input fusion","input_reduce_fusion.52","%input_reduce_fusion.52 = (s64[], s64[], s64[]) fusion(f64[1024]{0} %get-tuple-element.17027), kind=kInput, calls=%fused_reduce.52","jit(compute_Cell_spectrum_from_cosmo_params)/jit(main)/jit(evolve_perturbations_batched)/reduce_sum:","1.0","1.887","1.887","1.887","1.887","2.4516348196516762e-05","81.16745420186379","0.0","14.647058823529411","14.647058823529411","4.054979476969143","4.054979476969143","0.0","0.0","3.36404576436222","HBM","No","No","No","<div class='source-info-cell' title='/home/lawrence/git/DISCO-EB/src/discoeb/spline_interpolation.py:143:27
/home/lawrence/git/DISCO-EB/src/discoeb/spline_interpolation.py:159:14
/home/lawrence/git/DISCO-EB/src/discoeb/perturbations.py:637:11
/home/lawrence/git/DISCO-EB/src/discoeb/perturbations.py:784:20
/home/lawrence/git/DISCO-EB/src/discoeb/perturbations.py:790:26
/home/lawrence/git/DISCO-EB/src/discoeb/perturbations.py:864:24
/home/lawrence/git/DISCO-EB/src/discoeb/perturbations.py:1103:9
/home/lawrence/git/DISCO-EB/src/discoeb/cmb.py:1009:26
/home/lawrence/git/DISCO-EB/scripts/profile_CMB.py:38:0
'>/home/lawrence/git/DISCO-EB/src/discoeb/spline_interpolation.py:143</div>"
"433.0","7","input fusion","input_reduce_fusion.60","%input_reduce_fusion.60 = (s32[], s32[], s32[]) fusion(s32[8]{0} %get-tuple-element.541.0, f64[8]{0} %get-tuple-element.540.0, f64[8]{0} %get-tuple-element.16291, s32[8]{0} %get-tuple-element.17359, f64[8]{0} %get-tuple-element.16280), kind=kInput, calls=%fused_reduce.60","jit(compute_Cell_spectrum_from_cosmo_params)/jit(main)/jit(evolve_perturbations_batched)/vmap(jit(diffeqsolve))/jit(branched_error_if_impl)/reduce_max:","1.0","1.536","1.536","1.536","1.536","1.9956073571727473e-05","81.16747415793736","0.0","0.185546875","0.185546875","0.16249638671676317","0.16249638671676317","0.0","0.0","1.0634328358208955","HBM","No","No","No","<div class='source-info-cell' title='/home/lawrence/git/DISCO-EB/.venv/lib/python3.13/site-packages/equinox/_unvmap.py:81:23
/home/lawrence/git/DISCO-EB/.venv/lib/python3.13/site-packages/equinox/_errors.py:291:20
/home/lawrence/git/DISCO-EB/.venv/lib/python3.13/site-packages/equinox/_jit.py:55:14
/home/lawrence/git/DISCO-EB/.venv/lib/python3.13/site-packages/equinox/_jit.py:263:37
/home/lawrence/git/DISCO-EB/.venv/lib/python3.13/site-packages/equinox/_jit.py:209:19
/home/lawrence/git/DISCO-EB/.venv/lib/python3.13/site-packages/equinox/_errors.py:267:15
/home/lawrence/git/DISCO-EB/.venv/lib/python3.13/site-packages/equinox/_enum.py:197:15
/home/lawrence/git/DISCO-EB/.venv/lib/python3.13/site-packages/equinox/_module/_prebuilt.py:33:15
/home/lawrence/git/DISCO-EB/.venv/lib/python3.13/site-packages/diffrax/_integrate.py:1502:14
/home/lawrence/git/DISCO-EB/.venv/lib/python3.13/site-packages/equinox/_jit.py:55:14
'>/home/lawrence/git/DISCO-EB/.venv/lib/python3.13/site-packages/equinox/_unvmap.py:81</div>"
"434.0","7","input fusion","input_reduce_fusion.54","%input_reduce_fusion.54 = s32[] fusion(f64[8,320]{1,0} %get-tuple-element.14274), kind=kInput, calls=%fused_reduce.54","jit(compute_Cell_spectrum_from_cosmo_params)/jit(main)/jit(evolve_perturbations_batched)/vmap(jit(diffeqsolve))/jit(branched_error_if_impl)/convert_element_type:","1.0","1.535","1.535","1.535","1.535","1.994308133632921e-05","81.1674941010187","0.0","9.975244299674268","9.975244299674268","12.428150891481081","12.428150891481081","0.0","0.0","0.7475102519039251","HBM","No","No","No","<div class='source-info-cell' title='/home/lawrence/git/DISCO-EB/.venv/lib/python3.13/site-packages/equinox/_errors.py:118:15
/home/lawrence/git/DISCO-EB/.venv/lib/python3.13/site-packages/equinox/_ad.py:776:19
/home/lawrence/git/DISCO-EB/.venv/lib/python3.13/site-packages/equinox/_ad.py:819:15
/home/lawrence/git/DISCO-EB/.venv/lib/python3.13/site-packages/equinox/_errors.py:336:16
/home/lawrence/git/DISCO-EB/.venv/lib/python3.13/site-packages/equinox/_jit.py:55:14
/home/lawrence/git/DISCO-EB/.venv/lib/python3.13/site-packages/equinox/_jit.py:263:37
/home/lawrence/git/DISCO-EB/.venv/lib/python3.13/site-packages/equinox/_jit.py:209:19
/home/lawrence/git/DISCO-EB/.venv/lib/python3.13/site-packages/equinox/_errors.py:267:15
/home/lawrence/git/DISCO-EB/.venv/lib/python3.13/site-packages/equinox/_errors.py:246:11
/home/lawrence/git/DISCO-EB/.venv/lib/python3.13/site-packages/diffrax/_integrate.py:1196:13
'>/home/lawrence/git/DISCO-EB/.venv/lib/python3.13/site-packages/equinox/_errors.py:118</div>"
"435.0","7","input fusion","input_slice_fusion.2","%input_slice_fusion.2 = (f64[6]{0}, f64[1]{0}) fusion(f64[6]{0} %get-tuple-element.287.0, f64[] %get-tuple-element.17084, f64[] %get-tuple-element.17407, f64[] %get-tuple-element.17409, f64[] %get-tuple-element.14349, /*index=5*/f64[] %get-tuple-element.17408, f64[] %get-tuple-element.17401, f64[] %get-tuple-element.17406), kind=kInput, calls=%fused_slice.14","jit(compute_Cell_spectrum_from_cosmo_params)/jit(main)/jit(evolve_background)/div:","1.0","1.504","1.504","1.504","1.504","1.954032203898315e-05","81.16751364134073","0.0","0.43882978723404253","0.43882978723404253","0.09907686963994451","0.09907686963994451","0.0","0.0","4.125","HBM","No","No","No","<div class='source-info-cell' title='/home/lawrence/git/DISCO-EB/.venv/lib/python3.13/site-packages/jax_cosmo/scipy/integrate.py:149:12
/home/lawrence/git/DISCO-EB/src/discoeb/background.py:183:8
/home/lawrence/git/DISCO-EB/src/discoeb/background.py:233:12
/home/lawrence/git/DISCO-EB/src/discoeb/cmb.py:987:12
/home/lawrence/git/DISCO-EB/scripts/profile_CMB.py:38:0
'>/home/lawrence/git/DISCO-EB/.venv/lib/python3.13/site-packages/jax_cosmo/scipy/integrate.py:149</div>"
"436.0","7","loop fusion","loop_pad_fusion.10","%loop_pad_fusion.10 = f64[320,126]{1,0} fusion(f64[320,126]{1,0} %loop_multiply_fusion.23, f64[126]{0} %get-tuple-element.17815), kind=kLoop, calls=%fused_pad.10","jit(compute_Cell_spectrum_from_cosmo_params)/jit(main)/jit(compute_theta_ell)/scatter:","1.0","1.375","1.375","1.375","1.375","1.78643236726076e-05","81.16753150566441","0.0","469.1781818181818","469.1781818181818","220.22290663285688","220.22290663285688","0.0","0.0","1.98415432311402","HBM","No","No","No","<div class='source-info-cell' title='/home/lawrence/git/DISCO-EB/src/discoeb/spline_interpolation.py:62:17
/home/lawrence/git/DISCO-EB/src/discoeb/cmb.py:735:18
/home/lawrence/git/DISCO-EB/src/discoeb/cmb.py:739:12
/home/lawrence/git/DISCO-EB/src/discoeb/cmb.py:1063:24
/home/lawrence/git/DISCO-EB/scripts/profile_CMB.py:38:0
'>/home/lawrence/git/DISCO-EB/src/discoeb/spline_interpolation.py:62</div>"
"437.0","7","loop fusion","loop_pad_fusion.8","%loop_pad_fusion.8 = f64[128,318]{1,0} fusion(f64[128,318]{1,0} %loop_multiply_fusion.22, f64[318]{0} %get-tuple-element.17626), kind=kLoop, calls=%fused_pad.8","jit(compute_Cell_spectrum_from_cosmo_params)/jit(main)/jit(compute_source_function)/jit(compute_source_term_isw)/scatter:","1.0","1.248","1.248","1.248","1.248","1.621430977702857e-05","81.16754771997418","0.0","206.76923076923077","206.76923076923077","243.77368390560147","243.77368390560147","0.0","0.0","0.789949305708618","HBM","No","No","No","<div class='source-info-cell' title='/home/lawrence/git/DISCO-EB/src/discoeb/spline_interpolation.py:62:17
/home/lawrence/git/DISCO-EB/src/discoeb/cmb.py:442:14
/home/lawrence/git/DISCO-EB/src/discoeb/cmb.py:445:9
/home/lawrence/git/DISCO-EB/src/discoeb/cmb.py:609:9
/home/lawrence/git/DISCO-EB/src/discoeb/cmb.py:1056:21
/home/lawrence/git/DISCO-EB/scripts/profile_CMB.py:38:0
'>/home/lawrence/git/DISCO-EB/src/discoeb/spline_interpolation.py:62</div>"
"438.0","7","loop fusion","loop_multiply_fusion.26","%loop_multiply_fusion.26 = (f64[], f64[]) fusion(f64[] %get-tuple-element.17409, f64[] %get-tuple-element.14349, f64[] %get-tuple-element.17408, f64[] %get-tuple-element.17401, f64[] %get-tuple-element.17406), kind=kLoop, calls=%fused_multiply.26","jit(compute_Cell_spectrum_from_cosmo_params)/jit(main)/jit(evolve_background)/div:","1.0","1.247","1.247","1.247","1.247","1.6201317541630312e-05","81.16756392129173","0.0","0.38893344025661586","0.38893344025661586","0.04182362805009366","0.04182362805009366","0.0","0.0","8.660714285714286","HBM","No","No","No","<div class='source-info-cell' title='/home/lawrence/git/DISCO-EB/.venv/lib/python3.13/site-packages/jax_cosmo/scipy/integrate.py:149:12
/home/lawrence/git/DISCO-EB/src/discoeb/background.py:183:8
/home/lawrence/git/DISCO-EB/src/discoeb/background.py:233:12
/home/lawrence/git/DISCO-EB/src/discoeb/cmb.py:987:12
/home/lawrence/git/DISCO-EB/scripts/profile_CMB.py:38:0
'>/home/lawrence/git/DISCO-EB/.venv/lib/python3.13/site-packages/jax_cosmo/scipy/integrate.py:149</div>"
"439.0","7","loop fusion","loop_dynamic_update_slice_fusion.241","%loop_dynamic_update_slice_fusion.241 = f64[72,8,16]{2,1,0} fusion(f64[72,8,16]{2,1,0} %loop_dynamic_update_slice_fusion.243, f64[8]{0} %get-tuple-element.17326, f64[8]{0} %get-tuple-element.17805, f64[8]{0} %get-tuple-element.17775, f64[8,16]{1,0} %get-tuple-element.17813), kind=kLoop, calls=%fused_dynamic_update_slice.241","jit(compute_Cell_spectrum_from_cosmo_params)/jit(main)/jit(evolve_perturbations_batched)/scatter:","1.0","1.216","1.216","1.216","1.216","1.579855824428425e-05","81.16757971984997","0.0","43.71052631578947","43.71052631578947","1.715594216396934","1.715594216396934","0.0","0.0","23.728571428571428","HBM","No","No","No","<div class='source-info-cell' title='/home/lawrence/git/DISCO-EB/src/discoeb/perturbations.py:593:8
/home/lawrence/git/DISCO-EB/src/discoeb/perturbations.py:801:15
/home/lawrence/git/DISCO-EB/src/discoeb/perturbations.py:810:11
/home/lawrence/git/DISCO-EB/src/discoeb/perturbations.py:867:17
/home/lawrence/git/DISCO-EB/src/discoeb/perturbations.py:1103:9
/home/lawrence/git/DISCO-EB/src/discoeb/cmb.py:1009:26
/home/lawrence/git/DISCO-EB/scripts/profile_CMB.py:38:0
'>/home/lawrence/git/DISCO-EB/src/discoeb/perturbations.py:593</div>"
"440.0","7","loop fusion","loop_dynamic_update_slice_fusion.242","%loop_dynamic_update_slice_fusion.242 = f64[72,8,16]{2,1,0} fusion(f64[72,8,16]{2,1,0} %loop_dynamic_update_slice_fusion.244, f64[8]{0} %get-tuple-element.17326, f64[8]{0} %get-tuple-element.17805, f64[8]{0} %get-tuple-element.17775, f64[8,16]{1,0} %get-tuple-element.17813), kind=kLoop, calls=%fused_dynamic_update_slice.242","jit(compute_Cell_spectrum_from_cosmo_params)/jit(main)/jit(evolve_perturbations_batched)/scatter:","1.0","1.216","1.216","1.216","1.216","1.579855824428425e-05","81.1675955184082","0.0","43.71052631578947","43.71052631578947","1.715594216396934","1.715594216396934","0.0","0.0","23.728571428571428","HBM","No","No","No","<div class='source-info-cell' title='/home/lawrence/git/DISCO-EB/src/discoeb/perturbations.py:598:8
/home/lawrence/git/DISCO-EB/src/discoeb/perturbations.py:801:15
/home/lawrence/git/DISCO-EB/src/discoeb/perturbations.py:810:11
/home/lawrence/git/DISCO-EB/src/discoeb/perturbations.py:867:17
/home/lawrence/git/DISCO-EB/src/discoeb/perturbations.py:1103:9
/home/lawrence/git/DISCO-EB/src/discoeb/cmb.py:1009:26
/home/lawrence/git/DISCO-EB/scripts/profile_CMB.py:38:0
'>/home/lawrence/git/DISCO-EB/src/discoeb/perturbations.py:598</div>"
"441.0","7","loop fusion","loop_exponential_multiply_fusion.1","%loop_exponential_multiply_fusion.1 = (f64[], f64[]) fusion(f64[] %get-tuple-element.527.0, f64[] %get-tuple-element.528.0), kind=kLoop, calls=%fused_exponential_multiply.1","jit(compute_Cell_spectrum_from_cosmo_params)/jit(main)/jit(evolve_perturbations_batched)/exp:","1.0","1.152","1.152","1.152","1.152","1.4967055178795602e-05","81.1676104854634","0.0","1.6024305555555556","1.6024305555555556","0.025870071517096624","0.025870071517096624","0.0","0.0","57.6875","HBM","No","No","No","<div class='source-info-cell' title='/home/lawrence/git/DISCO-EB/src/discoeb/perturbations.py:659:38
/home/lawrence/git/DISCO-EB/src/discoeb/util.py:272:37
/home/lawrence/git/DISCO-EB/src/discoeb/perturbations.py:672:21
/home/lawrence/git/DISCO-EB/src/discoeb/perturbations.py:784:20
/home/lawrence/git/DISCO-EB/src/discoeb/perturbations.py:790:26
/home/lawrence/git/DISCO-EB/src/discoeb/perturbations.py:864:24
/home/lawrence/git/DISCO-EB/src/discoeb/perturbations.py:1103:9
/home/lawrence/git/DISCO-EB/src/discoeb/cmb.py:1009:26
/home/lawrence/git/DISCO-EB/scripts/profile_CMB.py:38:0
'>/home/lawrence/git/DISCO-EB/src/discoeb/perturbations.py:659</div>"
"442.0","7","conditional","conditional.29.clone","%conditional.29.clone = (f64[8,320]{1,0}) conditional(s32[] %input_reduce_fusion.54, (f64[8,320]{1,0}) %tuple.289.0, () %get-tuple-element.17286), branch_computations={%region_301.22423, %region_302.22430}","jit(compute_Cell_spectrum_from_cosmo_params)/jit(main)/jit(evolve_perturbations_batched)/vmap(jit(diffeqsolve))/jit(branched_error_if_impl)/cond:","1.0","1.151","1.151","1.151","1.151","1.4954062943397345e-05","81.16762543952633","0.0","0.0","0.0","18.647489187305226","2.069785530726667","0.0","0.0","0.0","HBM","No","No","No","<div class='source-info-cell' title='/home/lawrence/git/DISCO-EB/.venv/lib/python3.13/site-packages/equinox/_errors.py:118:15
/home/lawrence/git/DISCO-EB/.venv/lib/python3.13/site-packages/equinox/_ad.py:776:19
/home/lawrence/git/DISCO-EB/.venv/lib/python3.13/site-packages/equinox/_ad.py:819:15
/home/lawrence/git/DISCO-EB/.venv/lib/python3.13/site-packages/equinox/_errors.py:336:16
/home/lawrence/git/DISCO-EB/.venv/lib/python3.13/site-packages/equinox/_jit.py:55:14
/home/lawrence/git/DISCO-EB/.venv/lib/python3.13/site-packages/equinox/_jit.py:263:37
/home/lawrence/git/DISCO-EB/.venv/lib/python3.13/site-packages/equinox/_jit.py:209:19
/home/lawrence/git/DISCO-EB/.venv/lib/python3.13/site-packages/equinox/_errors.py:267:15
/home/lawrence/git/DISCO-EB/.venv/lib/python3.13/site-packages/equinox/_errors.py:246:11
/home/lawrence/git/DISCO-EB/.venv/lib/python3.13/site-packages/diffrax/_integrate.py:1196:13
'>/home/lawrence/git/DISCO-EB/.venv/lib/python3.13/site-packages/equinox/_errors.py:118</div>"
"443.0","7","loop fusion","loop_multiply_fusion.29","%loop_multiply_fusion.29 = (f64[], f64[]) fusion(f64[] %get-tuple-element.14349, f64[] %get-tuple-element.17408, f64[] %get-tuple-element.17401, f64[] %get-tuple-element.17406), kind=kLoop, calls=%fused_multiply.29","jit(compute_Cell_spectrum_from_cosmo_params)/jit(main)/jit(evolve_background)/div:","1.0","1.12","1.12","1.12","1.12","1.4551303646051284e-05","81.16763999082998","0.0","0.3464285714285714","0.3464285714285714","0.03991382462637765","0.03991382462637765","0.0","0.0","8.083333333333334","HBM","No","No","No","<div class='source-info-cell' title='/home/lawrence/git/DISCO-EB/.venv/lib/python3.13/site-packages/jax_cosmo/scipy/integrate.py:149:12
/home/lawrence/git/DISCO-EB/src/discoeb/background.py:183:8
/home/lawrence/git/DISCO-EB/src/discoeb/background.py:233:12
/home/lawrence/git/DISCO-EB/src/discoeb/cmb.py:987:12
/home/lawrence/git/DISCO-EB/scripts/profile_CMB.py:38:0
'>/home/lawrence/git/DISCO-EB/.venv/lib/python3.13/site-packages/jax_cosmo/scipy/integrate.py:149</div>"
"444.0","7","input fusion","input_concatenate_fusion.25","%input_concatenate_fusion.25 = f64[320,128]{1,0} fusion(f64[320,126]{1,0} %get-tuple-element.658.0), kind=kInput, calls=%fused_concatenate.29","jit(compute_Cell_spectrum_from_cosmo_params)/jit(main)/jit(compute_theta_ell)/concatenate:","1.0","1.119","1.119","1.119","1.119","1.453831141065302e-05","81.1676545291414","0.0","14641.644325290437","14641.644325290437","541.1824762448335","541.1824762448335","0.0","0.0","25.19685039370079","HBM","No","No","No","<div class='source-info-cell' title='/home/lawrence/git/DISCO-EB/src/discoeb/spline_interpolation.py:85:21
/home/lawrence/git/DISCO-EB/src/discoeb/cmb.py:735:18
/home/lawrence/git/DISCO-EB/src/discoeb/cmb.py:739:12
/home/lawrence/git/DISCO-EB/src/discoeb/cmb.py:1063:24
/home/lawrence/git/DISCO-EB/scripts/profile_CMB.py:38:0
'>/home/lawrence/git/DISCO-EB/src/discoeb/spline_interpolation.py:85</div>"
"445.0","7","loop fusion","wrapped_exponential.5","%wrapped_exponential.5 = f64[] fusion(f64[] %get-tuple-element.527.0), kind=kLoop, calls=%wrapped_exponential_computation.5","jit(compute_Cell_spectrum_from_cosmo_params)/jit(main)/jit(evolve_perturbations_batched)/exp:","1.0","1.119","1.119","1.119","1.119","1.453831141065302e-05","81.1676690674528","0.0","1.4763181411974977","1.4763181411974977","0.013316497939095312","0.013316497939095312","0.0","0.0","103.25","HBM","No","No","No","<div class='source-info-cell' title='/home/lawrence/git/DISCO-EB/src/discoeb/perturbations.py:659:38
/home/lawrence/git/DISCO-EB/src/discoeb/util.py:272:57
/home/lawrence/git/DISCO-EB/src/discoeb/perturbations.py:672:21
/home/lawrence/git/DISCO-EB/src/discoeb/perturbations.py:784:20
/home/lawrence/git/DISCO-EB/src/discoeb/perturbations.py:790:26
/home/lawrence/git/DISCO-EB/src/discoeb/perturbations.py:864:24
/home/lawrence/git/DISCO-EB/src/discoeb/perturbations.py:1103:9
/home/lawrence/git/DISCO-EB/src/discoeb/cmb.py:1009:26
/home/lawrence/git/DISCO-EB/scripts/profile_CMB.py:38:0
'>/home/lawrence/git/DISCO-EB/src/discoeb/perturbations.py:659</div>"
"446.0","7","loop fusion","loop_pad_fusion.13","%loop_pad_fusion.13 = f64[320,126]{1,0} fusion(f64[320,126]{1,0} %get-tuple-element.16732), kind=kLoop, calls=%fused_pad.13","jit(compute_Cell_spectrum_from_cosmo_params)/jit(main)/jit(compute_theta_ell)/scatter:","1.0","1.056","1.056","1.056","1.056","1.3719800580562637e-05","81.1676827872534","0.0","0.0","0.0","286.7415208708156","286.7415208708156","0.0","0.0","0.0","HBM","No","No","No","<div class='source-info-cell' title='/home/lawrence/git/DISCO-EB/src/discoeb/spline_interpolation.py:75:25
/home/lawrence/git/DISCO-EB/src/discoeb/cmb.py:735:18
/home/lawrence/git/DISCO-EB/src/discoeb/cmb.py:739:12
/home/lawrence/git/DISCO-EB/src/discoeb/cmb.py:1063:24
/home/lawrence/git/DISCO-EB/scripts/profile_CMB.py:38:0
'>/home/lawrence/git/DISCO-EB/src/discoeb/spline_interpolation.py:75</div>"
"447.0","7","loop fusion","loop_pad_fusion.14","%loop_pad_fusion.14 = f64[128,318]{1,0} fusion(f64[128,318]{1,0} %get-tuple-element.16462), kind=kLoop, calls=%fused_pad.14","jit(compute_Cell_spectrum_from_cosmo_params)/jit(main)/jit(compute_source_function)/jit(compute_source_term_isw)/scatter:","1.0","1.056","1.056","1.056","1.056","1.3719800580562637e-05","81.16769650705398","0.0","0.0","0.0","288.089116414388","288.089116414388","0.0","0.0","0.0","HBM","No","No","No","<div class='source-info-cell' title='/home/lawrence/git/DISCO-EB/src/discoeb/spline_interpolation.py:75:25
/home/lawrence/git/DISCO-EB/src/discoeb/cmb.py:442:14
/home/lawrence/git/DISCO-EB/src/discoeb/cmb.py:445:9
/home/lawrence/git/DISCO-EB/src/discoeb/cmb.py:609:9
/home/lawrence/git/DISCO-EB/src/discoeb/cmb.py:1056:21
/home/lawrence/git/DISCO-EB/scripts/profile_CMB.py:38:0
'>/home/lawrence/git/DISCO-EB/src/discoeb/spline_interpolation.py:75</div>"
"448.0","7","conditional","conditional.31","%conditional.31 = (f64[8,320,16,72]{3,2,1,0}) conditional(s32[] %get-tuple-element.14269, (f64[8,320,16,72]{3,2,1,0}) %tuple.3280.0, (f64[8]{0}, f64[8]{0}, f64[8,16,72]{1,0,2}, f64[8,320,16,72]{3,2,1,0}) %tuple.3504.0), branch_computations={%region_667.37667, %region_664.37615.clone.clone}","jit(compute_Cell_spectrum_from_cosmo_params)/jit(main)/jit(evolve_perturbations_batched)/vmap(jit(diffeqsolve))/cond:","1.0","1.023","1.023","1.023","1.023","1.3291056812420054e-05","81.16770979811079","0.0","8648.516129032258","8648.516129032258","43158.79541874398","21545.82639826591","0.0","0.0","0.1866261147871541","HBM","No","No","No","<div class='source-info-cell' title='/home/lawrence/git/DISCO-EB/.venv/lib/python3.13/site-packages/diffrax/_integrate.py:831:17
/home/lawrence/git/DISCO-EB/.venv/lib/python3.13/site-packages/diffrax/_adjoint.py:393:22
/home/lawrence/git/DISCO-EB/.venv/lib/python3.13/site-packages/equinox/_module/_prebuilt.py:33:15
/home/lawrence/git/DISCO-EB/.venv/lib/python3.13/site-packages/diffrax/_integrate.py:1416:29
/home/lawrence/git/DISCO-EB/.venv/lib/python3.13/site-packages/equinox/_jit.py:55:14
/home/lawrence/git/DISCO-EB/.venv/lib/python3.13/site-packages/equinox/_jit.py:263:37
/home/lawrence/git/DISCO-EB/.venv/lib/python3.13/site-packages/equinox/_jit.py:209:19
/home/lawrence/git/DISCO-EB/src/discoeb/perturbations.py:879:15
/home/lawrence/git/DISCO-EB/src/discoeb/perturbations.py:904:9
/home/lawrence/git/DISCO-EB/src/discoeb/perturbations.py:1103:9
'>/home/lawrence/git/DISCO-EB/.venv/lib/python3.13/site-packages/diffrax/_integrate.py:831</div>"
"449.0","7","input fusion","copy_fusion.15","%copy_fusion.15 = (f64[1023]{0}, f64[6138]{0}) fusion(f64[1023]{0} %get-tuple-element.17469, f64[6,1023]{1,0} %get-tuple-element.294.0, f64[1023]{0} %get-tuple-element.17474), kind=kInput, calls=%copy_horizontally_fused_computation.15","jit(compute_Cell_spectrum_from_cosmo_params)/jit(main)/jit(evolve_background)/jit(evaluate_thermo)/slice:","1.0","0.991","0.991","0.991","0.991","1.2875305279675733e-05","81.16772267341607","0.0","80.53077699293642","80.53077699293642","107.68382027218969","107.68382027218969","0.0","0.0","0.6964846749982545","HBM","No","No","No","<div class='source-info-cell' title='/home/lawrence/git/DISCO-EB/.venv/lib/python3.13/site-packages/jax_cosmo/scipy/integrate.py:150:53
/home/lawrence/git/DISCO-EB/src/discoeb/thermodynamics_recfast.py:488:45
/home/lawrence/git/DISCO-EB/src/discoeb/thermodynamics_recfast.py:488:21
/home/lawrence/git/DISCO-EB/src/discoeb/background.py:237:82
/home/lawrence/git/DISCO-EB/src/discoeb/cmb.py:987:12
/home/lawrence/git/DISCO-EB/scripts/profile_CMB.py:38:0
'>/home/lawrence/git/DISCO-EB/.venv/lib/python3.13/site-packages/jax_cosmo/scipy/integrate.py:150</div>"
"450.0","7","loop fusion","loop_divide_fusion.45","%loop_divide_fusion.45 = f64[128,11]{1,0} fusion(f64[128]{0} %get-tuple-element.17755), kind=kLoop, calls=%fused_divide.45","jit(compute_Cell_spectrum_from_cosmo_params)/jit(main)/jit(compute_time_derivatives)/div:","1.0","0.991","0.991","0.991","0.991","1.2875305279675733e-05","81.16773554872134","0.0","2864.406659939455","2864.406659939455","11.548024012991926","11.548024012991926","0.0","0.0","231.008056640625","HBM","No","No","No","<div class='source-info-cell' title='/home/lawrence/git/DISCO-EB/src/discoeb/perturbations.py:301:29
/home/lawrence/git/DISCO-EB/src/discoeb/perturbations.py:1173:25
/home/lawrence/git/DISCO-EB/src/discoeb/perturbations.py:1172:19
/home/lawrence/git/DISCO-EB/src/discoeb/perturbations.py:1171:13
/home/lawrence/git/DISCO-EB/src/discoeb/cmb.py:1030:13
/home/lawrence/git/DISCO-EB/scripts/profile_CMB.py:38:0
'>/home/lawrence/git/DISCO-EB/src/discoeb/perturbations.py:301</div>"
"451.0","7","conditional","conditional.27","%conditional.27 = (f64[], f64[]) conditional(s32[] %get-tuple-element.17706, (f64[], f64[]) %get-tuple-element.17663, (f64[], f64[]) %get-tuple-element.17664), branch_computations={%region_239.18374.clone.12, %region_239.18374.clone.13}","jit(compute_Cell_spectrum_from_cosmo_params)/jit(main)/jit(evolve_perturbations_batched)/cond:","1.0","0.96","0.96","0.96","0.96","1.247254598232967e-05","81.16774802126733","0.0","0.0","0.0","0.046566128730773926","0.015522042910257975","0.0","0.0","0.0","HBM","No","No","No","<div class='source-info-cell' title='/home/lawrence/git/DISCO-EB/src/discoeb/util.py:272:24
/home/lawrence/git/DISCO-EB/src/discoeb/perturbations.py:672:21
/home/lawrence/git/DISCO-EB/src/discoeb/perturbations.py:784:20
/home/lawrence/git/DISCO-EB/src/discoeb/perturbations.py:790:26
/home/lawrence/git/DISCO-EB/src/discoeb/perturbations.py:864:24
/home/lawrence/git/DISCO-EB/src/discoeb/perturbations.py:1103:9
/home/lawrence/git/DISCO-EB/src/discoeb/cmb.py:1009:26
/home/lawrence/git/DISCO-EB/scripts/profile_CMB.py:38:0
'>/home/lawrence/git/DISCO-EB/src/discoeb/util.py:272</div>"
"452.0","7","loop fusion","loop_broadcast_multiply_fusion.1","%loop_broadcast_multiply_fusion.1 = (f64[8,320]{1,0}, f64[8,320]{1,0}) fusion(f64[320]{0} %get-tuple-element.17554, s64[8]{0} %get-tuple-element.16292), kind=kLoop, calls=%fused_broadcast_multiply.1","jit(compute_Cell_spectrum_from_cosmo_params)/jit(main)/jit(evolve_perturbations_batched)/vmap(jit(diffeqsolve))/mul:","1.0","0.96","0.96","0.96","0.96","1.247254598232967e-05","81.16776049381332","0.0","259.525","259.525","42.28204488754272","42.28204488754272","0.0","0.0","5.716409691629956","HBM","No","No","No","<div class='source-info-cell' title='/home/lawrence/git/DISCO-EB/.venv/lib/python3.13/site-packages/diffrax/_integrate.py:1139:57
/home/lawrence/git/DISCO-EB/.venv/lib/python3.13/site-packages/equinox/_tree.py:210:23
/home/lawrence/git/DISCO-EB/.venv/lib/python3.13/site-packages/equinox/_tree.py:229:15
/home/lawrence/git/DISCO-EB/.venv/lib/python3.13/site-packages/equinox/_tree.py:231:10
/home/lawrence/git/DISCO-EB/.venv/lib/python3.13/site-packages/diffrax/_integrate.py:1138:13
/home/lawrence/git/DISCO-EB/.venv/lib/python3.13/site-packages/equinox/_jit.py:55:14
/home/lawrence/git/DISCO-EB/.venv/lib/python3.13/site-packages/equinox/_jit.py:263:37
/home/lawrence/git/DISCO-EB/.venv/lib/python3.13/site-packages/equinox/_jit.py:209:19
/home/lawrence/git/DISCO-EB/src/discoeb/perturbations.py:879:15
/home/lawrence/git/DISCO-EB/src/discoeb/perturbations.py:904:9
'>/home/lawrence/git/DISCO-EB/.venv/lib/python3.13/site-packages/diffrax/_integrate.py:1139</div>"
"453.0","7","data formatting","copy.981","%copy.981 = f64[] copy(f64[] %get-tuple-element.16155)","","1.0","0.959","0.959","0.959","0.959","1.2459553746931408e-05","81.16777295336706","0.0","0.0","0.0","0.015538228565013197","0.015538228565013197","0.0","0.0","0.0","HBM","No","No","No",""
"454.0","7","input fusion","copy_fusion.17","%copy_fusion.17 = (f64[1]{0}, f64[1024]{0}) fusion(f64[] %get-tuple-element.17206, f64[1024]{0} %get-tuple-element.17453), kind=kInput, calls=%copy_horizontally_fused_computation.17","","1.0","0.959","0.959","0.959","0.959","1.2459553746931408e-05","81.16778541292081","0.0","6.412930135557873","6.412930135557873","15.926684279138525","15.926684279138525","0.0","0.0","0.375","HBM","No","No","No",""
"455.0","7","loop fusion","loop_slice_fusion.7","%loop_slice_fusion.7 = f64[6]{0} fusion(f64[6]{0} %get-tuple-element.283.0, f64[] %get-tuple-element.17092), kind=kLoop, calls=%fused_slice.8","jit(compute_Cell_spectrum_from_cosmo_params)/jit(main)/jit(evolve_background)/slice:","1.0","0.959","0.959","0.959","0.959","1.2459553746931408e-05","81.16779787247455","0.0","0.03753910323253389","0.03753910323253389","0.10099848567258578","0.10099848567258578","0.0","0.0","0.34615384615384615","HBM","No","No","No","<div class='source-info-cell' title='/home/lawrence/git/DISCO-EB/.venv/lib/python3.13/site-packages/jax_cosmo/scipy/integrate.py:150:53
/home/lawrence/git/DISCO-EB/src/discoeb/background.py:183:8
/home/lawrence/git/DISCO-EB/src/discoeb/background.py:233:12
/home/lawrence/git/DISCO-EB/src/discoeb/cmb.py:987:12
/home/lawrence/git/DISCO-EB/scripts/profile_CMB.py:38:0
'>/home/lawrence/git/DISCO-EB/.venv/lib/python3.13/site-packages/jax_cosmo/scipy/integrate.py:150</div>"
"456.0","7","loop fusion","loop_slice_fusion.8","%loop_slice_fusion.8 = f64[6]{0} fusion(f64[6]{0} %get-tuple-element.279.0, f64[] %get-tuple-element.17413), kind=kLoop, calls=%fused_slice.9","jit(compute_Cell_spectrum_from_cosmo_params)/jit(main)/jit(evolve_background)/slice:","1.0","0.959","0.959","0.959","0.959","1.2459553746931408e-05","81.1678103320283","0.0","0.03753910323253389","0.03753910323253389","0.10099848567258578","0.10099848567258578","0.0","0.0","0.34615384615384615","HBM","No","No","No","<div class='source-info-cell' title='/home/lawrence/git/DISCO-EB/.venv/lib/python3.13/site-packages/jax_cosmo/scipy/integrate.py:150:53
/home/lawrence/git/DISCO-EB/src/discoeb/background.py:183:8
/home/lawrence/git/DISCO-EB/src/discoeb/background.py:233:12
/home/lawrence/git/DISCO-EB/src/discoeb/cmb.py:987:12
/home/lawrence/git/DISCO-EB/scripts/profile_CMB.py:38:0
'>/home/lawrence/git/DISCO-EB/.venv/lib/python3.13/site-packages/jax_cosmo/scipy/integrate.py:150</div>"
"457.0","7","data formatting","copy.1051","%copy.1051 = f64[] copy(f64[] %get-tuple-element.16267)","","1.0","0.928","0.928","0.928","0.928","1.2056794449585349e-05","81.16782238882274","0.0","0.0","0.0","0.016057285769232387","0.016057285769232387","0.0","0.0","0.0","HBM","No","No","No",""
"458.0","7","input fusion","copy_fusion.13","%copy_fusion.13 = (f64[1023]{0}, f64[6138]{0}) fusion(f64[1023]{0} %get-tuple-element.17471, f64[6,1023]{1,0} %get-tuple-element.296.0, f64[1023]{0} %get-tuple-element.17472), kind=kInput, calls=%copy_horizontally_fused_computation.13","jit(compute_Cell_spectrum_from_cosmo_params)/jit(main)/jit(evolve_background)/jit(evaluate_thermo)/slice:","1.0","0.928","0.928","0.928","0.928","1.2056794449585349e-05","81.16783444561719","0.0","85.9978448275862","85.9978448275862","114.99425203635774","114.99425203635774","0.0","0.0","0.6964846749982545","HBM","No","No","No","<div class='source-info-cell' title='/home/lawrence/git/DISCO-EB/.venv/lib/python3.13/site-packages/jax_cosmo/scipy/integrate.py:150:53
/home/lawrence/git/DISCO-EB/src/discoeb/thermodynamics_recfast.py:488:45
/home/lawrence/git/DISCO-EB/src/discoeb/thermodynamics_recfast.py:488:21
/home/lawrence/git/DISCO-EB/src/discoeb/background.py:237:82
/home/lawrence/git/DISCO-EB/src/discoeb/cmb.py:987:12
/home/lawrence/git/DISCO-EB/scripts/profile_CMB.py:38:0
'>/home/lawrence/git/DISCO-EB/.venv/lib/python3.13/site-packages/jax_cosmo/scipy/integrate.py:150</div>"
"459.0","7","input fusion","copy_fusion.14","%copy_fusion.14 = (f64[1023]{0}, f64[6138]{0}) fusion(f64[1023]{0} %get-tuple-element.17472, f64[6,1023]{1,0} %get-tuple-element.295.0, f64[1023]{0} %get-tuple-element.17469), kind=kInput, calls=%copy_horizontally_fused_computation.14","jit(compute_Cell_spectrum_from_cosmo_params)/jit(main)/jit(evolve_background)/jit(evaluate_thermo)/slice:","1.0","0.928","0.928","0.928","0.928","1.2056794449585349e-05","81.16784650241165","0.0","85.9978448275862","85.9978448275862","114.99425203635774","114.99425203635774","0.0","0.0","0.6964846749982545","HBM","No","No","No","<div class='source-info-cell' title='/home/lawrence/git/DISCO-EB/.venv/lib/python3.13/site-packages/jax_cosmo/scipy/integrate.py:150:53
/home/lawrence/git/DISCO-EB/src/discoeb/thermodynamics_recfast.py:488:45
/home/lawrence/git/DISCO-EB/src/discoeb/thermodynamics_recfast.py:488:21
/home/lawrence/git/DISCO-EB/src/discoeb/background.py:237:82
/home/lawrence/git/DISCO-EB/src/discoeb/cmb.py:987:12
/home/lawrence/git/DISCO-EB/scripts/profile_CMB.py:38:0
'>/home/lawrence/git/DISCO-EB/.venv/lib/python3.13/site-packages/jax_cosmo/scipy/integrate.py:150</div>"
"460.0","7","input fusion","input_reduce_fusion.61","%input_reduce_fusion.61 = f64[1023]{0} fusion(f64[1023,2]{1,0} %loop_sqrt_fusion.2), kind=kInput, calls=%fused_reduce.61","jit(compute_Cell_spectrum_from_cosmo_params)/jit(main)/jit(evolve_background)/jit(evaluate_thermo)/reduce_sum:","1.0","0.928","0.928","0.928","0.928","1.2056794449585349e-05","81.1678585592061","0.0","106.92995689655173","106.92995689655173","24.639905012887098","24.639905012887098","0.0","0.0","4.041666666666667","HBM","No","No","No","<div class='source-info-cell' title='/home/lawrence/git/DISCO-EB/.venv/lib/python3.13/site-packages/jax_cosmo/scipy/integrate.py:55:8
/home/lawrence/git/DISCO-EB/.venv/lib/python3.13/site-packages/jax_cosmo/scipy/integrate.py:147:26
/home/lawrence/git/DISCO-EB/src/discoeb/thermodynamics_recfast.py:488:45
/home/lawrence/git/DISCO-EB/src/discoeb/thermodynamics_recfast.py:488:21
/home/lawrence/git/DISCO-EB/src/discoeb/background.py:237:82
/home/lawrence/git/DISCO-EB/src/discoeb/cmb.py:987:12
/home/lawrence/git/DISCO-EB/scripts/profile_CMB.py:38:0
'>/home/lawrence/git/DISCO-EB/.venv/lib/python3.13/site-packages/jax_cosmo/scipy/integrate.py:55</div>"
"461.0","7","loop fusion","loop_slice_fusion.10","%loop_slice_fusion.10 = f64[6]{0} fusion(f64[6]{0} %get-tuple-element.271.0, f64[] %get-tuple-element.17400), kind=kLoop, calls=%fused_slice.11","jit(compute_Cell_spectrum_from_cosmo_params)/jit(main)/jit(evolve_background)/slice:","1.0","0.928","0.928","0.928","0.928","1.2056794449585349e-05","81.16787061600054","0.0","0.03879310344827586","0.03879310344827586","0.10437235750001052","0.10437235750001052","0.0","0.0","0.34615384615384615","HBM","No","No","No","<div class='source-info-cell' title='/home/lawrence/git/DISCO-EB/.venv/lib/python3.13/site-packages/jax_cosmo/scipy/integrate.py:150:53
/home/lawrence/git/DISCO-EB/src/discoeb/background.py:183:8
/home/lawrence/git/DISCO-EB/src/discoeb/background.py:233:12
/home/lawrence/git/DISCO-EB/src/discoeb/cmb.py:987:12
/home/lawrence/git/DISCO-EB/scripts/profile_CMB.py:38:0
'>/home/lawrence/git/DISCO-EB/.venv/lib/python3.13/site-packages/jax_cosmo/scipy/integrate.py:150</div>"
"462.0","7","loop fusion","loop_slice_fusion.9","%loop_slice_fusion.9 = f64[6]{0} fusion(f64[6]{0} %get-tuple-element.275.0, f64[] %get-tuple-element.17411), kind=kLoop, calls=%fused_slice.10","jit(compute_Cell_spectrum_from_cosmo_params)/jit(main)/jit(evolve_background)/slice:","1.0","0.928","0.928","0.928","0.928","1.2056794449585349e-05","81.167882672795","0.0","0.03879310344827586","0.03879310344827586","0.10437235750001052","0.10437235750001052","0.0","0.0","0.34615384615384615","HBM","No","No","No","<div class='source-info-cell' title='/home/lawrence/git/DISCO-EB/.venv/lib/python3.13/site-packages/jax_cosmo/scipy/integrate.py:150:53
/home/lawrence/git/DISCO-EB/src/discoeb/background.py:183:8
/home/lawrence/git/DISCO-EB/src/discoeb/background.py:233:12
/home/lawrence/git/DISCO-EB/src/discoeb/cmb.py:987:12
/home/lawrence/git/DISCO-EB/scripts/profile_CMB.py:38:0
'>/home/lawrence/git/DISCO-EB/.venv/lib/python3.13/site-packages/jax_cosmo/scipy/integrate.py:150</div>"
"463.0","7","data formatting","copy.980","%copy.980 = f64[] copy(f64[] %get-tuple-element.16154)","","1.0","0.927","0.927","0.927","0.927","1.2043802214187089e-05","81.16789471659722","0.0","0.0","0.0","0.016074607544603724","0.016074607544603724","0.0","0.0","0.0","HBM","No","No","No",""
"464.0","7","input fusion","copy_fusion.12","%copy_fusion.12 = (f64[1023]{0}, f64[6138]{0}) fusion(f64[1023]{0} %get-tuple-element.17473, f64[6,1023]{1,0} %get-tuple-element.297.0, f64[1023]{0} %get-tuple-element.17471), kind=kInput, calls=%copy_horizontally_fused_computation.12","jit(compute_Cell_spectrum_from_cosmo_params)/jit(main)/jit(evolve_background)/jit(evaluate_thermo)/slice:","1.0","0.927","0.927","0.927","0.927","1.2043802214187089e-05","81.16790676039942","0.0","86.09061488673139","86.09061488673139","115.11830193067959","115.11830193067959","0.0","0.0","0.6964846749982545","HBM","No","No","No","<div class='source-info-cell' title='/home/lawrence/git/DISCO-EB/.venv/lib/python3.13/site-packages/jax_cosmo/scipy/integrate.py:150:53
/home/lawrence/git/DISCO-EB/src/discoeb/thermodynamics_recfast.py:488:45
/home/lawrence/git/DISCO-EB/src/discoeb/thermodynamics_recfast.py:488:21
/home/lawrence/git/DISCO-EB/src/discoeb/background.py:237:82
/home/lawrence/git/DISCO-EB/src/discoeb/cmb.py:987:12
/home/lawrence/git/DISCO-EB/scripts/profile_CMB.py:38:0
'>/home/lawrence/git/DISCO-EB/.venv/lib/python3.13/site-packages/jax_cosmo/scipy/integrate.py:150</div>"
"465.0","7","loop fusion","loop_pad_fusion.28","%loop_pad_fusion.28 = f64[510]{0} fusion(f64[510]{0} %get-tuple-element.16855), kind=kLoop, calls=%fused_pad.28","jit(compute_Cell_spectrum_from_cosmo_params)/jit(main)/jit(evolve_background)/scatter:","1.0","0.896","0.896","0.896","0.896","1.1641042916841026e-05","81.16791840144234","0.0","0.0","0.0","4.249159246683121","4.249159246683121","0.0","0.0","0.0","HBM","No","No","No","<div class='source-info-cell' title='/home/lawrence/git/DISCO-EB/src/discoeb/spline_interpolation.py:75:25
/home/lawrence/git/DISCO-EB/src/discoeb/background.py:168:43
/home/lawrence/git/DISCO-EB/src/discoeb/background.py:233:12
/home/lawrence/git/DISCO-EB/src/discoeb/cmb.py:987:12
/home/lawrence/git/DISCO-EB/scripts/profile_CMB.py:38:0
'>/home/lawrence/git/DISCO-EB/src/discoeb/spline_interpolation.py:75</div>"
"466.0","7","loop fusion","loop_slice_fusion.2","%loop_slice_fusion.2 = f64[6,1023]{1,0} fusion(f64[6,1023]{1,0} %get-tuple-element.298.0, f64[1023]{0} %get-tuple-element.17473), kind=kLoop, calls=%fused_slice.3","jit(compute_Cell_spectrum_from_cosmo_params)/jit(main)/jit(evolve_background)/jit(evaluate_thermo)/slice:","1.0","0.896","0.896","0.896","0.896","1.1641042916841026e-05","81.16793004248525","0.0","41.10267857142857","41.10267857142857","102.08792186209133","102.08792186209133","0.0","0.0","0.37496945507860224","HBM","No","No","No","<div class='source-info-cell' title='/home/lawrence/git/DISCO-EB/.venv/lib/python3.13/site-packages/jax_cosmo/scipy/integrate.py:150:53
/home/lawrence/git/DISCO-EB/src/discoeb/thermodynamics_recfast.py:488:45
/home/lawrence/git/DISCO-EB/src/discoeb/thermodynamics_recfast.py:488:21
/home/lawrence/git/DISCO-EB/src/discoeb/background.py:237:82
/home/lawrence/git/DISCO-EB/src/discoeb/cmb.py:987:12
/home/lawrence/git/DISCO-EB/scripts/profile_CMB.py:38:0
'>/home/lawrence/git/DISCO-EB/.venv/lib/python3.13/site-packages/jax_cosmo/scipy/integrate.py:150</div>"
"467.0","7","conditional","conditional.26","%conditional.26 = (f64[], f64[]) conditional(s32[] %get-tuple-element.17640, (f64[], f64[]) %tuple.222.0, (f64[], f64[]) %tuple.223.0), branch_computations={%region_239.18374.clone.10, %region_239.18374.clone.11}","jit(compute_Cell_spectrum_from_cosmo_params)/jit(main)/jit(evolve_perturbations_batched)/cond:","1.0","0.864","0.864","0.864","0.864","1.1225291384096703e-05","81.16794126777664","0.0","0.0","0.0","0.05174014303419325","0.01724671434473108","0.0","0.0","0.0","HBM","No","No","No","<div class='source-info-cell' title='/home/lawrence/git/DISCO-EB/src/discoeb/util.py:272:24
/home/lawrence/git/DISCO-EB/src/discoeb/perturbations.py:672:21
/home/lawrence/git/DISCO-EB/src/discoeb/perturbations.py:784:20
/home/lawrence/git/DISCO-EB/src/discoeb/perturbations.py:790:26
/home/lawrence/git/DISCO-EB/src/discoeb/perturbations.py:864:24
/home/lawrence/git/DISCO-EB/src/discoeb/perturbations.py:1103:9
/home/lawrence/git/DISCO-EB/src/discoeb/cmb.py:1009:26
/home/lawrence/git/DISCO-EB/scripts/profile_CMB.py:38:0
'>/home/lawrence/git/DISCO-EB/src/discoeb/util.py:272</div>"
"468.0","7","conditional","conditional.32.clone","%conditional.32.clone = (f64[8,320,16,72]{3,2,1,0}) conditional(s32[] %get-tuple-element.14232, (f64[8,320,16,72]{3,2,1,0}) %conditional.31, (s32[]) %tuple.296.0), branch_computations={%region_667.37667.clone, %region_668.37688}","jit(compute_Cell_spectrum_from_cosmo_params)/jit(main)/jit(evolve_perturbations_batched)/vmap(jit(diffeqsolve))/jit(branched_error_if_impl)/cond:","1.0","0.864","0.864","0.864","0.864","1.1225291384096703e-05","81.16795249306803","0.0","0.0","0.0","28610.235959705376","3178.9122321815403","0.0","0.0","0.0","HBM","No","No","No","<div class='source-info-cell' title='/home/lawrence/git/DISCO-EB/.venv/lib/python3.13/site-packages/equinox/_errors.py:118:15
/home/lawrence/git/DISCO-EB/.venv/lib/python3.13/site-packages/equinox/_ad.py:776:19
/home/lawrence/git/DISCO-EB/.venv/lib/python3.13/site-packages/equinox/_ad.py:819:15
/home/lawrence/git/DISCO-EB/.venv/lib/python3.13/site-packages/equinox/_errors.py:336:16
/home/lawrence/git/DISCO-EB/.venv/lib/python3.13/site-packages/equinox/_jit.py:55:14
/home/lawrence/git/DISCO-EB/.venv/lib/python3.13/site-packages/equinox/_jit.py:263:37
/home/lawrence/git/DISCO-EB/.venv/lib/python3.13/site-packages/equinox/_jit.py:209:19
/home/lawrence/git/DISCO-EB/.venv/lib/python3.13/site-packages/equinox/_errors.py:267:15
/home/lawrence/git/DISCO-EB/.venv/lib/python3.13/site-packages/equinox/_enum.py:197:15
/home/lawrence/git/DISCO-EB/.venv/lib/python3.13/site-packages/equinox/_module/_prebuilt.py:33:15
'>/home/lawrence/git/DISCO-EB/.venv/lib/python3.13/site-packages/equinox/_errors.py:118</div>"
"469.0","7","data formatting","copy.1369","%copy.1369 = f64[510]{0} copy(f64[510]{0} %get-tuple-element.16833)","","1.0","0.864","0.864","0.864","0.864","1.1225291384096703e-05","81.16796371835942","0.0","0.0","0.0","8.795824315812853","8.795824315812853","0.0","0.0","0.0","HBM","No","No","No",""
"470.0","7","data formatting","copy.851","%copy.851 = f64[1024]{0} copy(f64[1024]{0} %get-tuple-element.17453)","","1.0","0.864","0.864","0.864","0.864","1.1225291384096703e-05","81.1679749436508","0.0","0.0","0.0","17.660635489004626","17.660635489004626","0.0","0.0","0.0","HBM","No","No","No",""
"471.0","7","input fusion","copy_fusion.9","%copy_fusion.9 = (f64[1]{0}, f64[1024]{0}) fusion(f64[] %get-tuple-element.17479, f64[1024]{0} %get-tuple-element.17453), kind=kInput, calls=%copy_horizontally_fused_computation.9","","1.0","0.864","0.864","0.864","0.864","1.1225291384096703e-05","81.16798616894218","0.0","7.118055555555555","7.118055555555555","17.67788220334936","17.67788220334936","0.0","0.0","0.375","HBM","No","No","No",""
"472.0","7","loop fusion","loop_pad_fusion.15","%loop_pad_fusion.15 = f64[1022]{0} fusion(f64[1022]{0} %get-tuple-element.16621), kind=kLoop, calls=%fused_pad.15","jit(compute_Cell_spectrum_from_cosmo_params)/jit(main)/jit(compute_visibility_functions)/scatter:","1.0","0.864","0.864","0.864","0.864","1.1225291384096703e-05","81.16799739423357","0.0","0.0","0.0","8.821694387329948","8.821694387329948","0.0","0.0","0.0","HBM","No","No","No","<div class='source-info-cell' title='/home/lawrence/git/DISCO-EB/src/discoeb/spline_interpolation.py:75:25
/home/lawrence/git/DISCO-EB/src/discoeb/cmb.py:155:27
/home/lawrence/git/DISCO-EB/src/discoeb/cmb.py:1043:27
/home/lawrence/git/DISCO-EB/scripts/profile_CMB.py:38:0
'>/home/lawrence/git/DISCO-EB/src/discoeb/spline_interpolation.py:75</div>"
"473.0","7","loop fusion","loop_pad_fusion.29","%loop_pad_fusion.29 = f64[510]{0} fusion(f64[510]{0} %get-tuple-element.16822), kind=kLoop, calls=%fused_pad.29","jit(compute_Cell_spectrum_from_cosmo_params)/jit(main)/jit(evolve_background)/scatter:","1.0","0.864","0.864","0.864","0.864","1.1225291384096703e-05","81.16800861952495","0.0","0.0","0.0","4.406535515078792","4.406535515078792","0.0","0.0","0.0","HBM","No","No","No","<div class='source-info-cell' title='/home/lawrence/git/DISCO-EB/src/discoeb/spline_interpolation.py:75:25
/home/lawrence/git/DISCO-EB/src/discoeb/background.py:167:43
/home/lawrence/git/DISCO-EB/src/discoeb/background.py:233:12
/home/lawrence/git/DISCO-EB/src/discoeb/cmb.py:987:12
/home/lawrence/git/DISCO-EB/scripts/profile_CMB.py:38:0
'>/home/lawrence/git/DISCO-EB/src/discoeb/spline_interpolation.py:75</div>"
"474.0","7","data formatting","copy.1187","%copy.1187 = f64[1024]{0} copy(f64[1024]{0} %get-tuple-element.17453)","","1.0","0.863","0.863","0.863","0.863","1.1212299148698443e-05","81.1680198318241","0.0","0.0","0.0","17.681099724797217","17.681099724797217","0.0","0.0","0.0","HBM","No","No","No",""
"475.0","7","data formatting","copy.1354","%copy.1354 = f64[510]{0} copy(f64[510]{0} %get-tuple-element.16833)","","1.0","0.863","0.863","0.863","0.863","1.1212299148698443e-05","81.16803104412324","0.0","0.0","0.0","8.806016464498615","8.806016464498615","0.0","0.0","0.0","HBM","No","No","No",""
"476.0","7","loop fusion","loop_pad_fusion.22","%loop_pad_fusion.22 = f64[1022]{0} fusion(f64[1022]{0} %get-tuple-element.16076), kind=kLoop, calls=%fused_pad.22","jit(compute_Cell_spectrum_from_cosmo_params)/jit(main)/jit(evolve_background)/scatter:","1.0","0.863","0.863","0.863","0.863","1.1212299148698443e-05","81.1680422564224","0.0","0.0","0.0","8.83191651292361","8.83191651292361","0.0","0.0","0.0","HBM","No","No","No","<div class='source-info-cell' title='/home/lawrence/git/DISCO-EB/src/discoeb/spline_interpolation.py:75:25
/home/lawrence/git/DISCO-EB/src/discoeb/background.py:255:40
/home/lawrence/git/DISCO-EB/src/discoeb/cmb.py:987:12
/home/lawrence/git/DISCO-EB/scripts/profile_CMB.py:38:0
'>/home/lawrence/git/DISCO-EB/src/discoeb/spline_interpolation.py:75</div>"
"477.0","7","loop fusion","loop_pad_fusion.26","%loop_pad_fusion.26 = f64[1022]{0} fusion(f64[1022]{0} %get-tuple-element.16142), kind=kLoop, calls=%fused_pad.26","jit(compute_Cell_spectrum_from_cosmo_params)/jit(main)/jit(evolve_background)/scatter:","1.0","0.863","0.863","0.863","0.863","1.1212299148698443e-05","81.16805346872154","0.0","0.0","0.0","8.83191651292361","8.83191651292361","0.0","0.0","0.0","HBM","No","No","No","<div class='source-info-cell' title='/home/lawrence/git/DISCO-EB/src/discoeb/spline_interpolation.py:75:25
/home/lawrence/git/DISCO-EB/src/discoeb/background.py:249:40
/home/lawrence/git/DISCO-EB/src/discoeb/cmb.py:987:12
/home/lawrence/git/DISCO-EB/scripts/profile_CMB.py:38:0
'>/home/lawrence/git/DISCO-EB/src/discoeb/spline_interpolation.py:75</div>"
"478.0","7","loop fusion","loop_pad_fusion.27","%loop_pad_fusion.27 = f64[1022]{0} fusion(f64[1022]{0} %get-tuple-element.15905), kind=kLoop, calls=%fused_pad.27","jit(compute_Cell_spectrum_from_cosmo_params)/jit(main)/jit(evolve_background)/scatter:","1.0","0.863","0.863","0.863","0.863","1.1212299148698443e-05","81.16806468102068","0.0","0.0","0.0","8.83191651292361","8.83191651292361","0.0","0.0","0.0","HBM","No","No","No","<div class='source-info-cell' title='/home/lawrence/git/DISCO-EB/src/discoeb/spline_interpolation.py:75:25
/home/lawrence/git/DISCO-EB/src/discoeb/background.py:248:40
/home/lawrence/git/DISCO-EB/src/discoeb/cmb.py:987:12
/home/lawrence/git/DISCO-EB/scripts/profile_CMB.py:38:0
'>/home/lawrence/git/DISCO-EB/src/discoeb/spline_interpolation.py:75</div>"
"479.0","7","data formatting","copy.1214","%copy.1214 = f64[1024]{0} copy(f64[1024]{0} %get-tuple-element.17453)","","1.0","0.832","0.832","0.832","0.832","1.080953985135238e-05","81.16807549056053","0.0","0.0","0.0","18.339890700120193","18.339890700120193","0.0","0.0","0.0","HBM","No","No","No",""
"480.0","7","data formatting","copy.860","%copy.860 = f64[1024]{0} copy(f64[1024]{0} %get-tuple-element.17453)","","1.0","0.832","0.832","0.832","0.832","1.080953985135238e-05","81.16808630010038","0.0","0.0","0.0","18.339890700120193","18.339890700120193","0.0","0.0","0.0","HBM","No","No","No",""
"481.0","7","input fusion","copy_fusion.10","%copy_fusion.10 = (f64[1]{0}, f64[1024]{0}) fusion(f64[] %get-tuple-element.17206, f64[1024]{0} %get-tuple-element.17453), kind=kInput, calls=%copy_horizontally_fused_computation.10","","1.0","0.832","0.832","0.832","0.832","1.080953985135238e-05","81.16809710964023","0.0","7.391826923076923","7.391826923076923","18.357800749632027","18.357800749632027","0.0","0.0","0.375","HBM","No","No","No",""
"482.0","7","input fusion","input_concatenate_fusion.33","%input_concatenate_fusion.33 = f64[1024]{0} fusion(f64[1022]{0} %get-tuple-element.397.0), kind=kInput, calls=%fused_concatenate.38","jit(compute_Cell_spectrum_from_cosmo_params)/jit(main)/jit(evolve_background)/concatenate:","1.0","0.832","0.832","0.832","0.832","1.080953985135238e-05","81.16810791918009","0.0","7.384615384615385","7.384615384615385","18.321980650608356","18.321980650608356","0.0","0.0","0.375366568914956","HBM","No","No","No","<div class='source-info-cell' title='/home/lawrence/git/DISCO-EB/src/discoeb/spline_interpolation.py:85:21
/home/lawrence/git/DISCO-EB/src/discoeb/background.py:250:40
/home/lawrence/git/DISCO-EB/src/discoeb/cmb.py:987:12
/home/lawrence/git/DISCO-EB/scripts/profile_CMB.py:38:0
'>/home/lawrence/git/DISCO-EB/src/discoeb/spline_interpolation.py:85</div>"
"483.0","7","input fusion","input_concatenate_fusion.34","%input_concatenate_fusion.34 = f64[1024]{0} fusion(f64[1022]{0} %get-tuple-element.447.0), kind=kInput, calls=%fused_concatenate.39","jit(compute_Cell_spectrum_from_cosmo_params)/jit(main)/jit(evolve_background)/concatenate:","1.0","0.832","0.832","0.832","0.832","1.080953985135238e-05","81.16811872871995","0.0","7.384615384615385","7.384615384615385","18.321980650608356","18.321980650608356","0.0","0.0","0.375366568914956","HBM","No","No","No","<div class='source-info-cell' title='/home/lawrence/git/DISCO-EB/src/discoeb/spline_interpolation.py:85:21
/home/lawrence/git/DISCO-EB/src/discoeb/background.py:249:40
/home/lawrence/git/DISCO-EB/src/discoeb/cmb.py:987:12
/home/lawrence/git/DISCO-EB/scripts/profile_CMB.py:38:0
'>/home/lawrence/git/DISCO-EB/src/discoeb/spline_interpolation.py:85</div>"
"484.0","7","loop fusion","loop_pad_fusion.16","%loop_pad_fusion.16 = f64[1022]{0} fusion(f64[1022]{0} %get-tuple-element.16654), kind=kLoop, calls=%fused_pad.16","jit(compute_Cell_spectrum_from_cosmo_params)/jit(main)/jit(compute_visibility_functions)/scatter:","1.0","0.832","0.832","0.832","0.832","1.080953985135238e-05","81.16812953825979","0.0","0.0","0.0","9.160990325304178","9.160990325304178","0.0","0.0","0.0","HBM","No","No","No","<div class='source-info-cell' title='/home/lawrence/git/DISCO-EB/src/discoeb/spline_interpolation.py:75:25
/home/lawrence/git/DISCO-EB/src/discoeb/cmb.py:148:24
/home/lawrence/git/DISCO-EB/src/discoeb/cmb.py:1043:27
/home/lawrence/git/DISCO-EB/scripts/profile_CMB.py:38:0
'>/home/lawrence/git/DISCO-EB/src/discoeb/spline_interpolation.py:75</div>"
"485.0","7","loop fusion","loop_pad_fusion.17","%loop_pad_fusion.17 = f64[1022]{0} fusion(f64[1022]{0} %get-tuple-element.16687), kind=kLoop, calls=%fused_pad.17","jit(compute_Cell_spectrum_from_cosmo_params)/jit(main)/jit(compute_visibility_functions)/scatter:","1.0","0.832","0.832","0.832","0.832","1.080953985135238e-05","81.16814034779965","0.0","0.0","0.0","9.160990325304178","9.160990325304178","0.0","0.0","0.0","HBM","No","No","No","<div class='source-info-cell' title='/home/lawrence/git/DISCO-EB/src/discoeb/spline_interpolation.py:75:25
/home/lawrence/git/DISCO-EB/src/discoeb/cmb.py:147:23
/home/lawrence/git/DISCO-EB/src/discoeb/cmb.py:1043:27
/home/lawrence/git/DISCO-EB/scripts/profile_CMB.py:38:0
'>/home/lawrence/git/DISCO-EB/src/discoeb/spline_interpolation.py:75</div>"
"486.0","7","loop fusion","loop_pad_fusion.21","%loop_pad_fusion.21 = f64[1022]{0} fusion(f64[1022]{0} %get-tuple-element.16043), kind=kLoop, calls=%fused_pad.21","jit(compute_Cell_spectrum_from_cosmo_params)/jit(main)/jit(evolve_background)/scatter:","1.0","0.832","0.832","0.832","0.832","1.080953985135238e-05","81.1681511573395","0.0","0.0","0.0","9.160990325304178","9.160990325304178","0.0","0.0","0.0","HBM","No","No","No","<div class='source-info-cell' title='/home/lawrence/git/DISCO-EB/src/discoeb/spline_interpolation.py:75:25
/home/lawrence/git/DISCO-EB/src/discoeb/background.py:256:40
/home/lawrence/git/DISCO-EB/src/discoeb/cmb.py:987:12
/home/lawrence/git/DISCO-EB/scripts/profile_CMB.py:38:0
'>/home/lawrence/git/DISCO-EB/src/discoeb/spline_interpolation.py:75</div>"
"487.0","7","loop fusion","loop_pad_fusion.23","%loop_pad_fusion.23 = f64[1022]{0} fusion(f64[1022]{0} %get-tuple-element.16195), kind=kLoop, calls=%fused_pad.23","jit(compute_Cell_spectrum_from_cosmo_params)/jit(main)/jit(evolve_background)/scatter:","1.0","0.832","0.832","0.832","0.832","1.080953985135238e-05","81.16816196687935","0.0","0.0","0.0","9.160990325304178","9.160990325304178","0.0","0.0","0.0","HBM","No","No","No","<div class='source-info-cell' title='/home/lawrence/git/DISCO-EB/src/discoeb/spline_interpolation.py:75:25
/home/lawrence/git/DISCO-EB/src/discoeb/background.py:252:40
/home/lawrence/git/DISCO-EB/src/discoeb/cmb.py:987:12
/home/lawrence/git/DISCO-EB/scripts/profile_CMB.py:38:0
'>/home/lawrence/git/DISCO-EB/src/discoeb/spline_interpolation.py:75</div>"
"488.0","7","loop fusion","loop_pad_fusion.25","%loop_pad_fusion.25 = f64[1022]{0} fusion(f64[1022]{0} %get-tuple-element.16109), kind=kLoop, calls=%fused_pad.25","jit(compute_Cell_spectrum_from_cosmo_params)/jit(main)/jit(evolve_background)/scatter:","1.0","0.832","0.832","0.832","0.832","1.080953985135238e-05","81.1681727764192","0.0","0.0","0.0","9.160990325304178","9.160990325304178","0.0","0.0","0.0","HBM","No","No","No","<div class='source-info-cell' title='/home/lawrence/git/DISCO-EB/src/discoeb/spline_interpolation.py:75:25
/home/lawrence/git/DISCO-EB/src/discoeb/background.py:250:40
/home/lawrence/git/DISCO-EB/src/discoeb/cmb.py:987:12
/home/lawrence/git/DISCO-EB/scripts/profile_CMB.py:38:0
'>/home/lawrence/git/DISCO-EB/src/discoeb/spline_interpolation.py:75</div>"
"489.0","7","loop fusion","wrapped_slice.22","%wrapped_slice.22 = f64[1]{0} fusion(f64[1024]{0} %get-tuple-element.17060), kind=kLoop, calls=%wrapped_slice_computation.22","jit(compute_Cell_spectrum_from_cosmo_params)/jit(main)/jit(evolve_background)/slice:","1.0","0.832","0.832","0.832","0.832","1.080953985135238e-05","81.16818358595906","0.0","0.0","0.0","0.017910049511836126","0.017910049511836126","0.0","0.0","0.0","HBM","No","No","No","<div class='source-info-cell' title='/home/lawrence/git/DISCO-EB/src/discoeb/spline_interpolation.py:115:20
/home/lawrence/git/DISCO-EB/src/discoeb/background.py:249:40
/home/lawrence/git/DISCO-EB/src/discoeb/cmb.py:987:12
/home/lawrence/git/DISCO-EB/scripts/profile_CMB.py:38:0
'>/home/lawrence/git/DISCO-EB/src/discoeb/spline_interpolation.py:115</div>"
"490.0","7","loop fusion","wrapped_slice.23","%wrapped_slice.23 = f64[1]{0} fusion(f64[1024]{0} %get-tuple-element.17052), kind=kLoop, calls=%wrapped_slice_computation.23","jit(compute_Cell_spectrum_from_cosmo_params)/jit(main)/jit(evolve_background)/slice:","1.0","0.832","0.832","0.832","0.832","1.080953985135238e-05","81.1681943954989","0.0","0.0","0.0","0.017910049511836126","0.017910049511836126","0.0","0.0","0.0","HBM","No","No","No","<div class='source-info-cell' title='/home/lawrence/git/DISCO-EB/src/discoeb/spline_interpolation.py:115:20
/home/lawrence/git/DISCO-EB/src/discoeb/background.py:256:40
/home/lawrence/git/DISCO-EB/src/discoeb/cmb.py:987:12
/home/lawrence/git/DISCO-EB/scripts/profile_CMB.py:38:0
'>/home/lawrence/git/DISCO-EB/src/discoeb/spline_interpolation.py:115</div>"
"491.0","7","loop fusion","wrapped_slice.25","%wrapped_slice.25 = f64[1]{0} fusion(f64[1024]{0} %get-tuple-element.17027), kind=kLoop, calls=%wrapped_slice_computation.25","jit(compute_Cell_spectrum_from_cosmo_params)/jit(main)/jit(evolve_background)/slice:","1.0","0.832","0.832","0.832","0.832","1.080953985135238e-05","81.16820520503876","0.0","0.0","0.0","0.017910049511836126","0.017910049511836126","0.0","0.0","0.0","HBM","No","No","No","<div class='source-info-cell' title='/home/lawrence/git/DISCO-EB/src/discoeb/spline_interpolation.py:115:20
/home/lawrence/git/DISCO-EB/src/discoeb/background.py:248:40
/home/lawrence/git/DISCO-EB/src/discoeb/cmb.py:987:12
/home/lawrence/git/DISCO-EB/scripts/profile_CMB.py:38:0
'>/home/lawrence/git/DISCO-EB/src/discoeb/spline_interpolation.py:115</div>"
"492.0","7","conditional","conditional.28.clone","%conditional.28.clone = (f64[8]{0}) conditional(s32[] %get-tuple-element.14258, (f64[8]{0}) %tuple.286.0, () %get-tuple-element.17287), branch_computations={%region_298.22372, %region_299.22379}","jit(compute_Cell_spectrum_from_cosmo_params)/jit(main)/jit(evolve_perturbations_batched)/vmap(jit(diffeqsolve))/jit(branched_error_if_impl)/cond:","1.0","0.831","0.831","0.831","0.831","1.079654761595412e-05","81.16821600158637","0.0","0.0","0.0","0.08741655935018931","0.006724350719245332","0.0","0.0","0.0","HBM","No","No","No","<div class='source-info-cell' title='/home/lawrence/git/DISCO-EB/.venv/lib/python3.13/site-packages/equinox/_errors.py:118:15
/home/lawrence/git/DISCO-EB/.venv/lib/python3.13/site-packages/equinox/_ad.py:776:19
/home/lawrence/git/DISCO-EB/.venv/lib/python3.13/site-packages/equinox/_ad.py:819:15
/home/lawrence/git/DISCO-EB/.venv/lib/python3.13/site-packages/equinox/_errors.py:336:16
/home/lawrence/git/DISCO-EB/.venv/lib/python3.13/site-packages/equinox/_jit.py:55:14
/home/lawrence/git/DISCO-EB/.venv/lib/python3.13/site-packages/equinox/_jit.py:263:37
/home/lawrence/git/DISCO-EB/.venv/lib/python3.13/site-packages/equinox/_jit.py:209:19
/home/lawrence/git/DISCO-EB/.venv/lib/python3.13/site-packages/equinox/_errors.py:267:15
/home/lawrence/git/DISCO-EB/.venv/lib/python3.13/site-packages/equinox/_errors.py:246:11
/home/lawrence/git/DISCO-EB/.venv/lib/python3.13/site-packages/diffrax/_integrate.py:1021:14
'>/home/lawrence/git/DISCO-EB/.venv/lib/python3.13/site-packages/equinox/_errors.py:118</div>"
"493.0","7","data formatting","copy.1205","%copy.1205 = f64[1024]{0} copy(f64[1024]{0} %get-tuple-element.17453)","","1.0","0.831","0.831","0.831","0.831","1.079654761595412e-05","81.16822679813399","0.0","0.0","0.0","18.361960364019254","18.361960364019254","0.0","0.0","0.0","HBM","No","No","No",""
"494.0","7","data formatting","copy.878","%copy.878 = f64[1024]{0} copy(f64[1024]{0} %get-tuple-element.17453)","","1.0","0.831","0.831","0.831","0.831","1.079654761595412e-05","81.16823759468159","0.0","0.0","0.0","18.361960364019254","18.361960364019254","0.0","0.0","0.0","HBM","No","No","No",""
"495.0","7","input fusion","input_concatenate_fusion.35","%input_concatenate_fusion.35 = f64[1024]{0} fusion(f64[1022]{0} %get-tuple-element.455.0), kind=kInput, calls=%fused_concatenate.40","jit(compute_Cell_spectrum_from_cosmo_params)/jit(main)/jit(evolve_background)/concatenate:","1.0","0.831","0.831","0.831","0.831","1.079654761595412e-05","81.1682483912292","0.0","7.393501805054152","7.393501805054152","18.344028762101264","18.344028762101264","0.0","0.0","0.375366568914956","HBM","No","No","No","<div class='source-info-cell' title='/home/lawrence/git/DISCO-EB/src/discoeb/spline_interpolation.py:85:21
/home/lawrence/git/DISCO-EB/src/discoeb/background.py:256:40
/home/lawrence/git/DISCO-EB/src/discoeb/cmb.py:987:12
/home/lawrence/git/DISCO-EB/scripts/profile_CMB.py:38:0
'>/home/lawrence/git/DISCO-EB/src/discoeb/spline_interpolation.py:85</div>"
"496.0","7","loop fusion","loop_pad_fusion.18","%loop_pad_fusion.18 = f64[1022]{0} fusion(f64[1022]{0} %get-tuple-element.16588), kind=kLoop, calls=%fused_pad.18","jit(compute_Cell_spectrum_from_cosmo_params)/jit(main)/jit(compute_visibility_functions)/scatter:","1.0","0.831","0.831","0.831","0.831","1.079654761595412e-05","81.16825918777681","0.0","0.0","0.0","9.172014381050632","9.172014381050632","0.0","0.0","0.0","HBM","No","No","No","<div class='source-info-cell' title='/home/lawrence/git/DISCO-EB/src/discoeb/spline_interpolation.py:75:25
/home/lawrence/git/DISCO-EB/src/discoeb/cmb.py:146:18
/home/lawrence/git/DISCO-EB/src/discoeb/cmb.py:1043:27
/home/lawrence/git/DISCO-EB/scripts/profile_CMB.py:38:0
'>/home/lawrence/git/DISCO-EB/src/discoeb/spline_interpolation.py:75</div>"
"497.0","7","loop fusion","loop_pad_fusion.19","%loop_pad_fusion.19 = f64[1022]{0} fusion(f64[1022]{0} %get-tuple-element.16555), kind=kLoop, calls=%fused_pad.19","jit(compute_Cell_spectrum_from_cosmo_params)/jit(main)/jit(compute_visibility_functions)/scatter:","1.0","0.831","0.831","0.831","0.831","1.079654761595412e-05","81.16826998432443","0.0","0.0","0.0","9.172014381050632","9.172014381050632","0.0","0.0","0.0","HBM","No","No","No","<div class='source-info-cell' title='/home/lawrence/git/DISCO-EB/src/discoeb/spline_interpolation.py:75:25
/home/lawrence/git/DISCO-EB/src/discoeb/cmb.py:141:17
/home/lawrence/git/DISCO-EB/src/discoeb/cmb.py:1043:27
/home/lawrence/git/DISCO-EB/scripts/profile_CMB.py:38:0
'>/home/lawrence/git/DISCO-EB/src/discoeb/spline_interpolation.py:75</div>"
"498.0","7","loop fusion","loop_pad_fusion.20","%loop_pad_fusion.20 = f64[1022]{0} fusion(f64[1022]{0} %get-tuple-element.16240), kind=kLoop, calls=%fused_pad.20","jit(compute_Cell_spectrum_from_cosmo_params)/jit(main)/jit(evolve_background)/scatter:","1.0","0.831","0.831","0.831","0.831","1.079654761595412e-05","81.16828078087204","0.0","0.0","0.0","9.172014381050632","9.172014381050632","0.0","0.0","0.0","HBM","No","No","No","<div class='source-info-cell' title='/home/lawrence/git/DISCO-EB/src/discoeb/spline_interpolation.py:75:25
/home/lawrence/git/DISCO-EB/src/discoeb/background.py:320:17
/home/lawrence/git/DISCO-EB/src/discoeb/cmb.py:987:12
/home/lawrence/git/DISCO-EB/scripts/profile_CMB.py:38:0
'>/home/lawrence/git/DISCO-EB/src/discoeb/spline_interpolation.py:75</div>"
"499.0","7","loop fusion","loop_pad_fusion.24","%loop_pad_fusion.24 = f64[1022]{0} fusion(f64[1022]{0} %get-tuple-element.16010), kind=kLoop, calls=%fused_pad.24","jit(compute_Cell_spectrum_from_cosmo_params)/jit(main)/jit(evolve_background)/scatter:","1.0","0.831","0.831","0.831","0.831","1.079654761595412e-05","81.16829157741965","0.0","0.0","0.0","9.172014381050632","9.172014381050632","0.0","0.0","0.0","HBM","No","No","No","<div class='source-info-cell' title='/home/lawrence/git/DISCO-EB/src/discoeb/spline_interpolation.py:75:25
/home/lawrence/git/DISCO-EB/src/discoeb/background.py:251:40
/home/lawrence/git/DISCO-EB/src/discoeb/cmb.py:987:12
/home/lawrence/git/DISCO-EB/scripts/profile_CMB.py:38:0
'>/home/lawrence/git/DISCO-EB/src/discoeb/spline_interpolation.py:75</div>"
"500.0","7","loop fusion","loop_pad_fusion.30","%loop_pad_fusion.30 = f64[510]{0} fusion(f64[510]{0} %get-tuple-element.15701), kind=kLoop, calls=%fused_pad.30","jit(compute_Cell_spectrum_from_cosmo_params)/jit(main)/jit(evolve_background)/scatter:","1.0","0.831","0.831","0.831","0.831","1.079654761595412e-05","81.16830237396726","0.0","0.0","0.0","4.581524290045819","4.581524290045819","0.0","0.0","0.0","HBM","No","No","No","<div class='source-info-cell' title='/home/lawrence/git/DISCO-EB/src/discoeb/spline_interpolation.py:75:25
/home/lawrence/git/DISCO-EB/src/discoeb/background.py:166:43
/home/lawrence/git/DISCO-EB/src/discoeb/background.py:233:12
/home/lawrence/git/DISCO-EB/src/discoeb/cmb.py:987:12
/home/lawrence/git/DISCO-EB/scripts/profile_CMB.py:38:0
'>/home/lawrence/git/DISCO-EB/src/discoeb/spline_interpolation.py:75</div>"
"501.0","7","data formatting","copy.1038","%copy.1038 = f64[] copy(f64[] %get-tuple-element.16251)","","1.0","0.8","0.8","0.8","0.8","1.039378831860806e-05","81.16831276775558","0.0","0.0","0.0","0.01862645149230957","0.01862645149230957","0.0","0.0","0.0","HBM","No","No","No",""
"502.0","7","data formatting","copy.983","%copy.983 = f64[] copy(f64[] %get-tuple-element.16157)","","1.0","0.8","0.8","0.8","0.8","1.039378831860806e-05","81.1683231615439","0.0","0.0","0.0","0.01862645149230957","0.01862645149230957","0.0","0.0","0.0","HBM","No","No","No",""
"503.0","7","data formatting","copy.988","%copy.988 = f64[] copy(f64[] %get-tuple-element.16162)","","1.0","0.8","0.8","0.8","0.8","1.039378831860806e-05","81.16833355533221","0.0","0.0","0.0","0.01862645149230957","0.01862645149230957","0.0","0.0","0.0","HBM","No","No","No",""
"504.0","7","data formatting","copy.989","%copy.989 = f64[] copy(f64[] %get-tuple-element.16163)","","1.0","0.8","0.8","0.8","0.8","1.039378831860806e-05","81.16834394912054","0.0","0.0","0.0","0.01862645149230957","0.01862645149230957","0.0","0.0","0.0","HBM","No","No","No",""
"505.0","7","data formatting","copy.992","%copy.992 = f64[] copy(f64[] %get-tuple-element.16166)","","1.0","0.8","0.8","0.8","0.8","1.039378831860806e-05","81.16835434290886","0.0","0.0","0.0","0.01862645149230957","0.01862645149230957","0.0","0.0","0.0","HBM","No","No","No",""
"506.0","7","loop fusion","loop_dynamic_update_slice_fusion.244","%loop_dynamic_update_slice_fusion.244 = f64[72,8,16]{2,1,0} fusion(f64[72,8,16]{2,1,0} %loop_dynamic_update_slice_fusion.241, f64[8,16]{1,0} %get-tuple-element.17810), kind=kLoop, calls=%fused_dynamic_update_slice.244","jit(compute_Cell_spectrum_from_cosmo_params)/jit(main)/jit(evolve_perturbations_batched)/scatter:","1.0","0.8","0.8","0.8","0.8","1.039378831860806e-05","81.16836473669717","0.0","0.0","0.0","2.384185791015625","2.384185791015625","0.0","0.0","0.0","HBM","No","No","No","<div class='source-info-cell' title='/home/lawrence/git/DISCO-EB/src/discoeb/perturbations.py:594:8
/home/lawrence/git/DISCO-EB/src/discoeb/perturbations.py:801:15
/home/lawrence/git/DISCO-EB/src/discoeb/perturbations.py:810:11
/home/lawrence/git/DISCO-EB/src/discoeb/perturbations.py:867:17
/home/lawrence/git/DISCO-EB/src/discoeb/perturbations.py:1103:9
/home/lawrence/git/DISCO-EB/src/discoeb/cmb.py:1009:26
/home/lawrence/git/DISCO-EB/scripts/profile_CMB.py:38:0
'>/home/lawrence/git/DISCO-EB/src/discoeb/perturbations.py:594</div>"
"507.0","7","conditional","conditional.21","%conditional.21 = (f64[], f64[]) conditional(s32[] %get-tuple-element.14314, (f64[], f64[]) %get-tuple-element.17568, (f64[], f64[]) %get-tuple-element.17567), branch_computations={%region_239.18374.clone, %region_239.18374.clone.1}","jit(compute_Cell_spectrum_from_cosmo_params)/jit(main)/jit(evolve_perturbations_batched)/cond:","1.0","0.799","0.799","0.799","0.799","1.0380796083209799e-05","81.16837511749326","0.0","0.0","0.0","0.0559492910907922","0.01864976369693073","0.0","0.0","0.0","HBM","No","No","No","<div class='source-info-cell' title='/home/lawrence/git/DISCO-EB/src/discoeb/util.py:272:24
/home/lawrence/git/DISCO-EB/src/discoeb/perturbations.py:672:21
/home/lawrence/git/DISCO-EB/src/discoeb/perturbations.py:784:20
/home/lawrence/git/DISCO-EB/src/discoeb/perturbations.py:790:26
/home/lawrence/git/DISCO-EB/src/discoeb/perturbations.py:864:24
/home/lawrence/git/DISCO-EB/src/discoeb/perturbations.py:1103:9
/home/lawrence/git/DISCO-EB/src/discoeb/cmb.py:1009:26
/home/lawrence/git/DISCO-EB/scripts/profile_CMB.py:38:0
'>/home/lawrence/git/DISCO-EB/src/discoeb/util.py:272</div>"
"508.0","7","data formatting","copy.993","%copy.993 = f64[] copy(f64[] %get-tuple-element.16167)","","1.0","0.799","0.799","0.799","0.799","1.0380796083209799e-05","81.16838549828933","0.0","0.0","0.0","0.01864976369693073","0.01864976369693073","0.0","0.0","0.0","HBM","No","No","No",""
"509.0","7","loop fusion","loop_dynamic_update_slice_fusion.243","%loop_dynamic_update_slice_fusion.243 = f64[72,8,16]{2,1,0} fusion(f64[72,8,16]{2,1,0} %get-tuple-element.17823, f64[8,16]{1,0} %get-tuple-element.17810), kind=kLoop, calls=%fused_dynamic_update_slice.243","jit(compute_Cell_spectrum_from_cosmo_params)/jit(main)/jit(evolve_perturbations_batched)/scatter:","1.0","0.799","0.799","0.799","0.799","1.0380796083209799e-05","81.16839587908541","0.0","0.0","0.0","2.3871697532071336","2.3871697532071336","0.0","0.0","0.0","HBM","No","No","No","<div class='source-info-cell' title='/home/lawrence/git/DISCO-EB/src/discoeb/perturbations.py:590:8
/home/lawrence/git/DISCO-EB/src/discoeb/perturbations.py:801:15
/home/lawrence/git/DISCO-EB/src/discoeb/perturbations.py:810:11
/home/lawrence/git/DISCO-EB/src/discoeb/perturbations.py:867:17
/home/lawrence/git/DISCO-EB/src/discoeb/perturbations.py:1103:9
/home/lawrence/git/DISCO-EB/src/discoeb/cmb.py:1009:26
/home/lawrence/git/DISCO-EB/scripts/profile_CMB.py:38:0
'>/home/lawrence/git/DISCO-EB/src/discoeb/perturbations.py:590</div>"
"510.0","7","loop fusion","loop_dynamic_update_slice_fusion.240","%loop_dynamic_update_slice_fusion.240 = f64[72,8,16]{2,1,0} fusion(f64[72,8,16]{2,1,0} %loop_dynamic_update_slice_fusion.242, f64[8,16]{1,0} %get-tuple-element.17811), kind=kLoop, calls=%fused_dynamic_update_slice.240","jit(compute_Cell_spectrum_from_cosmo_params)/jit(main)/jit(evolve_perturbations_batched)/scatter:","1.0","0.768","0.768","0.768","0.768","9.978036785863736e-06","81.1684058571222","0.0","0.0","0.0","2.483526865641276","2.483526865641276","0.0","0.0","0.0","HBM","No","No","No","<div class='source-info-cell' title='/home/lawrence/git/DISCO-EB/src/discoeb/perturbations.py:599:8
/home/lawrence/git/DISCO-EB/src/discoeb/perturbations.py:801:15
/home/lawrence/git/DISCO-EB/src/discoeb/perturbations.py:810:11
/home/lawrence/git/DISCO-EB/src/discoeb/perturbations.py:867:17
/home/lawrence/git/DISCO-EB/src/discoeb/perturbations.py:1103:9
/home/lawrence/git/DISCO-EB/src/discoeb/cmb.py:1009:26
/home/lawrence/git/DISCO-EB/scripts/profile_CMB.py:38:0
'>/home/lawrence/git/DISCO-EB/src/discoeb/perturbations.py:599</div>"
"511.0","7","data formatting","copy.995","%copy.995 = f64[] copy(f64[] %get-tuple-element.16169)","","1.0","0.767","0.767","0.767","0.767","9.965044550465476e-06","81.16841582216674","0.0","0.0","0.0","0.01942785031792393","0.01942785031792393","0.0","0.0","0.0","HBM","No","No","No",""
"512.0","7","conditional","conditional.23","%conditional.23 = (f64[], f64[]) conditional(s32[] %get-tuple-element.17588, (f64[], f64[]) %get-tuple-element.17586, (f64[], f64[]) %get-tuple-element.17587), branch_computations={%region_239.18374.clone.4, %region_239.18374.clone.5}","jit(compute_Cell_spectrum_from_cosmo_params)/jit(main)/jit(evolve_perturbations_batched)/cond:","1.0","0.736","0.736","0.736","0.736","9.562285253119414e-06","81.168425384452","0.0","0.0","0.0","0.06073842877927033","0.020246142926423443","0.0","0.0","0.0","HBM","No","No","No","<div class='source-info-cell' title='/home/lawrence/git/DISCO-EB/src/discoeb/util.py:272:24
/home/lawrence/git/DISCO-EB/src/discoeb/perturbations.py:672:21
/home/lawrence/git/DISCO-EB/src/discoeb/perturbations.py:784:20
/home/lawrence/git/DISCO-EB/src/discoeb/perturbations.py:790:26
/home/lawrence/git/DISCO-EB/src/discoeb/perturbations.py:864:24
/home/lawrence/git/DISCO-EB/src/discoeb/perturbations.py:1103:9
/home/lawrence/git/DISCO-EB/src/discoeb/cmb.py:1009:26
/home/lawrence/git/DISCO-EB/scripts/profile_CMB.py:38:0
'>/home/lawrence/git/DISCO-EB/src/discoeb/util.py:272</div>"
"513.0","7","conditional","conditional.24","%conditional.24 = (f64[], f64[]) conditional(s32[] %get-tuple-element.17597, (f64[], f64[]) %get-tuple-element.17595, (f64[], f64[]) %get-tuple-element.17596), branch_computations={%region_239.18374.clone.6, %region_239.18374.clone.7}","jit(compute_Cell_spectrum_from_cosmo_params)/jit(main)/jit(evolve_perturbations_batched)/cond:","1.0","0.736","0.736","0.736","0.736","9.562285253119414e-06","81.16843494673725","0.0","0.0","0.0","0.06073842877927033","0.020246142926423443","0.0","0.0","0.0","HBM","No","No","No","<div class='source-info-cell' title='/home/lawrence/git/DISCO-EB/src/discoeb/util.py:272:24
/home/lawrence/git/DISCO-EB/src/discoeb/perturbations.py:672:21
/home/lawrence/git/DISCO-EB/src/discoeb/perturbations.py:784:20
/home/lawrence/git/DISCO-EB/src/discoeb/perturbations.py:790:26
/home/lawrence/git/DISCO-EB/src/discoeb/perturbations.py:864:24
/home/lawrence/git/DISCO-EB/src/discoeb/perturbations.py:1103:9
/home/lawrence/git/DISCO-EB/src/discoeb/cmb.py:1009:26
/home/lawrence/git/DISCO-EB/scripts/profile_CMB.py:38:0
'>/home/lawrence/git/DISCO-EB/src/discoeb/util.py:272</div>"
"514.0","7","conditional","conditional.25","%conditional.25 = (f64[], f64[]) conditional(s32[] %get-tuple-element.17606, (f64[], f64[]) %get-tuple-element.17604, (f64[], f64[]) %get-tuple-element.17605), branch_computations={%region_239.18374.clone.8, %region_239.18374.clone.9}","jit(compute_Cell_spectrum_from_cosmo_params)/jit(main)/jit(evolve_perturbations_batched)/cond:","1.0","0.736","0.736","0.736","0.736","9.562285253119414e-06","81.16844450902249","0.0","0.0","0.0","0.06073842877927033","0.020246142926423443","0.0","0.0","0.0","HBM","No","No","No","<div class='source-info-cell' title='/home/lawrence/git/DISCO-EB/src/discoeb/util.py:272:24
/home/lawrence/git/DISCO-EB/src/discoeb/perturbations.py:672:21
/home/lawrence/git/DISCO-EB/src/discoeb/perturbations.py:784:20
/home/lawrence/git/DISCO-EB/src/discoeb/perturbations.py:790:26
/home/lawrence/git/DISCO-EB/src/discoeb/perturbations.py:864:24
/home/lawrence/git/DISCO-EB/src/discoeb/perturbations.py:1103:9
/home/lawrence/git/DISCO-EB/src/discoeb/cmb.py:1009:26
/home/lawrence/git/DISCO-EB/scripts/profile_CMB.py:38:0
'>/home/lawrence/git/DISCO-EB/src/discoeb/util.py:272</div>"
"515.0","7","conditional","conditional.30.clone","%conditional.30.clone = (f64[8,320]{1,0}) conditional(s32[] %input_reduce_fusion.55, (f64[8,320]{1,0}) %conditional.29.clone, () %get-tuple-element.17285), branch_computations={%region_301.22423.clone, %region_305.22462}","jit(compute_Cell_spectrum_from_cosmo_params)/jit(main)/jit(evolve_perturbations_batched)/vmap(jit(diffeqsolve))/jit(branched_error_if_impl)/cond:","1.0","0.736","0.736","0.736","0.736","9.562285253119414e-06","81.16845407130775","0.0","0.0","0.0","29.162038117647167","3.2368521003619484","0.0","0.0","0.0","HBM","No","No","No","<div class='source-info-cell' title='/home/lawrence/git/DISCO-EB/.venv/lib/python3.13/site-packages/equinox/_errors.py:118:15
/home/lawrence/git/DISCO-EB/.venv/lib/python3.13/site-packages/equinox/_ad.py:776:19
/home/lawrence/git/DISCO-EB/.venv/lib/python3.13/site-packages/equinox/_ad.py:819:15
/home/lawrence/git/DISCO-EB/.venv/lib/python3.13/site-packages/equinox/_errors.py:336:16
/home/lawrence/git/DISCO-EB/.venv/lib/python3.13/site-packages/equinox/_jit.py:55:14
/home/lawrence/git/DISCO-EB/.venv/lib/python3.13/site-packages/equinox/_jit.py:263:37
/home/lawrence/git/DISCO-EB/.venv/lib/python3.13/site-packages/equinox/_jit.py:209:19
/home/lawrence/git/DISCO-EB/.venv/lib/python3.13/site-packages/equinox/_errors.py:267:15
/home/lawrence/git/DISCO-EB/.venv/lib/python3.13/site-packages/equinox/_errors.py:246:11
/home/lawrence/git/DISCO-EB/.venv/lib/python3.13/site-packages/diffrax/_integrate.py:1201:13
'>/home/lawrence/git/DISCO-EB/.venv/lib/python3.13/site-packages/equinox/_errors.py:118</div>"
"516.0","7","conditional","conditional.22","%conditional.22 = (f64[], f64[]) conditional(s32[] %get-tuple-element.17579, (f64[], f64[]) %get-tuple-element.17577, (f64[], f64[]) %get-tuple-element.17578), branch_computations={%region_239.18374.clone.2, %region_239.18374.clone.3}","jit(compute_Cell_spectrum_from_cosmo_params)/jit(main)/jit(evolve_perturbations_batched)/cond:","1.0","0.703","0.703","0.703","0.703","9.13354148497683e-06","81.16846320484925","0.0","0.0","0.0","0.06358959257687478","0.02119653085895826","0.0","0.0","0.0","HBM","No","No","No","<div class='source-info-cell' title='/home/lawrence/git/DISCO-EB/src/discoeb/util.py:272:24
/home/lawrence/git/DISCO-EB/src/discoeb/perturbations.py:672:21
/home/lawrence/git/DISCO-EB/src/discoeb/perturbations.py:784:20
/home/lawrence/git/DISCO-EB/src/discoeb/perturbations.py:790:26
/home/lawrence/git/DISCO-EB/src/discoeb/perturbations.py:864:24
/home/lawrence/git/DISCO-EB/src/discoeb/perturbations.py:1103:9
/home/lawrence/git/DISCO-EB/src/discoeb/cmb.py:1009:26
/home/lawrence/git/DISCO-EB/scripts/profile_CMB.py:38:0
'>/home/lawrence/git/DISCO-EB/src/discoeb/util.py:272</div>"
