"Step","Rank","Category","Operation","# Occurrences","Total Time (us)","Avg. time (us)","Total self time (us)","Avg. self time (us)","Total self time (%)","Cumulative total self time (%)","Normalized FLOP Rate (GFLOP/s)","Model FLOP Rate (GFLOP/s)","Memory BW (GiB/s)","HBM BW (GiB/s)","SHM/L1 BW (GiB/s)","Operational Intensity (FLOP/Byte)","HBM Operational Intensity (FLOP/Byte)","SHM/L1 Operational Intensity (FLOP/Byte)","Bottleneck Operational Intensity (FLOP/Byte)","Bound by","Total Time per core (us)","Total Time (%)","Optimal FLOP Rate (GFLOP/s)","Roofline efficiency (%)","FLOP Rate / Peak (%)","Max memory BW utilization (among supported memories) (%)","Include Infeed/Outfeed","Program ID","Source Info"
"Total","0.0","Program","Program","1.0","7696904.877","7696904.877","0.0","0.0","0.0","0.0","24.062697535790267","24.062697535790267","1.4938065410157155","1.4938065410157155","0.0","15.002031927098086","15.002031927098086","0.0","15.002031927098086","HBM","7696904.877","1.0","7561.744188789937","0.003182162333851826","0.00016954349251295227","0.003182162333851826","True","0",""
"Total","1.0","call","call.594","13.0","2748061.138","211389.3183076923","2748061.138","211389.3183076923","0.35703457193706456","0.35703457193706456","29628.716841044312","29628.716841044312","44.530061750241565","44.53014626961281","0.0","619.6688656243484","619.6676894767879","0.0","619.6688656243484","Compute","2748061.138","0.3570345719370646","141926.4","0.2087611384565825","0.2087611384565825","0.09485977620885482","True","7",""
"Total","2.0","custom-call","custom-call.10","1174.0","561094.312","477.9338262350937","561094.312","477.9338262350937","0.07289869382128782","0.4299332657583524","0.0","0.0","0.0","0.0","0.0","0.0","0.0","0.0","0.0","Unknown","561094.312","0.07289869382128782","0.0","0.0","0.0","0.0","True","7","<div class='source-info-cell' title='/home/lawrence/git/DISCO-EB/src/discoeb/ode_integrators_stiff.py:996:22
/home/lawrence/git/DISCO-EB/src/discoeb/ode_integrators_stiff.py:1002:21
/home/lawrence/git/DISCO-EB/.venv/lib/python3.13/site-packages/equinox/_module/_prebuilt.py:33:15
/home/lawrence/git/DISCO-EB/.venv/lib/python3.13/site-packages/diffrax/_integrate.py:349:64
/home/lawrence/git/DISCO-EB/.venv/lib/python3.13/site-packages/equinox/_eval_shape.py:33:15
/home/lawrence/git/DISCO-EB/.venv/lib/python3.13/site-packages/equinox/_eval_shape.py:38:30
/home/lawrence/git/DISCO-EB/.venv/lib/python3.13/site-packages/diffrax/_integrate.py:619:36
/home/lawrence/git/DISCO-EB/.venv/lib/python3.13/site-packages/diffrax/_adjoint.py:393:22
/home/lawrence/git/DISCO-EB/.venv/lib/python3.13/site-packages/equinox/_module/_prebuilt.py:33:15
/home/lawrence/git/DISCO-EB/.venv/lib/python3.13/site-packages/diffrax/_integrate.py:1416:29
'>/home/lawrence/git/DISCO-EB/src/discoeb/ode_integrators_stiff.py:996</div>"
"Total","3.0","call","call.629","112466.0","335485.062","2.982990966158661","335485.062","2.982990966158661","0.043587008981038754","0.4735202747393911","348.9541241690219","348.9541241690219","2.2647785504226525","1.496739505200744","0.0","143.4969671905156","217.13120567375887","0.0","217.13120567375887","HBM","335485.062","0.043587008981038754","109444.54995744683","0.003188410243403613","0.0024586977769394695","0.003188410243403613","True","7",""
"Total","4.0","call","call.630","72120.0","306435.788","4.248970992789795","306435.788","4.248970992789795","0.039812858921473196","0.5133331336608643","0.0","0.0","10351.639767643117","5175.812869812182","0.0","0.0","0.0","0.0","0.0","HBM","306435.788","0.039812858921473196","0.0","11.025709360050643","0.0","11.025709360050643","True","7",""
"Total","5.0","call","call.620","75136.0","301824.714","4.017045277896082","301824.714","4.017045277896082","0.039213777333005226","0.5525469109938695","0.0","0.0","10949.295827594286","5474.640494831131","0.0","0.0","0.0","0.0","0.0","HBM","301824.714","0.039213777333005226","0.0","11.662283097372157","0.0","11.662283097372157","True","7",""
"Total","6.0","call","call.622","48256.0","195160.698","4.044278390251989","195160.698","4.044278390251989","0.02535573728904744","0.5779026482829169","0.0","0.0","10875.566134749783","5437.775698366255","0.0","0.0","0.0","0.0","0.0","HBM","195160.698","0.02535573728904744","0.0","11.583752334830525","0.0","11.583752334830525","True","7",""
"Total","7.0","call","call.631","45208.0","191667.369","4.239678132188994","191667.369","4.239678132188994","0.024901875762131754","0.6028045240450487","0.0","0.0","10374.329307356065","5187.157624294798","0.0","0.0","0.0","0.0","0.0","HBM","191667.369","0.024901875762131754","0.0","11.049876378610376","0.0","11.049876378610376","True","7",""
"Total","8.0","call","call.604","17610.0","134884.703","7.65955156161272","134884.703","7.65955156161272","0.01752453813000397","0.6203290621750527","138596.2203479812","138596.2203479812","8921.010007467648","4206.355781517102","0.0","14.468965807504626","30.68636973924771","0.0","30.68636973924771","HBM","134884.703","0.01752453813000397","15467.403294328327","8.960535760957525","0.9765358689291154","8.960535760957525","True","7",""
"Total","9.0","call","call.603","22306.0","104223.363","4.672436250336232","104223.363","4.672436250336232","0.013540944660943091","0.6338700068359958","100936.82154915688","100936.82154915688","269.2849577594492","271.71031628351795","0.0","349.0902028127313","345.97413084814195","0.0","349.0902028127313","Compute","104223.363","0.013540944660943093","141926.4","0.7111913044307253","0.7111913044307253","0.5788074362082212","True","7",""
"Total","10.0","custom-call","triangular-solve.47","4696.0","62041.881","13.21164416524702","62041.881","13.21164416524702","0.00806062722502839","0.6419306340610242","0.0","0.0","0.0","0.0","0.0","0.0","0.0","0.0","0.0","Unknown","62041.881","0.00806062722502839","0.0","0.0","0.0","0.0","True","7","<div class='source-info-cell' title='/home/lawrence/git/DISCO-EB/src/discoeb/ode_integrators_stiff.py:1008:13
/home/lawrence/git/DISCO-EB/.venv/lib/python3.13/site-packages/equinox/_module/_prebuilt.py:33:15
/home/lawrence/git/DISCO-EB/.venv/lib/python3.13/site-packages/diffrax/_integrate.py:349:64
/home/lawrence/git/DISCO-EB/.venv/lib/python3.13/site-packages/equinox/_eval_shape.py:33:15
/home/lawrence/git/DISCO-EB/.venv/lib/python3.13/site-packages/equinox/_eval_shape.py:38:30
/home/lawrence/git/DISCO-EB/.venv/lib/python3.13/site-packages/diffrax/_integrate.py:619:36
/home/lawrence/git/DISCO-EB/.venv/lib/python3.13/site-packages/diffrax/_adjoint.py:393:22
/home/lawrence/git/DISCO-EB/.venv/lib/python3.13/site-packages/equinox/_module/_prebuilt.py:33:15
/home/lawrence/git/DISCO-EB/.venv/lib/python3.13/site-packages/diffrax/_integrate.py:1416:29
/home/lawrence/git/DISCO-EB/.venv/lib/python3.13/site-packages/equinox/_jit.py:55:14
'>/home/lawrence/git/DISCO-EB/src/discoeb/ode_integrators_stiff.py:1008</div>"
"Total","11.0","custom-call","triangular-solve.49","4696.0","61873.37","13.175760221465078","61873.37","13.175760221465078","0.00803873387923643","0.6499693679402607","0.0","0.0","0.0","0.0","0.0","0.0","0.0","0.0","0.0","Unknown","61873.37","0.00803873387923643","0.0","0.0","0.0","0.0","True","7","<div class='source-info-cell' title='/home/lawrence/git/DISCO-EB/src/discoeb/ode_integrators_stiff.py:1008:13
/home/lawrence/git/DISCO-EB/.venv/lib/python3.13/site-packages/equinox/_module/_prebuilt.py:33:15
/home/lawrence/git/DISCO-EB/.venv/lib/python3.13/site-packages/diffrax/_integrate.py:349:64
/home/lawrence/git/DISCO-EB/.venv/lib/python3.13/site-packages/equinox/_eval_shape.py:33:15
/home/lawrence/git/DISCO-EB/.venv/lib/python3.13/site-packages/equinox/_eval_shape.py:38:30
/home/lawrence/git/DISCO-EB/.venv/lib/python3.13/site-packages/diffrax/_integrate.py:619:36
/home/lawrence/git/DISCO-EB/.venv/lib/python3.13/site-packages/diffrax/_adjoint.py:393:22
/home/lawrence/git/DISCO-EB/.venv/lib/python3.13/site-packages/equinox/_module/_prebuilt.py:33:15
/home/lawrence/git/DISCO-EB/.venv/lib/python3.13/site-packages/diffrax/_integrate.py:1416:29
/home/lawrence/git/DISCO-EB/.venv/lib/python3.13/site-packages/equinox/_jit.py:55:14
'>/home/lawrence/git/DISCO-EB/src/discoeb/ode_integrators_stiff.py:1008</div>"
"Total","12.0","custom-call","triangular-solve.53","4696.0","61870.068","13.175057069846678","61870.068","13.175057069846678","0.008038304875623578","0.6580076728158843","0.0","0.0","0.0","0.0","0.0","0.0","0.0","0.0","0.0","Unknown","61870.068","0.008038304875623578","0.0","0.0","0.0","0.0","True","7","<div class='source-info-cell' title='/home/lawrence/git/DISCO-EB/src/discoeb/ode_integrators_stiff.py:1008:13
/home/lawrence/git/DISCO-EB/.venv/lib/python3.13/site-packages/equinox/_module/_prebuilt.py:33:15
/home/lawrence/git/DISCO-EB/.venv/lib/python3.13/site-packages/diffrax/_integrate.py:349:64
/home/lawrence/git/DISCO-EB/.venv/lib/python3.13/site-packages/equinox/_eval_shape.py:33:15
/home/lawrence/git/DISCO-EB/.venv/lib/python3.13/site-packages/equinox/_eval_shape.py:38:30
/home/lawrence/git/DISCO-EB/.venv/lib/python3.13/site-packages/diffrax/_integrate.py:619:36
/home/lawrence/git/DISCO-EB/.venv/lib/python3.13/site-packages/diffrax/_adjoint.py:393:22
/home/lawrence/git/DISCO-EB/.venv/lib/python3.13/site-packages/equinox/_module/_prebuilt.py:33:15
/home/lawrence/git/DISCO-EB/.venv/lib/python3.13/site-packages/diffrax/_integrate.py:1416:29
/home/lawrence/git/DISCO-EB/.venv/lib/python3.13/site-packages/equinox/_jit.py:55:14
'>/home/lawrence/git/DISCO-EB/src/discoeb/ode_integrators_stiff.py:1008</div>"
"Total","13.0","custom-call","triangular-solve.55","4696.0","61869.02","13.174833901192503","61869.02","13.174833901192503","0.008038168716996604","0.6660458415328809","0.0","0.0","0.0","0.0","0.0","0.0","0.0","0.0","0.0","Unknown","61869.02","0.008038168716996604","0.0","0.0","0.0","0.0","True","7","<div class='source-info-cell' title='/home/lawrence/git/DISCO-EB/src/discoeb/ode_integrators_stiff.py:1008:13
/home/lawrence/git/DISCO-EB/.venv/lib/python3.13/site-packages/equinox/_module/_prebuilt.py:33:15
/home/lawrence/git/DISCO-EB/.venv/lib/python3.13/site-packages/diffrax/_integrate.py:349:64
/home/lawrence/git/DISCO-EB/.venv/lib/python3.13/site-packages/equinox/_eval_shape.py:33:15
/home/lawrence/git/DISCO-EB/.venv/lib/python3.13/site-packages/equinox/_eval_shape.py:38:30
/home/lawrence/git/DISCO-EB/.venv/lib/python3.13/site-packages/diffrax/_integrate.py:619:36
/home/lawrence/git/DISCO-EB/.venv/lib/python3.13/site-packages/diffrax/_adjoint.py:393:22
/home/lawrence/git/DISCO-EB/.venv/lib/python3.13/site-packages/equinox/_module/_prebuilt.py:33:15
/home/lawrence/git/DISCO-EB/.venv/lib/python3.13/site-packages/diffrax/_integrate.py:1416:29
/home/lawrence/git/DISCO-EB/.venv/lib/python3.13/site-packages/equinox/_jit.py:55:14
'>/home/lawrence/git/DISCO-EB/src/discoeb/ode_integrators_stiff.py:1008</div>"
"Total","14.0","custom-call","triangular-solve.51","4696.0","61864.867","13.173949531516184","61864.867","13.173949531516184","0.008037629149460514","0.6740834706823414","0.0","0.0","0.0","0.0","0.0","0.0","0.0","0.0","0.0","Unknown","61864.867","0.008037629149460514","0.0","0.0","0.0","0.0","True","7","<div class='source-info-cell' title='/home/lawrence/git/DISCO-EB/src/discoeb/ode_integrators_stiff.py:1008:13
/home/lawrence/git/DISCO-EB/.venv/lib/python3.13/site-packages/equinox/_module/_prebuilt.py:33:15
/home/lawrence/git/DISCO-EB/.venv/lib/python3.13/site-packages/diffrax/_integrate.py:349:64
/home/lawrence/git/DISCO-EB/.venv/lib/python3.13/site-packages/equinox/_eval_shape.py:33:15
/home/lawrence/git/DISCO-EB/.venv/lib/python3.13/site-packages/equinox/_eval_shape.py:38:30
/home/lawrence/git/DISCO-EB/.venv/lib/python3.13/site-packages/diffrax/_integrate.py:619:36
/home/lawrence/git/DISCO-EB/.venv/lib/python3.13/site-packages/diffrax/_adjoint.py:393:22
/home/lawrence/git/DISCO-EB/.venv/lib/python3.13/site-packages/equinox/_module/_prebuilt.py:33:15
/home/lawrence/git/DISCO-EB/.venv/lib/python3.13/site-packages/diffrax/_integrate.py:1416:29
/home/lawrence/git/DISCO-EB/.venv/lib/python3.13/site-packages/equinox/_jit.py:55:14
'>/home/lawrence/git/DISCO-EB/src/discoeb/ode_integrators_stiff.py:1008</div>"
"Total","15.0","custom-call","triangular-solve.57","4696.0","61864.269","13.173822189097104","61864.269","13.173822189097104","0.008037551455892833","0.6821210221382342","0.0","0.0","0.0","0.0","0.0","0.0","0.0","0.0","0.0","Unknown","61864.269","0.008037551455892833","0.0","0.0","0.0","0.0","True","7","<div class='source-info-cell' title='/home/lawrence/git/DISCO-EB/src/discoeb/ode_integrators_stiff.py:1008:13
/home/lawrence/git/DISCO-EB/.venv/lib/python3.13/site-packages/equinox/_module/_prebuilt.py:33:15
/home/lawrence/git/DISCO-EB/.venv/lib/python3.13/site-packages/diffrax/_integrate.py:349:64
/home/lawrence/git/DISCO-EB/.venv/lib/python3.13/site-packages/equinox/_eval_shape.py:33:15
/home/lawrence/git/DISCO-EB/.venv/lib/python3.13/site-packages/equinox/_eval_shape.py:38:30
/home/lawrence/git/DISCO-EB/.venv/lib/python3.13/site-packages/diffrax/_integrate.py:619:36
/home/lawrence/git/DISCO-EB/.venv/lib/python3.13/site-packages/diffrax/_adjoint.py:393:22
/home/lawrence/git/DISCO-EB/.venv/lib/python3.13/site-packages/equinox/_module/_prebuilt.py:33:15
/home/lawrence/git/DISCO-EB/.venv/lib/python3.13/site-packages/diffrax/_integrate.py:1416:29
/home/lawrence/git/DISCO-EB/.venv/lib/python3.13/site-packages/equinox/_jit.py:55:14
'>/home/lawrence/git/DISCO-EB/src/discoeb/ode_integrators_stiff.py:1008</div>"
"Total","16.0","custom-call","triangular-solve.59","4696.0","61855.182","13.17188713798978","61855.182","13.17188713798978","0.008036370851462193","0.6901573929896965","0.0","0.0","0.0","0.0","0.0","0.0","0.0","0.0","0.0","Unknown","61855.182","0.008036370851462193","0.0","0.0","0.0","0.0","True","7","<div class='source-info-cell' title='/home/lawrence/git/DISCO-EB/src/discoeb/ode_integrators_stiff.py:1008:13
/home/lawrence/git/DISCO-EB/.venv/lib/python3.13/site-packages/equinox/_module/_prebuilt.py:33:15
/home/lawrence/git/DISCO-EB/.venv/lib/python3.13/site-packages/diffrax/_integrate.py:349:64
/home/lawrence/git/DISCO-EB/.venv/lib/python3.13/site-packages/equinox/_eval_shape.py:33:15
/home/lawrence/git/DISCO-EB/.venv/lib/python3.13/site-packages/equinox/_eval_shape.py:38:30
/home/lawrence/git/DISCO-EB/.venv/lib/python3.13/site-packages/diffrax/_integrate.py:619:36
/home/lawrence/git/DISCO-EB/.venv/lib/python3.13/site-packages/diffrax/_adjoint.py:393:22
/home/lawrence/git/DISCO-EB/.venv/lib/python3.13/site-packages/equinox/_module/_prebuilt.py:33:15
/home/lawrence/git/DISCO-EB/.venv/lib/python3.13/site-packages/diffrax/_integrate.py:1416:29
/home/lawrence/git/DISCO-EB/.venv/lib/python3.13/site-packages/equinox/_jit.py:55:14
'>/home/lawrence/git/DISCO-EB/src/discoeb/ode_integrators_stiff.py:1008</div>"
"Total","17.0","custom-call","triangular-solve.61","4696.0","61853.535","13.171536413969337","61853.535","13.171536413969337","0.008036156869345184","0.6981935498590417","0.0","0.0","0.0","0.0","0.0","0.0","0.0","0.0","0.0","Unknown","61853.535","0.008036156869345184","0.0","0.0","0.0","0.0","True","7","<div class='source-info-cell' title='/home/lawrence/git/DISCO-EB/src/discoeb/ode_integrators_stiff.py:1008:13
/home/lawrence/git/DISCO-EB/.venv/lib/python3.13/site-packages/equinox/_module/_prebuilt.py:33:15
/home/lawrence/git/DISCO-EB/.venv/lib/python3.13/site-packages/diffrax/_integrate.py:349:64
/home/lawrence/git/DISCO-EB/.venv/lib/python3.13/site-packages/equinox/_eval_shape.py:33:15
/home/lawrence/git/DISCO-EB/.venv/lib/python3.13/site-packages/equinox/_eval_shape.py:38:30
/home/lawrence/git/DISCO-EB/.venv/lib/python3.13/site-packages/diffrax/_integrate.py:619:36
/home/lawrence/git/DISCO-EB/.venv/lib/python3.13/site-packages/diffrax/_adjoint.py:393:22
/home/lawrence/git/DISCO-EB/.venv/lib/python3.13/site-packages/equinox/_module/_prebuilt.py:33:15
/home/lawrence/git/DISCO-EB/.venv/lib/python3.13/site-packages/diffrax/_integrate.py:1416:29
/home/lawrence/git/DISCO-EB/.venv/lib/python3.13/site-packages/equinox/_jit.py:55:14
'>/home/lawrence/git/DISCO-EB/src/discoeb/ode_integrators_stiff.py:1008</div>"
"Total","18.0","call","call.618","10566.0","22935.651","2.1707032935831916","22935.651","2.1707032935831916","0.002979853768043391","0.7011734036270851","14859.018316942474","14859.018316942474","582.7074900926722","582.734948771595","0.0","23.74868940331036","23.747570356583303","0.0","23.747570356583303","HBM","22935.651","0.002979853768043391","11969.915343095103","1.2413636931454126","0.1046952386373675","1.2413636931454126","True","7",""
"Total","19.0","call","call.616","10566.0","22334.444","2.113803142154079","22334.444","2.113803142154079","0.002901743539372573","0.7040751471664577","14405.54770344854","14405.54770344854","565.9091394572795","565.9373372792936","0.0","23.707360140513472","23.706178921538097","0.0","23.706178921538097","HBM","22334.444","0.002901743539372573","11949.052073043435","1.20558079547974","0.10150012755518734","1.20558079547974","True","7",""
"Total","20.0","call","call.612","10566.0","22132.883","2.0947267650955896","22132.883","2.0947267650955896","0.0028755562597814863","0.7069507034262392","13729.448861406803","13729.448861406803","528.2208125211348","528.2492671366812","0.0","24.206819115339812","24.205515193546866","0.0","24.205515193546866","HBM","22132.883","0.0028755562597814863","12200.741522276912","1.125296264685116","0.09673639901672137","1.125296264685116","True","7",""
"Total","21.0","call","call.614","10566.0","21727.555","2.0563652280901","21727.555","2.0563652280901","0.0028228950918864266","0.7097735985181256","13930.628474303712","13930.628474303712","548.3247581581135","548.3537435951172","0.0","23.660993934107758","23.659743237350177","0.0","23.659743237350177","HBM","21727.555","0.0028228950918864266","11925.646259299883","1.1681235692732626","0.09815389155438109","1.1681235692732626","True","7",""
"Total","22.0","call","call.610","10566.0","21528.455","2.037521767934886","21528.455","2.037521767934886","0.002797027551208491","0.7125706260693341","13229.508721921755","13229.508721921755","509.35098678193697","509.3802402827896","0.0","24.18948906262339","24.188099870065543","0.0","24.188099870065543","HBM","21528.455","0.002797027551208491","12191.963363306795","1.0851007608616656","0.09321386804654916","1.0851007608616656","True","7",""
"Total","23.0","input fusion","input_concatenate_fusion.9","877.0","21006.773","23.95299087799316","21006.773","23.95299087799316","0.0027292493977381397","0.7152998754670722","7.567739699952963","7.567739699952963","0.004665751743617782","0.004665751743617782","0.0","1510.5833333333333","1510.5833333333333","0.0","1510.5833333333333","Compute","21006.773","0.0027292493977381397","141926.4","5.332157864888395e-05","5.332157864888395e-05","9.939158150658941e-06","True","7","<div class='source-info-cell' title='/home/lawrence/git/DISCO-EB/src/discoeb/thermodynamics_recfast.py:301:9
/home/lawrence/git/DISCO-EB/src/discoeb/thermodynamics_recfast.py:438:13
/home/lawrence/git/DISCO-EB/src/discoeb/thermodynamics_recfast.py:446:16
/home/lawrence/git/DISCO-EB/src/discoeb/thermodynamics_recfast.py:443:14
/home/lawrence/git/DISCO-EB/src/discoeb/thermodynamics_recfast.py:440:14
/home/lawrence/git/DISCO-EB/src/discoeb/thermodynamics_recfast.py:452:12
/home/lawrence/git/DISCO-EB/src/discoeb/thermodynamics_recfast.py:461:11
/home/lawrence/git/DISCO-EB/src/discoeb/background.py:237:82
/home/lawrence/git/DISCO-EB/src/discoeb/cmb.py:987:12
/home/lawrence/git/DISCO-EB/scripts/profile_CMB.py:38:0
'>/home/lawrence/git/DISCO-EB/src/discoeb/thermodynamics_recfast.py:301</div>"
"Total","24.0","call","call.608","10566.0","20985.33","1.9861186825667236","20985.33","1.9861186825667236","0.002726463472701691","0.7180263389397739","12663.58361198037","12663.58361198037","487.9613594156412","487.9913700314712","0.0","24.169703329566335","24.16821693508091","0.0","24.16821693508091","HBM","20985.33","0.002726463472701691","12181.941409693663","1.039537392775789","0.08922641321121631","1.039537392775789","True","7",""
"Total","25.0","custom-call","triangular-solve.48","4696.0","20449.298","4.354620528109029","20449.298","4.354620528109029","0.002656820933451689","0.7206831598732255","0.0","0.0","0.0","0.0","0.0","0.0","0.0","0.0","0.0","Unknown","20449.298","0.0026568209334516895","0.0","0.0","0.0","0.0","True","7","<div class='source-info-cell' title='/home/lawrence/git/DISCO-EB/src/discoeb/ode_integrators_stiff.py:1008:13
/home/lawrence/git/DISCO-EB/.venv/lib/python3.13/site-packages/equinox/_module/_prebuilt.py:33:15
/home/lawrence/git/DISCO-EB/.venv/lib/python3.13/site-packages/diffrax/_integrate.py:349:64
/home/lawrence/git/DISCO-EB/.venv/lib/python3.13/site-packages/equinox/_eval_shape.py:33:15
/home/lawrence/git/DISCO-EB/.venv/lib/python3.13/site-packages/equinox/_eval_shape.py:38:30
/home/lawrence/git/DISCO-EB/.venv/lib/python3.13/site-packages/diffrax/_integrate.py:619:36
/home/lawrence/git/DISCO-EB/.venv/lib/python3.13/site-packages/diffrax/_adjoint.py:393:22
/home/lawrence/git/DISCO-EB/.venv/lib/python3.13/site-packages/equinox/_module/_prebuilt.py:33:15
/home/lawrence/git/DISCO-EB/.venv/lib/python3.13/site-packages/diffrax/_integrate.py:1416:29
/home/lawrence/git/DISCO-EB/.venv/lib/python3.13/site-packages/equinox/_jit.py:55:14
'>/home/lawrence/git/DISCO-EB/src/discoeb/ode_integrators_stiff.py:1008</div>"
"Total","26.0","custom-call","triangular-solve.58","4696.0","20421.782","4.348761073253833","20421.782","4.348761073253833","0.002653245989959504","0.723336405863185","0.0","0.0","0.0","0.0","0.0","0.0","0.0","0.0","0.0","Unknown","20421.782","0.002653245989959504","0.0","0.0","0.0","0.0","True","7","<div class='source-info-cell' title='/home/lawrence/git/DISCO-EB/src/discoeb/ode_integrators_stiff.py:1008:13
/home/lawrence/git/DISCO-EB/.venv/lib/python3.13/site-packages/equinox/_module/_prebuilt.py:33:15
/home/lawrence/git/DISCO-EB/.venv/lib/python3.13/site-packages/diffrax/_integrate.py:349:64
/home/lawrence/git/DISCO-EB/.venv/lib/python3.13/site-packages/equinox/_eval_shape.py:33:15
/home/lawrence/git/DISCO-EB/.venv/lib/python3.13/site-packages/equinox/_eval_shape.py:38:30
/home/lawrence/git/DISCO-EB/.venv/lib/python3.13/site-packages/diffrax/_integrate.py:619:36
/home/lawrence/git/DISCO-EB/.venv/lib/python3.13/site-packages/diffrax/_adjoint.py:393:22
/home/lawrence/git/DISCO-EB/.venv/lib/python3.13/site-packages/equinox/_module/_prebuilt.py:33:15
/home/lawrence/git/DISCO-EB/.venv/lib/python3.13/site-packages/diffrax/_integrate.py:1416:29
/home/lawrence/git/DISCO-EB/.venv/lib/python3.13/site-packages/equinox/_jit.py:55:14
'>/home/lawrence/git/DISCO-EB/src/discoeb/ode_integrators_stiff.py:1008</div>"
"Total","27.0","custom-call","triangular-solve.52","4696.0","20415.964","4.347522146507666","20415.964","4.347522146507666","0.002652490101704033","0.725988895964889","0.0","0.0","0.0","0.0","0.0","0.0","0.0","0.0","0.0","Unknown","20415.964","0.002652490101704033","0.0","0.0","0.0","0.0","True","7","<div class='source-info-cell' title='/home/lawrence/git/DISCO-EB/src/discoeb/ode_integrators_stiff.py:1008:13
/home/lawrence/git/DISCO-EB/.venv/lib/python3.13/site-packages/equinox/_module/_prebuilt.py:33:15
/home/lawrence/git/DISCO-EB/.venv/lib/python3.13/site-packages/diffrax/_integrate.py:349:64
/home/lawrence/git/DISCO-EB/.venv/lib/python3.13/site-packages/equinox/_eval_shape.py:33:15
/home/lawrence/git/DISCO-EB/.venv/lib/python3.13/site-packages/equinox/_eval_shape.py:38:30
/home/lawrence/git/DISCO-EB/.venv/lib/python3.13/site-packages/diffrax/_integrate.py:619:36
/home/lawrence/git/DISCO-EB/.venv/lib/python3.13/site-packages/diffrax/_adjoint.py:393:22
/home/lawrence/git/DISCO-EB/.venv/lib/python3.13/site-packages/equinox/_module/_prebuilt.py:33:15
/home/lawrence/git/DISCO-EB/.venv/lib/python3.13/site-packages/diffrax/_integrate.py:1416:29
/home/lawrence/git/DISCO-EB/.venv/lib/python3.13/site-packages/equinox/_jit.py:55:14
'>/home/lawrence/git/DISCO-EB/src/discoeb/ode_integrators_stiff.py:1008</div>"
"Total","28.0","custom-call","triangular-solve.54","4696.0","20404.599","4.3451020017035775","20404.599","4.3451020017035775","0.0026510135341510205","0.72863990949904","0.0","0.0","0.0","0.0","0.0","0.0","0.0","0.0","0.0","Unknown","20404.599","0.002651013534151021","0.0","0.0","0.0","0.0","True","7","<div class='source-info-cell' title='/home/lawrence/git/DISCO-EB/src/discoeb/ode_integrators_stiff.py:1008:13
/home/lawrence/git/DISCO-EB/.venv/lib/python3.13/site-packages/equinox/_module/_prebuilt.py:33:15
/home/lawrence/git/DISCO-EB/.venv/lib/python3.13/site-packages/diffrax/_integrate.py:349:64
/home/lawrence/git/DISCO-EB/.venv/lib/python3.13/site-packages/equinox/_eval_shape.py:33:15
/home/lawrence/git/DISCO-EB/.venv/lib/python3.13/site-packages/equinox/_eval_shape.py:38:30
/home/lawrence/git/DISCO-EB/.venv/lib/python3.13/site-packages/diffrax/_integrate.py:619:36
/home/lawrence/git/DISCO-EB/.venv/lib/python3.13/site-packages/diffrax/_adjoint.py:393:22
/home/lawrence/git/DISCO-EB/.venv/lib/python3.13/site-packages/equinox/_module/_prebuilt.py:33:15
/home/lawrence/git/DISCO-EB/.venv/lib/python3.13/site-packages/diffrax/_integrate.py:1416:29
/home/lawrence/git/DISCO-EB/.venv/lib/python3.13/site-packages/equinox/_jit.py:55:14
'>/home/lawrence/git/DISCO-EB/src/discoeb/ode_integrators_stiff.py:1008</div>"
"Total","29.0","custom-call","triangular-solve.50","4696.0","20402.716","4.344701022146507","20402.716","4.344701022146507","0.002650768890358472","0.7312906783893984","0.0","0.0","0.0","0.0","0.0","0.0","0.0","0.0","0.0","Unknown","20402.716","0.002650768890358472","0.0","0.0","0.0","0.0","True","7","<div class='source-info-cell' title='/home/lawrence/git/DISCO-EB/src/discoeb/ode_integrators_stiff.py:1008:13
/home/lawrence/git/DISCO-EB/.venv/lib/python3.13/site-packages/equinox/_module/_prebuilt.py:33:15
/home/lawrence/git/DISCO-EB/.venv/lib/python3.13/site-packages/diffrax/_integrate.py:349:64
/home/lawrence/git/DISCO-EB/.venv/lib/python3.13/site-packages/equinox/_eval_shape.py:33:15
/home/lawrence/git/DISCO-EB/.venv/lib/python3.13/site-packages/equinox/_eval_shape.py:38:30
/home/lawrence/git/DISCO-EB/.venv/lib/python3.13/site-packages/diffrax/_integrate.py:619:36
/home/lawrence/git/DISCO-EB/.venv/lib/python3.13/site-packages/diffrax/_adjoint.py:393:22
/home/lawrence/git/DISCO-EB/.venv/lib/python3.13/site-packages/equinox/_module/_prebuilt.py:33:15
/home/lawrence/git/DISCO-EB/.venv/lib/python3.13/site-packages/diffrax/_integrate.py:1416:29
/home/lawrence/git/DISCO-EB/.venv/lib/python3.13/site-packages/equinox/_jit.py:55:14
'>/home/lawrence/git/DISCO-EB/src/discoeb/ode_integrators_stiff.py:1008</div>"
"Total","30.0","call","call.606","10566.0","20392.207","1.929983626727238","20392.207","1.929983626727238","0.0026494035363404684","0.7339400819257389","12097.174129705529","12097.174129705529","466.5763009874875","466.6071844851245","0.0","24.146900158032782","24.145301938462303","0.0","24.145301938462303","HBM","20392.207","0.002649403536340469","12170.391151478047","0.9939840042229353","0.08523554553420315","0.9939840042229353","True","7",""
"Total","31.0","custom-call","triangular-solve.60","4696.0","20388.804","4.341738500851789","20388.804","4.341738500851789","0.002648961410569866","0.7365890433363088","0.0","0.0","0.0","0.0","0.0","0.0","0.0","0.0","0.0","Unknown","20388.804","0.002648961410569866","0.0","0.0","0.0","0.0","True","7","<div class='source-info-cell' title='/home/lawrence/git/DISCO-EB/src/discoeb/ode_integrators_stiff.py:1008:13
/home/lawrence/git/DISCO-EB/.venv/lib/python3.13/site-packages/equinox/_module/_prebuilt.py:33:15
/home/lawrence/git/DISCO-EB/.venv/lib/python3.13/site-packages/diffrax/_integrate.py:349:64
/home/lawrence/git/DISCO-EB/.venv/lib/python3.13/site-packages/equinox/_eval_shape.py:33:15
/home/lawrence/git/DISCO-EB/.venv/lib/python3.13/site-packages/equinox/_eval_shape.py:38:30
/home/lawrence/git/DISCO-EB/.venv/lib/python3.13/site-packages/diffrax/_integrate.py:619:36
/home/lawrence/git/DISCO-EB/.venv/lib/python3.13/site-packages/diffrax/_adjoint.py:393:22
/home/lawrence/git/DISCO-EB/.venv/lib/python3.13/site-packages/equinox/_module/_prebuilt.py:33:15
/home/lawrence/git/DISCO-EB/.venv/lib/python3.13/site-packages/diffrax/_integrate.py:1416:29
/home/lawrence/git/DISCO-EB/.venv/lib/python3.13/site-packages/equinox/_jit.py:55:14
'>/home/lawrence/git/DISCO-EB/src/discoeb/ode_integrators_stiff.py:1008</div>"
"Total","32.0","custom-call","triangular-solve.56","4696.0","20382.581","4.340413330494037","20382.581","4.340413330494037","0.0026481529037610317","0.7392371962400699","0.0","0.0","0.0","0.0","0.0","0.0","0.0","0.0","0.0","Unknown","20382.581","0.002648152903761032","0.0","0.0","0.0","0.0","True","7","<div class='source-info-cell' title='/home/lawrence/git/DISCO-EB/src/discoeb/ode_integrators_stiff.py:1008:13
/home/lawrence/git/DISCO-EB/.venv/lib/python3.13/site-packages/equinox/_module/_prebuilt.py:33:15
/home/lawrence/git/DISCO-EB/.venv/lib/python3.13/site-packages/diffrax/_integrate.py:349:64
/home/lawrence/git/DISCO-EB/.venv/lib/python3.13/site-packages/equinox/_eval_shape.py:33:15
/home/lawrence/git/DISCO-EB/.venv/lib/python3.13/site-packages/equinox/_eval_shape.py:38:30
/home/lawrence/git/DISCO-EB/.venv/lib/python3.13/site-packages/diffrax/_integrate.py:619:36
/home/lawrence/git/DISCO-EB/.venv/lib/python3.13/site-packages/diffrax/_adjoint.py:393:22
/home/lawrence/git/DISCO-EB/.venv/lib/python3.13/site-packages/equinox/_module/_prebuilt.py:33:15
/home/lawrence/git/DISCO-EB/.venv/lib/python3.13/site-packages/diffrax/_integrate.py:1416:29
/home/lawrence/git/DISCO-EB/.venv/lib/python3.13/site-packages/equinox/_jit.py:55:14
'>/home/lawrence/git/DISCO-EB/src/discoeb/ode_integrators_stiff.py:1008</div>"
"Total","33.0","custom-call","triangular-solve.46","4696.0","20319.005","4.326875","20319.005","4.326875","0.0026398929601842342","0.7418770892002541","0.0","0.0","0.0","0.0","0.0","0.0","0.0","0.0","0.0","Unknown","20319.005","0.0026398929601842342","0.0","0.0","0.0","0.0","True","7","<div class='source-info-cell' title='/home/lawrence/git/DISCO-EB/src/discoeb/ode_integrators_stiff.py:1008:13
/home/lawrence/git/DISCO-EB/.venv/lib/python3.13/site-packages/equinox/_module/_prebuilt.py:33:15
/home/lawrence/git/DISCO-EB/.venv/lib/python3.13/site-packages/diffrax/_integrate.py:349:64
/home/lawrence/git/DISCO-EB/.venv/lib/python3.13/site-packages/equinox/_eval_shape.py:33:15
/home/lawrence/git/DISCO-EB/.venv/lib/python3.13/site-packages/equinox/_eval_shape.py:38:30
/home/lawrence/git/DISCO-EB/.venv/lib/python3.13/site-packages/diffrax/_integrate.py:619:36
/home/lawrence/git/DISCO-EB/.venv/lib/python3.13/site-packages/diffrax/_adjoint.py:393:22
/home/lawrence/git/DISCO-EB/.venv/lib/python3.13/site-packages/equinox/_module/_prebuilt.py:33:15
/home/lawrence/git/DISCO-EB/.venv/lib/python3.13/site-packages/diffrax/_integrate.py:1416:29
/home/lawrence/git/DISCO-EB/.venv/lib/python3.13/site-packages/equinox/_jit.py:55:14
'>/home/lawrence/git/DISCO-EB/src/discoeb/ode_integrators_stiff.py:1008</div>"
"Total","34.0","fft","fft.1.0","2.0","18882.704","9441.352","18882.704","9441.352","0.002453285353236671","0.7443303745534907","1592.1856886598446","1592.1856886598446","211.84699715808708","211.84699715808708","0.0","6.9995727799816905","6.9995727799816905","0.0","6.9995727799816905","HBM","18882.704","0.0024532853532366707","3528.120660604212","0.45128436406343686","0.011218389874328135","0.45128436406343686","True","7","<div class='source-info-cell' title='/home/lawrence/git/DISCO-EB/src/discoeb/cmb.py:788:14
/home/lawrence/git/DISCO-EB/src/discoeb/cmb.py:1063:24
/home/lawrence/git/DISCO-EB/scripts/profile_CMB.py:38:0
'>/home/lawrence/git/DISCO-EB/src/discoeb/cmb.py:788</div>"
"Total","35.0","call","call.613","4696.0","15099.066","3.2153036626916527","15099.066","3.2153036626916527","0.0019617061976586513","0.7462920807511494","6436.6175550196285","6436.6175550196285","240.6530388688616","175.97234988291464","0.0","24.909584609162863","34.06539287078127","0.0","34.06539287078127","HBM","15099.066","0.0019617061976586513","17170.593145731553","0.3748628542060418","0.045351798925496796","0.3748628542060418","True","7",""
"Total","36.0","call","call.628","5194.0","15073.327","2.9020652676164804","15073.327","2.9020652676164804","0.0019583621261894933","0.7482504428773389","358.68490333952155","358.68490333952155","2.32793315562105","1.538476915914987","0.0","143.4969671905156","217.13120567375887","0.0","217.13120567375887","HBM","15073.327","0.0019583621261894933","109444.54995744681","0.0032773208303107097","0.002527259927254701","0.0032773208303107097","True","7",""
"Total","37.0","call","call.611","4696.0","15041.405","3.2030249148211243","15041.405","3.2030249148211243","0.001954214744805661","0.7502046576221445","5903.0998830228955","5903.0998830228955","220.13817103606718","155.20952960102267","0.0","24.973816014708678","35.42108654926939","0.0","35.42108654926939","HBM","15041.405","0.001954214744805661","17853.927832986137","0.3306331210836747","0.04159268383488129","0.3306331210836747","True","7",""
"Total","38.0","call","call.609","4696.0","14976.276","3.189155877342419","14976.276","3.189155877342419","0.0019457530318131278","0.7521504106539576","5368.1515292586755","5368.1515292586755","199.56487554342658","134.35387169144855","0.0","25.05190700287982","37.211288667860686","0.0","37.211288667860686","HBM","14976.276","0.0019457530318131278","18756.275630457843","0.28620562178887315","0.037823488295755235","0.28620562178887315","True","7",""
"Total","39.0","call","call.605","4696.0","14919.183","3.1769980834752984","14919.183","3.1769980834752984","0.0019383353748571993","0.7540887460288148","4263.164359603337","4263.164359603337","157.10251661277337","91.64196210893186","0.0","25.2725500074638","43.32492578754766","0.0","43.32492578754766","HBM","14919.183","0.0019383353748571993","21837.842193361823","0.1952191210951802","0.030037853137987982","0.1952191210951802","True","7",""
"Total","40.0","call","call.607","4696.0","14909.929","3.1750274701873935","14909.929","3.1750274701873935","0.0019371330733934443","0.7560258791022083","4828.924834182644","4828.924834182644","178.82646695200603","113.32528368518524","0.0","25.148887554785713","39.68476021369557","0.0","39.68476021369557","HBM","14909.929","0.0019371330733934443","20003.024016192827","0.24140974036093435","0.03402414796812041","0.24140974036093435","True","7",""
"Total","41.0","call","call.617","4696.0","14787.248","3.1489028960817715","14787.248","3.1489028960817715","0.0019211940690845046","0.7579470731712928","4017.308064894834","4017.308064894834","158.50421898019877","92.45961136123641","0.0","23.60448014629049","40.465340865470736","0.0","40.465340865470736","HBM","14787.248","0.0019211940690845048","20396.474132558797","0.19696090798762242","0.028305572922971582","0.19696090798762242","True","7",""
"Total","42.0","call","call.615","4696.0","14771.568","3.145563884156729","14771.568","3.145563884156729","0.0019191568865740574","0.7598662300578669","4021.57243212095","4021.57243212095","158.67247100013392","92.55775711706572","0.0","23.60448014629049","40.465340865470736","0.0","40.465340865470736","HBM","14771.568","0.0019191568865740576","20396.474132558797","0.19716998173234915","0.02833561925139333","0.19716998173234915","True","7",""
"Total","43.0","call","call.626","3048.0","13633.839","4.473044291338582","13633.839","4.473044291338582","0.0017713404566997873","0.7616375705145667","0.0","0.0","9833.083295350627","4916.53498502669","0.0","0.0","0.0","0.0","0.0","HBM","13633.839","0.0017713404566997873","0.0","10.473385952493356","0.0","10.473385952493356","True","7",""
"Total","44.0","custom-call","custom-call.11","587.0","13209.536","22.503468483816015","13209.536","22.503468483816015","0.0017162140121379078","0.7633537845267047","0.0","0.0","0.0","0.0","0.0","0.0","0.0","0.0","0.0","Unknown","13209.536","0.0017162140121379078","0.0","0.0","0.0","0.0","True","7","<div class='source-info-cell' title='/home/lawrence/git/DISCO-EB/src/discoeb/ode_integrators_stiff.py:1008:13
/home/lawrence/git/DISCO-EB/.venv/lib/python3.13/site-packages/equinox/_module/_prebuilt.py:33:15
/home/lawrence/git/DISCO-EB/.venv/lib/python3.13/site-packages/diffrax/_integrate.py:349:64
/home/lawrence/git/DISCO-EB/.venv/lib/python3.13/site-packages/equinox/_eval_shape.py:33:15
/home/lawrence/git/DISCO-EB/.venv/lib/python3.13/site-packages/equinox/_eval_shape.py:38:30
/home/lawrence/git/DISCO-EB/.venv/lib/python3.13/site-packages/diffrax/_integrate.py:619:36
/home/lawrence/git/DISCO-EB/.venv/lib/python3.13/site-packages/diffrax/_adjoint.py:393:22
/home/lawrence/git/DISCO-EB/.venv/lib/python3.13/site-packages/equinox/_module/_prebuilt.py:33:15
/home/lawrence/git/DISCO-EB/.venv/lib/python3.13/site-packages/diffrax/_integrate.py:1416:29
/home/lawrence/git/DISCO-EB/.venv/lib/python3.13/site-packages/equinox/_jit.py:55:14
'>/home/lawrence/git/DISCO-EB/src/discoeb/ode_integrators_stiff.py:1008</div>"
"Total","45.0","loop fusion","loop_add_fusion.56","9392.0","12633.808","1.3451669505962522","12633.808","1.3451669505962522","0.0016414140751242132","0.7649951986018289","0.0022302064429030426","0.0022302064429030426","0.011077555233751944","0.011077555233751944","0.0","0.1875","0.1875","0.0","0.1875","HBM","12633.808","0.0016414140751242132","94.50900000000001","2.3597820767366518e-05","1.5713823805176785e-08","2.3597820767366518e-05","True","7","<div class='source-info-cell' title='/home/lawrence/git/DISCO-EB/.venv/lib/python3.13/site-packages/equinox/internal/_loop/bounded.py:78:15
/home/lawrence/git/DISCO-EB/.venv/lib/python3.13/site-packages/equinox/internal/_loop/bounded.py:59:19
/home/lawrence/git/DISCO-EB/.venv/lib/python3.13/site-packages/equinox/internal/_loop/loop.py:119:15
/home/lawrence/git/DISCO-EB/.venv/lib/python3.13/site-packages/diffrax/_integrate.py:462:19
/home/lawrence/git/DISCO-EB/.venv/lib/python3.13/site-packages/diffrax/_integrate.py:435:29
/home/lawrence/git/DISCO-EB/.venv/lib/python3.13/site-packages/diffrax/_integrate.py:471:21
/home/lawrence/git/DISCO-EB/.venv/lib/python3.13/site-packages/diffrax/_integrate.py:635:26
/home/lawrence/git/DISCO-EB/.venv/lib/python3.13/site-packages/equinox/internal/_loop/common.py:511:22
/home/lawrence/git/DISCO-EB/.venv/lib/python3.13/site-packages/equinox/internal/_loop/bounded.py:65:15
/home/lawrence/git/DISCO-EB/.venv/lib/python3.13/site-packages/equinox/internal/_loop/bounded.py:69:19
'>/home/lawrence/git/DISCO-EB/.venv/lib/python3.13/site-packages/equinox/internal/_loop/bounded.py:78</div>"
"Total","46.0","call","call.621","3016.0","12564.955","4.166099137931035","12564.955","4.166099137931035","0.001632468531285449","0.7666276671331143","0.0","0.0","10557.554115807266","5278.7699043719","0.0","0.0","0.0","0.0","0.0","HBM","12564.955","0.001632468531285449","0.0","11.245032269935779","0.0","11.245032269935779","True","7",""
"Total","47.0","input fusion","input_reduce_fusion.9","9392.0","12141.955","1.2927975936967633","12141.955","1.2927975936967633","0.001577511375550809","0.7682051785086651","5.096698842978746","5.096698842978746","0.1447990299567494","0.1447990299567494","0.0","32.78109452736319","32.78109452736319","0.0","32.78109452736319","HBM","12141.955","0.001577511375550809","16523.24513432836","0.0003084562869789995","3.591085832501033e-05","0.0003084562869789995","True","7","<div class='source-info-cell' title='/home/lawrence/git/DISCO-EB/.venv/lib/python3.13/site-packages/equinox/_unvmap.py:50:23
/home/lawrence/git/DISCO-EB/.venv/lib/python3.13/site-packages/equinox/internal/_loop/common.py:475:14
/home/lawrence/git/DISCO-EB/.venv/lib/python3.13/site-packages/equinox/internal/_loop/bounded.py:72:28
/home/lawrence/git/DISCO-EB/.venv/lib/python3.13/site-packages/equinox/internal/_loop/bounded.py:78:15
/home/lawrence/git/DISCO-EB/.venv/lib/python3.13/site-packages/equinox/internal/_loop/bounded.py:59:19
/home/lawrence/git/DISCO-EB/.venv/lib/python3.13/site-packages/equinox/internal/_loop/loop.py:119:15
/home/lawrence/git/DISCO-EB/.venv/lib/python3.13/site-packages/diffrax/_integrate.py:462:19
/home/lawrence/git/DISCO-EB/.venv/lib/python3.13/site-packages/diffrax/_integrate.py:435:29
/home/lawrence/git/DISCO-EB/.venv/lib/python3.13/site-packages/diffrax/_integrate.py:471:21
/home/lawrence/git/DISCO-EB/.venv/lib/python3.13/site-packages/diffrax/_integrate.py:635:26
'>/home/lawrence/git/DISCO-EB/.venv/lib/python3.13/site-packages/equinox/_unvmap.py:50</div>"
"Total","48.0","conditional","conditional.8","9392.0","10328.39","1.0997008091993186","10328.39","1.0997008091993186","0.0013418887416503536","0.7695470672503154","2539.3552288401193","2539.3552288401193","160299.16762701792","80054.97634701886","0.0","0.014753406924042263","0.02954168444613781","0.0","0.02954168444613781","HBM","10328.39","0.0013418887416503536","14.89042696170687","170.53609244184065","0.017892056931198982","170.53609244184065","True","7","<div class='source-info-cell' title='/home/lawrence/git/DISCO-EB/.venv/lib/python3.13/site-packages/equinox/internal/_loop/bounded.py:72:19
/home/lawrence/git/DISCO-EB/.venv/lib/python3.13/site-packages/equinox/internal/_loop/bounded.py:78:15
/home/lawrence/git/DISCO-EB/.venv/lib/python3.13/site-packages/equinox/internal/_loop/bounded.py:59:19
/home/lawrence/git/DISCO-EB/.venv/lib/python3.13/site-packages/equinox/internal/_loop/loop.py:119:15
/home/lawrence/git/DISCO-EB/.venv/lib/python3.13/site-packages/diffrax/_integrate.py:462:19
/home/lawrence/git/DISCO-EB/.venv/lib/python3.13/site-packages/diffrax/_integrate.py:435:29
/home/lawrence/git/DISCO-EB/.venv/lib/python3.13/site-packages/diffrax/_integrate.py:471:21
/home/lawrence/git/DISCO-EB/.venv/lib/python3.13/site-packages/diffrax/_integrate.py:635:26
/home/lawrence/git/DISCO-EB/.venv/lib/python3.13/site-packages/equinox/internal/_loop/common.py:511:22
/home/lawrence/git/DISCO-EB/.venv/lib/python3.13/site-packages/equinox/internal/_loop/bounded.py:65:15
'>/home/lawrence/git/DISCO-EB/.venv/lib/python3.13/site-packages/equinox/internal/_loop/bounded.py:72</div>"
"Total","49.0","loop fusion","loop_convert_fusion.2","9392.0","9061.54","0.9648147359454856","9061.54","0.9648147359454856","0.001177296607507496","0.770724363857823","0.009328215733749451","0.009328215733749451","0.012548723624268222","0.012548723624268222","0.0","0.6923076923076923","0.6923076923076923","0.0","0.6923076923076923","HBM","9061.54","0.001177296607507496","348.95630769230775","2.6731758469815673e-05","6.572572638881457e-08","2.6731758469815673e-05","True","7","<div class='source-info-cell' title='/home/lawrence/git/DISCO-EB/.venv/lib/python3.13/site-packages/equinox/internal/_loop/bounded.py:72:19
/home/lawrence/git/DISCO-EB/.venv/lib/python3.13/site-packages/equinox/internal/_loop/bounded.py:78:15
/home/lawrence/git/DISCO-EB/.venv/lib/python3.13/site-packages/equinox/internal/_loop/bounded.py:59:19
/home/lawrence/git/DISCO-EB/.venv/lib/python3.13/site-packages/equinox/internal/_loop/loop.py:119:15
/home/lawrence/git/DISCO-EB/.venv/lib/python3.13/site-packages/diffrax/_integrate.py:462:19
/home/lawrence/git/DISCO-EB/.venv/lib/python3.13/site-packages/diffrax/_integrate.py:435:29
/home/lawrence/git/DISCO-EB/.venv/lib/python3.13/site-packages/diffrax/_integrate.py:471:21
/home/lawrence/git/DISCO-EB/.venv/lib/python3.13/site-packages/diffrax/_integrate.py:635:26
/home/lawrence/git/DISCO-EB/.venv/lib/python3.13/site-packages/equinox/internal/_loop/common.py:511:22
/home/lawrence/git/DISCO-EB/.venv/lib/python3.13/site-packages/equinox/internal/_loop/bounded.py:65:15
'>/home/lawrence/git/DISCO-EB/.venv/lib/python3.13/site-packages/equinox/internal/_loop/bounded.py:72</div>"
"Total","50.0","loop fusion","loop_add_fusion.55","6032.0","8224.777","1.3635240384615386","8224.777","1.3635240384615386","0.001068582388821953","0.7717929462466449","0.0022001812328771952","0.0022001812328771952","0.010928418402260519","0.010928418402260519","0.0","0.1875","0.1875","0.0","0.1875","HBM","8224.777","0.001068582388821953","94.509","2.328012393398719e-05","1.5502269013215268e-08","2.328012393398719e-05","True","7","<div class='source-info-cell' title='/home/lawrence/git/DISCO-EB/.venv/lib/python3.13/site-packages/equinox/internal/_loop/bounded.py:78:15
/home/lawrence/git/DISCO-EB/.venv/lib/python3.13/site-packages/equinox/internal/_loop/bounded.py:69:19
/home/lawrence/git/DISCO-EB/.venv/lib/python3.13/site-packages/equinox/internal/_loop/bounded.py:72:19
/home/lawrence/git/DISCO-EB/.venv/lib/python3.13/site-packages/equinox/internal/_loop/bounded.py:78:15
/home/lawrence/git/DISCO-EB/.venv/lib/python3.13/site-packages/equinox/internal/_loop/bounded.py:59:19
/home/lawrence/git/DISCO-EB/.venv/lib/python3.13/site-packages/equinox/internal/_loop/loop.py:119:15
/home/lawrence/git/DISCO-EB/.venv/lib/python3.13/site-packages/diffrax/_integrate.py:462:19
/home/lawrence/git/DISCO-EB/.venv/lib/python3.13/site-packages/diffrax/_integrate.py:435:29
/home/lawrence/git/DISCO-EB/.venv/lib/python3.13/site-packages/diffrax/_integrate.py:471:21
/home/lawrence/git/DISCO-EB/.venv/lib/python3.13/site-packages/diffrax/_integrate.py:635:26
'>/home/lawrence/git/DISCO-EB/.venv/lib/python3.13/site-packages/equinox/internal/_loop/bounded.py:78</div>"
"Total","51.0","input fusion","input_reduce_fusion.8","6032.0","7765.468","1.287378647214854","7765.468","1.287378647214854","0.0010089078823365585","0.7728018541289814","5.118152312262442","5.118152312262442","0.14540853066243964","0.14540853066243964","0.0","32.78109452736319","32.78109452736319","0.0","32.78109452736319","HBM","7765.468","0.0010089078823365585","16523.245134328357","0.00030975466808448376","3.6062017441874396e-05","0.00030975466808448376","True","7","<div class='source-info-cell' title='/home/lawrence/git/DISCO-EB/.venv/lib/python3.13/site-packages/equinox/_unvmap.py:50:23
/home/lawrence/git/DISCO-EB/.venv/lib/python3.13/site-packages/equinox/internal/_loop/common.py:475:14
/home/lawrence/git/DISCO-EB/.venv/lib/python3.13/site-packages/equinox/internal/_loop/bounded.py:72:28
/home/lawrence/git/DISCO-EB/.venv/lib/python3.13/site-packages/equinox/internal/_loop/bounded.py:78:15
/home/lawrence/git/DISCO-EB/.venv/lib/python3.13/site-packages/equinox/internal/_loop/bounded.py:69:19
/home/lawrence/git/DISCO-EB/.venv/lib/python3.13/site-packages/equinox/internal/_loop/bounded.py:72:19
/home/lawrence/git/DISCO-EB/.venv/lib/python3.13/site-packages/equinox/internal/_loop/bounded.py:78:15
/home/lawrence/git/DISCO-EB/.venv/lib/python3.13/site-packages/equinox/internal/_loop/bounded.py:59:19
/home/lawrence/git/DISCO-EB/.venv/lib/python3.13/site-packages/equinox/internal/_loop/loop.py:119:15
/home/lawrence/git/DISCO-EB/.venv/lib/python3.13/site-packages/diffrax/_integrate.py:462:19
'>/home/lawrence/git/DISCO-EB/.venv/lib/python3.13/site-packages/equinox/_unvmap.py:50</div>"
"Total","52.0","call","call.627","6225.0","7121.667","1.144042891566265","7121.667","1.144042891566265","0.0009252637409202062","0.7737271178699016","2429.3870627480896","2429.3870627480896","38746.7700692495","19463.89251874887","0.0","0.05839307405423458","0.11624309021623805","0.0","0.11624309021623805","HBM","7121.667","0.0009252637409202062","58.592097137314354","41.46270881983733","0.017117231626731108","41.46270881983733","True","7",""
"Total","53.0","call","call.619","4109.0","7098.591","1.7275714285714288","7098.591","1.7275714285714288","0.0009222656526797038","0.7746493835225813","2852.601008848094","2852.601008848094","378.9493256996102","295.7822890984729","0.0","7.01067803988403","8.981916138415722","0.0","8.981916138415722","HBM","7098.591","0.0009222656526797038","4527.3168657361675","0.6300864493133385","0.0200991570902108","0.6300864493133385","True","7",""
"Total","54.0","call","call.597","4385.0","6986.274","1.5932209806157356","6986.274","1.5932209806157356","0.00090767316364744","0.7755570566862288","14.814642969915008","14.814642969915008","0.18471884136546662","0.13561636454679826","0.0","74.69303797468355","101.73706896551724","0.0","101.73706896551724","HBM","6986.274","0.00090767316364744","51280.36613793104","0.0002888950310937214","0.00010438257413641866","0.0002888950310937214","True","7",""
"Total","55.0","conditional","conditional.7","6032.0","6557.186","1.0870666445623343","6557.186","1.0870666445623343","0.0008519250406217537","0.7764089817268505","2562.7931957397577","2562.7931957397577","81239.52913922592","40524.36254698846","0.0","0.029379628150884227","0.058897586717024226","0.0","0.058897586717024226","HBM","6557.186","0.0008519250406217538","29.687210789542625","86.3265065185075","0.018057198630697022","86.3265065185075","True","7","<div class='source-info-cell' title='/home/lawrence/git/DISCO-EB/.venv/lib/python3.13/site-packages/equinox/internal/_loop/bounded.py:72:19
/home/lawrence/git/DISCO-EB/.venv/lib/python3.13/site-packages/equinox/internal/_loop/bounded.py:78:15
/home/lawrence/git/DISCO-EB/.venv/lib/python3.13/site-packages/equinox/internal/_loop/bounded.py:69:19
/home/lawrence/git/DISCO-EB/.venv/lib/python3.13/site-packages/equinox/internal/_loop/bounded.py:72:19
/home/lawrence/git/DISCO-EB/.venv/lib/python3.13/site-packages/equinox/internal/_loop/bounded.py:78:15
/home/lawrence/git/DISCO-EB/.venv/lib/python3.13/site-packages/equinox/internal/_loop/bounded.py:59:19
/home/lawrence/git/DISCO-EB/.venv/lib/python3.13/site-packages/equinox/internal/_loop/loop.py:119:15
/home/lawrence/git/DISCO-EB/.venv/lib/python3.13/site-packages/diffrax/_integrate.py:462:19
/home/lawrence/git/DISCO-EB/.venv/lib/python3.13/site-packages/diffrax/_integrate.py:435:29
/home/lawrence/git/DISCO-EB/.venv/lib/python3.13/site-packages/diffrax/_integrate.py:471:21
'>/home/lawrence/git/DISCO-EB/.venv/lib/python3.13/site-packages/equinox/internal/_loop/bounded.py:72</div>"
"Total","56.0","input fusion","input_reduce_fusion","6096.0","6216.604","1.019784120734908","6216.604","1.019784120734908","0.0008076758254576517","0.7772166575523081","6.461171404837754","6.461171404837754","0.18356418156698534","0.18356418156698534","0.0","32.78109452736319","32.78109452736319","0.0","32.78109452736319","HBM","6216.604","0.0008076758254576517","16523.245134328357","0.00039103525683427376","4.552480303056904e-05","0.00039103525683427376","True","7","<div class='source-info-cell' title='/home/lawrence/git/DISCO-EB/.venv/lib/python3.13/site-packages/equinox/_unvmap.py:50:23
/home/lawrence/git/DISCO-EB/.venv/lib/python3.13/site-packages/equinox/internal/_loop/common.py:475:14
/home/lawrence/git/DISCO-EB/.venv/lib/python3.13/site-packages/equinox/internal/_loop/bounded.py:72:28
/home/lawrence/git/DISCO-EB/.venv/lib/python3.13/site-packages/equinox/internal/_loop/bounded.py:78:15
/home/lawrence/git/DISCO-EB/.venv/lib/python3.13/site-packages/equinox/internal/_loop/bounded.py:69:19
/home/lawrence/git/DISCO-EB/.venv/lib/python3.13/site-packages/equinox/internal/_loop/bounded.py:72:19
/home/lawrence/git/DISCO-EB/.venv/lib/python3.13/site-packages/equinox/internal/_loop/bounded.py:78:15
/home/lawrence/git/DISCO-EB/.venv/lib/python3.13/site-packages/equinox/internal/_loop/bounded.py:69:19
/home/lawrence/git/DISCO-EB/.venv/lib/python3.13/site-packages/equinox/internal/_loop/bounded.py:72:19
/home/lawrence/git/DISCO-EB/.venv/lib/python3.13/site-packages/equinox/internal/_loop/bounded.py:78:15
'>/home/lawrence/git/DISCO-EB/.venv/lib/python3.13/site-packages/equinox/_unvmap.py:50</div>"
"Total","57.0","loop fusion","loop_multiply_fusion.20","1.0","6105.334","6105.334","6105.334","6105.334","0.0007932193651300077","0.7780098769174381","21324.693236438827","21324.693236438827","170.3096515376212","170.3096515376212","0.0","116.61211228218853","116.61211228218853","0.0","116.61211228218853","HBM","6105.334","0.0007932193651300077","58778.101971612574","0.36279996327097774","0.15025177300656417","0.36279996327097774","True","7","<div class='source-info-cell' title='/home/lawrence/git/DISCO-EB/src/discoeb/cmb.py:785:15
/home/lawrence/git/DISCO-EB/src/discoeb/cmb.py:1063:24
/home/lawrence/git/DISCO-EB/scripts/profile_CMB.py:38:0
'>/home/lawrence/git/DISCO-EB/src/discoeb/cmb.py:785</div>"
"Total","58.0","loop fusion","loop_convert_fusion.1","6032.0","5725.155","0.9491304708222811","5725.155","0.9491304708222811","0.0007438256145152564","0.7787537025319533","0.00948236335959463","0.00948236335959463","0.012756089749718105","0.012756089749718105","0.0","0.6923076923076923","0.6923076923076923","0.0","0.6923076923076923","HBM","5725.155","0.0007438256145152565","348.9563076923077","2.7173497514066164e-05","6.681183599101105e-08","2.7173497514066164e-05","True","7","<div class='source-info-cell' title='/home/lawrence/git/DISCO-EB/.venv/lib/python3.13/site-packages/equinox/internal/_loop/bounded.py:72:19
/home/lawrence/git/DISCO-EB/.venv/lib/python3.13/site-packages/equinox/internal/_loop/bounded.py:78:15
/home/lawrence/git/DISCO-EB/.venv/lib/python3.13/site-packages/equinox/internal/_loop/bounded.py:69:19
/home/lawrence/git/DISCO-EB/.venv/lib/python3.13/site-packages/equinox/internal/_loop/bounded.py:72:19
/home/lawrence/git/DISCO-EB/.venv/lib/python3.13/site-packages/equinox/internal/_loop/bounded.py:78:15
/home/lawrence/git/DISCO-EB/.venv/lib/python3.13/site-packages/equinox/internal/_loop/bounded.py:59:19
/home/lawrence/git/DISCO-EB/.venv/lib/python3.13/site-packages/equinox/internal/_loop/loop.py:119:15
/home/lawrence/git/DISCO-EB/.venv/lib/python3.13/site-packages/diffrax/_integrate.py:462:19
/home/lawrence/git/DISCO-EB/.venv/lib/python3.13/site-packages/diffrax/_integrate.py:435:29
/home/lawrence/git/DISCO-EB/.venv/lib/python3.13/site-packages/diffrax/_integrate.py:471:21
'>/home/lawrence/git/DISCO-EB/.venv/lib/python3.13/site-packages/equinox/internal/_loop/bounded.py:72</div>"
"Total","59.0","loop fusion","loop_gather_fusion.7","587.0","5493.949","9.35936797274276","5493.949","9.35936797274276","0.0007137867867403553","0.7794674893186937","1351.0108841563692","1351.0108841563692","26.970375709013396","26.970375709013396","0.0","46.65218417945691","46.65218417945691","0.0","46.65218417945691","HBM","5493.949","0.0007137867867403554","23514.940131286898","0.057453298907567014","0.009519094996817853","0.057453298907567014","True","7","<div class='source-info-cell' title='/home/lawrence/git/DISCO-EB/src/discoeb/ode_integrators_stiff.py:1008:13
/home/lawrence/git/DISCO-EB/.venv/lib/python3.13/site-packages/equinox/_module/_prebuilt.py:33:15
/home/lawrence/git/DISCO-EB/.venv/lib/python3.13/site-packages/diffrax/_integrate.py:349:64
/home/lawrence/git/DISCO-EB/.venv/lib/python3.13/site-packages/equinox/_eval_shape.py:33:15
/home/lawrence/git/DISCO-EB/.venv/lib/python3.13/site-packages/equinox/_eval_shape.py:38:30
/home/lawrence/git/DISCO-EB/.venv/lib/python3.13/site-packages/diffrax/_integrate.py:619:36
/home/lawrence/git/DISCO-EB/.venv/lib/python3.13/site-packages/diffrax/_adjoint.py:393:22
/home/lawrence/git/DISCO-EB/.venv/lib/python3.13/site-packages/equinox/_module/_prebuilt.py:33:15
/home/lawrence/git/DISCO-EB/.venv/lib/python3.13/site-packages/diffrax/_integrate.py:1416:29
/home/lawrence/git/DISCO-EB/.venv/lib/python3.13/site-packages/equinox/_jit.py:55:14
'>/home/lawrence/git/DISCO-EB/src/discoeb/ode_integrators_stiff.py:1008</div>"
"Total","60.0","loop fusion","loop_select_fusion.28","587.0","5250.761","8.945078364565589","5250.761","8.945078364565589","0.0006821912293200347","0.7801496805480137","222.58497006433925","222.58497006433925","1105.4315844597315","1105.4315844597315","0.0","0.18752712542797897","0.18752712542797897","0.0","0.18752712542797897","HBM","5250.761","0.0006821912293200346","94.52267251772196","2.3548315354986076","0.0015683126610999733","2.3548315354986076","True","7","<div class='source-info-cell' title='/home/lawrence/git/DISCO-EB/src/discoeb/ode_integrators_stiff.py:996:22
/home/lawrence/git/DISCO-EB/src/discoeb/ode_integrators_stiff.py:1002:21
/home/lawrence/git/DISCO-EB/.venv/lib/python3.13/site-packages/equinox/_module/_prebuilt.py:33:15
/home/lawrence/git/DISCO-EB/.venv/lib/python3.13/site-packages/diffrax/_integrate.py:349:64
/home/lawrence/git/DISCO-EB/.venv/lib/python3.13/site-packages/equinox/_eval_shape.py:33:15
/home/lawrence/git/DISCO-EB/.venv/lib/python3.13/site-packages/equinox/_eval_shape.py:38:30
/home/lawrence/git/DISCO-EB/.venv/lib/python3.13/site-packages/diffrax/_integrate.py:619:36
/home/lawrence/git/DISCO-EB/.venv/lib/python3.13/site-packages/diffrax/_adjoint.py:393:22
/home/lawrence/git/DISCO-EB/.venv/lib/python3.13/site-packages/equinox/_module/_prebuilt.py:33:15
/home/lawrence/git/DISCO-EB/.venv/lib/python3.13/site-packages/diffrax/_integrate.py:1416:29
'>/home/lawrence/git/DISCO-EB/src/discoeb/ode_integrators_stiff.py:996</div>"
"Total","61.0","conditional","conditional.6","6096.0","4982.213","0.8172921587926508","4982.213","0.8172921587926508","0.0006473008410027151","0.7807969813890164","3400.6480670336655","3400.6480670336655","54237.674981497425","26992.30038542719","0.0","0.0583929955373523","0.11733347169109092","0.0","0.11733347169109092","HBM","4982.213","0.0006473008410027151","59.141701738951","57.500003669897495","0.02396064486264476","57.500003669897495","True","7","<div class='source-info-cell' title='/home/lawrence/git/DISCO-EB/.venv/lib/python3.13/site-packages/equinox/internal/_loop/bounded.py:72:19
/home/lawrence/git/DISCO-EB/.venv/lib/python3.13/site-packages/equinox/internal/_loop/bounded.py:78:15
/home/lawrence/git/DISCO-EB/.venv/lib/python3.13/site-packages/equinox/internal/_loop/bounded.py:69:19
/home/lawrence/git/DISCO-EB/.venv/lib/python3.13/site-packages/equinox/internal/_loop/bounded.py:72:19
/home/lawrence/git/DISCO-EB/.venv/lib/python3.13/site-packages/equinox/internal/_loop/bounded.py:78:15
/home/lawrence/git/DISCO-EB/.venv/lib/python3.13/site-packages/equinox/internal/_loop/bounded.py:69:19
/home/lawrence/git/DISCO-EB/.venv/lib/python3.13/site-packages/equinox/internal/_loop/bounded.py:72:19
/home/lawrence/git/DISCO-EB/.venv/lib/python3.13/site-packages/equinox/internal/_loop/bounded.py:78:15
/home/lawrence/git/DISCO-EB/.venv/lib/python3.13/site-packages/equinox/internal/_loop/bounded.py:59:19
/home/lawrence/git/DISCO-EB/.venv/lib/python3.13/site-packages/equinox/internal/_loop/loop.py:119:15
'>/home/lawrence/git/DISCO-EB/.venv/lib/python3.13/site-packages/equinox/internal/_loop/bounded.py:72</div>"
"Total","62.0","loop fusion","loop_add_fusion.37","6096.0","4977.05","0.8164452099737534","4977.05","0.8164452099737534","0.000646630051889103","0.7814436114409056","0.0036744657980128793","0.0036744657980128793","0.01825126905248999","0.01825126905248999","0.0","0.1875","0.1875","0.0","0.1875","HBM","4977.05","0.000646630051889103","94.50900000000003","3.887953314512775e-05","2.5889938714804853e-08","3.887953314512775e-05","True","7","<div class='source-info-cell' title='/home/lawrence/git/DISCO-EB/.venv/lib/python3.13/site-packages/equinox/internal/_loop/bounded.py:78:15
/home/lawrence/git/DISCO-EB/.venv/lib/python3.13/site-packages/equinox/internal/_loop/bounded.py:69:19
/home/lawrence/git/DISCO-EB/.venv/lib/python3.13/site-packages/equinox/internal/_loop/bounded.py:72:19
/home/lawrence/git/DISCO-EB/.venv/lib/python3.13/site-packages/equinox/internal/_loop/bounded.py:78:15
/home/lawrence/git/DISCO-EB/.venv/lib/python3.13/site-packages/equinox/internal/_loop/bounded.py:69:19
/home/lawrence/git/DISCO-EB/.venv/lib/python3.13/site-packages/equinox/internal/_loop/bounded.py:72:19
/home/lawrence/git/DISCO-EB/.venv/lib/python3.13/site-packages/equinox/internal/_loop/bounded.py:78:15
/home/lawrence/git/DISCO-EB/.venv/lib/python3.13/site-packages/equinox/internal/_loop/bounded.py:59:19
/home/lawrence/git/DISCO-EB/.venv/lib/python3.13/site-packages/equinox/internal/_loop/loop.py:119:15
/home/lawrence/git/DISCO-EB/.venv/lib/python3.13/site-packages/diffrax/_integrate.py:462:19
'>/home/lawrence/git/DISCO-EB/.venv/lib/python3.13/site-packages/equinox/internal/_loop/bounded.py:78</div>"
"Total","63.0","loop fusion","loop_convert_fusion","6096.0","4968.444","0.8150334645669292","4968.444","0.8150334645669292","0.0006455119401107287","0.7820891233810163","0.011042491371544089","0.011042491371544089","0.014854842158455934","0.014854842158455934","0.0","0.6923076923076923","0.6923076923076923","0.0","0.6923076923076923","HBM","4968.444","0.0006455119401107287","348.9563076923077","3.1644338067907365e-05","7.780435050522024e-08","3.1644338067907365e-05","True","7","<div class='source-info-cell' title='/home/lawrence/git/DISCO-EB/.venv/lib/python3.13/site-packages/equinox/internal/_loop/bounded.py:72:19
/home/lawrence/git/DISCO-EB/.venv/lib/python3.13/site-packages/equinox/internal/_loop/bounded.py:78:15
/home/lawrence/git/DISCO-EB/.venv/lib/python3.13/site-packages/equinox/internal/_loop/bounded.py:69:19
/home/lawrence/git/DISCO-EB/.venv/lib/python3.13/site-packages/equinox/internal/_loop/bounded.py:72:19
/home/lawrence/git/DISCO-EB/.venv/lib/python3.13/site-packages/equinox/internal/_loop/bounded.py:78:15
/home/lawrence/git/DISCO-EB/.venv/lib/python3.13/site-packages/equinox/internal/_loop/bounded.py:69:19
/home/lawrence/git/DISCO-EB/.venv/lib/python3.13/site-packages/equinox/internal/_loop/bounded.py:72:19
/home/lawrence/git/DISCO-EB/.venv/lib/python3.13/site-packages/equinox/internal/_loop/bounded.py:78:15
/home/lawrence/git/DISCO-EB/.venv/lib/python3.13/site-packages/equinox/internal/_loop/bounded.py:59:19
/home/lawrence/git/DISCO-EB/.venv/lib/python3.13/site-packages/equinox/internal/_loop/loop.py:119:15
'>/home/lawrence/git/DISCO-EB/.venv/lib/python3.13/site-packages/equinox/internal/_loop/bounded.py:72</div>"
"Total","64.0","data formatting","copy.197","6096.0","4873.998","0.7995403543307086","4873.998","0.7995403543307086","0.000633241293466488","0.7827223646744829","0.0","0.0","0.14909727683547727","0.14909727683547727","0.0","0.0","0.0","0.0","0.0","HBM","4873.998","0.0006332412934664881","0.0","0.0003176125725779257","0.0","0.0003176125725779257","True","7",""
"Total","65.0","call","call.595","5120.0","4872.902","0.951738671875","4872.902","0.951738671875","0.0006330988985665231","0.7833554635730494","9.082325070358484","9.082325070358484","0.3043286243006157","0.22506618517408875","0.0","27.794212218649516","37.582608695652176","0.0","37.582608695652176","HBM","4872.902","0.0006330988985665231","18943.438747826087","0.0004794443707534755","6.399320401530994e-05","0.0004794443707534755","True","7",""
"Total","66.0","data formatting","copy.192","6096.0","4852.521","0.7960172244094488","4852.521","0.7960172244094488","0.0006304509510700036","0.7839859145241194","0.0","0.0","0.14975717345717052","0.14975717345717052","0.0","0.0","0.0","0.0","0.0","HBM","4852.521","0.0006304509510700037","0.0","0.0003190183089407887","0.0","0.0003190183089407887","True","7",""
"Total","67.0","data formatting","copy.191","6096.0","4839.03","0.7938041338582676","4839.03","0.7938041338582676","0.0006286981685924244","0.7846146126927118","0.0","0.0","0.018771836222899074","0.018771836222899074","0.0","0.0","0.0","0.0","0.0","HBM","4839.03","0.0006286981685924244","0.0","3.9988464721226796e-05","0.0","3.9988464721226796e-05","True","7",""
"Total","68.0","data formatting","copy.164","4851.0","3873.203","0.7984339311482168","3873.203","0.7984339311482168","0.0005032156512124711","0.7851178283439243","0.0","0.0","0.1493038871473661","0.1493038871473661","0.0","0.0","0.0","0.0","0.0","HBM","3873.203","0.0005032156512124711","0.0","0.0003180527015599765","0.0","0.0003180527015599765","True","7",""
"Total","69.0","data formatting","copy.161","4851.0","3867.025","0.7971603793032365","3867.025","0.7971603793032365","0.0005024129909095666","0.7856202413348339","0.0","0.0","0.14954241661505674","0.14954241661505674","0.0","0.0","0.0","0.0","0.0","HBM","3867.025","0.0005024129909095666","0.0","0.0003185608259166169","0.0","0.0003185608259166169","True","7",""
"Total","70.0","data formatting","copy.160","4851.0","3859.02","0.7955102040816326","3859.02","0.7955102040816326","0.0005013729624659359","0.7861216142972998","0.0","0.0","0.01873157769365149","0.01873157769365149","0.0","0.0","0.0","0.0","0.0","HBM","3859.02","0.0005013729624659359","0.0","3.990270450270423e-05","0.0","3.990270450270423e-05","True","7",""
"Total","71.0","loop fusion","loop_and_fusion","2999.0","2579.479","0.8601130376792263","2579.479","0.8601130376792263","0.00033513198372868495","0.7864567462810285","0.010463740933731192","0.010463740933731192","0.027069772629199733","0.027069772629199733","0.0","0.36","0.36","0.0","0.36","HBM","2579.479","0.00033513198372868495","181.45728000000003","5.7665037929209514e-05","7.372652962191103e-08","5.7665037929209514e-05","True","7","<div class='source-info-cell' title='/home/lawrence/git/DISCO-EB/.venv/lib/python3.13/site-packages/equinox/internal/_loop/common.py:479:18
/home/lawrence/git/DISCO-EB/.venv/lib/python3.13/site-packages/equinox/internal/_loop/loop.py:103:29
/home/lawrence/git/DISCO-EB/.venv/lib/python3.13/site-packages/equinox/_module/_prebuilt.py:81:15
/home/lawrence/git/DISCO-EB/.venv/lib/python3.13/site-packages/diffrax/_integrate.py:638:18
/home/lawrence/git/DISCO-EB/.venv/lib/python3.13/site-packages/diffrax/_adjoint.py:904:22
/home/lawrence/git/DISCO-EB/.venv/lib/python3.13/site-packages/equinox/_module/_prebuilt.py:33:15
/home/lawrence/git/DISCO-EB/.venv/lib/python3.13/site-packages/diffrax/_integrate.py:1416:29
/home/lawrence/git/DISCO-EB/.venv/lib/python3.13/site-packages/equinox/_jit.py:55:14
/home/lawrence/git/DISCO-EB/.venv/lib/python3.13/site-packages/equinox/_jit.py:263:37
/home/lawrence/git/DISCO-EB/.venv/lib/python3.13/site-packages/equinox/_jit.py:209:19
'>/home/lawrence/git/DISCO-EB/.venv/lib/python3.13/site-packages/equinox/internal/_loop/common.py:479</div>"
"Total","72.0","while","while.598","2999.0","2329.893","0.776889963321107","2329.893","0.776889963321107","0.00030270518308758357","0.7867594514641161","1339.8757213314088","1339.8757213314088","8.965698959184795","0.9506350146588506","0.0","139.18117395373713","1312.655737704918","0.0","139.18117395373713","Compute","2329.893","0.00030270518308758357","141926.4","0.009440637692010851","0.009440637692010851","0.0020250781167628104","True","7","<div class='source-info-cell' title='/home/lawrence/git/DISCO-EB/.venv/lib/python3.13/site-packages/equinox/internal/_loop/loop.py:103:29
/home/lawrence/git/DISCO-EB/.venv/lib/python3.13/site-packages/equinox/_module/_prebuilt.py:81:15
/home/lawrence/git/DISCO-EB/.venv/lib/python3.13/site-packages/diffrax/_integrate.py:638:18
/home/lawrence/git/DISCO-EB/.venv/lib/python3.13/site-packages/diffrax/_adjoint.py:904:22
/home/lawrence/git/DISCO-EB/.venv/lib/python3.13/site-packages/equinox/_module/_prebuilt.py:33:15
/home/lawrence/git/DISCO-EB/.venv/lib/python3.13/site-packages/diffrax/_integrate.py:1416:29
/home/lawrence/git/DISCO-EB/.venv/lib/python3.13/site-packages/equinox/_jit.py:55:14
/home/lawrence/git/DISCO-EB/.venv/lib/python3.13/site-packages/equinox/_jit.py:263:37
/home/lawrence/git/DISCO-EB/.venv/lib/python3.13/site-packages/equinox/_jit.py:209:19
/home/lawrence/git/DISCO-EB/src/discoeb/thermodynamics_recfast.py:284:7
'>/home/lawrence/git/DISCO-EB/.venv/lib/python3.13/site-packages/equinox/internal/_loop/loop.py:103</div>"
"Total","73.0","call","call.623","1902.0","2048.465","1.0770057833859097","2048.465","1.0770057833859097","0.00026614139485096823","0.787025592858967","16834.91424066313","16834.91424066313","340.2015758060096","226.83765757288242","0.0","46.086605086701674","69.11875145337201","0.0","69.11875145337201","HBM","2048.465","0.00026614139485096823","34839.168432569255","0.4832180272398545","0.11861721456094941","0.4832180272398545","True","7",""
"Total","74.0","call","call.601","672.0","1794.924","2.671017857142857","1794.924","2.671017857142857","0.00023320075129986564","0.7872587936102668","0.0","0.0","16518.77236448998","8259.366656331285","0.0","0.0","0.0","0.0","0.0","HBM","1794.924","0.00023320075129986564","0.0","17.594410489980984","0.0","17.594410489980984","True","7",""
"Total","75.0","call","call.625","1902.0","1758.823","0.9247229232386962","1758.823","0.9247229232386962","0.00022851042439873978","0.7874873040346656","308.92388716772524","308.92388716772524","6.399347837491913","4.29543886164668","0.0","44.95892351274787","66.97983587338804","0.0","66.97983587338804","HBM","1758.823","0.00022851042439873978","33761.052312309504","0.009150303856348978","0.002176648510550012","0.009150303856348978","True","7",""
"Total","76.0","call","call.602","518.0","1428.638","2.757988416988417","1428.638","2.757988416988417","0.00018561201194899473","0.7876729160466146","0.0","0.0","15997.868479741328","7998.915329688206","0.0","0.0","0.0","0.0","0.0","HBM","1428.638","0.00018561201194899476","0.0","17.039587372871186","0.0","17.039587372871186","True","7",""
"Total","77.0","loop fusion","loop_dynamic_update_slice_fusion.78","1021.0","1229.794","1.2044995102840355","1229.794","1.2044995102840355","0.0001597777313936785","0.7878326937780082","1.8895815071467255","1.8895815071467255","0.04948498879948497","0.04948498879948497","0.0","35.5625","35.5625","0.0","35.5625","HBM","1229.794","0.0001597777313936785","17925.207000000002","0.00010541476632022856","1.3313812702546712e-05","0.00010541476632022856","True","7","<div class='source-info-cell' title='/home/lawrence/git/DISCO-EB/src/discoeb/spline_interpolation.py:68:21
/home/lawrence/git/DISCO-EB/src/discoeb/spline_interpolation.py:71:21
/home/lawrence/git/DISCO-EB/src/discoeb/background.py:248:40
/home/lawrence/git/DISCO-EB/src/discoeb/cmb.py:987:12
/home/lawrence/git/DISCO-EB/scripts/profile_CMB.py:38:0
'>/home/lawrence/git/DISCO-EB/src/discoeb/spline_interpolation.py:68</div>"
"Total","78.0","loop fusion","loop_dynamic_update_slice_fusion.80","1021.0","1228.674","1.2034025465230167","1228.674","1.2034025465230167","0.00015963221835721796","0.7879923259963655","1.8913039585764817","1.8913039585764817","0.04953009693024661","0.04953009693024661","0.0","35.5625","35.5625","0.0","35.5625","HBM","1228.674","0.000159632218357218","17925.207000000002","0.00010551085734053065","1.332594893252053e-05","0.00010551085734053065","True","7","<div class='source-info-cell' title='/home/lawrence/git/DISCO-EB/src/discoeb/spline_interpolation.py:68:21
/home/lawrence/git/DISCO-EB/src/discoeb/spline_interpolation.py:71:21
/home/lawrence/git/DISCO-EB/src/discoeb/background.py:248:40
/home/lawrence/git/DISCO-EB/src/discoeb/cmb.py:987:12
/home/lawrence/git/DISCO-EB/scripts/profile_CMB.py:38:0
'>/home/lawrence/git/DISCO-EB/src/discoeb/spline_interpolation.py:68</div>"
"Total","79.0","loop fusion","loop_dynamic_update_slice_fusion.76","1021.0","1223.184","1.1980254652301665","1223.184","1.1980254652301665","0.00015891894463385348","0.7881512449409993","1.899792672239009","1.899792672239009","0.04975240218615827","0.04975240218615827","0.0","35.5625","35.5625","0.0","35.5625","HBM","1223.184","0.0001589189446338535","17925.207000000002","0.0001059844202769323","1.338575960666239e-05","0.0001059844202769323","True","7","<div class='source-info-cell' title='/home/lawrence/git/DISCO-EB/src/discoeb/spline_interpolation.py:68:21
/home/lawrence/git/DISCO-EB/src/discoeb/spline_interpolation.py:71:21
/home/lawrence/git/DISCO-EB/src/discoeb/background.py:248:40
/home/lawrence/git/DISCO-EB/src/discoeb/cmb.py:987:12
/home/lawrence/git/DISCO-EB/scripts/profile_CMB.py:38:0
'>/home/lawrence/git/DISCO-EB/src/discoeb/spline_interpolation.py:68</div>"
"Total","80.0","loop fusion","loop_dynamic_update_slice_fusion.66","1021.0","1212.709","1.187765915768854","1212.709","1.187765915768854","0.00015755800797588576","0.7883088029489752","1.9162024855097142","1.9162024855097142","0.05018214783239328","0.05018214783239328","0.0","35.5625","35.5625","0.0","35.5625","HBM","1212.709","0.00015755800797588576","17925.207","0.00010689988045938405","1.3501381599968113e-05","0.00010689988045938405","True","7","<div class='source-info-cell' title='/home/lawrence/git/DISCO-EB/src/discoeb/spline_interpolation.py:68:21
/home/lawrence/git/DISCO-EB/src/discoeb/spline_interpolation.py:71:21
/home/lawrence/git/DISCO-EB/src/discoeb/background.py:248:40
/home/lawrence/git/DISCO-EB/src/discoeb/cmb.py:987:12
/home/lawrence/git/DISCO-EB/scripts/profile_CMB.py:38:0
'>/home/lawrence/git/DISCO-EB/src/discoeb/spline_interpolation.py:68</div>"
"Total","81.0","loop fusion","loop_dynamic_update_slice_fusion.60","1021.0","1211.124","1.1862135161606269","1211.124","1.1862135161606269","0.00015735208104482334","0.78846615503002","1.91871022290038","1.91871022290038","0.050247821293008664","0.050247821293008664","0.0","35.5625","35.5625","0.0","35.5625","HBM","1211.124","0.00015735208104482334","17925.207000000002","0.00010703978051134249","1.3519050880599945e-05","0.00010703978051134249","True","7","<div class='source-info-cell' title='/home/lawrence/git/DISCO-EB/src/discoeb/spline_interpolation.py:68:21
/home/lawrence/git/DISCO-EB/src/discoeb/spline_interpolation.py:71:21
/home/lawrence/git/DISCO-EB/src/discoeb/background.py:248:40
/home/lawrence/git/DISCO-EB/src/discoeb/cmb.py:987:12
/home/lawrence/git/DISCO-EB/scripts/profile_CMB.py:38:0
'>/home/lawrence/git/DISCO-EB/src/discoeb/spline_interpolation.py:68</div>"
"Total","82.0","loop fusion","loop_dynamic_update_slice_fusion.62","1021.0","1210.289","1.1853956904995102","1210.289","1.1853956904995102","0.00015724359587924785","0.7886233986258993","1.9200339753562992","1.9200339753562992","0.050282488162475096","0.050282488162475096","0.0","35.5625","35.5625","0.0","35.5625","HBM","1210.289","0.00015724359587924785","17925.207000000002","0.00010711362916792531","1.3528377915287778e-05","0.00010711362916792531","True","7","<div class='source-info-cell' title='/home/lawrence/git/DISCO-EB/src/discoeb/spline_interpolation.py:68:21
/home/lawrence/git/DISCO-EB/src/discoeb/spline_interpolation.py:71:21
/home/lawrence/git/DISCO-EB/src/discoeb/background.py:248:40
/home/lawrence/git/DISCO-EB/src/discoeb/cmb.py:987:12
/home/lawrence/git/DISCO-EB/scripts/profile_CMB.py:38:0
'>/home/lawrence/git/DISCO-EB/src/discoeb/spline_interpolation.py:68</div>"
"Total","83.0","loop fusion","loop_dynamic_update_slice_fusion.14","1021.0","1209.87","1.1849853085210578","1209.87","1.1849853085210578","0.00015718915841292914","0.7887805877843121","1.9206989180655774","1.9206989180655774","0.0502999019032407","0.0502999019032407","0.0","35.5625","35.5625","0.0","35.5625","HBM","1209.87","0.00015718915841292917","17925.207000000002","0.00010715072456711809","1.3533063038769231e-05","0.00010715072456711809","True","7","<div class='source-info-cell' title='/home/lawrence/git/DISCO-EB/src/discoeb/spline_interpolation.py:68:21
/home/lawrence/git/DISCO-EB/src/discoeb/spline_interpolation.py:71:21
/home/lawrence/git/DISCO-EB/src/discoeb/background.py:248:40
/home/lawrence/git/DISCO-EB/src/discoeb/cmb.py:987:12
/home/lawrence/git/DISCO-EB/scripts/profile_CMB.py:38:0
'>/home/lawrence/git/DISCO-EB/src/discoeb/spline_interpolation.py:68</div>"
"Total","84.0","loop fusion","loop_dynamic_update_slice_fusion.70","1021.0","1209.272","1.1843996082272281","1209.272","1.1843996082272281","0.00015711146484524753","0.7889376992491574","1.9216487274988587","1.9216487274988587","0.05032477582849336","0.05032477582849336","0.0","35.5625","35.5625","0.0","35.5625","HBM","1209.272","0.00015711146484524756","17925.207000000002","0.00010720371192917652","1.3539755306263379e-05","0.00010720371192917652","True","7","<div class='source-info-cell' title='/home/lawrence/git/DISCO-EB/src/discoeb/spline_interpolation.py:68:21
/home/lawrence/git/DISCO-EB/src/discoeb/spline_interpolation.py:71:21
/home/lawrence/git/DISCO-EB/src/discoeb/background.py:248:40
/home/lawrence/git/DISCO-EB/src/discoeb/cmb.py:987:12
/home/lawrence/git/DISCO-EB/scripts/profile_CMB.py:38:0
'>/home/lawrence/git/DISCO-EB/src/discoeb/spline_interpolation.py:68</div>"
"Total","85.0","loop fusion","loop_dynamic_update_slice_fusion.68","1021.0","1209.202","1.1843310479921645","1209.202","1.1843310479921645","0.00015710237028046878","0.7890948016194378","1.9217599706252553","1.9217599706252553","0.05032768910047603","0.05032768910047603","0.0","35.5625","35.5625","0.0","35.5625","HBM","1209.202","0.00015710237028046878","17925.207000000002","0.00010720991788966538","1.3540539114817647e-05","0.00010720991788966538","True","7","<div class='source-info-cell' title='/home/lawrence/git/DISCO-EB/src/discoeb/spline_interpolation.py:68:21
/home/lawrence/git/DISCO-EB/src/discoeb/spline_interpolation.py:71:21
/home/lawrence/git/DISCO-EB/src/discoeb/background.py:248:40
/home/lawrence/git/DISCO-EB/src/discoeb/cmb.py:987:12
/home/lawrence/git/DISCO-EB/scripts/profile_CMB.py:38:0
'>/home/lawrence/git/DISCO-EB/src/discoeb/spline_interpolation.py:68</div>"
"Total","86.0","loop fusion","loop_dynamic_update_slice_fusion.72","1021.0","1208.174","1.1833241919686581","1208.174","1.1833241919686581","0.00015696881010057465","0.7892517704295383","1.9233951401039917","1.9233951401039917","0.050370511462482906","0.050370511462482906","0.0","35.5625","35.5625","0.0","35.5625","HBM","1208.174","0.00015696881010057465","17925.207000000002","0.00010730113968022749","1.3552060364414175e-05","0.00010730113968022749","True","7","<div class='source-info-cell' title='/home/lawrence/git/DISCO-EB/src/discoeb/spline_interpolation.py:68:21
/home/lawrence/git/DISCO-EB/src/discoeb/spline_interpolation.py:71:21
/home/lawrence/git/DISCO-EB/src/discoeb/background.py:248:40
/home/lawrence/git/DISCO-EB/src/discoeb/cmb.py:987:12
/home/lawrence/git/DISCO-EB/scripts/profile_CMB.py:38:0
'>/home/lawrence/git/DISCO-EB/src/discoeb/spline_interpolation.py:68</div>"
"Total","87.0","loop fusion","loop_dynamic_update_slice_fusion.64","1021.0","1208.131","1.1832820763956906","1208.131","1.1832820763956906","0.00015696322343935343","0.7894087336529777","1.9234635979045318","1.9234635979045318","0.05037230425812584","0.05037230425812584","0.0","35.5625","35.5625","0.0","35.5625","HBM","1208.131","0.00015696322343935343","17925.207","0.00010730495876028277","1.3552542711606381e-05","0.00010730495876028277","True","7","<div class='source-info-cell' title='/home/lawrence/git/DISCO-EB/src/discoeb/spline_interpolation.py:68:21
/home/lawrence/git/DISCO-EB/src/discoeb/spline_interpolation.py:71:21
/home/lawrence/git/DISCO-EB/src/discoeb/background.py:248:40
/home/lawrence/git/DISCO-EB/src/discoeb/cmb.py:987:12
/home/lawrence/git/DISCO-EB/scripts/profile_CMB.py:38:0
'>/home/lawrence/git/DISCO-EB/src/discoeb/spline_interpolation.py:68</div>"
"Total","88.0","loop fusion","loop_dynamic_update_slice_fusion.82","1021.0","1208.05","1.1832027424094025","1208.05","1.1832027424094025","0.0001569526997286808","0.7895656863527064","1.9235925665328422","1.9235925665328422","0.0503756817314464","0.0503756817314464","0.0","35.5625","35.5625","0.0","35.5625","HBM","1208.05","0.0001569526997286808","17925.207000000002","0.0001073121535797518","1.355345141237178e-05","0.0001073121535797518","True","7","<div class='source-info-cell' title='/home/lawrence/git/DISCO-EB/src/discoeb/spline_interpolation.py:68:21
/home/lawrence/git/DISCO-EB/src/discoeb/spline_interpolation.py:71:21
/home/lawrence/git/DISCO-EB/src/discoeb/background.py:248:40
/home/lawrence/git/DISCO-EB/src/discoeb/cmb.py:987:12
/home/lawrence/git/DISCO-EB/scripts/profile_CMB.py:38:0
'>/home/lawrence/git/DISCO-EB/src/discoeb/spline_interpolation.py:68</div>"
"Total","89.0","loop fusion","loop_dynamic_update_slice_fusion.74","1021.0","1207.674","1.1828344760039178","1207.674","1.1828344760039178","0.00015690384892358335","0.7897225902016299","1.924191462265479","1.924191462265479","0.050391365812026946","0.050391365812026946","0.0","35.5625","35.5625","0.0","35.5625","HBM","1207.674","0.00015690384892358335","17925.207","0.00010734556439239329","1.3557671175098354e-05","0.00010734556439239329","True","7","<div class='source-info-cell' title='/home/lawrence/git/DISCO-EB/src/discoeb/spline_interpolation.py:68:21
/home/lawrence/git/DISCO-EB/src/discoeb/spline_interpolation.py:71:21
/home/lawrence/git/DISCO-EB/src/discoeb/background.py:248:40
/home/lawrence/git/DISCO-EB/src/discoeb/cmb.py:987:12
/home/lawrence/git/DISCO-EB/scripts/profile_CMB.py:38:0
'>/home/lawrence/git/DISCO-EB/src/discoeb/spline_interpolation.py:68</div>"
"Total","90.0","loop fusion","loop_dynamic_update_slice_fusion.71","1021.0","1145.293","1.1217365328109696","1145.293","1.1217365328109696","0.00014879916255979472","0.7898713893641898","1.8533763849076175","1.8533763849076175","0.039852035013533973","0.039852035013533973","0.0","43.3125","43.3125","0.0","43.3125","HBM","1145.293","0.00014879916255979475","21831.579","8.489428936439353e-05","1.3058714833234814e-05","8.489428936439353e-05","True","7","<div class='source-info-cell' title='/home/lawrence/git/DISCO-EB/src/discoeb/spline_interpolation.py:67:21
/home/lawrence/git/DISCO-EB/src/discoeb/spline_interpolation.py:71:21
/home/lawrence/git/DISCO-EB/src/discoeb/background.py:248:40
/home/lawrence/git/DISCO-EB/src/discoeb/cmb.py:987:12
/home/lawrence/git/DISCO-EB/scripts/profile_CMB.py:38:0
'>/home/lawrence/git/DISCO-EB/src/discoeb/spline_interpolation.py:67</div>"
"Total","91.0","loop fusion","loop_dynamic_update_slice_fusion.69","1021.0","1145.188","1.1216336924583743","1145.188","1.1216336924583743","0.00014878552071262657","0.7900201748849024","1.8535463172858955","1.8535463172858955","0.03985568896701273","0.03985568896701273","0.0","43.3125","43.3125","0.0","43.3125","HBM","1145.188","0.00014878552071262657","21831.578999999998","8.490207315219369e-05","1.3059912160710732e-05","8.490207315219369e-05","True","7","<div class='source-info-cell' title='/home/lawrence/git/DISCO-EB/src/discoeb/spline_interpolation.py:67:21
/home/lawrence/git/DISCO-EB/src/discoeb/spline_interpolation.py:71:21
/home/lawrence/git/DISCO-EB/src/discoeb/background.py:248:40
/home/lawrence/git/DISCO-EB/src/discoeb/cmb.py:987:12
/home/lawrence/git/DISCO-EB/scripts/profile_CMB.py:38:0
'>/home/lawrence/git/DISCO-EB/src/discoeb/spline_interpolation.py:67</div>"
"Total","92.0","loop fusion","loop_dynamic_update_slice_fusion.67","1021.0","1145.09","1.121537708129285","1145.09","1.121537708129285","0.00014877278832193627","0.7901689476732243","1.8537049489559771","1.8537049489559771","0.039859099928176274","0.039859099928176274","0.0","43.3125","43.3125","0.0","43.3125","HBM","1145.09","0.00014877278832193627","21831.579","8.490933930871318e-05","1.3061029864464802e-05","8.490933930871318e-05","True","7","<div class='source-info-cell' title='/home/lawrence/git/DISCO-EB/src/discoeb/spline_interpolation.py:67:21
/home/lawrence/git/DISCO-EB/src/discoeb/spline_interpolation.py:71:21
/home/lawrence/git/DISCO-EB/src/discoeb/background.py:248:40
/home/lawrence/git/DISCO-EB/src/discoeb/cmb.py:987:12
/home/lawrence/git/DISCO-EB/scripts/profile_CMB.py:38:0
'>/home/lawrence/git/DISCO-EB/src/discoeb/spline_interpolation.py:67</div>"
"Total","93.0","loop fusion","loop_dynamic_update_slice_fusion.65","1021.0","1144.852","1.1213046033300686","1144.852","1.1213046033300686","0.00014874186680168843","0.790317689540026","1.8540903103632609","1.8540903103632609","0.03986738612218467","0.03986738612218467","0.0","43.3125","43.3125","0.0","43.3125","HBM","1144.852","0.00014874186680168843","21831.579","8.492699086782778e-05","1.3063745084517476e-05","8.492699086782778e-05","True","7","<div class='source-info-cell' title='/home/lawrence/git/DISCO-EB/src/discoeb/spline_interpolation.py:67:21
/home/lawrence/git/DISCO-EB/src/discoeb/spline_interpolation.py:71:21
/home/lawrence/git/DISCO-EB/src/discoeb/background.py:248:40
/home/lawrence/git/DISCO-EB/src/discoeb/cmb.py:987:12
/home/lawrence/git/DISCO-EB/scripts/profile_CMB.py:38:0
'>/home/lawrence/git/DISCO-EB/src/discoeb/spline_interpolation.py:67</div>"
"Total","94.0","loop fusion","loop_dynamic_update_slice_fusion.75","1021.0","1144.532","1.1209911851126346","1144.532","1.1209911851126346","0.00014870029164841398","0.7904663898316744","1.8546086959560764","1.8546086959560764","0.03987853265505496","0.03987853265505496","0.0","43.3125","43.3125","0.0","43.3125","HBM","1144.532","0.00014870029164841398","21831.579","8.495073562732573e-05","1.3067397580408412e-05","8.495073562732573e-05","True","7","<div class='source-info-cell' title='/home/lawrence/git/DISCO-EB/src/discoeb/spline_interpolation.py:67:21
/home/lawrence/git/DISCO-EB/src/discoeb/spline_interpolation.py:71:21
/home/lawrence/git/DISCO-EB/src/discoeb/background.py:248:40
/home/lawrence/git/DISCO-EB/src/discoeb/cmb.py:987:12
/home/lawrence/git/DISCO-EB/scripts/profile_CMB.py:38:0
'>/home/lawrence/git/DISCO-EB/src/discoeb/spline_interpolation.py:67</div>"
"Total","95.0","loop fusion","loop_dynamic_update_slice_fusion.61","1021.0","1144.107","1.1205749265426053","1144.107","1.1205749265426053","0.00014864507464797138","0.7906150349063223","1.855297625134712","1.855297625134712","0.039893346283831295","0.039893346283831295","0.0","43.3125","43.3125","0.0","43.3125","HBM","1144.107","0.00014864507464797138","21831.578999999998","8.498229217111195e-05","1.3072251710285839e-05","8.498229217111195e-05","True","7","<div class='source-info-cell' title='/home/lawrence/git/DISCO-EB/src/discoeb/spline_interpolation.py:67:21
/home/lawrence/git/DISCO-EB/src/discoeb/spline_interpolation.py:71:21
/home/lawrence/git/DISCO-EB/src/discoeb/background.py:248:40
/home/lawrence/git/DISCO-EB/src/discoeb/cmb.py:987:12
/home/lawrence/git/DISCO-EB/scripts/profile_CMB.py:38:0
'>/home/lawrence/git/DISCO-EB/src/discoeb/spline_interpolation.py:67</div>"
"Total","96.0","loop fusion","loop_dynamic_update_slice_fusion.81","1021.0","1143.755","1.1202301665034282","1143.755","1.1202301665034282","0.0001485993419793695","0.7907636342483018","1.8558686082246636","1.8558686082246636","0.039905623788971736","0.039905623788971736","0.0","43.3125","43.3125","0.0","43.3125","HBM","1143.755","0.0001485993419793695","21831.579000000005","8.500844616986537e-05","1.307627480317026e-05","8.500844616986537e-05","True","7","<div class='source-info-cell' title='/home/lawrence/git/DISCO-EB/src/discoeb/spline_interpolation.py:67:21
/home/lawrence/git/DISCO-EB/src/discoeb/spline_interpolation.py:71:21
/home/lawrence/git/DISCO-EB/src/discoeb/background.py:248:40
/home/lawrence/git/DISCO-EB/src/discoeb/cmb.py:987:12
/home/lawrence/git/DISCO-EB/scripts/profile_CMB.py:38:0
'>/home/lawrence/git/DISCO-EB/src/discoeb/spline_interpolation.py:67</div>"
"Total","97.0","loop fusion","loop_dynamic_update_slice_fusion.15","1021.0","1143.727","1.1202027424094025","1143.727","1.1202027424094025","0.000148595704153458","0.7909122299524552","1.8559140424244598","1.8559140424244598","0.03990660073317791","0.03990660073317791","0.0","43.3125","43.3125","0.0","43.3125","HBM","1143.727","0.000148595704153458","21831.579","8.501052729280184e-05","1.3076594928247738e-05","8.501052729280184e-05","True","7","<div class='source-info-cell' title='/home/lawrence/git/DISCO-EB/src/discoeb/spline_interpolation.py:67:21
/home/lawrence/git/DISCO-EB/src/discoeb/spline_interpolation.py:71:21
/home/lawrence/git/DISCO-EB/src/discoeb/background.py:248:40
/home/lawrence/git/DISCO-EB/src/discoeb/cmb.py:987:12
/home/lawrence/git/DISCO-EB/scripts/profile_CMB.py:38:0
'>/home/lawrence/git/DISCO-EB/src/discoeb/spline_interpolation.py:67</div>"
"Total","98.0","loop fusion","loop_dynamic_update_slice_fusion.63","1021.0","1143.431","1.1199128305582762","1143.431","1.1199128305582762","0.00014855724713667916","0.7910607871995919","1.8563944829202637","1.8563944829202637","0.039916931355504066","0.039916931355504066","0.0","43.3125","43.3125","0.0","43.3125","HBM","1143.431","0.00014855724713667916","21831.578999999998","8.503253396926826e-05","1.3079980066571574e-05","8.503253396926826e-05","True","7","<div class='source-info-cell' title='/home/lawrence/git/DISCO-EB/src/discoeb/spline_interpolation.py:67:21
/home/lawrence/git/DISCO-EB/src/discoeb/spline_interpolation.py:71:21
/home/lawrence/git/DISCO-EB/src/discoeb/background.py:248:40
/home/lawrence/git/DISCO-EB/src/discoeb/cmb.py:987:12
/home/lawrence/git/DISCO-EB/scripts/profile_CMB.py:38:0
'>/home/lawrence/git/DISCO-EB/src/discoeb/spline_interpolation.py:67</div>"
"Total","99.0","loop fusion","loop_dynamic_update_slice_fusion.73","1021.0","1143.362","1.119845249755142","1143.362","1.119845249755142","0.00014854828249425436","0.7912093354820862","1.8565065132477727","1.8565065132477727","0.03991934027609398","0.03991934027609398","0.0","43.3125","43.3125","0.0","43.3125","HBM","1143.362","0.00014854828249425434","21831.579000000005","8.503766554163455e-05","1.3080769421670478e-05","8.503766554163455e-05","True","7","<div class='source-info-cell' title='/home/lawrence/git/DISCO-EB/src/discoeb/spline_interpolation.py:67:21
/home/lawrence/git/DISCO-EB/src/discoeb/spline_interpolation.py:71:21
/home/lawrence/git/DISCO-EB/src/discoeb/background.py:248:40
/home/lawrence/git/DISCO-EB/src/discoeb/cmb.py:987:12
/home/lawrence/git/DISCO-EB/scripts/profile_CMB.py:38:0
'>/home/lawrence/git/DISCO-EB/src/discoeb/spline_interpolation.py:67</div>"
"Total","100.0","loop fusion","loop_dynamic_update_slice_fusion.83","1021.0","1143.18","1.1196669931439767","1143.18","1.1196669931439767","0.0001485246366258295","0.791357860118712","1.8568020784128483","1.8568020784128483","0.039925695635643875","0.039925695635643875","0.0","43.3125","43.3125","0.0","43.3125","HBM","1143.18","0.0001485246366258295","21831.579","8.505120396526739e-05","1.3082851945887786e-05","8.505120396526739e-05","True","7","<div class='source-info-cell' title='/home/lawrence/git/DISCO-EB/src/discoeb/spline_interpolation.py:67:21
/home/lawrence/git/DISCO-EB/src/discoeb/spline_interpolation.py:71:21
/home/lawrence/git/DISCO-EB/src/discoeb/background.py:248:40
/home/lawrence/git/DISCO-EB/src/discoeb/cmb.py:987:12
/home/lawrence/git/DISCO-EB/scripts/profile_CMB.py:38:0
'>/home/lawrence/git/DISCO-EB/src/discoeb/spline_interpolation.py:67</div>"
"Total","101.0","loop fusion","loop_dynamic_update_slice_fusion.79","1021.0","1142.81","1.1193046033300684","1142.81","1.1193046033300684","0.00014847656535485593","0.7915063366840669","1.857403242883769","1.857403242883769","0.039938622112823105","0.039938622112823105","0.0","43.3125","43.3125","0.0","43.3125","HBM","1142.81","0.00014847656535485595","21831.579","8.507874042843025e-05","1.3087087693929875e-05","8.507874042843025e-05","True","7","<div class='source-info-cell' title='/home/lawrence/git/DISCO-EB/src/discoeb/spline_interpolation.py:67:21
/home/lawrence/git/DISCO-EB/src/discoeb/spline_interpolation.py:71:21
/home/lawrence/git/DISCO-EB/src/discoeb/background.py:248:40
/home/lawrence/git/DISCO-EB/src/discoeb/cmb.py:987:12
/home/lawrence/git/DISCO-EB/scripts/profile_CMB.py:38:0
'>/home/lawrence/git/DISCO-EB/src/discoeb/spline_interpolation.py:67</div>"
"Total","102.0","loop fusion","loop_dynamic_update_slice_fusion.77","1021.0","1140.858","1.1173927522037217","1140.858","1.1173927522037217","0.0001482229569198819","0.7916545596409867","1.8605812467458702","1.8605812467458702","0.0400069568138676","0.0400069568138676","0.0","43.3125","43.3125","0.0","43.3125","HBM","1140.858","0.00014822295691988192","21831.579","8.522430955387469e-05","1.3109479608768139e-05","8.522430955387469e-05","True","7","<div class='source-info-cell' title='/home/lawrence/git/DISCO-EB/src/discoeb/spline_interpolation.py:67:21
/home/lawrence/git/DISCO-EB/src/discoeb/spline_interpolation.py:71:21
/home/lawrence/git/DISCO-EB/src/discoeb/background.py:248:40
/home/lawrence/git/DISCO-EB/src/discoeb/cmb.py:987:12
/home/lawrence/git/DISCO-EB/scripts/profile_CMB.py:38:0
'>/home/lawrence/git/DISCO-EB/src/discoeb/spline_interpolation.py:67</div>"
"Total","103.0","loop fusion","loop_select_fusion.33","587.0","1054.517","1.796451448040886","1054.517","1.796451448040886","0.00013700533095467018","0.7917915649719414","0.02671934165120145","0.02671934165120145","0.2032219961454581","0.2032219961454581","0.0","0.12244897959183673","0.12244897959183673","0.0","0.12244897959183673","HBM","1054.517","0.00013700533095467018","61.72016326530613","0.00043291106564879767","1.8826195585318483e-07","0.00043291106564879767","True","7",""
"Total","104.0","loop fusion","loop_add_subtract_fusion.12","1021.0","1009.075","0.9883202742409403","1009.075","0.9883202742409403","0.00013110139934499284","0.7919226663712864","0.23271808339320665","0.23271808339320665","0.045231778348245044","0.045231778348245044","0.0","4.791666666666667","4.791666666666667","0.0","4.791666666666667","HBM","1009.075","0.00013110139934499284","2415.2300000000005","9.635441899662004e-05","1.6397096198678094e-06","9.635441899662004e-05","True","7","<div class='source-info-cell' title='/home/lawrence/git/DISCO-EB/src/discoeb/spline_interpolation.py:66:24
/home/lawrence/git/DISCO-EB/src/discoeb/spline_interpolation.py:71:21
/home/lawrence/git/DISCO-EB/src/discoeb/background.py:248:40
/home/lawrence/git/DISCO-EB/src/discoeb/cmb.py:987:12
/home/lawrence/git/DISCO-EB/scripts/profile_CMB.py:38:0
'>/home/lawrence/git/DISCO-EB/src/discoeb/spline_interpolation.py:66</div>"
"Total","105.0","loop fusion","loop_add_subtract_fusion.10","1021.0","1008.546","0.9878021547502449","1008.546","0.9878021547502449","0.00013103267041973606","0.7920536990417061","0.23284014809438539","0.23284014809438539","0.04525550320635387","0.04525550320635387","0.0","4.791666666666667","4.791666666666667","0.0","4.791666666666667","HBM","1008.546","0.00013103267041973603","2415.23","9.64049585730491e-05","1.6405696762151749e-06","9.64049585730491e-05","True","7","<div class='source-info-cell' title='/home/lawrence/git/DISCO-EB/src/discoeb/spline_interpolation.py:66:24
/home/lawrence/git/DISCO-EB/src/discoeb/spline_interpolation.py:71:21
/home/lawrence/git/DISCO-EB/src/discoeb/background.py:248:40
/home/lawrence/git/DISCO-EB/src/discoeb/cmb.py:987:12
/home/lawrence/git/DISCO-EB/scripts/profile_CMB.py:38:0
'>/home/lawrence/git/DISCO-EB/src/discoeb/spline_interpolation.py:66</div>"
"Total","106.0","loop fusion","loop_add_subtract_fusion.9","1021.0","1008.381","0.9876405484818804","1008.381","0.9876405484818804","0.0001310112332313289","0.7921847102749374","0.23287824740846963","0.23287824740846963","0.04526290830227401","0.04526290830227401","0.0","4.791666666666667","4.791666666666667","0.0","4.791666666666667","HBM","1008.381","0.0001310112332313289","2415.2300000000005","9.642073318419761e-05","1.6408381203811951e-06","9.642073318419761e-05","True","7","<div class='source-info-cell' title='/home/lawrence/git/DISCO-EB/src/discoeb/spline_interpolation.py:66:24
/home/lawrence/git/DISCO-EB/src/discoeb/spline_interpolation.py:71:21
/home/lawrence/git/DISCO-EB/src/discoeb/background.py:248:40
/home/lawrence/git/DISCO-EB/src/discoeb/cmb.py:987:12
/home/lawrence/git/DISCO-EB/scripts/profile_CMB.py:38:0
'>/home/lawrence/git/DISCO-EB/src/discoeb/spline_interpolation.py:66</div>"
"Total","107.0","loop fusion","loop_add_subtract_fusion.7","1021.0","1007.884","0.9871537708129285","1007.884","0.9871537708129285","0.00013094666182139955","0.7923156569367589","0.2329930825372761","0.2329930825372761","0.0452852279992096","0.0452852279992096","0.0","4.791666666666667","4.791666666666667","0.0","4.791666666666667","HBM","1007.884","0.00013094666182139955","2415.23","9.646827943395706e-05","1.6416472378449402e-06","9.646827943395706e-05","True","7","<div class='source-info-cell' title='/home/lawrence/git/DISCO-EB/src/discoeb/spline_interpolation.py:66:24
/home/lawrence/git/DISCO-EB/src/discoeb/spline_interpolation.py:71:21
/home/lawrence/git/DISCO-EB/src/discoeb/background.py:248:40
/home/lawrence/git/DISCO-EB/src/discoeb/cmb.py:987:12
/home/lawrence/git/DISCO-EB/scripts/profile_CMB.py:38:0
'>/home/lawrence/git/DISCO-EB/src/discoeb/spline_interpolation.py:66</div>"
"Total","108.0","loop fusion","loop_add_subtract_fusion.1","1021.0","1007.646","0.986920666013712","1007.646","0.986920666013712","0.00013091574030115168","0.79244657267706","0.23304811411944273","0.23304811411944273","0.04529592410107852","0.04529592410107852","0.0","4.791666666666667","4.791666666666667","0.0","4.791666666666667","HBM","1007.646","0.0001309157403011517","2415.23","9.649106466855858e-05","1.6420349851714885e-06","9.649106466855858e-05","True","7","<div class='source-info-cell' title='/home/lawrence/git/DISCO-EB/src/discoeb/spline_interpolation.py:66:24
/home/lawrence/git/DISCO-EB/src/discoeb/spline_interpolation.py:71:21
/home/lawrence/git/DISCO-EB/src/discoeb/background.py:248:40
/home/lawrence/git/DISCO-EB/src/discoeb/cmb.py:987:12
/home/lawrence/git/DISCO-EB/scripts/profile_CMB.py:38:0
'>/home/lawrence/git/DISCO-EB/src/discoeb/spline_interpolation.py:66</div>"
"Total","109.0","loop fusion","loop_add_subtract_fusion.11","1021.0","1007.629","0.9869040156709109","1007.629","0.9869040156709109","0.000130913531621134","0.7925774862086811","0.23305204594151221","0.23305204594151221","0.045296688301701686","0.045296688301701686","0.0","4.791666666666667","4.791666666666667","0.0","4.791666666666667","HBM","1007.629","0.000130913531621134","2415.23","9.649269259719041e-05","1.6420626884181676e-06","9.649269259719041e-05","True","7","<div class='source-info-cell' title='/home/lawrence/git/DISCO-EB/src/discoeb/spline_interpolation.py:66:24
/home/lawrence/git/DISCO-EB/src/discoeb/spline_interpolation.py:71:21
/home/lawrence/git/DISCO-EB/src/discoeb/background.py:248:40
/home/lawrence/git/DISCO-EB/src/discoeb/cmb.py:987:12
/home/lawrence/git/DISCO-EB/scripts/profile_CMB.py:38:0
'>/home/lawrence/git/DISCO-EB/src/discoeb/spline_interpolation.py:66</div>"
"Total","110.0","loop fusion","loop_add_subtract_fusion.13","1021.0","1007.406","0.9866856023506366","1007.406","0.9866856023506366","0.00013088455893619586","0.7927083707676172","0.23310363448301877","0.23310363448301877","0.04530671520395488","0.04530671520395488","0.0","4.791666666666667","4.791666666666667","0.0","4.791666666666667","HBM","1007.406","0.00013088455893619589","2415.23","9.651405227784466e-05","1.6424261764056496e-06","9.651405227784466e-05","True","7","<div class='source-info-cell' title='/home/lawrence/git/DISCO-EB/src/discoeb/spline_interpolation.py:66:24
/home/lawrence/git/DISCO-EB/src/discoeb/spline_interpolation.py:71:21
/home/lawrence/git/DISCO-EB/src/discoeb/background.py:248:40
/home/lawrence/git/DISCO-EB/src/discoeb/cmb.py:987:12
/home/lawrence/git/DISCO-EB/scripts/profile_CMB.py:38:0
'>/home/lawrence/git/DISCO-EB/src/discoeb/spline_interpolation.py:66</div>"
"Total","111.0","loop fusion","loop_add_subtract_fusion.8","1021.0","1007.406","0.9866856023506366","1007.406","0.9866856023506366","0.00013088455893619586","0.7928392553265534","0.23310363448301877","0.23310363448301877","0.04530671520395488","0.04530671520395488","0.0","4.791666666666667","4.791666666666667","0.0","4.791666666666667","HBM","1007.406","0.00013088455893619589","2415.23","9.651405227784466e-05","1.6424261764056496e-06","9.651405227784466e-05","True","7","<div class='source-info-cell' title='/home/lawrence/git/DISCO-EB/src/discoeb/spline_interpolation.py:66:24
/home/lawrence/git/DISCO-EB/src/discoeb/spline_interpolation.py:71:21
/home/lawrence/git/DISCO-EB/src/discoeb/background.py:248:40
/home/lawrence/git/DISCO-EB/src/discoeb/cmb.py:987:12
/home/lawrence/git/DISCO-EB/scripts/profile_CMB.py:38:0
'>/home/lawrence/git/DISCO-EB/src/discoeb/spline_interpolation.py:66</div>"
"Total","112.0","loop fusion","loop_subtract_fusion.16","1021.0","1007.291","0.9865729676787464","1007.291","0.9865729676787464","0.0001308696178654879","0.7929701249444189","0.23313024736645122","0.23313024736645122","0.03775990646922899","0.03775990646922899","0.0","5.75","5.75","0.0","5.75","HBM","1007.291","0.00013086961786548787","2898.2760000000003","8.04375592132879e-05","1.6426136882669554e-06","8.04375592132879e-05","True","7","<div class='source-info-cell' title='/home/lawrence/git/DISCO-EB/src/discoeb/spline_interpolation.py:79:42
/home/lawrence/git/DISCO-EB/src/discoeb/spline_interpolation.py:82:25
/home/lawrence/git/DISCO-EB/src/discoeb/background.py:248:40
/home/lawrence/git/DISCO-EB/src/discoeb/cmb.py:987:12
/home/lawrence/git/DISCO-EB/scripts/profile_CMB.py:38:0
'>/home/lawrence/git/DISCO-EB/src/discoeb/spline_interpolation.py:79</div>"
"Total","113.0","loop fusion","loop_add_subtract_fusion.14","1021.0","1006.854","0.9861449559255632","1006.854","0.9861449559255632","0.00013081284179679748","0.7931009377862157","0.23323143176667124","0.23323143176667124","0.04533155426383107","0.04533155426383107","0.0","4.791666666666667","4.791666666666667","0.0","4.791666666666667","HBM","1006.854","0.00013081284179679748","2415.2300000000005","9.65669653683795e-05","1.6433266239873009e-06","9.65669653683795e-05","True","7","<div class='source-info-cell' title='/home/lawrence/git/DISCO-EB/src/discoeb/spline_interpolation.py:66:24
/home/lawrence/git/DISCO-EB/src/discoeb/spline_interpolation.py:71:21
/home/lawrence/git/DISCO-EB/src/discoeb/background.py:248:40
/home/lawrence/git/DISCO-EB/src/discoeb/cmb.py:987:12
/home/lawrence/git/DISCO-EB/scripts/profile_CMB.py:38:0
'>/home/lawrence/git/DISCO-EB/src/discoeb/spline_interpolation.py:66</div>"
"Total","114.0","loop fusion","loop_add_subtract_fusion.17","1021.0","1006.787","0.986079333986288","1006.787","0.986079333986288","0.00013080413699908066","0.7932317419232148","0.23324695293046097","0.23324695293046097","0.04533457100335559","0.04533457100335559","0.0","4.791666666666667","4.791666666666667","0.0","4.791666666666667","HBM","1006.787","0.00013080413699908066","2415.2300000000005","9.657339173927987e-05","1.6434359846403557e-06","9.657339173927987e-05","True","7","<div class='source-info-cell' title='/home/lawrence/git/DISCO-EB/src/discoeb/spline_interpolation.py:66:24
/home/lawrence/git/DISCO-EB/src/discoeb/spline_interpolation.py:71:21
/home/lawrence/git/DISCO-EB/src/discoeb/background.py:248:40
/home/lawrence/git/DISCO-EB/src/discoeb/cmb.py:987:12
/home/lawrence/git/DISCO-EB/scripts/profile_CMB.py:38:0
'>/home/lawrence/git/DISCO-EB/src/discoeb/spline_interpolation.py:66</div>"
"Total","115.0","loop fusion","loop_add_subtract_fusion.18","1021.0","1006.469","0.9857678746327131","1006.469","0.9857678746327131","0.0001307628216905142","0.7933625047449053","0.23332064872340827","0.23332064872340827","0.04534889473670363","0.04534889473670363","0.0","4.791666666666667","4.791666666666667","0.0","4.791666666666667","HBM","1006.469","0.0001307628216905142","2415.23","9.66039046895775e-05","1.643955238231987e-06","9.66039046895775e-05","True","7","<div class='source-info-cell' title='/home/lawrence/git/DISCO-EB/src/discoeb/spline_interpolation.py:66:24
/home/lawrence/git/DISCO-EB/src/discoeb/spline_interpolation.py:71:21
/home/lawrence/git/DISCO-EB/src/discoeb/background.py:248:40
/home/lawrence/git/DISCO-EB/src/discoeb/cmb.py:987:12
/home/lawrence/git/DISCO-EB/scripts/profile_CMB.py:38:0
'>/home/lawrence/git/DISCO-EB/src/discoeb/spline_interpolation.py:66</div>"
"Total","116.0","loop fusion","loop_add_subtract_fusion.16","1021.0","1006.117","0.9854231145935357","1006.117","0.9854231145935357","0.0001307170890219123","0.7934932218339272","0.23340227826385998","0.23340227826385998","0.04536476049679647","0.04536476049679647","0.0","4.791666666666667","4.791666666666667","0.0","4.791666666666667","HBM","1006.117","0.0001307170890219123","2415.23","9.663770252268314e-05","1.6445303922586635e-06","9.663770252268314e-05","True","7","<div class='source-info-cell' title='/home/lawrence/git/DISCO-EB/src/discoeb/spline_interpolation.py:66:24
/home/lawrence/git/DISCO-EB/src/discoeb/spline_interpolation.py:71:21
/home/lawrence/git/DISCO-EB/src/discoeb/background.py:248:40
/home/lawrence/git/DISCO-EB/src/discoeb/cmb.py:987:12
/home/lawrence/git/DISCO-EB/scripts/profile_CMB.py:38:0
'>/home/lawrence/git/DISCO-EB/src/discoeb/spline_interpolation.py:66</div>"
"Total","117.0","loop fusion","loop_subtract_fusion.12","1021.0","1005.415","0.9847355533790402","1005.415","0.9847355533790402","0.0001306258835294165","0.7936238477174566","0.23356524420264269","0.23356524420264269","0.03783036253417359","0.03783036253417359","0.0","5.75","5.75","0.0","5.75","HBM","1005.415","0.00013062588352941653","2898.2760000000007","8.058764734712727e-05","1.6456786348603409e-06","8.058764734712727e-05","True","7","<div class='source-info-cell' title='/home/lawrence/git/DISCO-EB/src/discoeb/spline_interpolation.py:79:42
/home/lawrence/git/DISCO-EB/src/discoeb/spline_interpolation.py:82:25
/home/lawrence/git/DISCO-EB/src/discoeb/background.py:248:40
/home/lawrence/git/DISCO-EB/src/discoeb/cmb.py:987:12
/home/lawrence/git/DISCO-EB/scripts/profile_CMB.py:38:0
'>/home/lawrence/git/DISCO-EB/src/discoeb/spline_interpolation.py:79</div>"
"Total","118.0","loop fusion","loop_subtract_fusion.13","1021.0","1003.628","0.9829853085210578","1003.628","0.9829853085210578","0.00013039371228284961","0.7937542414297395","0.23398111650930425","0.23398111650930425","0.03789772101545208","0.03789772101545208","0.0","5.75","5.75","0.0","5.75","HBM","1003.628","0.00013039371228284961","2898.2760000000003","8.073113689286466e-05","1.6486088318262441e-06","8.073113689286466e-05","True","7","<div class='source-info-cell' title='/home/lawrence/git/DISCO-EB/src/discoeb/spline_interpolation.py:79:42
/home/lawrence/git/DISCO-EB/src/discoeb/spline_interpolation.py:82:25
/home/lawrence/git/DISCO-EB/src/discoeb/background.py:248:40
/home/lawrence/git/DISCO-EB/src/discoeb/cmb.py:987:12
/home/lawrence/git/DISCO-EB/scripts/profile_CMB.py:38:0
'>/home/lawrence/git/DISCO-EB/src/discoeb/spline_interpolation.py:79</div>"
"Total","119.0","loop fusion","loop_add_subtract_fusion.15","1021.0","1003.443","0.9828041136141038","1003.443","0.9828041136141038","0.0001303696766473628","0.7938846111063869","0.2340242544917848","0.2340242544917848","0.04548564964502754","0.04548564964502754","0.0","4.791666666666667","4.791666666666667","0.0","4.791666666666667","HBM","1003.443","0.00013036967664736284","2415.23","9.689522508903283e-05","1.648912777973547e-06","9.689522508903283e-05","True","7","<div class='source-info-cell' title='/home/lawrence/git/DISCO-EB/src/discoeb/spline_interpolation.py:66:24
/home/lawrence/git/DISCO-EB/src/discoeb/spline_interpolation.py:71:21
/home/lawrence/git/DISCO-EB/src/discoeb/background.py:248:40
/home/lawrence/git/DISCO-EB/src/discoeb/cmb.py:987:12
/home/lawrence/git/DISCO-EB/scripts/profile_CMB.py:38:0
'>/home/lawrence/git/DISCO-EB/src/discoeb/spline_interpolation.py:66</div>"
"Total","120.0","loop fusion","loop_subtract_fusion.17","1021.0","1003.322","0.9826856023506366","1003.322","0.9826856023506366","0.00013035395604253094","0.7940149650624294","0.23405247766918297","0.23405247766918297","0.03790927932139048","0.03790927932139048","0.0","5.75","5.75","0.0","5.75","HBM","1003.322","0.00013035395604253094","2898.2760000000003","8.075575882668971e-05","1.6491116358139357e-06","8.075575882668971e-05","True","7","<div class='source-info-cell' title='/home/lawrence/git/DISCO-EB/src/discoeb/spline_interpolation.py:79:42
/home/lawrence/git/DISCO-EB/src/discoeb/spline_interpolation.py:82:25
/home/lawrence/git/DISCO-EB/src/discoeb/background.py:248:40
/home/lawrence/git/DISCO-EB/src/discoeb/cmb.py:987:12
/home/lawrence/git/DISCO-EB/scripts/profile_CMB.py:38:0
'>/home/lawrence/git/DISCO-EB/src/discoeb/spline_interpolation.py:79</div>"
"Total","121.0","loop fusion","loop_subtract_fusion.14","1021.0","1001.908","0.9813006856023506","1001.908","0.9813006856023506","0.00013017024583399954","0.7941451353082634","0.23438279762213696","0.23438279762213696","0.037962780961222124","0.037962780961222124","0.0","5.75","5.75","0.0","5.75","HBM","1001.908","0.00013017024583399954","2898.2760000000003","8.086973001264784e-05","1.6514390389817325e-06","8.086973001264784e-05","True","7","<div class='source-info-cell' title='/home/lawrence/git/DISCO-EB/src/discoeb/spline_interpolation.py:79:42
/home/lawrence/git/DISCO-EB/src/discoeb/spline_interpolation.py:82:25
/home/lawrence/git/DISCO-EB/src/discoeb/background.py:248:40
/home/lawrence/git/DISCO-EB/src/discoeb/cmb.py:987:12
/home/lawrence/git/DISCO-EB/scripts/profile_CMB.py:38:0
'>/home/lawrence/git/DISCO-EB/src/discoeb/spline_interpolation.py:79</div>"
"Total","122.0","loop fusion","loop_subtract_fusion.15","1021.0","1001.596","0.9809951028403526","1001.596","0.9809951028403526","0.00013012971005955696","0.7942752650183229","0.23445580852958678","0.23445580852958678","0.037974606475361466","0.037974606475361466","0.0","5.75","5.75","0.0","5.75","HBM","1001.596","0.00013012971005955698","2898.2760000000003","8.08949211633353e-05","1.6519534669348817e-06","8.08949211633353e-05","True","7","<div class='source-info-cell' title='/home/lawrence/git/DISCO-EB/src/discoeb/spline_interpolation.py:79:42
/home/lawrence/git/DISCO-EB/src/discoeb/spline_interpolation.py:82:25
/home/lawrence/git/DISCO-EB/src/discoeb/background.py:248:40
/home/lawrence/git/DISCO-EB/src/discoeb/cmb.py:987:12
/home/lawrence/git/DISCO-EB/scripts/profile_CMB.py:38:0
'>/home/lawrence/git/DISCO-EB/src/discoeb/spline_interpolation.py:79</div>"
"Total","123.0","loop fusion","loop_subtract_fusion.8","1021.0","1001.506","0.9809069539666992","1001.506","0.9809069539666992","0.00013011801704769852","0.7944053830353706","0.23447687782200008","0.23447687782200008","0.037978019050605924","0.037978019050605924","0.0","5.75","5.75","0.0","5.75","HBM","1001.506","0.00013011801704769854","2898.2760000000007","8.090219075823007e-05","1.6521019191778281e-06","8.090219075823007e-05","True","7","<div class='source-info-cell' title='/home/lawrence/git/DISCO-EB/src/discoeb/spline_interpolation.py:79:42
/home/lawrence/git/DISCO-EB/src/discoeb/spline_interpolation.py:82:25
/home/lawrence/git/DISCO-EB/src/discoeb/background.py:248:40
/home/lawrence/git/DISCO-EB/src/discoeb/cmb.py:987:12
/home/lawrence/git/DISCO-EB/scripts/profile_CMB.py:38:0
'>/home/lawrence/git/DISCO-EB/src/discoeb/spline_interpolation.py:79</div>"
"Total","124.0","loop fusion","loop_subtract_fusion.1","1021.0","1001.195","0.9806023506366308","1001.195","0.9806023506366308","0.00013007761119560995","0.7945354606465662","0.23454971309285405","0.23454971309285405","0.037989816117036286","0.037989816117036286","0.0","5.75","5.75","0.0","5.75","HBM","1001.195","0.00013007761119560995","2898.2760000000003","8.092732130854827e-05","1.6526151096121233e-06","8.092732130854827e-05","True","7","<div class='source-info-cell' title='/home/lawrence/git/DISCO-EB/src/discoeb/spline_interpolation.py:79:42
/home/lawrence/git/DISCO-EB/src/discoeb/spline_interpolation.py:82:25
/home/lawrence/git/DISCO-EB/src/discoeb/background.py:248:40
/home/lawrence/git/DISCO-EB/src/discoeb/cmb.py:987:12
/home/lawrence/git/DISCO-EB/scripts/profile_CMB.py:38:0
'>/home/lawrence/git/DISCO-EB/src/discoeb/spline_interpolation.py:79</div>"
"Total","125.0","loop fusion","loop_subtract_fusion.11","1021.0","1001.157","0.9805651322233105","1001.157","0.9805651322233105","0.0001300726741461586","0.7946655333207123","0.2345586156816563","0.2345586156816563","0.037991258061718734","0.037991258061718734","0.0","5.75","5.75","0.0","5.75","HBM","1001.157","0.0001300726741461586","2898.276","8.093039299281929e-05","1.6526778364113816e-06","8.093039299281929e-05","True","7","<div class='source-info-cell' title='/home/lawrence/git/DISCO-EB/src/discoeb/spline_interpolation.py:79:42
/home/lawrence/git/DISCO-EB/src/discoeb/spline_interpolation.py:82:25
/home/lawrence/git/DISCO-EB/src/discoeb/background.py:248:40
/home/lawrence/git/DISCO-EB/src/discoeb/cmb.py:987:12
/home/lawrence/git/DISCO-EB/scripts/profile_CMB.py:38:0
'>/home/lawrence/git/DISCO-EB/src/discoeb/spline_interpolation.py:79</div>"
"Total","126.0","loop fusion","loop_subtract_fusion.7","1021.0","999.829","0.9792644466209598","999.829","0.9792644466209598","0.0001299001372600697","0.7947954334579724","0.23487016279783843","0.23487016279783843","0.038041719081259036","0.038041719081259036","0.0","5.75","5.75","0.0","5.75","HBM","999.829","0.00012990013726006972","2898.276","8.103788693617807e-05","1.6548729679456283e-06","8.103788693617807e-05","True","7","<div class='source-info-cell' title='/home/lawrence/git/DISCO-EB/src/discoeb/spline_interpolation.py:79:42
/home/lawrence/git/DISCO-EB/src/discoeb/spline_interpolation.py:82:25
/home/lawrence/git/DISCO-EB/src/discoeb/background.py:248:40
/home/lawrence/git/DISCO-EB/src/discoeb/cmb.py:987:12
/home/lawrence/git/DISCO-EB/scripts/profile_CMB.py:38:0
'>/home/lawrence/git/DISCO-EB/src/discoeb/spline_interpolation.py:79</div>"
"Total","127.0","loop fusion","loop_subtract_fusion.10","1021.0","998.295","0.9777619980411361","998.295","0.9777619980411361","0.0001297008363690604","0.7949251342943415","0.23523106897259827","0.23523106897259827","0.03810017474523677","0.03810017474523677","0.0","5.75","5.75","0.0","5.75","HBM","998.295","0.00012970083636906042","2898.276","8.116241136889594e-05","1.6574158787413637e-06","8.116241136889594e-05","True","7","<div class='source-info-cell' title='/home/lawrence/git/DISCO-EB/src/discoeb/spline_interpolation.py:79:42
/home/lawrence/git/DISCO-EB/src/discoeb/spline_interpolation.py:82:25
/home/lawrence/git/DISCO-EB/src/discoeb/background.py:248:40
/home/lawrence/git/DISCO-EB/src/discoeb/cmb.py:987:12
/home/lawrence/git/DISCO-EB/scripts/profile_CMB.py:38:0
'>/home/lawrence/git/DISCO-EB/src/discoeb/spline_interpolation.py:79</div>"
"Total","128.0","loop fusion","loop_subtract_fusion.9","1021.0","998.022","0.9774946131243879","998.022","0.9774946131243879","0.00012966536756642315","0.795054799661908","0.23529541432954384","0.23529541432954384","0.03811059670758374","0.03811059670758374","0.0","5.75","5.75","0.0","5.75","HBM","998.022","0.00012966536756642315","2898.2760000000007","8.118461262127686e-05","1.6578692500446982e-06","8.118461262127686e-05","True","7","<div class='source-info-cell' title='/home/lawrence/git/DISCO-EB/src/discoeb/spline_interpolation.py:79:42
/home/lawrence/git/DISCO-EB/src/discoeb/spline_interpolation.py:82:25
/home/lawrence/git/DISCO-EB/src/discoeb/background.py:248:40
/home/lawrence/git/DISCO-EB/src/discoeb/cmb.py:987:12
/home/lawrence/git/DISCO-EB/scripts/profile_CMB.py:38:0
'>/home/lawrence/git/DISCO-EB/src/discoeb/spline_interpolation.py:79</div>"
"Total","129.0","loop fusion","loop_subtract_fusion.6","1021.0","996.938","0.9764329089128305","996.938","0.9764329089128305","0.00012952453173470602","0.7951843241936427","0.23555125795184856","0.23555125795184856","0.0381520354799357","0.0381520354799357","0.0","5.75","5.75","0.0","5.75","HBM","996.938","0.00012952453173470602","2898.2760000000003","8.127288703762118e-05","1.6596719000259894e-06","8.127288703762118e-05","True","7","<div class='source-info-cell' title='/home/lawrence/git/DISCO-EB/src/discoeb/spline_interpolation.py:79:42
/home/lawrence/git/DISCO-EB/src/discoeb/spline_interpolation.py:82:25
/home/lawrence/git/DISCO-EB/src/discoeb/background.py:248:40
/home/lawrence/git/DISCO-EB/src/discoeb/cmb.py:987:12
/home/lawrence/git/DISCO-EB/scripts/profile_CMB.py:38:0
'>/home/lawrence/git/DISCO-EB/src/discoeb/spline_interpolation.py:79</div>"
"Total","130.0","loop fusion","loop_select_fusion.23","1024.0","991.285","0.9680517578125","991.285","0.9680517578125","0.00012879008066764237","0.7953131142743104","0.10639926963486787","0.10639926963486787","0.030785877043433524","0.030785877043433524","0.0","3.21875","3.21875","0.0","3.21875","HBM","991.285","0.00012879008066764237","1622.4044999999999","6.558122196706671e-05","7.496791973506541e-07","6.558122196706671e-05","True","7","<div class='source-info-cell' title='/home/lawrence/git/DISCO-EB/src/discoeb/spline_interpolation.py:34:17
/home/lawrence/git/DISCO-EB/src/discoeb/spline_interpolation.py:39:40
/home/lawrence/git/DISCO-EB/src/discoeb/spline_interpolation.py:39:15
/home/lawrence/git/DISCO-EB/src/discoeb/background.py:166:43
/home/lawrence/git/DISCO-EB/src/discoeb/background.py:233:12
/home/lawrence/git/DISCO-EB/src/discoeb/cmb.py:987:12
/home/lawrence/git/DISCO-EB/scripts/profile_CMB.py:38:0
'>/home/lawrence/git/DISCO-EB/src/discoeb/spline_interpolation.py:34</div>"
"Total","131.0","loop fusion","loop_select_fusion.8","1024.0","989.286","0.966099609375","989.286","0.966099609375","0.00012853036588203115","0.7954416446401924","0.10661426523775733","0.10661426523775733","0.030848084502358264","0.030848084502358264","0.0","3.21875","3.21875","0.0","3.21875","HBM","989.286","0.00012853036588203115","1622.4044999999999","6.571373861312474e-05","7.51194036047961e-07","6.571373861312474e-05","True","7","<div class='source-info-cell' title='/home/lawrence/git/DISCO-EB/src/discoeb/spline_interpolation.py:34:17
/home/lawrence/git/DISCO-EB/src/discoeb/spline_interpolation.py:39:40
/home/lawrence/git/DISCO-EB/src/discoeb/spline_interpolation.py:39:15
/home/lawrence/git/DISCO-EB/src/discoeb/background.py:166:43
/home/lawrence/git/DISCO-EB/src/discoeb/background.py:233:12
/home/lawrence/git/DISCO-EB/src/discoeb/cmb.py:987:12
/home/lawrence/git/DISCO-EB/scripts/profile_CMB.py:38:0
'>/home/lawrence/git/DISCO-EB/src/discoeb/spline_interpolation.py:34</div>"
"Total","132.0","loop fusion","loop_select_fusion.21","1024.0","987.235","0.9640966796875","987.235","0.9640966796875","0.00012826389513401283","0.7955699085353264","0.10683575845669978","0.10683575845669978","0.030912172000587497","0.030912172000587497","0.0","3.21875","3.21875","0.0","3.21875","HBM","987.235","0.00012826389513401285","1622.4045","6.585026018893548e-05","7.527546563338448e-07","6.585026018893548e-05","True","7","<div class='source-info-cell' title='/home/lawrence/git/DISCO-EB/src/discoeb/spline_interpolation.py:34:17
/home/lawrence/git/DISCO-EB/src/discoeb/spline_interpolation.py:39:40
/home/lawrence/git/DISCO-EB/src/discoeb/spline_interpolation.py:39:15
/home/lawrence/git/DISCO-EB/src/discoeb/background.py:166:43
/home/lawrence/git/DISCO-EB/src/discoeb/background.py:233:12
/home/lawrence/git/DISCO-EB/src/discoeb/cmb.py:987:12
/home/lawrence/git/DISCO-EB/scripts/profile_CMB.py:38:0
'>/home/lawrence/git/DISCO-EB/src/discoeb/spline_interpolation.py:34</div>"
"Total","133.0","loop fusion","loop_select_fusion.22","1024.0","980.24","0.957265625","980.24","0.957265625","0.00012735508826790454","0.7956972636235943","0.10759813923120869","0.10759813923120869","0.03113276149208357","0.03113276149208357","0.0","3.21875","3.21875","0.0","3.21875","HBM","980.24","0.00012735508826790454","1622.4045","6.632016814007153e-05","7.581263192134e-07","6.632016814007153e-05","True","7","<div class='source-info-cell' title='/home/lawrence/git/DISCO-EB/src/discoeb/spline_interpolation.py:34:17
/home/lawrence/git/DISCO-EB/src/discoeb/spline_interpolation.py:39:40
/home/lawrence/git/DISCO-EB/src/discoeb/spline_interpolation.py:39:15
/home/lawrence/git/DISCO-EB/src/discoeb/background.py:166:43
/home/lawrence/git/DISCO-EB/src/discoeb/background.py:233:12
/home/lawrence/git/DISCO-EB/src/discoeb/cmb.py:987:12
/home/lawrence/git/DISCO-EB/scripts/profile_CMB.py:38:0
'>/home/lawrence/git/DISCO-EB/src/discoeb/spline_interpolation.py:34</div>"
"Total","134.0","loop fusion","loop_dynamic_update_slice_fusion.50","1024.0","977.206","0.954302734375","977.206","0.954302734375","0.00012696090384592133","0.7958242245274402","0.04401119108969859","0.04401119108969859","0.14931567183393904","0.14931567183393904","0.0","0.27450980392156865","0.27450980392156865","0.0","0.27450980392156865","HBM","977.206","0.00012696090384592133","138.36611764705881","0.0003180778057382613","3.100986926301138e-07","0.0003180778057382613","True","7","<div class='source-info-cell' title='/home/lawrence/git/DISCO-EB/src/discoeb/thermodynamics_recfast.py:450:11
/home/lawrence/git/DISCO-EB/src/discoeb/thermodynamics_recfast.py:452:12
/home/lawrence/git/DISCO-EB/src/discoeb/thermodynamics_recfast.py:461:11
/home/lawrence/git/DISCO-EB/src/discoeb/background.py:237:82
/home/lawrence/git/DISCO-EB/src/discoeb/cmb.py:987:12
/home/lawrence/git/DISCO-EB/scripts/profile_CMB.py:38:0
'>/home/lawrence/git/DISCO-EB/src/discoeb/thermodynamics_recfast.py:450</div>"
"Total","135.0","loop fusion","loop_select_fusion.18","1024.0","964.302","0.941701171875","964.302","0.941701171875","0.00012528438579012985","0.7959495089132304","0.006371447948879085","0.006371447948879085","0.031647324308152425","0.031647324308152425","0.0","0.1875","0.1875","0.0","0.1875","HBM","964.302","0.00012528438579012985","94.509","6.741630901690934e-05","4.489262004023977e-08","6.741630901690934e-05","True","7","<div class='source-info-cell' title='/home/lawrence/git/DISCO-EB/src/discoeb/spline_interpolation.py:34:17
/home/lawrence/git/DISCO-EB/src/discoeb/spline_interpolation.py:39:40
/home/lawrence/git/DISCO-EB/src/discoeb/spline_interpolation.py:39:15
/home/lawrence/git/DISCO-EB/src/discoeb/background.py:166:43
/home/lawrence/git/DISCO-EB/src/discoeb/background.py:233:12
/home/lawrence/git/DISCO-EB/src/discoeb/cmb.py:987:12
/home/lawrence/git/DISCO-EB/scripts/profile_CMB.py:38:0
'>/home/lawrence/git/DISCO-EB/src/discoeb/spline_interpolation.py:34</div>"
"Total","136.0","loop fusion","loop_select_fusion.17","1024.0","962.994","0.940423828125","962.994","0.940423828125","0.00012511444735112062","0.7960746233605814","0.006380102056710634","0.006380102056710634","0.03169030972674804","0.03169030972674804","0.0","0.1875","0.1875","0.0","0.1875","HBM","962.994","0.00012511444735112062","94.50900000000001","6.750787815669019e-05","4.495359606606406e-08","6.750787815669019e-05","True","7","<div class='source-info-cell' title='/home/lawrence/git/DISCO-EB/src/discoeb/spline_interpolation.py:34:17
/home/lawrence/git/DISCO-EB/src/discoeb/spline_interpolation.py:39:40
/home/lawrence/git/DISCO-EB/src/discoeb/spline_interpolation.py:39:15
/home/lawrence/git/DISCO-EB/src/discoeb/background.py:166:43
/home/lawrence/git/DISCO-EB/src/discoeb/background.py:233:12
/home/lawrence/git/DISCO-EB/src/discoeb/cmb.py:987:12
/home/lawrence/git/DISCO-EB/scripts/profile_CMB.py:38:0
'>/home/lawrence/git/DISCO-EB/src/discoeb/spline_interpolation.py:34</div>"
"Total","137.0","loop fusion","loop_select_fusion.19","1024.0","962.11","0.939560546875","962.11","0.939560546875","0.0001249995959902","0.7961996229565717","0.00638596418288969","0.00638596418288969","0.03171942722245897","0.03171942722245897","0.0","0.1875","0.1875","0.0","0.1875","HBM","962.11","0.0001249995959902","94.50900000000001","6.756990533060015e-05","4.4994900053053487e-08","6.756990533060015e-05","True","7","<div class='source-info-cell' title='/home/lawrence/git/DISCO-EB/src/discoeb/spline_interpolation.py:34:17
/home/lawrence/git/DISCO-EB/src/discoeb/spline_interpolation.py:39:40
/home/lawrence/git/DISCO-EB/src/discoeb/spline_interpolation.py:39:15
/home/lawrence/git/DISCO-EB/src/discoeb/background.py:166:43
/home/lawrence/git/DISCO-EB/src/discoeb/background.py:233:12
/home/lawrence/git/DISCO-EB/src/discoeb/cmb.py:987:12
/home/lawrence/git/DISCO-EB/scripts/profile_CMB.py:38:0
'>/home/lawrence/git/DISCO-EB/src/discoeb/spline_interpolation.py:34</div>"
"Total","138.0","loop fusion","loop_select_fusion.7","1024.0","961.842","0.939298828125","961.842","0.939298828125","0.00012496477679933265","0.796324587733371","0.006387743517126514","0.006387743517126514","0.03172826527121918","0.03172826527121918","0.0","0.1875","0.1875","0.0","0.1875","HBM","961.842","0.00012496477679933265","94.50900000000001","6.758873247126213e-05","4.500743707390953e-08","6.758873247126213e-05","True","7","<div class='source-info-cell' title='/home/lawrence/git/DISCO-EB/src/discoeb/spline_interpolation.py:34:17
/home/lawrence/git/DISCO-EB/src/discoeb/spline_interpolation.py:39:40
/home/lawrence/git/DISCO-EB/src/discoeb/spline_interpolation.py:39:15
/home/lawrence/git/DISCO-EB/src/discoeb/background.py:166:43
/home/lawrence/git/DISCO-EB/src/discoeb/background.py:233:12
/home/lawrence/git/DISCO-EB/src/discoeb/cmb.py:987:12
/home/lawrence/git/DISCO-EB/scripts/profile_CMB.py:38:0
'>/home/lawrence/git/DISCO-EB/src/discoeb/spline_interpolation.py:34</div>"
"Total","139.0","loop fusion","loop_select_fusion.20","1024.0","961.191","0.9386630859375","961.191","0.9386630859375","0.00012488019734688998","0.7964494679307179","0.006392069838356789","0.006392069838356789","0.031749754341228745","0.031749754341228745","0.0","0.1875","0.1875","0.0","0.1875","HBM","961.191","0.00012488019734688998","94.509","6.76345092886052e-05","4.50379199243889e-08","6.76345092886052e-05","True","7","<div class='source-info-cell' title='/home/lawrence/git/DISCO-EB/src/discoeb/spline_interpolation.py:34:17
/home/lawrence/git/DISCO-EB/src/discoeb/spline_interpolation.py:39:40
/home/lawrence/git/DISCO-EB/src/discoeb/spline_interpolation.py:39:15
/home/lawrence/git/DISCO-EB/src/discoeb/background.py:166:43
/home/lawrence/git/DISCO-EB/src/discoeb/background.py:233:12
/home/lawrence/git/DISCO-EB/src/discoeb/cmb.py:987:12
/home/lawrence/git/DISCO-EB/scripts/profile_CMB.py:38:0
'>/home/lawrence/git/DISCO-EB/src/discoeb/spline_interpolation.py:34</div>"
"Total","140.0","loop fusion","loop_select_fusion.16","1024.0","960.667","0.9381513671875","960.667","0.9381513671875","0.0001248121180334031","0.7965742800487513","0.0063955564206952045","0.0063955564206952045","0.031767072383042196","0.031767072383042196","0.0","0.1875","0.1875","0.0","0.1875","HBM","960.667","0.00012481211803340312","94.50900000000001","6.767140082632558e-05","4.506248605400549e-08","6.767140082632558e-05","True","7","<div class='source-info-cell' title='/home/lawrence/git/DISCO-EB/src/discoeb/spline_interpolation.py:34:17
/home/lawrence/git/DISCO-EB/src/discoeb/spline_interpolation.py:39:40
/home/lawrence/git/DISCO-EB/src/discoeb/spline_interpolation.py:39:15
/home/lawrence/git/DISCO-EB/src/discoeb/background.py:166:43
/home/lawrence/git/DISCO-EB/src/discoeb/background.py:233:12
/home/lawrence/git/DISCO-EB/src/discoeb/cmb.py:987:12
/home/lawrence/git/DISCO-EB/scripts/profile_CMB.py:38:0
'>/home/lawrence/git/DISCO-EB/src/discoeb/spline_interpolation.py:34</div>"
"Total","141.0","loop fusion","loop_select_fusion.15","1024.0","960.126","0.937623046875","960.126","0.937623046875","0.0001247418300398985","0.7966990218787912","0.006399160110235532","0.006399160110235532","0.031784972102619866","0.031784972102619866","0.0","0.1875","0.1875","0.0","0.1875","HBM","960.126","0.0001247418300398985","94.50899999999999","6.77095314756852e-05","4.508787730989817e-08","6.77095314756852e-05","True","7","<div class='source-info-cell' title='/home/lawrence/git/DISCO-EB/src/discoeb/spline_interpolation.py:34:17
/home/lawrence/git/DISCO-EB/src/discoeb/spline_interpolation.py:39:40
/home/lawrence/git/DISCO-EB/src/discoeb/spline_interpolation.py:39:15
/home/lawrence/git/DISCO-EB/src/discoeb/background.py:166:43
/home/lawrence/git/DISCO-EB/src/discoeb/background.py:233:12
/home/lawrence/git/DISCO-EB/src/discoeb/cmb.py:987:12
/home/lawrence/git/DISCO-EB/scripts/profile_CMB.py:38:0
'>/home/lawrence/git/DISCO-EB/src/discoeb/spline_interpolation.py:34</div>"
"Total","142.0","loop fusion","loop_select_fusion.12","1024.0","957.776","0.935328125","957.776","0.935328125","0.00012443651250803938","0.7968234583912992","0.006414861094869781","0.006414861094869781","0.03186295973693222","0.03186295973693222","0.0","0.1875","0.1875","0.0","0.1875","HBM","957.776","0.0001244365125080394","94.50900000000001","6.787566363912199e-05","4.5198504963627496e-08","6.787566363912199e-05","True","7","<div class='source-info-cell' title='/home/lawrence/git/DISCO-EB/src/discoeb/spline_interpolation.py:34:17
/home/lawrence/git/DISCO-EB/src/discoeb/spline_interpolation.py:39:40
/home/lawrence/git/DISCO-EB/src/discoeb/spline_interpolation.py:39:15
/home/lawrence/git/DISCO-EB/src/discoeb/background.py:166:43
/home/lawrence/git/DISCO-EB/src/discoeb/background.py:233:12
/home/lawrence/git/DISCO-EB/src/discoeb/cmb.py:987:12
/home/lawrence/git/DISCO-EB/scripts/profile_CMB.py:38:0
'>/home/lawrence/git/DISCO-EB/src/discoeb/spline_interpolation.py:34</div>"
"Total","143.0","loop fusion","loop_select_fusion.14","1024.0","957.65","0.935205078125","957.65","0.935205078125","0.0001244201422914376","0.7969478785335906","0.006415705111470788","0.006415705111470788","0.031867152012739514","0.031867152012739514","0.0","0.1875","0.1875","0.0","0.1875","HBM","957.65","0.0001244201422914376","94.50900000000001","6.788459418119742e-05","4.520445182482462e-08","6.788459418119742e-05","True","7","<div class='source-info-cell' title='/home/lawrence/git/DISCO-EB/src/discoeb/spline_interpolation.py:34:17
/home/lawrence/git/DISCO-EB/src/discoeb/spline_interpolation.py:39:40
/home/lawrence/git/DISCO-EB/src/discoeb/spline_interpolation.py:39:15
/home/lawrence/git/DISCO-EB/src/discoeb/background.py:166:43
/home/lawrence/git/DISCO-EB/src/discoeb/background.py:233:12
/home/lawrence/git/DISCO-EB/src/discoeb/cmb.py:987:12
/home/lawrence/git/DISCO-EB/scripts/profile_CMB.py:38:0
'>/home/lawrence/git/DISCO-EB/src/discoeb/spline_interpolation.py:34</div>"
"Total","144.0","loop fusion","loop_select_fusion.13","1024.0","955.943","0.9335380859375","955.943","0.9335380859375","0.0001241983648331893","0.7970720768984239","0.006427161452094947","0.006427161452094947","0.031924056272183594","0.031924056272183594","0.0","0.1875","0.1875","0.0","0.1875","HBM","955.943","0.0001241983648331893","94.509","6.800581375419216e-05","4.5285172118048136e-08","6.800581375419216e-05","True","7","<div class='source-info-cell' title='/home/lawrence/git/DISCO-EB/src/discoeb/spline_interpolation.py:34:17
/home/lawrence/git/DISCO-EB/src/discoeb/spline_interpolation.py:39:40
/home/lawrence/git/DISCO-EB/src/discoeb/spline_interpolation.py:39:15
/home/lawrence/git/DISCO-EB/src/discoeb/background.py:166:43
/home/lawrence/git/DISCO-EB/src/discoeb/background.py:233:12
/home/lawrence/git/DISCO-EB/src/discoeb/cmb.py:987:12
/home/lawrence/git/DISCO-EB/scripts/profile_CMB.py:38:0
'>/home/lawrence/git/DISCO-EB/src/discoeb/spline_interpolation.py:34</div>"
"Total","145.0","loop fusion","loop_dynamic_update_slice_fusion.94","1021.0","949.207","0.9296836434867777","949.207","0.9296836434867777","0.00012332320785676248","0.7971954001062806","0.06131117869969353","0.06131117869969353","0.0320564125189099","0.0320564125189099","0.0","1.78125","1.78125","0.0","1.78125","HBM","949.207","0.0001233232078567625","897.8355000000001","6.828776396087426e-05","4.3199277019422416e-07","6.828776396087426e-05","True","7","<div class='source-info-cell' title='/home/lawrence/git/DISCO-EB/src/discoeb/spline_interpolation.py:79:24
/home/lawrence/git/DISCO-EB/src/discoeb/spline_interpolation.py:82:25
/home/lawrence/git/DISCO-EB/src/discoeb/background.py:248:40
/home/lawrence/git/DISCO-EB/src/discoeb/cmb.py:987:12
/home/lawrence/git/DISCO-EB/scripts/profile_CMB.py:38:0
'>/home/lawrence/git/DISCO-EB/src/discoeb/spline_interpolation.py:79</div>"
"Total","146.0","loop fusion","loop_dynamic_update_slice_fusion.90","1021.0","947.622","0.9281312438785504","947.622","0.9281312438785504","0.00012311728092570005","0.7973185173872064","0.061413728258736075","0.061413728258736075","0.03211003032626608","0.03211003032626608","0.0","1.78125","1.78125","0.0","1.78125","HBM","947.622","0.00012311728092570008","897.8354999999999","6.840198261122008e-05","4.327153246946028e-07","6.840198261122008e-05","True","7","<div class='source-info-cell' title='/home/lawrence/git/DISCO-EB/src/discoeb/spline_interpolation.py:79:24
/home/lawrence/git/DISCO-EB/src/discoeb/spline_interpolation.py:82:25
/home/lawrence/git/DISCO-EB/src/discoeb/background.py:248:40
/home/lawrence/git/DISCO-EB/src/discoeb/cmb.py:987:12
/home/lawrence/git/DISCO-EB/scripts/profile_CMB.py:38:0
'>/home/lawrence/git/DISCO-EB/src/discoeb/spline_interpolation.py:79</div>"
"Total","147.0","loop fusion","loop_dynamic_update_slice_fusion.91","1021.0","946.365","0.926900097943193","946.365","0.926900097943193","0.00012295396852674394","0.7974414713557332","0.061495300439048356","0.061495300439048356","0.03215268015811754","0.03215268015811754","0.0","1.78125","1.78125","0.0","1.78125","HBM","946.365","0.00012295396852674394","897.8355000000003","6.849283687161885e-05","4.332900745671585e-07","6.849283687161885e-05","True","7","<div class='source-info-cell' title='/home/lawrence/git/DISCO-EB/src/discoeb/spline_interpolation.py:79:24
/home/lawrence/git/DISCO-EB/src/discoeb/spline_interpolation.py:82:25
/home/lawrence/git/DISCO-EB/src/discoeb/background.py:248:40
/home/lawrence/git/DISCO-EB/src/discoeb/cmb.py:987:12
/home/lawrence/git/DISCO-EB/scripts/profile_CMB.py:38:0
'>/home/lawrence/git/DISCO-EB/src/discoeb/spline_interpolation.py:79</div>"
"Total","148.0","loop fusion","loop_dynamic_update_slice_fusion.95","1021.0","945.653","0.9262027424094026","945.653","0.9262027424094026","0.00012286146381070833","0.7975643328195439","0.0615416014119344","0.0615416014119344","0.03217688851813182","0.03217688851813182","0.0","1.78125","1.78125","0.0","1.78125","HBM","945.653","0.00012286146381070833","897.8355","6.854440642181601e-05","4.3361630684590325e-07","6.854440642181601e-05","True","7","<div class='source-info-cell' title='/home/lawrence/git/DISCO-EB/src/discoeb/spline_interpolation.py:79:24
/home/lawrence/git/DISCO-EB/src/discoeb/spline_interpolation.py:82:25
/home/lawrence/git/DISCO-EB/src/discoeb/background.py:248:40
/home/lawrence/git/DISCO-EB/src/discoeb/cmb.py:987:12
/home/lawrence/git/DISCO-EB/scripts/profile_CMB.py:38:0
'>/home/lawrence/git/DISCO-EB/src/discoeb/spline_interpolation.py:79</div>"
"Total","149.0","loop fusion","loop_dynamic_update_slice_fusion.16","1021.0","944.279","0.9248570029382958","944.279","0.9248570029382958","0.00012268295049633625","0.7976870157700402","0.0616311492683836","0.0616311492683836","0.032223708414395445","0.032223708414395445","0.0","1.78125","1.78125","0.0","1.78125","HBM","944.279","0.00012268295049633625","897.8354999999998","6.8644143908749e-05","4.342472525786859e-07","6.8644143908749e-05","True","7","<div class='source-info-cell' title='/home/lawrence/git/DISCO-EB/src/discoeb/spline_interpolation.py:79:24
/home/lawrence/git/DISCO-EB/src/discoeb/spline_interpolation.py:82:25
/home/lawrence/git/DISCO-EB/src/discoeb/background.py:248:40
/home/lawrence/git/DISCO-EB/src/discoeb/cmb.py:987:12
/home/lawrence/git/DISCO-EB/scripts/profile_CMB.py:38:0
'>/home/lawrence/git/DISCO-EB/src/discoeb/spline_interpolation.py:79</div>"
"Total","150.0","loop fusion","loop_dynamic_update_slice_fusion.92","1021.0","943.738","0.9243271302644467","943.738","0.9243271302644467","0.00012261266250283164","0.797809628432543","0.0616664794678184","0.0616664794678184","0.03224218073007224","0.03224218073007224","0.0","1.78125","1.78125","0.0","1.78125","HBM","943.738","0.00012261266250283164","897.8354999999999","6.86834943236466e-05","4.344961858246133e-07","6.86834943236466e-05","True","7","<div class='source-info-cell' title='/home/lawrence/git/DISCO-EB/src/discoeb/spline_interpolation.py:79:24
/home/lawrence/git/DISCO-EB/src/discoeb/spline_interpolation.py:82:25
/home/lawrence/git/DISCO-EB/src/discoeb/background.py:248:40
/home/lawrence/git/DISCO-EB/src/discoeb/cmb.py:987:12
/home/lawrence/git/DISCO-EB/scripts/profile_CMB.py:38:0
'>/home/lawrence/git/DISCO-EB/src/discoeb/spline_interpolation.py:79</div>"
"Total","151.0","loop fusion","loop_dynamic_update_slice_fusion.93","1021.0","943.233","0.9238325171400588","943.233","0.9238325171400588","0.00012254705171407042","0.7979321754842571","0.061699495246667575","0.061699495246667575","0.03225944295612739","0.03225944295612739","0.0","1.78125","1.78125","0.0","1.78125","HBM","943.233","0.00012254705171407045","897.8355000000001","6.872026696055966e-05","4.3472881188184563e-07","6.872026696055966e-05","True","7","<div class='source-info-cell' title='/home/lawrence/git/DISCO-EB/src/discoeb/spline_interpolation.py:79:24
/home/lawrence/git/DISCO-EB/src/discoeb/spline_interpolation.py:82:25
/home/lawrence/git/DISCO-EB/src/discoeb/background.py:248:40
/home/lawrence/git/DISCO-EB/src/discoeb/cmb.py:987:12
/home/lawrence/git/DISCO-EB/scripts/profile_CMB.py:38:0
'>/home/lawrence/git/DISCO-EB/src/discoeb/spline_interpolation.py:79</div>"
"Total","152.0","loop fusion","loop_dynamic_update_slice_fusion.86","1021.0","942.765","0.9233741429970617","942.765","0.9233741429970617","0.00012248624805240657","0.7980546617323095","0.06173012362571797","0.06173012362571797","0.0322754569355427","0.0322754569355427","0.0","1.78125","1.78125","0.0","1.78125","HBM","942.765","0.0001224862480524066","897.8354999999999","6.87543805359868e-05","4.349446165457446e-07","6.87543805359868e-05","True","7","<div class='source-info-cell' title='/home/lawrence/git/DISCO-EB/src/discoeb/spline_interpolation.py:79:24
/home/lawrence/git/DISCO-EB/src/discoeb/spline_interpolation.py:82:25
/home/lawrence/git/DISCO-EB/src/discoeb/background.py:248:40
/home/lawrence/git/DISCO-EB/src/discoeb/cmb.py:987:12
/home/lawrence/git/DISCO-EB/scripts/profile_CMB.py:38:0
'>/home/lawrence/git/DISCO-EB/src/discoeb/spline_interpolation.py:79</div>"
"Total","153.0","loop fusion","loop_dynamic_update_slice_fusion.89","1021.0","942.713","0.9233232125367287","942.713","0.9233232125367287","0.0001224794920899995","0.7981771412243995","0.06173352865612334","0.06173352865612334","0.03227723724806692","0.03227723724806692","0.0","1.78125","1.78125","0.0","1.78125","HBM","942.713","0.0001224794920899995","897.8355000000001","6.875817302403762e-05","4.34968608068149e-07","6.875817302403762e-05","True","7","<div class='source-info-cell' title='/home/lawrence/git/DISCO-EB/src/discoeb/spline_interpolation.py:79:24
/home/lawrence/git/DISCO-EB/src/discoeb/spline_interpolation.py:82:25
/home/lawrence/git/DISCO-EB/src/discoeb/background.py:248:40
/home/lawrence/git/DISCO-EB/src/discoeb/cmb.py:987:12
/home/lawrence/git/DISCO-EB/scripts/profile_CMB.py:38:0
'>/home/lawrence/git/DISCO-EB/src/discoeb/spline_interpolation.py:79</div>"
"Total","154.0","loop fusion","loop_dynamic_update_slice_fusion.85","1021.0","941.906","0.9225328109696376","941.906","0.9225328109696376","0.00012237464475033552","0.7982995158691498","0.061786420300964214","0.061786420300964214","0.03230489152615751","0.03230489152615751","0.0","1.78125","1.78125","0.0","1.78125","HBM","941.906","0.00012237464475033552","897.8355","6.88170831972719e-05","4.3534127759855965e-07","6.88170831972719e-05","True","7","<div class='source-info-cell' title='/home/lawrence/git/DISCO-EB/src/discoeb/spline_interpolation.py:79:24
/home/lawrence/git/DISCO-EB/src/discoeb/spline_interpolation.py:82:25
/home/lawrence/git/DISCO-EB/src/discoeb/background.py:248:40
/home/lawrence/git/DISCO-EB/src/discoeb/cmb.py:987:12
/home/lawrence/git/DISCO-EB/scripts/profile_CMB.py:38:0
'>/home/lawrence/git/DISCO-EB/src/discoeb/spline_interpolation.py:79</div>"
"Total","155.0","loop fusion","loop_dynamic_update_slice_fusion.88","1021.0","940.684","0.9213359451518119","940.684","0.9213359451518119","0.00012221587963376877","0.7984217317487836","0.061866684242529904","0.061866684242529904","0.03234685734830922","0.03234685734830922","0.0","1.78125","1.78125","0.0","1.78125","HBM","940.684","0.0001222158796337688","897.8355","6.89064803547308e-05","4.359068097445571e-07","6.89064803547308e-05","True","7","<div class='source-info-cell' title='/home/lawrence/git/DISCO-EB/src/discoeb/spline_interpolation.py:79:24
/home/lawrence/git/DISCO-EB/src/discoeb/spline_interpolation.py:82:25
/home/lawrence/git/DISCO-EB/src/discoeb/background.py:248:40
/home/lawrence/git/DISCO-EB/src/discoeb/cmb.py:987:12
/home/lawrence/git/DISCO-EB/scripts/profile_CMB.py:38:0
'>/home/lawrence/git/DISCO-EB/src/discoeb/spline_interpolation.py:79</div>"
"Total","156.0","loop fusion","loop_dynamic_update_slice_fusion.84","1021.0","939.127","0.9198109696376101","939.127","0.9198109696376101","0.00012201359052861787","0.7985437453393123","0.06196925442458794","0.06196925442458794","0.03240048593836287","0.03240048593836287","0.0","1.78125","1.78125","0.0","1.78125","HBM","939.127","0.00012201359052861788","897.8355","6.902072197478039e-05","4.366295095527537e-07","6.902072197478039e-05","True","7","<div class='source-info-cell' title='/home/lawrence/git/DISCO-EB/src/discoeb/spline_interpolation.py:79:24
/home/lawrence/git/DISCO-EB/src/discoeb/spline_interpolation.py:82:25
/home/lawrence/git/DISCO-EB/src/discoeb/background.py:248:40
/home/lawrence/git/DISCO-EB/src/discoeb/cmb.py:987:12
/home/lawrence/git/DISCO-EB/scripts/profile_CMB.py:38:0
'>/home/lawrence/git/DISCO-EB/src/discoeb/spline_interpolation.py:79</div>"
"Total","157.0","loop fusion","loop_dynamic_update_slice_fusion.87","1021.0","938.913","0.9196013712047013","938.913","0.9196013712047013","0.00012198578714486561","0.7986657311264571","0.06198337865169616","0.06198337865169616","0.03240787075888491","0.03240787075888491","0.0","1.78125","1.78125","0.0","1.78125","HBM","938.913","0.00012198578714486561","897.8355","6.903645339452067e-05","4.3672902752198436e-07","6.903645339452067e-05","True","7","<div class='source-info-cell' title='/home/lawrence/git/DISCO-EB/src/discoeb/spline_interpolation.py:79:24
/home/lawrence/git/DISCO-EB/src/discoeb/spline_interpolation.py:82:25
/home/lawrence/git/DISCO-EB/src/discoeb/background.py:248:40
/home/lawrence/git/DISCO-EB/src/discoeb/cmb.py:987:12
/home/lawrence/git/DISCO-EB/scripts/profile_CMB.py:38:0
'>/home/lawrence/git/DISCO-EB/src/discoeb/spline_interpolation.py:79</div>"
"Total","158.0","loop fusion","loop_minimum_multiply_select_fusion","877.0","868.211","0.9899783352337514","868.211","0.9899783352337514","0.00011280001687358776","0.7987785311433308","0.40404924609340354","0.40404924609340354","0.05268202578004123","0.05268202578004123","0.0","7.142857142857143","7.142857142857143","0.0","7.142857142857143","HBM","868.211","0.00011280001687358776","3600.342857142857","0.00011222521357703333","2.8468927986153636e-06","0.00011222521357703333","True","7","<div class='source-info-cell' title='/home/lawrence/git/DISCO-EB/.venv/lib/python3.13/site-packages/diffrax/_integrate.py:1238:12
/home/lawrence/git/DISCO-EB/.venv/lib/python3.13/site-packages/equinox/_jit.py:55:14
/home/lawrence/git/DISCO-EB/.venv/lib/python3.13/site-packages/equinox/_jit.py:263:37
/home/lawrence/git/DISCO-EB/.venv/lib/python3.13/site-packages/equinox/_jit.py:209:19
/home/lawrence/git/DISCO-EB/src/discoeb/thermodynamics_recfast.py:284:7
/home/lawrence/git/DISCO-EB/src/discoeb/thermodynamics_recfast.py:432:14
/home/lawrence/git/DISCO-EB/src/discoeb/thermodynamics_recfast.py:446:16
/home/lawrence/git/DISCO-EB/src/discoeb/thermodynamics_recfast.py:443:14
/home/lawrence/git/DISCO-EB/src/discoeb/thermodynamics_recfast.py:440:14
/home/lawrence/git/DISCO-EB/src/discoeb/thermodynamics_recfast.py:452:12
'>/home/lawrence/git/DISCO-EB/.venv/lib/python3.13/site-packages/diffrax/_integrate.py:1238</div>"
"Total","159.0","loop fusion","loop_add_fusion.19","1024.0","838.354","0.818705078125","838.354","0.818705078125","0.00010892092515072927","0.7988874520684814","0.0036643231856709696","0.0036643231856709696","0.018200890152012154","0.018200890152012154","0.0","0.1875","0.1875","0.0","0.1875","HBM","838.354","0.00010892092515072925","94.50900000000003","3.877221413485455e-05","2.5818474826888934e-08","3.877221413485455e-05","True","7","<div class='source-info-cell' title='/home/lawrence/git/DISCO-EB/src/discoeb/spline_interpolation.py:39:15
/home/lawrence/git/DISCO-EB/src/discoeb/background.py:248:40
/home/lawrence/git/DISCO-EB/src/discoeb/cmb.py:987:12
/home/lawrence/git/DISCO-EB/scripts/profile_CMB.py:38:0
'>/home/lawrence/git/DISCO-EB/src/discoeb/spline_interpolation.py:39</div>"
"Total","160.0","loop fusion","loop_add_fusion.18","1024.0","837.606","0.817974609375","837.606","0.817974609375","0.00010882374322995027","0.7989962758117114","0.0036675955043301983","0.0036675955043301983","0.018217143934618422","0.018217143934618422","0.0","0.1875","0.1875","0.0","0.1875","HBM","837.606","0.00010882374322995028","94.50900000000001","3.880683854797107e-05","2.5841531274873444e-08","3.880683854797107e-05","True","7","<div class='source-info-cell' title='/home/lawrence/git/DISCO-EB/src/discoeb/spline_interpolation.py:39:15
/home/lawrence/git/DISCO-EB/src/discoeb/background.py:248:40
/home/lawrence/git/DISCO-EB/src/discoeb/cmb.py:987:12
/home/lawrence/git/DISCO-EB/scripts/profile_CMB.py:38:0
'>/home/lawrence/git/DISCO-EB/src/discoeb/spline_interpolation.py:39</div>"
"Total","161.0","loop fusion","loop_add_fusion.49","1021.0","836.799","0.8195876591576885","836.799","0.8195876591576885","0.00010871889589028631","0.7991049947076017","0.0036603772232041386","0.0036603772232041386","0.018181290344417782","0.018181290344417782","0.0","0.1875","0.1875","0.0","0.1875","HBM","836.799","0.00010871889589028631","94.509","3.873046189467816e-05","2.579067194830658e-08","3.873046189467816e-05","True","7","<div class='source-info-cell' title='/home/lawrence/git/DISCO-EB/src/discoeb/spline_interpolation.py:82:25
/home/lawrence/git/DISCO-EB/src/discoeb/background.py:248:40
/home/lawrence/git/DISCO-EB/src/discoeb/cmb.py:987:12
/home/lawrence/git/DISCO-EB/scripts/profile_CMB.py:38:0
'>/home/lawrence/git/DISCO-EB/src/discoeb/spline_interpolation.py:82</div>"
"Total","162.0","loop fusion","loop_add_fusion.20","1024.0","836.185","0.8165869140625","836.185","0.8165869140625","0.00010863912356494098","0.7992136338311666","0.0036738281600363558","0.0036738281600363558","0.01824810187039949","0.01824810187039949","0.0","0.1875","0.1875","0.0","0.1875","HBM","836.185","0.000108639123564941","94.50900000000001","3.887278629586976e-05","2.5885445977889637e-08","3.887278629586976e-05","True","7","<div class='source-info-cell' title='/home/lawrence/git/DISCO-EB/src/discoeb/spline_interpolation.py:39:15
/home/lawrence/git/DISCO-EB/src/discoeb/background.py:248:40
/home/lawrence/git/DISCO-EB/src/discoeb/cmb.py:987:12
/home/lawrence/git/DISCO-EB/scripts/profile_CMB.py:38:0
'>/home/lawrence/git/DISCO-EB/src/discoeb/spline_interpolation.py:39</div>"
"Total","163.0","loop fusion","loop_add_fusion.53","1021.0","835.39","0.81820763956905","835.39","0.81820763956905","0.00010853583529352482","0.7993221696664602","0.0036665509522498473","0.0036665509522498473","0.018211955588310198","0.018211955588310198","0.0","0.1875","0.1875","0.0","0.1875","HBM","835.39","0.00010853583529352484","94.50900000000001","3.8795786139413675e-05","2.5834171459642796e-08","3.8795786139413675e-05","True","7","<div class='source-info-cell' title='/home/lawrence/git/DISCO-EB/src/discoeb/spline_interpolation.py:82:25
/home/lawrence/git/DISCO-EB/src/discoeb/background.py:248:40
/home/lawrence/git/DISCO-EB/src/discoeb/cmb.py:987:12
/home/lawrence/git/DISCO-EB/scripts/profile_CMB.py:38:0
'>/home/lawrence/git/DISCO-EB/src/discoeb/spline_interpolation.py:82</div>"
"Total","164.0","loop fusion","loop_add_fusion.21","1024.0","834.248","0.8146953125","834.248","0.8146953125","0.0001083874639652767","0.7994305571304254","0.0036823582435918335","0.0036823582435918335","0.01829047125375188","0.01829047125375188","0.0","0.1875","0.1875","0.0","0.1875","HBM","834.248","0.0001083874639652767","94.509","3.896304313442988e-05","2.5945548140387086e-08","3.896304313442988e-05","True","7","<div class='source-info-cell' title='/home/lawrence/git/DISCO-EB/src/discoeb/spline_interpolation.py:39:15
/home/lawrence/git/DISCO-EB/src/discoeb/background.py:248:40
/home/lawrence/git/DISCO-EB/src/discoeb/cmb.py:987:12
/home/lawrence/git/DISCO-EB/scripts/profile_CMB.py:38:0
'>/home/lawrence/git/DISCO-EB/src/discoeb/spline_interpolation.py:39</div>"
"Total","165.0","loop fusion","loop_add_fusion.17","1024.0","833.994","0.814447265625","833.994","0.814447265625","0.00010835446368736512","0.7995389115941128","0.003683479737264297","0.003683479737264297","0.0182960417730823","0.0182960417730823","0.0","0.1875","0.1875","0.0","0.1875","HBM","833.994","0.00010835446368736512","94.50900000000001","3.897490966219404e-05","2.59534500788035e-08","3.897490966219404e-05","True","7","<div class='source-info-cell' title='/home/lawrence/git/DISCO-EB/src/discoeb/spline_interpolation.py:39:15
/home/lawrence/git/DISCO-EB/src/discoeb/background.py:248:40
/home/lawrence/git/DISCO-EB/src/discoeb/cmb.py:987:12
/home/lawrence/git/DISCO-EB/scripts/profile_CMB.py:38:0
'>/home/lawrence/git/DISCO-EB/src/discoeb/spline_interpolation.py:39</div>"
"Total","166.0","loop fusion","loop_add_fusion.7","1024.0","833.454","0.813919921875","833.454","0.813919921875","0.0001082843056162145","0.7996471958997291","0.0036858662865617057","0.0036858662865617057","0.018307895891674884","0.018307895891674884","0.0","0.1875","0.1875","0.0","0.1875","HBM","833.454","0.00010828430561621451","94.509","3.900016174715324e-05","2.597026547958453e-08","3.900016174715324e-05","True","7","<div class='source-info-cell' title='/home/lawrence/git/DISCO-EB/src/discoeb/spline_interpolation.py:39:15
/home/lawrence/git/DISCO-EB/src/discoeb/background.py:248:40
/home/lawrence/git/DISCO-EB/src/discoeb/cmb.py:987:12
/home/lawrence/git/DISCO-EB/scripts/profile_CMB.py:38:0
'>/home/lawrence/git/DISCO-EB/src/discoeb/spline_interpolation.py:39</div>"
"Total","167.0","loop fusion","loop_add_fusion.16","1024.0","832.969","0.8134462890625","832.969","0.8134462890625","0.00010822129327453296","0.7997554171930036","0.003688012399020852","0.003688012399020852","0.018318555747572837","0.018318555747572837","0.0","0.1875","0.1875","0.0","0.1875","HBM","832.969","0.00010822129327453296","94.50900000000001","3.902286976923734e-05","2.5985386785128432e-08","3.902286976923734e-05","True","7","<div class='source-info-cell' title='/home/lawrence/git/DISCO-EB/src/discoeb/spline_interpolation.py:39:15
/home/lawrence/git/DISCO-EB/src/discoeb/background.py:248:40
/home/lawrence/git/DISCO-EB/src/discoeb/cmb.py:987:12
/home/lawrence/git/DISCO-EB/scripts/profile_CMB.py:38:0
'>/home/lawrence/git/DISCO-EB/src/discoeb/spline_interpolation.py:39</div>"
"Total","168.0","loop fusion","loop_add_fusion.50","1021.0","832.563","0.8154387855044074","832.563","0.8154387855044074","0.00010816854479881602","0.7998635857378024","0.0036790008684027516","0.0036790008684027516","0.018273794990791636","0.018273794990791636","0.0","0.1875","0.1875","0.0","0.1875","HBM","832.563","0.00010816854479881602","94.509","3.892751873792709e-05","2.5921892392132484e-08","3.892751873792709e-05","True","7","<div class='source-info-cell' title='/home/lawrence/git/DISCO-EB/src/discoeb/spline_interpolation.py:82:25
/home/lawrence/git/DISCO-EB/src/discoeb/background.py:248:40
/home/lawrence/git/DISCO-EB/src/discoeb/cmb.py:987:12
/home/lawrence/git/DISCO-EB/scripts/profile_CMB.py:38:0
'>/home/lawrence/git/DISCO-EB/src/discoeb/spline_interpolation.py:82</div>"
"Total","169.0","loop fusion","loop_add_fusion.24","1024.0","832.486","0.812974609375","832.486","0.812974609375","0.00010815854077755935","0.79997174427858","0.0036901521467027675","0.0036901521467027675","0.0183291839892803","0.0183291839892803","0.0","0.1875","0.1875","0.0","0.1875","HBM","832.486","0.00010815854077755936","94.50900000000001","3.904551044559531e-05","2.6000463245053547e-08","3.904551044559531e-05","True","7","<div class='source-info-cell' title='/home/lawrence/git/DISCO-EB/src/discoeb/spline_interpolation.py:40:15
/home/lawrence/git/DISCO-EB/src/discoeb/background.py:248:40
/home/lawrence/git/DISCO-EB/src/discoeb/cmb.py:987:12
/home/lawrence/git/DISCO-EB/scripts/profile_CMB.py:38:0
'>/home/lawrence/git/DISCO-EB/src/discoeb/spline_interpolation.py:40</div>"
"Total","170.0","loop fusion","loop_add_fusion.52","1021.0","832.468","0.8153457394711067","832.468","0.8153457394711067","0.00010815620217518766","0.8000799004807552","0.0036794207104657475","0.0036794207104657475","0.01827588036887719","0.01827588036887719","0.0","0.1875","0.1875","0.0","0.1875","HBM","832.468","0.00010815620217518767","94.50899999999999","3.893196108799953e-05","2.592485055962631e-08","3.893196108799953e-05","True","7","<div class='source-info-cell' title='/home/lawrence/git/DISCO-EB/src/discoeb/spline_interpolation.py:82:25
/home/lawrence/git/DISCO-EB/src/discoeb/background.py:248:40
/home/lawrence/git/DISCO-EB/src/discoeb/cmb.py:987:12
/home/lawrence/git/DISCO-EB/scripts/profile_CMB.py:38:0
'>/home/lawrence/git/DISCO-EB/src/discoeb/spline_interpolation.py:82</div>"
"Total","171.0","loop fusion","loop_add_fusion.51","1021.0","831.949","0.8148374142997061","831.949","0.8148374142997061","0.00010808877247347069","0.8001879892532286","0.003681716066730052","0.003681716066730052","0.018287281526774425","0.018287281526774425","0.0","0.1875","0.1875","0.0","0.1875","HBM","831.949","0.0001080887724734707","94.509","3.895624825921396e-05","2.5941023422915343e-08","3.895624825921396e-05","True","7","<div class='source-info-cell' title='/home/lawrence/git/DISCO-EB/src/discoeb/spline_interpolation.py:82:25
/home/lawrence/git/DISCO-EB/src/discoeb/background.py:248:40
/home/lawrence/git/DISCO-EB/src/discoeb/cmb.py:987:12
/home/lawrence/git/DISCO-EB/scripts/profile_CMB.py:38:0
'>/home/lawrence/git/DISCO-EB/src/discoeb/spline_interpolation.py:82</div>"
"Total","172.0","loop fusion","loop_add_fusion.54","1021.0","831.687","0.8145808031341822","831.687","0.8145808031341822","0.00010805473281672726","0.8002960439860454","0.0036828758896075087","0.0036828758896075087","0.018293042429325522","0.018293042429325522","0.0","0.1875","0.1875","0.0","0.1875","HBM","831.687","0.00010805473281672726","94.50900000000001","3.896852034840606e-05","2.5949195425287393e-08","3.896852034840606e-05","True","7","<div class='source-info-cell' title='/home/lawrence/git/DISCO-EB/src/discoeb/spline_interpolation.py:82:25
/home/lawrence/git/DISCO-EB/src/discoeb/background.py:248:40
/home/lawrence/git/DISCO-EB/src/discoeb/cmb.py:987:12
/home/lawrence/git/DISCO-EB/scripts/profile_CMB.py:38:0
'>/home/lawrence/git/DISCO-EB/src/discoeb/spline_interpolation.py:82</div>"
"Total","173.0","loop fusion","loop_add_fusion.8","1024.0","830.954","0.811478515625","830.954","0.811478515625","0.000107959499731258","0.8004040034857767","0.0036969555474791623","0.0036969555474791623","0.0183629768464921","0.0183629768464921","0.0","0.1875","0.1875","0.0","0.1875","HBM","830.954","0.00010795949973125802","94.509","3.911749724871877e-05","2.6048399363889752e-08","3.911749724871877e-05","True","7","<div class='source-info-cell' title='/home/lawrence/git/DISCO-EB/src/discoeb/spline_interpolation.py:40:15
/home/lawrence/git/DISCO-EB/src/discoeb/background.py:248:40
/home/lawrence/git/DISCO-EB/src/discoeb/cmb.py:987:12
/home/lawrence/git/DISCO-EB/scripts/profile_CMB.py:38:0
'>/home/lawrence/git/DISCO-EB/src/discoeb/spline_interpolation.py:40</div>"
"Total","174.0","loop fusion","loop_add_fusion.10","1021.0","830.677","0.8135915768854065","830.677","0.8135915768854065","0.00010792351123920484","0.8005119269970159","0.0036873538090015736","0.0036873538090015736","0.018315284495560195","0.018315284495560195","0.0","0.1875","0.1875","0.0","0.1875","HBM","830.677","0.00010792351123920484","94.509","3.901590122635488e-05","2.5980746422100285e-08","3.901590122635488e-05","True","7","<div class='source-info-cell' title='/home/lawrence/git/DISCO-EB/src/discoeb/spline_interpolation.py:82:25
/home/lawrence/git/DISCO-EB/src/discoeb/background.py:248:40
/home/lawrence/git/DISCO-EB/src/discoeb/cmb.py:987:12
/home/lawrence/git/DISCO-EB/scripts/profile_CMB.py:38:0
'>/home/lawrence/git/DISCO-EB/src/discoeb/spline_interpolation.py:82</div>"
"Total","175.0","loop fusion","loop_add_fusion.15","1024.0","829.57","0.810126953125","829.57","0.810126953125","0.00010777968719334609","0.8006197066842092","0.0037031233048446786","0.0037031233048446786","0.018393612428728136","0.018393612428728136","0.0","0.1875","0.1875","0.0","0.1875","HBM","829.57","0.00010777968719334609","94.509","3.918275830708904e-05","2.6091856799331758e-08","3.918275830708904e-05","True","7","<div class='source-info-cell' title='/home/lawrence/git/DISCO-EB/src/discoeb/spline_interpolation.py:39:15
/home/lawrence/git/DISCO-EB/src/discoeb/background.py:248:40
/home/lawrence/git/DISCO-EB/src/discoeb/cmb.py:987:12
/home/lawrence/git/DISCO-EB/scripts/profile_CMB.py:38:0
'>/home/lawrence/git/DISCO-EB/src/discoeb/spline_interpolation.py:39</div>"
"Total","176.0","loop fusion","loop_add_fusion.23","1024.0","829.529","0.8100869140625","829.529","0.8100869140625","0.0001077743603768328","0.800727481044586","0.003703306334076325","0.003703306334076325","0.01839452154475612","0.01839452154475612","0.0","0.1875","0.1875","0.0","0.1875","HBM","829.529","0.0001077743603768328","94.509","3.9184694939913926e-05","2.609314640599864e-08","3.9184694939913926e-05","True","7","<div class='source-info-cell' title='/home/lawrence/git/DISCO-EB/src/discoeb/spline_interpolation.py:40:15
/home/lawrence/git/DISCO-EB/src/discoeb/background.py:248:40
/home/lawrence/git/DISCO-EB/src/discoeb/cmb.py:987:12
/home/lawrence/git/DISCO-EB/scripts/profile_CMB.py:38:0
'>/home/lawrence/git/DISCO-EB/src/discoeb/spline_interpolation.py:40</div>"
"Total","177.0","loop fusion","loop_add_fusion.14","1024.0","828.493","0.8090751953125","828.493","0.8090751953125","0.00010763976081810684","0.8008351208054041","0.0037079371823298445","0.0037079371823298445","0.018417523216852767","0.018417523216852767","0.0","0.1875","0.1875","0.0","0.1875","HBM","828.493","0.00010763976081810683","94.509","3.923369395856315e-05","2.612577492510093e-08","3.923369395856315e-05","True","7","<div class='source-info-cell' title='/home/lawrence/git/DISCO-EB/src/discoeb/spline_interpolation.py:39:15
/home/lawrence/git/DISCO-EB/src/discoeb/background.py:248:40
/home/lawrence/git/DISCO-EB/src/discoeb/cmb.py:987:12
/home/lawrence/git/DISCO-EB/scripts/profile_CMB.py:38:0
'>/home/lawrence/git/DISCO-EB/src/discoeb/spline_interpolation.py:39</div>"
"Total","178.0","loop fusion","loop_add_fusion.45","1021.0","828.187","0.811152791380999","828.187","0.811152791380999","0.00010760000457778815","0.8009427208099819","0.0036984400865987996","0.0036984400865987996","0.018370350632065532","0.018370350632065532","0.0","0.1875","0.1875","0.0","0.1875","HBM","828.187","0.00010760000457778815","94.509","3.9133205161400495e-05","2.6058859286213134e-08","3.9133205161400495e-05","True","7","<div class='source-info-cell' title='/home/lawrence/git/DISCO-EB/src/discoeb/spline_interpolation.py:82:25
/home/lawrence/git/DISCO-EB/src/discoeb/background.py:248:40
/home/lawrence/git/DISCO-EB/src/discoeb/cmb.py:987:12
/home/lawrence/git/DISCO-EB/scripts/profile_CMB.py:38:0
'>/home/lawrence/git/DISCO-EB/src/discoeb/spline_interpolation.py:82</div>"
"Total","179.0","loop fusion","loop_add_fusion.48","1021.0","828.011","0.8109804113614103","828.011","0.8109804113614103","0.00010757713824348722","0.8010502979482254","0.003699226218009181","0.003699226218009181","0.018374255389020745","0.018374255389020745","0.0","0.1875","0.1875","0.0","0.1875","HBM","828.011","0.00010757713824348722","94.509","3.9141523220107936e-05","2.6064398293828217e-08","3.9141523220107936e-05","True","7","<div class='source-info-cell' title='/home/lawrence/git/DISCO-EB/src/discoeb/spline_interpolation.py:82:25
/home/lawrence/git/DISCO-EB/src/discoeb/background.py:248:40
/home/lawrence/git/DISCO-EB/src/discoeb/cmb.py:987:12
/home/lawrence/git/DISCO-EB/scripts/profile_CMB.py:38:0
'>/home/lawrence/git/DISCO-EB/src/discoeb/spline_interpolation.py:82</div>"
"Total","180.0","loop fusion","loop_add_fusion.13","1024.0","827.939","0.8085341796875","827.939","0.8085341796875","0.00010756778383400047","0.8011578657320594","0.0037104182796075555","0.0037104182796075555","0.018429846960343697","0.018429846960343697","0.0","0.1875","0.1875","0.0","0.1875","HBM","827.939","0.00010756778383400047","94.509","3.9259946455973034e-05","2.6143256502014815e-08","3.9259946455973034e-05","True","7","<div class='source-info-cell' title='/home/lawrence/git/DISCO-EB/src/discoeb/spline_interpolation.py:39:15
/home/lawrence/git/DISCO-EB/src/discoeb/background.py:248:40
/home/lawrence/git/DISCO-EB/src/discoeb/cmb.py:987:12
/home/lawrence/git/DISCO-EB/scripts/profile_CMB.py:38:0
'>/home/lawrence/git/DISCO-EB/src/discoeb/spline_interpolation.py:39</div>"
"Total","181.0","loop fusion","loop_add_fusion.22","1024.0","827.527","0.8081318359375","827.527","0.8081318359375","0.00010751425582415964","0.8012653799878835","0.0037122655816668217","0.0037122655816668217","0.01843902260892998","0.01843902260892998","0.0","0.1875","0.1875","0.0","0.1875","HBM","827.527","0.00010751425582415964","94.509","3.927949276435918e-05","2.6156272417723705e-08","3.927949276435918e-05","True","7","<div class='source-info-cell' title='/home/lawrence/git/DISCO-EB/src/discoeb/spline_interpolation.py:40:15
/home/lawrence/git/DISCO-EB/src/discoeb/background.py:248:40
/home/lawrence/git/DISCO-EB/src/discoeb/cmb.py:987:12
/home/lawrence/git/DISCO-EB/scripts/profile_CMB.py:38:0
'>/home/lawrence/git/DISCO-EB/src/discoeb/spline_interpolation.py:40</div>"
"Total","182.0","loop fusion","loop_add_fusion.44","1021.0","826.568","0.8095670910871694","826.568","0.8095670910871694","0.00010738966028669033","0.8013727696481702","0.003705684226827073","0.003705684226827073","0.018406332665816313","0.018406332665816313","0.0","0.1875","0.1875","0.0","0.1875","HBM","826.568","0.00010738966028669033","94.509","3.920985542992808e-05","2.6109900813570085e-08","3.920985542992808e-05","True","7","<div class='source-info-cell' title='/home/lawrence/git/DISCO-EB/src/discoeb/spline_interpolation.py:82:25
/home/lawrence/git/DISCO-EB/src/discoeb/background.py:248:40
/home/lawrence/git/DISCO-EB/src/discoeb/cmb.py:987:12
/home/lawrence/git/DISCO-EB/scripts/profile_CMB.py:38:0
'>/home/lawrence/git/DISCO-EB/src/discoeb/spline_interpolation.py:82</div>"
"Total","183.0","loop fusion","loop_add_fusion.47","1021.0","825.298","0.8083232125367287","825.298","0.8083232125367287","0.00010722465889713241","0.8014799943070673","0.0037113866748738032","0.0037113866748738032","0.01843465703166427","0.01843465703166427","0.0","0.1875","0.1875","0.0","0.1875","HBM","825.298","0.00010722465889713243","94.509","3.927019304906203e-05","2.6150079723531376e-08","3.927019304906203e-05","True","7","<div class='source-info-cell' title='/home/lawrence/git/DISCO-EB/src/discoeb/spline_interpolation.py:82:25
/home/lawrence/git/DISCO-EB/src/discoeb/background.py:248:40
/home/lawrence/git/DISCO-EB/src/discoeb/cmb.py:987:12
/home/lawrence/git/DISCO-EB/scripts/profile_CMB.py:38:0
'>/home/lawrence/git/DISCO-EB/src/discoeb/spline_interpolation.py:82</div>"
"Total","184.0","loop fusion","loop_add_fusion.43","1021.0","825.171","0.8081988246816847","825.171","0.8081988246816847","0.00010720815875817663","0.8015872024658255","0.003711957885092908","0.003711957885092908","0.018437494263514417","0.018437494263514417","0.0","0.1875","0.1875","0.0","0.1875","HBM","825.171","0.00010720815875817663","94.50900000000001","3.927623702602829e-05","2.615410441674634e-08","3.927623702602829e-05","True","7","<div class='source-info-cell' title='/home/lawrence/git/DISCO-EB/src/discoeb/spline_interpolation.py:82:25
/home/lawrence/git/DISCO-EB/src/discoeb/background.py:248:40
/home/lawrence/git/DISCO-EB/src/discoeb/cmb.py:987:12
/home/lawrence/git/DISCO-EB/scripts/profile_CMB.py:38:0
'>/home/lawrence/git/DISCO-EB/src/discoeb/spline_interpolation.py:82</div>"
"Total","185.0","loop fusion","loop_add_fusion.46","1021.0","824.922","0.8079549461312439","824.922","0.8079549461312439","0.00010717580809203497","0.8016943782739175","0.0037130783274055","0.0037130783274055","0.01844305956068387","0.01844305956068387","0.0","0.1875","0.1875","0.0","0.1875","HBM","824.922","0.00010717580809203497","94.509","3.9288092429350646e-05","2.6161998947380476e-08","3.9288092429350646e-05","True","7","<div class='source-info-cell' title='/home/lawrence/git/DISCO-EB/src/discoeb/spline_interpolation.py:82:25
/home/lawrence/git/DISCO-EB/src/discoeb/background.py:248:40
/home/lawrence/git/DISCO-EB/src/discoeb/cmb.py:987:12
/home/lawrence/git/DISCO-EB/scripts/profile_CMB.py:38:0
'>/home/lawrence/git/DISCO-EB/src/discoeb/spline_interpolation.py:82</div>"
"Total","186.0","loop fusion","loop_dynamic_update_slice_fusion.23","1024.0","819.048","0.7998515625","819.048","0.7998515625","0.00010641264418474116","0.8018007909181023","0.0","0.0","0.027944862320340196","0.027944862320340196","0.0","0.0","0.0","0.0","0.0","HBM","819.048","0.00010641264418474116","0.0","5.952918658395818e-05","0.0","5.952918658395818e-05","True","7","<div class='source-info-cell' title='/home/lawrence/git/DISCO-EB/src/discoeb/spline_interpolation.py:39:15
/home/lawrence/git/DISCO-EB/src/discoeb/background.py:248:40
/home/lawrence/git/DISCO-EB/src/discoeb/cmb.py:987:12
/home/lawrence/git/DISCO-EB/scripts/profile_CMB.py:38:0
'>/home/lawrence/git/DISCO-EB/src/discoeb/spline_interpolation.py:39</div>"
"Total","187.0","loop fusion","loop_dynamic_update_slice_fusion.22","1024.0","818.734","0.799544921875","818.734","0.799544921875","0.00010637184856559064","0.8019071627666678","0.0","0.0","0.027955579704458344","0.027955579704458344","0.0","0.0","0.0","0.0","0.0","HBM","818.734","0.00010637184856559064","0.0","5.9552017154799704e-05","0.0","5.9552017154799704e-05","True","7","<div class='source-info-cell' title='/home/lawrence/git/DISCO-EB/src/discoeb/spline_interpolation.py:39:15
/home/lawrence/git/DISCO-EB/src/discoeb/background.py:248:40
/home/lawrence/git/DISCO-EB/src/discoeb/cmb.py:987:12
/home/lawrence/git/DISCO-EB/scripts/profile_CMB.py:38:0
'>/home/lawrence/git/DISCO-EB/src/discoeb/spline_interpolation.py:39</div>"
"Total","188.0","loop fusion","loop_dynamic_update_slice_fusion.30","1024.0","818.574","0.799388671875","818.574","0.799388671875","0.0001063510609889534","0.8020135138276568","0.0","0.0","0.02796104395418129","0.02796104395418129","0.0","0.0","0.0","0.0","0.0","HBM","818.574","0.00010635106098895342","0.0","5.9563657303087785e-05","0.0","5.9563657303087785e-05","True","7","<div class='source-info-cell' title='/home/lawrence/git/DISCO-EB/src/discoeb/spline_interpolation.py:40:15
/home/lawrence/git/DISCO-EB/src/discoeb/background.py:248:40
/home/lawrence/git/DISCO-EB/src/discoeb/cmb.py:987:12
/home/lawrence/git/DISCO-EB/scripts/profile_CMB.py:38:0
'>/home/lawrence/git/DISCO-EB/src/discoeb/spline_interpolation.py:40</div>"
"Total","189.0","loop fusion","loop_dynamic_update_slice_fusion.21","1024.0","818.551","0.7993662109375","818.551","0.7993662109375","0.00010634807277481182","0.8021198619004316","0.0","0.0","0.02796182961568674","0.02796182961568674","0.0","0.0","0.0","0.0","0.0","HBM","818.551","0.00010634807277481182","0.0","5.9565330948490424e-05","0.0","5.9565330948490424e-05","True","7","<div class='source-info-cell' title='/home/lawrence/git/DISCO-EB/src/discoeb/spline_interpolation.py:39:15
/home/lawrence/git/DISCO-EB/src/discoeb/background.py:248:40
/home/lawrence/git/DISCO-EB/src/discoeb/cmb.py:987:12
/home/lawrence/git/DISCO-EB/scripts/profile_CMB.py:38:0
'>/home/lawrence/git/DISCO-EB/src/discoeb/spline_interpolation.py:39</div>"
"Total","190.0","loop fusion","loop_dynamic_update_slice_fusion.19","1024.0","818.528","0.79934375","818.528","0.79934375","0.00010634508456067022","0.8022262069849923","0.0","0.0","0.027962615321345145","0.027962615321345145","0.0","0.0","0.0","0.0","0.0","HBM","818.528","0.00010634508456067022","0.0","5.956700468794932e-05","0.0","5.956700468794932e-05","True","7","<div class='source-info-cell' title='/home/lawrence/git/DISCO-EB/src/discoeb/spline_interpolation.py:39:15
/home/lawrence/git/DISCO-EB/src/discoeb/background.py:248:40
/home/lawrence/git/DISCO-EB/src/discoeb/cmb.py:987:12
/home/lawrence/git/DISCO-EB/scripts/profile_CMB.py:38:0
'>/home/lawrence/git/DISCO-EB/src/discoeb/spline_interpolation.py:39</div>"
"Total","191.0","loop fusion","loop_dynamic_update_slice_fusion.25","1024.0","818.413","0.7992314453125","818.413","0.7992314453125","0.00010633014348996222","0.8023325371284822","0.0","0.0","0.027966544512061757","0.027966544512061757","0.0","0.0","0.0","0.0","0.0","HBM","818.413","0.00010633014348996222","0.0","5.957537479636539e-05","0.0","5.957537479636539e-05","True","7","<div class='source-info-cell' title='/home/lawrence/git/DISCO-EB/src/discoeb/spline_interpolation.py:39:15
/home/lawrence/git/DISCO-EB/src/discoeb/background.py:248:40
/home/lawrence/git/DISCO-EB/src/discoeb/cmb.py:987:12
/home/lawrence/git/DISCO-EB/scripts/profile_CMB.py:38:0
'>/home/lawrence/git/DISCO-EB/src/discoeb/spline_interpolation.py:39</div>"
"Total","192.0","loop fusion","loop_dynamic_update_slice_fusion.28","1024.0","818.377","0.7991962890625","818.377","0.7991962890625","0.00010632546628521883","0.8024388625947674","0.0","0.0","0.027967774746541017","0.027967774746541017","0.0","0.0","0.0","0.0","0.0","HBM","818.377","0.00010632546628521885","0.0","5.957799548767596e-05","0.0","5.957799548767596e-05","True","7","<div class='source-info-cell' title='/home/lawrence/git/DISCO-EB/src/discoeb/spline_interpolation.py:40:15
/home/lawrence/git/DISCO-EB/src/discoeb/background.py:248:40
/home/lawrence/git/DISCO-EB/src/discoeb/cmb.py:987:12
/home/lawrence/git/DISCO-EB/scripts/profile_CMB.py:38:0
'>/home/lawrence/git/DISCO-EB/src/discoeb/spline_interpolation.py:40</div>"
"Total","193.0","loop fusion","loop_dynamic_update_slice_fusion.7","1024.0","818.241","0.7990634765625","818.241","0.7990634765625","0.00010630779684507721","0.8025451703916124","0.0","0.0","0.02797242327596637","0.02797242327596637","0.0","0.0","0.0","0.0","0.0","HBM","818.241","0.00010630779684507721","0.0","5.9587897958202767e-05","0.0","5.9587897958202767e-05","True","7","<div class='source-info-cell' title='/home/lawrence/git/DISCO-EB/src/discoeb/spline_interpolation.py:39:15
/home/lawrence/git/DISCO-EB/src/discoeb/background.py:248:40
/home/lawrence/git/DISCO-EB/src/discoeb/cmb.py:987:12
/home/lawrence/git/DISCO-EB/scripts/profile_CMB.py:38:0
'>/home/lawrence/git/DISCO-EB/src/discoeb/spline_interpolation.py:39</div>"
"Total","194.0","loop fusion","loop_dynamic_update_slice_fusion.8","1024.0","818.081","0.7989072265625","818.081","0.7989072265625","0.00010628700926843999","0.8026514574008808","0.0","0.0","0.02797789411286902","0.02797789411286902","0.0","0.0","0.0","0.0","0.0","HBM","818.081","0.00010628700926844","0.0","5.9599552138746395e-05","0.0","5.9599552138746395e-05","True","7","<div class='source-info-cell' title='/home/lawrence/git/DISCO-EB/src/discoeb/spline_interpolation.py:40:15
/home/lawrence/git/DISCO-EB/src/discoeb/background.py:248:40
/home/lawrence/git/DISCO-EB/src/discoeb/cmb.py:987:12
/home/lawrence/git/DISCO-EB/scripts/profile_CMB.py:38:0
'>/home/lawrence/git/DISCO-EB/src/discoeb/spline_interpolation.py:40</div>"
"Total","195.0","loop fusion","loop_dynamic_update_slice_fusion.20","1024.0","814.257","0.7951728515625","814.257","0.7951728515625","0.00010579018618681052","0.8027572475870677","0.0","0.0","0.028109286863668346","0.028109286863668346","0.0","0.0","0.0","0.0","0.0","HBM","814.257","0.00010579018618681053","0.0","5.987944987051727e-05","0.0","5.987944987051727e-05","True","7","<div class='source-info-cell' title='/home/lawrence/git/DISCO-EB/src/discoeb/spline_interpolation.py:39:15
/home/lawrence/git/DISCO-EB/src/discoeb/background.py:248:40
/home/lawrence/git/DISCO-EB/src/discoeb/cmb.py:987:12
/home/lawrence/git/DISCO-EB/scripts/profile_CMB.py:38:0
'>/home/lawrence/git/DISCO-EB/src/discoeb/spline_interpolation.py:39</div>"
"Total","196.0","data formatting","copy.1239","1021.0","813.502","0.7967698334965719","813.502","0.7967698334965719","0.00010569209480955366","0.8028629396818773","0.0","0.0","0.01870196456667403","0.01870196456667403","0.0","0.0","0.0","0.0","0.0","HBM","813.502","0.00010569209480955367","0.0","3.9839621516609414e-05","0.0","3.9839621516609414e-05","True","7","<div class='source-info-cell' title='/home/lawrence/git/DISCO-EB/src/discoeb/spline_interpolation.py:66:46
/home/lawrence/git/DISCO-EB/src/discoeb/spline_interpolation.py:71:21
/home/lawrence/git/DISCO-EB/src/discoeb/background.py:248:40
/home/lawrence/git/DISCO-EB/src/discoeb/cmb.py:987:12
/home/lawrence/git/DISCO-EB/scripts/profile_CMB.py:38:0
'>/home/lawrence/git/DISCO-EB/src/discoeb/spline_interpolation.py:66</div>"
"Total","197.0","loop fusion","loop_dynamic_slice_fusion.17","1021.0","813.465","0.7967335945151812","813.465","0.7967335945151812","0.00010568728768245631","0.8029686269695597","0.011296122144161088","0.011296122144161088","0.028054222822589396","0.028054222822589396","0.0","0.375","0.375","0.0","0.375","HBM","813.465","0.00010568728768245631","189.01800000000003","5.976215039922699e-05","7.959140895676272e-08","5.976215039922699e-05","True","7","<div class='source-info-cell' title='/home/lawrence/git/DISCO-EB/src/discoeb/spline_interpolation.py:68:49
/home/lawrence/git/DISCO-EB/src/discoeb/spline_interpolation.py:71:21
/home/lawrence/git/DISCO-EB/src/discoeb/background.py:248:40
/home/lawrence/git/DISCO-EB/src/discoeb/cmb.py:987:12
/home/lawrence/git/DISCO-EB/scripts/profile_CMB.py:38:0
'>/home/lawrence/git/DISCO-EB/src/discoeb/spline_interpolation.py:68</div>"
"Total","198.0","data formatting","copy.1284","1021.0","813.068","0.7963447600391773","813.068","0.7963447600391773","0.00010563570850792521","0.8030742626780677","0.0","0.0","0.018711947314269478","0.018711947314269478","0.0","0.0","0.0","0.0","0.0","HBM","813.068","0.00010563570850792522","0.0","3.9860887137367095e-05","0.0","3.9860887137367095e-05","True","7","<div class='source-info-cell' title='/home/lawrence/git/DISCO-EB/src/discoeb/spline_interpolation.py:66:46
/home/lawrence/git/DISCO-EB/src/discoeb/spline_interpolation.py:71:21
/home/lawrence/git/DISCO-EB/src/discoeb/background.py:248:40
/home/lawrence/git/DISCO-EB/src/discoeb/cmb.py:987:12
/home/lawrence/git/DISCO-EB/scripts/profile_CMB.py:38:0
'>/home/lawrence/git/DISCO-EB/src/discoeb/spline_interpolation.py:66</div>"
"Total","199.0","data formatting","copy.921","1021.0","812.934","0.7962135161606269","812.934","0.7962135161606269","0.00010561829891249154","0.8031798809769802","0.0","0.0","0.018715031698659984","0.018715031698659984","0.0","0.0","0.0","0.0","0.0","HBM","812.934","0.00010561829891249155","0.0","3.986745760788058e-05","0.0","3.986745760788058e-05","True","7","<div class='source-info-cell' title='/home/lawrence/git/DISCO-EB/src/discoeb/spline_interpolation.py:66:46
/home/lawrence/git/DISCO-EB/src/discoeb/spline_interpolation.py:71:21
/home/lawrence/git/DISCO-EB/src/discoeb/background.py:248:40
/home/lawrence/git/DISCO-EB/src/discoeb/cmb.py:987:12
/home/lawrence/git/DISCO-EB/scripts/profile_CMB.py:38:0
'>/home/lawrence/git/DISCO-EB/src/discoeb/spline_interpolation.py:66</div>"
"Total","200.0","data formatting","copy.1001","1021.0","812.877","0.7961576885406464","812.877","0.7961576885406464","0.00010561089333831452","0.8032854918703185","0.0","0.0","0.01871634402119688","0.01871634402119688","0.0","0.0","0.0","0.0","0.0","HBM","812.877","0.00010561089333831454","0.0","3.987025316622907e-05","0.0","3.987025316622907e-05","True","7","<div class='source-info-cell' title='/home/lawrence/git/DISCO-EB/src/discoeb/spline_interpolation.py:66:46
/home/lawrence/git/DISCO-EB/src/discoeb/spline_interpolation.py:71:21
/home/lawrence/git/DISCO-EB/src/discoeb/background.py:248:40
/home/lawrence/git/DISCO-EB/src/discoeb/cmb.py:987:12
/home/lawrence/git/DISCO-EB/scripts/profile_CMB.py:38:0
'>/home/lawrence/git/DISCO-EB/src/discoeb/spline_interpolation.py:66</div>"
"Total","201.0","data formatting","copy.1025","1021.0","812.725","0.7960088148873653","812.725","0.7960088148873653","0.00010559114514050919","0.803391083015459","0.0","0.0","0.018719844447898683","0.018719844447898683","0.0","0.0","0.0","0.0","0.0","HBM","812.725","0.00010559114514050919","0.0","3.987770990557051e-05","0.0","3.987770990557051e-05","True","7","<div class='source-info-cell' title='/home/lawrence/git/DISCO-EB/src/discoeb/spline_interpolation.py:66:46
/home/lawrence/git/DISCO-EB/src/discoeb/spline_interpolation.py:71:21
/home/lawrence/git/DISCO-EB/src/discoeb/background.py:248:40
/home/lawrence/git/DISCO-EB/src/discoeb/cmb.py:987:12
/home/lawrence/git/DISCO-EB/scripts/profile_CMB.py:38:0
'>/home/lawrence/git/DISCO-EB/src/discoeb/spline_interpolation.py:66</div>"
"Total","202.0","data formatting","copy.936","1021.0","812.669","0.7959539666993144","812.669","0.7959539666993144","0.00010558386948868615","0.8034966668849477","0.0","0.0","0.01872113440886567","0.01872113440886567","0.0","0.0","0.0","0.0","0.0","HBM","812.669","0.00010558386948868616","0.0","3.988045782846988e-05","0.0","3.988045782846988e-05","True","7","<div class='source-info-cell' title='/home/lawrence/git/DISCO-EB/src/discoeb/spline_interpolation.py:66:46
/home/lawrence/git/DISCO-EB/src/discoeb/spline_interpolation.py:71:21
/home/lawrence/git/DISCO-EB/src/discoeb/background.py:248:40
/home/lawrence/git/DISCO-EB/src/discoeb/cmb.py:987:12
/home/lawrence/git/DISCO-EB/scripts/profile_CMB.py:38:0
'>/home/lawrence/git/DISCO-EB/src/discoeb/spline_interpolation.py:66</div>"
"Total","203.0","data formatting","copy.837","1021.0","812.354","0.795645445641528","812.354","0.795645445641528","0.00010554294394718164","0.8036022098288949","0.0","0.0","0.018728393753115583","0.018728393753115583","0.0","0.0","0.0","0.0","0.0","HBM","812.354","0.00010554294394718164","0.0","3.989592195398163e-05","0.0","3.989592195398163e-05","True","7","<div class='source-info-cell' title='/home/lawrence/git/DISCO-EB/src/discoeb/spline_interpolation.py:66:46
/home/lawrence/git/DISCO-EB/src/discoeb/spline_interpolation.py:71:21
/home/lawrence/git/DISCO-EB/src/discoeb/background.py:248:40
/home/lawrence/git/DISCO-EB/src/discoeb/cmb.py:987:12
/home/lawrence/git/DISCO-EB/scripts/profile_CMB.py:38:0
'>/home/lawrence/git/DISCO-EB/src/discoeb/spline_interpolation.py:66</div>"
"Total","204.0","data formatting","copy.966","1021.0","812.211","0.7955053868756121","812.211","0.7955053868756121","0.00010552436505056213","0.8037077341939454","0.0","0.0","0.01873169112326533","0.01873169112326533","0.0","0.0","0.0","0.0","0.0","HBM","812.211","0.00010552436505056213","0.0","3.990294613469258e-05","0.0","3.990294613469258e-05","True","7","<div class='source-info-cell' title='/home/lawrence/git/DISCO-EB/src/discoeb/spline_interpolation.py:66:46
/home/lawrence/git/DISCO-EB/src/discoeb/spline_interpolation.py:71:21
/home/lawrence/git/DISCO-EB/src/discoeb/background.py:248:40
/home/lawrence/git/DISCO-EB/src/discoeb/cmb.py:987:12
/home/lawrence/git/DISCO-EB/scripts/profile_CMB.py:38:0
'>/home/lawrence/git/DISCO-EB/src/discoeb/spline_interpolation.py:66</div>"
"Total","205.0","data formatting","copy.1254","1021.0","812.154","0.7954495592556318","812.154","0.7954495592556318","0.00010551695947638511","0.8038132511534217","0.0","0.0","0.018733005783285506","0.018733005783285506","0.0","0.0","0.0","0.0","0.0","HBM","812.154","0.00010551695947638513","0.0","3.990574667243502e-05","0.0","3.990574667243502e-05","True","7","<div class='source-info-cell' title='/home/lawrence/git/DISCO-EB/src/discoeb/spline_interpolation.py:66:46
/home/lawrence/git/DISCO-EB/src/discoeb/spline_interpolation.py:71:21
/home/lawrence/git/DISCO-EB/src/discoeb/background.py:248:40
/home/lawrence/git/DISCO-EB/src/discoeb/cmb.py:987:12
/home/lawrence/git/DISCO-EB/scripts/profile_CMB.py:38:0
'>/home/lawrence/git/DISCO-EB/src/discoeb/spline_interpolation.py:66</div>"
"Total","206.0","loop fusion","loop_dynamic_slice_fusion.19","1021.0","812.143","0.7954387855044075","812.143","0.7954387855044075","0.00010551553033049131","0.8039187666837522","0.011314509883111718","0.011314509883111718","0.02809988926627168","0.02809988926627168","0.0","0.375","0.375","0.0","0.375","HBM","812.143","0.00010551553033049131","189.01800000000003","5.985943075850827e-05","7.972096722746239e-08","5.985943075850827e-05","True","7","<div class='source-info-cell' title='/home/lawrence/git/DISCO-EB/src/discoeb/spline_interpolation.py:68:49
/home/lawrence/git/DISCO-EB/src/discoeb/spline_interpolation.py:71:21
/home/lawrence/git/DISCO-EB/src/discoeb/background.py:248:40
/home/lawrence/git/DISCO-EB/src/discoeb/cmb.py:987:12
/home/lawrence/git/DISCO-EB/scripts/profile_CMB.py:38:0
'>/home/lawrence/git/DISCO-EB/src/discoeb/spline_interpolation.py:68</div>"
"Total","207.0","loop fusion","loop_dynamic_slice_fusion.8","1021.0","812.142","0.795437806072478","812.142","0.795437806072478","0.00010551540040813733","0.8040242820841603","0.01131452381480086","0.01131452381480086","0.02809992386599595","0.02809992386599595","0.0","0.375","0.375","0.0","0.375","HBM","812.142","0.00010551540040813733","189.01800000000003","5.985950446412965e-05","7.972106538882731e-08","5.985950446412965e-05","True","7","<div class='source-info-cell' title='/home/lawrence/git/DISCO-EB/src/discoeb/spline_interpolation.py:68:49
/home/lawrence/git/DISCO-EB/src/discoeb/spline_interpolation.py:71:21
/home/lawrence/git/DISCO-EB/src/discoeb/background.py:248:40
/home/lawrence/git/DISCO-EB/src/discoeb/cmb.py:987:12
/home/lawrence/git/DISCO-EB/scripts/profile_CMB.py:38:0
'>/home/lawrence/git/DISCO-EB/src/discoeb/spline_interpolation.py:68</div>"
"Total","208.0","loop fusion","loop_dynamic_slice_fusion.9","1021.0","811.709","0.7950137120470127","811.709","0.7950137120470127","0.00010545914402886285","0.8041297412281891","0.011320559461580443","0.011320559461580443","0.028114913556924567","0.028114913556924567","0.0","0.375","0.375","0.0","0.375","HBM","811.709","0.00010545914402886286","189.018","5.9891436062070506e-05","7.976359198556747e-08","5.9891436062070506e-05","True","7","<div class='source-info-cell' title='/home/lawrence/git/DISCO-EB/src/discoeb/spline_interpolation.py:68:49
/home/lawrence/git/DISCO-EB/src/discoeb/spline_interpolation.py:71:21
/home/lawrence/git/DISCO-EB/src/discoeb/background.py:248:40
/home/lawrence/git/DISCO-EB/src/discoeb/cmb.py:987:12
/home/lawrence/git/DISCO-EB/scripts/profile_CMB.py:38:0
'>/home/lawrence/git/DISCO-EB/src/discoeb/spline_interpolation.py:68</div>"
"Total","209.0","loop fusion","loop_dynamic_slice_fusion.18","1021.0","811.545","0.7948530852105778","811.545","0.7948530852105778","0.0001054378367628097","0.8042351790649519","0.011322847161894904","0.011322847161894904","0.02812059512211607","0.02812059512211607","0.0","0.375","0.375","0.0","0.375","HBM","811.545","0.00010543783676280972","189.018","5.99035391438641e-05","7.977971090575753e-08","5.99035391438641e-05","True","7","<div class='source-info-cell' title='/home/lawrence/git/DISCO-EB/src/discoeb/spline_interpolation.py:68:49
/home/lawrence/git/DISCO-EB/src/discoeb/spline_interpolation.py:71:21
/home/lawrence/git/DISCO-EB/src/discoeb/background.py:248:40
/home/lawrence/git/DISCO-EB/src/discoeb/cmb.py:987:12
/home/lawrence/git/DISCO-EB/scripts/profile_CMB.py:38:0
'>/home/lawrence/git/DISCO-EB/src/discoeb/spline_interpolation.py:68</div>"
"Total","210.0","loop fusion","loop_dynamic_slice_fusion.16","1021.0","811.502","0.7948109696376101","811.502","0.7948109696376101","0.00010543225010158845","0.8043406113150535","0.011323447138762443","0.011323447138762443","0.028122085180785364","0.028122085180785364","0.0","0.375","0.375","0.0","0.375","HBM","811.502","0.00010543225010158846","189.01800000000003","5.990671332234201e-05","7.978393828605843e-08","5.990671332234201e-05","True","7","<div class='source-info-cell' title='/home/lawrence/git/DISCO-EB/src/discoeb/spline_interpolation.py:68:49
/home/lawrence/git/DISCO-EB/src/discoeb/spline_interpolation.py:71:21
/home/lawrence/git/DISCO-EB/src/discoeb/background.py:248:40
/home/lawrence/git/DISCO-EB/src/discoeb/cmb.py:987:12
/home/lawrence/git/DISCO-EB/scripts/profile_CMB.py:38:0
'>/home/lawrence/git/DISCO-EB/src/discoeb/spline_interpolation.py:68</div>"
"Total","211.0","data formatting","copy.951","1021.0","811.478","0.7947874632713026","811.478","0.7947874632713026","0.00010542913196509288","0.8044460404470186","0.0","0.0","0.01874861127340292","0.01874861127340292","0.0","0.0","0.0","0.0","0.0","HBM","811.478","0.00010542913196509289","0.0","3.993899006874467e-05","0.0","3.993899006874467e-05","True","7","<div class='source-info-cell' title='/home/lawrence/git/DISCO-EB/src/discoeb/spline_interpolation.py:66:46
/home/lawrence/git/DISCO-EB/src/discoeb/spline_interpolation.py:71:21
/home/lawrence/git/DISCO-EB/src/discoeb/background.py:248:40
/home/lawrence/git/DISCO-EB/src/discoeb/cmb.py:987:12
/home/lawrence/git/DISCO-EB/scripts/profile_CMB.py:38:0
'>/home/lawrence/git/DISCO-EB/src/discoeb/spline_interpolation.py:66</div>"
"Total","212.0","loop fusion","loop_dynamic_update_slice_fusion.24","1024.0","811.408","0.792390625","811.408","0.792390625","0.00010542003740031409","0.804551460484419","0.0","0.0","0.028207983645404038","0.028207983645404038","0.0","0.0","0.0","0.0","0.0","HBM","811.408","0.0001054200374003141","0.0","6.008969743115398e-05","0.0","6.008969743115398e-05","True","7","<div class='source-info-cell' title='/home/lawrence/git/DISCO-EB/src/discoeb/spline_interpolation.py:39:15
/home/lawrence/git/DISCO-EB/src/discoeb/background.py:248:40
/home/lawrence/git/DISCO-EB/src/discoeb/cmb.py:987:12
/home/lawrence/git/DISCO-EB/scripts/profile_CMB.py:38:0
'>/home/lawrence/git/DISCO-EB/src/discoeb/spline_interpolation.py:39</div>"
"Total","213.0","loop fusion","loop_dynamic_slice_fusion.11","1021.0","811.261","0.7945749265426053","811.261","0.7945749265426053","0.00010540093881427865","0.8046568614232332","0.011326810976985211","0.011326810976985211","0.028130439363383282","0.028130439363383282","0.0","0.375","0.375","0.0","0.375","HBM","811.261","0.00010540093881427866","189.018","5.9924509713282396e-05","7.980763957223752e-08","5.9924509713282396e-05","True","7","<div class='source-info-cell' title='/home/lawrence/git/DISCO-EB/src/discoeb/spline_interpolation.py:68:49
/home/lawrence/git/DISCO-EB/src/discoeb/spline_interpolation.py:71:21
/home/lawrence/git/DISCO-EB/src/discoeb/background.py:248:40
/home/lawrence/git/DISCO-EB/src/discoeb/cmb.py:987:12
/home/lawrence/git/DISCO-EB/scripts/profile_CMB.py:38:0
'>/home/lawrence/git/DISCO-EB/src/discoeb/spline_interpolation.py:68</div>"
"Total","214.0","loop fusion","loop_dynamic_slice_fusion.15","1021.0","810.929","0.7942497551420176","810.929","0.7942497551420176","0.00010535780459275642","0.804762219227826","0.011331448252559719","0.011331448252559719","0.02814195616185595","0.02814195616185595","0.0","0.375","0.375","0.0","0.375","HBM","810.929","0.00010535780459275644","189.018","5.99490432263579e-05","7.984031337763601e-08","5.99490432263579e-05","True","7","<div class='source-info-cell' title='/home/lawrence/git/DISCO-EB/src/discoeb/spline_interpolation.py:68:49
/home/lawrence/git/DISCO-EB/src/discoeb/spline_interpolation.py:71:21
/home/lawrence/git/DISCO-EB/src/discoeb/background.py:248:40
/home/lawrence/git/DISCO-EB/src/discoeb/cmb.py:987:12
/home/lawrence/git/DISCO-EB/scripts/profile_CMB.py:38:0
'>/home/lawrence/git/DISCO-EB/src/discoeb/spline_interpolation.py:68</div>"
"Total","215.0","loop fusion","loop_dynamic_slice_fusion.1","1021.0","810.748","0.7940724779627817","810.748","0.7940724779627817","0.00010533428864668559","0.8048675535164727","0.011333978005496159","0.011333978005496159","0.028148238871237036","0.028148238871237036","0.0","0.375","0.375","0.0","0.375","HBM","810.748","0.00010533428864668558","189.018","5.9962426887895116e-05","7.985813777772254e-08","5.9962426887895116e-05","True","7","<div class='source-info-cell' title='/home/lawrence/git/DISCO-EB/src/discoeb/spline_interpolation.py:68:49
/home/lawrence/git/DISCO-EB/src/discoeb/spline_interpolation.py:71:21
/home/lawrence/git/DISCO-EB/src/discoeb/background.py:248:40
/home/lawrence/git/DISCO-EB/src/discoeb/cmb.py:987:12
/home/lawrence/git/DISCO-EB/scripts/profile_CMB.py:38:0
'>/home/lawrence/git/DISCO-EB/src/discoeb/spline_interpolation.py:68</div>"
"Total","216.0","data formatting","copy.1224","1021.0","810.439","0.7937698334965719","810.439","0.7937698334965719","0.00010529414263930495","0.8049728476591119","0.0","0.0","0.018772647391004697","0.018772647391004697","0.0","0.0","0.0","0.0","0.0","HBM","810.439","0.00010529414263930496","0.0","3.999019270173917e-05","0.0","3.999019270173917e-05","True","7","<div class='source-info-cell' title='/home/lawrence/git/DISCO-EB/src/discoeb/spline_interpolation.py:66:46
/home/lawrence/git/DISCO-EB/src/discoeb/spline_interpolation.py:71:21
/home/lawrence/git/DISCO-EB/src/discoeb/background.py:248:40
/home/lawrence/git/DISCO-EB/src/discoeb/cmb.py:987:12
/home/lawrence/git/DISCO-EB/scripts/profile_CMB.py:38:0
'>/home/lawrence/git/DISCO-EB/src/discoeb/spline_interpolation.py:66</div>"
"Total","217.0","loop fusion","loop_dynamic_slice_fusion.14","1021.0","809.958","0.7932987267384917","809.958","0.7932987267384917","0.00010523164998703933","0.8050780793090989","0.011345032705399539","0.011345032705399539","0.028175693515438683","0.028175693515438683","0.0","0.375","0.375","0.0","0.375","HBM","809.958","0.00010523164998703933","189.018","6.0020911793583356e-05","7.993602814838917e-08","6.0020911793583356e-05","True","7","<div class='source-info-cell' title='/home/lawrence/git/DISCO-EB/src/discoeb/spline_interpolation.py:68:49
/home/lawrence/git/DISCO-EB/src/discoeb/spline_interpolation.py:71:21
/home/lawrence/git/DISCO-EB/src/discoeb/background.py:248:40
/home/lawrence/git/DISCO-EB/src/discoeb/cmb.py:987:12
/home/lawrence/git/DISCO-EB/scripts/profile_CMB.py:38:0
'>/home/lawrence/git/DISCO-EB/src/discoeb/spline_interpolation.py:68</div>"
"Total","218.0","loop fusion","loop_dynamic_update_slice_fusion.26","1024.0","809.925","0.7909423828125","809.925","0.7909423828125","0.0001052273625493579","0.8051833066716483","0.0","0.0","0.02825963341513103","0.02825963341513103","0.0","0.0","0.0","0.0","0.0","HBM","809.925","0.0001052273625493579","0.0","6.0199723694438114e-05","0.0","6.0199723694438114e-05","True","7","<div class='source-info-cell' title='/home/lawrence/git/DISCO-EB/src/discoeb/spline_interpolation.py:39:15
/home/lawrence/git/DISCO-EB/src/discoeb/background.py:248:40
/home/lawrence/git/DISCO-EB/src/discoeb/cmb.py:987:12
/home/lawrence/git/DISCO-EB/scripts/profile_CMB.py:38:0
'>/home/lawrence/git/DISCO-EB/src/discoeb/spline_interpolation.py:39</div>"
"Total","219.0","loop fusion","loop_dynamic_slice_fusion.13","1021.0","809.736","0.793081292850147","809.736","0.793081292850147","0.00010520280722445518","0.8052885094788728","0.01134814309849136","0.01134814309849136","0.028183418260244925","0.028183418260244925","0.0","0.375","0.375","0.0","0.375","HBM","809.736","0.0001052028072244552","189.01800000000003","6.0037367332695086e-05","7.995794368413038e-08","6.0037367332695086e-05","True","7","<div class='source-info-cell' title='/home/lawrence/git/DISCO-EB/src/discoeb/spline_interpolation.py:68:49
/home/lawrence/git/DISCO-EB/src/discoeb/spline_interpolation.py:71:21
/home/lawrence/git/DISCO-EB/src/discoeb/background.py:248:40
/home/lawrence/git/DISCO-EB/src/discoeb/cmb.py:987:12
/home/lawrence/git/DISCO-EB/scripts/profile_CMB.py:38:0
'>/home/lawrence/git/DISCO-EB/src/discoeb/spline_interpolation.py:68</div>"
"Total","220.0","loop fusion","loop_dynamic_slice_fusion.12","1021.0","809.528","0.792877571008815","809.528","0.792877571008815","0.00010517578337482681","0.8053936852622476","0.01135105888863634","0.01135105888863634","0.028190659703404557","0.028190659703404557","0.0","0.375","0.375","0.0","0.375","HBM","809.528","0.00010517578337482681","189.018","6.005279332463755e-05","7.997848806590135e-08","6.005279332463755e-05","True","7","<div class='source-info-cell' title='/home/lawrence/git/DISCO-EB/src/discoeb/spline_interpolation.py:68:49
/home/lawrence/git/DISCO-EB/src/discoeb/spline_interpolation.py:71:21
/home/lawrence/git/DISCO-EB/src/discoeb/background.py:248:40
/home/lawrence/git/DISCO-EB/src/discoeb/cmb.py:987:12
/home/lawrence/git/DISCO-EB/scripts/profile_CMB.py:38:0
'>/home/lawrence/git/DISCO-EB/src/discoeb/spline_interpolation.py:68</div>"
"Total","221.0","data formatting","copy.906","1021.0","809.367","0.7927198824681684","809.367","0.7927198824681684","0.00010515486587583561","0.8054988401281235","0.0","0.0","0.01879751160958929","0.01879751160958929","0.0","0.0","0.0","0.0","0.0","HBM","809.367","0.00010515486587583561","0.0","4.0043159386291745e-05","0.0","4.0043159386291745e-05","True","7","<div class='source-info-cell' title='/home/lawrence/git/DISCO-EB/src/discoeb/spline_interpolation.py:66:46
/home/lawrence/git/DISCO-EB/src/discoeb/spline_interpolation.py:71:21
/home/lawrence/git/DISCO-EB/src/discoeb/background.py:248:40
/home/lawrence/git/DISCO-EB/src/discoeb/cmb.py:987:12
/home/lawrence/git/DISCO-EB/scripts/profile_CMB.py:38:0
'>/home/lawrence/git/DISCO-EB/src/discoeb/spline_interpolation.py:66</div>"
"Total","222.0","data formatting","copy.1269","1021.0","809.167","0.7925239960822723","809.167","0.7925239960822723","0.0001051288814050391","0.8056039690095285","0.0","0.0","0.01880215774854691","0.01880215774854691","0.0","0.0","0.0","0.0","0.0","HBM","809.167","0.0001051288814050391","0.0","4.0053056764555144e-05","0.0","4.0053056764555144e-05","True","7","<div class='source-info-cell' title='/home/lawrence/git/DISCO-EB/src/discoeb/spline_interpolation.py:66:46
/home/lawrence/git/DISCO-EB/src/discoeb/spline_interpolation.py:71:21
/home/lawrence/git/DISCO-EB/src/discoeb/background.py:248:40
/home/lawrence/git/DISCO-EB/src/discoeb/cmb.py:987:12
/home/lawrence/git/DISCO-EB/scripts/profile_CMB.py:38:0
'>/home/lawrence/git/DISCO-EB/src/discoeb/spline_interpolation.py:66</div>"
"Total","223.0","loop fusion","loop_dynamic_slice_fusion.10","1021.0","809.071","0.7924299706170421","809.071","0.7924299706170421","0.00010511640885905676","0.8057090854183875","0.01135747048157702","0.01135747048157702","0.028206583066724283","0.028206583066724283","0.0","0.375","0.375","0.0","0.375","HBM","809.071","0.00010511640885905676","189.01800000000006","6.008671386628266e-05","8.002366354375944e-08","6.008671386628266e-05","True","7","<div class='source-info-cell' title='/home/lawrence/git/DISCO-EB/src/discoeb/spline_interpolation.py:68:49
/home/lawrence/git/DISCO-EB/src/discoeb/spline_interpolation.py:71:21
/home/lawrence/git/DISCO-EB/src/discoeb/background.py:248:40
/home/lawrence/git/DISCO-EB/src/discoeb/cmb.py:987:12
/home/lawrence/git/DISCO-EB/scripts/profile_CMB.py:38:0
'>/home/lawrence/git/DISCO-EB/src/discoeb/spline_interpolation.py:68</div>"
"Total","224.0","loop fusion","loop_dynamic_update_slice_fusion.27","1024.0","808.606","0.789654296875","808.606","0.789654296875","0.00010505599496445485","0.805814141413352","0.0","0.0","0.028305730595308467","0.028305730595308467","0.0","0.0","0.0","0.0","0.0","HBM","808.606","0.00010505599496445485","0.0","6.029792162464511e-05","0.0","6.029792162464511e-05","True","7","<div class='source-info-cell' title='/home/lawrence/git/DISCO-EB/src/discoeb/spline_interpolation.py:39:15
/home/lawrence/git/DISCO-EB/src/discoeb/background.py:248:40
/home/lawrence/git/DISCO-EB/src/discoeb/cmb.py:987:12
/home/lawrence/git/DISCO-EB/scripts/profile_CMB.py:38:0
'>/home/lawrence/git/DISCO-EB/src/discoeb/spline_interpolation.py:39</div>"
"Total","225.0","loop fusion","loop_dynamic_update_slice_fusion.29","1024.0","807.841","0.7889072265625","807.841","0.7889072265625","0.00010495660436365816","0.8059190980177156","0.0","0.0","0.028332535231252187","0.028332535231252187","0.0","0.0","0.0","0.0","0.0","HBM","807.841","0.00010495660436365816","0.0","6.03550218585313e-05","0.0","6.03550218585313e-05","True","7","<div class='source-info-cell' title='/home/lawrence/git/DISCO-EB/src/discoeb/spline_interpolation.py:40:15
/home/lawrence/git/DISCO-EB/src/discoeb/background.py:248:40
/home/lawrence/git/DISCO-EB/src/discoeb/cmb.py:987:12
/home/lawrence/git/DISCO-EB/scripts/profile_CMB.py:38:0
'>/home/lawrence/git/DISCO-EB/src/discoeb/spline_interpolation.py:40</div>"
"Total","226.0","conditional","conditional.5.clone.4","1024.0","773.087","0.7549677734375","773.087","0.7549677734375","0.00010044128287334685","0.8060195393005889","1703.3323080067314","1703.3323080067314","10.987608297941199","0.9165592191950501","0.0","144.37644549230941","1730.7685060565275","0.0","144.37644549230941","Compute","773.087","0.00010044128287334685","141926.4","0.012001518449046348","0.012001518449046348","0.0019524885880362762","True","7","<div class='source-info-cell' title='/home/lawrence/git/DISCO-EB/src/discoeb/thermodynamics_recfast.py:440:14
/home/lawrence/git/DISCO-EB/src/discoeb/thermodynamics_recfast.py:452:12
/home/lawrence/git/DISCO-EB/src/discoeb/thermodynamics_recfast.py:461:11
/home/lawrence/git/DISCO-EB/src/discoeb/background.py:237:82
/home/lawrence/git/DISCO-EB/src/discoeb/cmb.py:987:12
/home/lawrence/git/DISCO-EB/scripts/profile_CMB.py:38:0
'>/home/lawrence/git/DISCO-EB/src/discoeb/thermodynamics_recfast.py:440</div>"
"Total","227.0","loop fusion","wrapped_convert","919.0","762.465","0.8296681175190425","762.465","0.8296681175190425","9.906124762934367e-05","0.8061186005482183","0.0036159036808246937","0.0036159036808246937","0.005612621209312065","0.005612621209312065","0.0","0.6","0.6","0.0","0.6","HBM","762.465","9.906124762934367e-05","302.4288","1.1956214754761099e-05","2.547731557218878e-08","1.1956214754761099e-05","True","7","<div class='source-info-cell' title='/home/lawrence/git/DISCO-EB/src/discoeb/thermodynamics_recfast.py:443:14
/home/lawrence/git/DISCO-EB/src/discoeb/thermodynamics_recfast.py:440:14
/home/lawrence/git/DISCO-EB/src/discoeb/thermodynamics_recfast.py:452:12
/home/lawrence/git/DISCO-EB/src/discoeb/thermodynamics_recfast.py:461:11
/home/lawrence/git/DISCO-EB/src/discoeb/background.py:237:82
/home/lawrence/git/DISCO-EB/src/discoeb/cmb.py:987:12
/home/lawrence/git/DISCO-EB/scripts/profile_CMB.py:38:0
'>/home/lawrence/git/DISCO-EB/src/discoeb/thermodynamics_recfast.py:443</div>"
"Total","228.0","loop fusion","wrapped_convert.1","907.0","733.886","0.8091356119073869","733.886","0.8091356119073869","9.534819667487492e-05","0.8062139487448932","0.0037076603178150284","0.0037076603178150284","0.005755046254978559","0.005755046254978559","0.0","0.6","0.6","0.0","0.6","HBM","733.886","9.534819667487492e-05","302.4288","1.225961389198062e-05","2.6123824163897828e-08","1.225961389198062e-05","True","7","<div class='source-info-cell' title='/home/lawrence/git/DISCO-EB/src/discoeb/thermodynamics_recfast.py:446:16
/home/lawrence/git/DISCO-EB/src/discoeb/thermodynamics_recfast.py:443:14
/home/lawrence/git/DISCO-EB/src/discoeb/thermodynamics_recfast.py:440:14
/home/lawrence/git/DISCO-EB/src/discoeb/thermodynamics_recfast.py:452:12
/home/lawrence/git/DISCO-EB/src/discoeb/thermodynamics_recfast.py:461:11
/home/lawrence/git/DISCO-EB/src/discoeb/background.py:237:82
/home/lawrence/git/DISCO-EB/src/discoeb/cmb.py:987:12
/home/lawrence/git/DISCO-EB/scripts/profile_CMB.py:38:0
'>/home/lawrence/git/DISCO-EB/src/discoeb/thermodynamics_recfast.py:446</div>"
"Total","229.0","input fusion","input_concatenate_fusion.19","30.0","716.23","23.874333333333333","716.23","23.874333333333333","9.305428759295812e-05","0.8063070030324861","7.592672744788685","7.592672744788685","0.004681123757194927","0.004681123757194927","0.0","1510.5833333333333","1510.5833333333333","0.0","1510.5833333333333","Compute","716.23","9.305428759295812e-05","141926.4","5.349725452620996e-05","5.349725452620996e-05","9.971904186546152e-06","True","7","<div class='source-info-cell' title='/home/lawrence/git/DISCO-EB/src/discoeb/thermodynamics_recfast.py:301:9
/home/lawrence/git/DISCO-EB/src/discoeb/thermodynamics_recfast.py:432:14
/home/lawrence/git/DISCO-EB/src/discoeb/thermodynamics_recfast.py:446:16
/home/lawrence/git/DISCO-EB/src/discoeb/thermodynamics_recfast.py:443:14
/home/lawrence/git/DISCO-EB/src/discoeb/thermodynamics_recfast.py:440:14
/home/lawrence/git/DISCO-EB/src/discoeb/thermodynamics_recfast.py:452:12
/home/lawrence/git/DISCO-EB/src/discoeb/thermodynamics_recfast.py:461:11
/home/lawrence/git/DISCO-EB/src/discoeb/background.py:237:82
/home/lawrence/git/DISCO-EB/src/discoeb/cmb.py:987:12
/home/lawrence/git/DISCO-EB/scripts/profile_CMB.py:38:0
'>/home/lawrence/git/DISCO-EB/src/discoeb/thermodynamics_recfast.py:301</div>"
"Total","230.0","call","call.624","750.0","705.158","0.9402106666666666","705.158","0.9402106666666666","9.161578728966277e-05","0.8063986188197758","755.7508388191015","755.7508388191015","15.446585263749865","10.334373737123403","0.0","45.56656406310119","68.10744752228506","0.0","68.10744752228506","HBM","705.158","9.161578728966277e-05","34329.42270871274","0.022014667861784156","0.005324948979323801","0.022014667861784156","True","7",""
"Total","231.0","conditional","conditional.8303.clone","907.0","690.164","0.7609305402425579","690.164","0.7609305402425579","8.966773151404765e-05","0.8064882865512899","1689.976853327615","1689.976853327615","10.115747327927298","0.9069290707796887","0.0","155.59044162129462","1735.4318488529016","0.0","155.59044162129462","Compute","690.164","8.966773151404765e-05","141926.4","0.011907417177689386","0.011907417177689386","0.0019319740871853632","True","7","<div class='source-info-cell' title='/home/lawrence/git/DISCO-EB/src/discoeb/thermodynamics_recfast.py:446:16
/home/lawrence/git/DISCO-EB/src/discoeb/thermodynamics_recfast.py:443:14
/home/lawrence/git/DISCO-EB/src/discoeb/thermodynamics_recfast.py:440:14
/home/lawrence/git/DISCO-EB/src/discoeb/thermodynamics_recfast.py:452:12
/home/lawrence/git/DISCO-EB/src/discoeb/thermodynamics_recfast.py:461:11
/home/lawrence/git/DISCO-EB/src/discoeb/background.py:237:82
/home/lawrence/git/DISCO-EB/src/discoeb/cmb.py:987:12
/home/lawrence/git/DISCO-EB/scripts/profile_CMB.py:38:0
'>/home/lawrence/git/DISCO-EB/src/discoeb/thermodynamics_recfast.py:446</div>"
"Total","232.0","conditional","conditional.8447.clone","919.0","688.558","0.7492470076169749","688.558","0.7492470076169749","8.94590762135516e-05","0.8065777456275035","1716.3338484194505","1716.3338484194505","10.747076595922591","0.9223144615052697","0.0","148.73444367337498","1733.0970350404314","0.0","148.73444367337498","Compute","688.558","8.94590762135516e-05","141926.4","0.012093126073933043","0.012093126073933043","0.001964748619572434","True","7","<div class='source-info-cell' title='/home/lawrence/git/DISCO-EB/src/discoeb/thermodynamics_recfast.py:443:14
/home/lawrence/git/DISCO-EB/src/discoeb/thermodynamics_recfast.py:440:14
/home/lawrence/git/DISCO-EB/src/discoeb/thermodynamics_recfast.py:452:12
/home/lawrence/git/DISCO-EB/src/discoeb/thermodynamics_recfast.py:461:11
/home/lawrence/git/DISCO-EB/src/discoeb/background.py:237:82
/home/lawrence/git/DISCO-EB/src/discoeb/cmb.py:987:12
/home/lawrence/git/DISCO-EB/scripts/profile_CMB.py:38:0
'>/home/lawrence/git/DISCO-EB/src/discoeb/thermodynamics_recfast.py:443</div>"
"Total","233.0","conditional","conditional.2.clone","877.0","663.629","0.7567035347776511","663.629","0.7567035347776511","8.622024185111934e-05","0.8066639658693546","0.0","0.0","0.007384576906112674","0.007384576906112674","0.0","0.0","0.0","0.0","0.0","HBM","663.629","8.622024185111934e-05","0.0","1.5730900780556018e-05","0.0","1.5730900780556018e-05","True","7","<div class='source-info-cell' title='/home/lawrence/git/DISCO-EB/.venv/lib/python3.13/site-packages/equinox/_errors.py:118:15
/home/lawrence/git/DISCO-EB/.venv/lib/python3.13/site-packages/equinox/_ad.py:776:19
/home/lawrence/git/DISCO-EB/.venv/lib/python3.13/site-packages/equinox/_ad.py:819:15
/home/lawrence/git/DISCO-EB/.venv/lib/python3.13/site-packages/equinox/_errors.py:336:16
/home/lawrence/git/DISCO-EB/.venv/lib/python3.13/site-packages/equinox/_jit.py:55:14
/home/lawrence/git/DISCO-EB/.venv/lib/python3.13/site-packages/equinox/_jit.py:263:37
/home/lawrence/git/DISCO-EB/.venv/lib/python3.13/site-packages/equinox/_jit.py:209:19
/home/lawrence/git/DISCO-EB/.venv/lib/python3.13/site-packages/equinox/_errors.py:267:15
/home/lawrence/git/DISCO-EB/.venv/lib/python3.13/site-packages/equinox/_errors.py:246:11
/home/lawrence/git/DISCO-EB/.venv/lib/python3.13/site-packages/diffrax/_integrate.py:1021:14
'>/home/lawrence/git/DISCO-EB/.venv/lib/python3.13/site-packages/equinox/_errors.py:118</div>"
"Total","234.0","conditional","conditional.9","592.0","657.958","1.1114155405405406","657.958","1.1114155405405406","8.5483452181684e-05","0.8067494493215364","1675395.5690545598","1675395.5690545598","281188.6222180055","130078.68831340075","0.0","5.549064192439233","11.995306341896063","0.0","11.995306341896063","HBM","657.958","8.548345218168402e-05","6046.210171020027","277.0984669181475","11.804678826874774","277.0984669181475","True","7","<div class='source-info-cell' title='/home/lawrence/git/DISCO-EB/.venv/lib/python3.13/site-packages/equinox/internal/_loop/bounded.py:72:19
/home/lawrence/git/DISCO-EB/.venv/lib/python3.13/site-packages/equinox/internal/_loop/bounded.py:78:15
/home/lawrence/git/DISCO-EB/.venv/lib/python3.13/site-packages/equinox/internal/_loop/bounded.py:69:19
/home/lawrence/git/DISCO-EB/.venv/lib/python3.13/site-packages/equinox/internal/_loop/bounded.py:72:19
/home/lawrence/git/DISCO-EB/.venv/lib/python3.13/site-packages/equinox/internal/_loop/bounded.py:78:15
/home/lawrence/git/DISCO-EB/.venv/lib/python3.13/site-packages/equinox/internal/_loop/bounded.py:69:19
/home/lawrence/git/DISCO-EB/.venv/lib/python3.13/site-packages/equinox/internal/_loop/bounded.py:72:19
/home/lawrence/git/DISCO-EB/.venv/lib/python3.13/site-packages/equinox/internal/_loop/bounded.py:78:15
/home/lawrence/git/DISCO-EB/.venv/lib/python3.13/site-packages/equinox/internal/_loop/bounded.py:59:19
/home/lawrence/git/DISCO-EB/.venv/lib/python3.13/site-packages/equinox/internal/_loop/loop.py:119:15
'>/home/lawrence/git/DISCO-EB/.venv/lib/python3.13/site-packages/equinox/internal/_loop/bounded.py:72</div>"
"Total","235.0","input fusion","input_reduce_fusion.21","592.0","610.535","1.0313091216216215","610.535","1.0313091216216215","7.932214438876713e-05","0.8068287714659251","0.06690525522697306","0.06690525522697306","0.11739635785402511","0.11739635785402511","0.0","0.5307692307692308","0.5307692307692308","0.0","0.5307692307692308","HBM","610.535","7.932214438876715e-05","267.53316923076926","0.0002500820941916993","4.714081046723729e-07","0.0002500820941916993","True","7","<div class='source-info-cell' title='/home/lawrence/git/DISCO-EB/.venv/lib/python3.13/site-packages/equinox/_unvmap.py:50:23
/home/lawrence/git/DISCO-EB/.venv/lib/python3.13/site-packages/equinox/internal/_loop/common.py:475:14
/home/lawrence/git/DISCO-EB/.venv/lib/python3.13/site-packages/equinox/internal/_loop/bounded.py:72:28
/home/lawrence/git/DISCO-EB/.venv/lib/python3.13/site-packages/equinox/internal/_loop/bounded.py:78:15
/home/lawrence/git/DISCO-EB/.venv/lib/python3.13/site-packages/equinox/internal/_loop/bounded.py:69:19
/home/lawrence/git/DISCO-EB/.venv/lib/python3.13/site-packages/equinox/internal/_loop/bounded.py:72:19
/home/lawrence/git/DISCO-EB/.venv/lib/python3.13/site-packages/equinox/internal/_loop/bounded.py:78:15
/home/lawrence/git/DISCO-EB/.venv/lib/python3.13/site-packages/equinox/internal/_loop/bounded.py:69:19
/home/lawrence/git/DISCO-EB/.venv/lib/python3.13/site-packages/equinox/internal/_loop/bounded.py:72:19
/home/lawrence/git/DISCO-EB/.venv/lib/python3.13/site-packages/equinox/internal/_loop/bounded.py:78:15
'>/home/lawrence/git/DISCO-EB/.venv/lib/python3.13/site-packages/equinox/_unvmap.py:50</div>"
"Total","236.0","call","call.598","224.0","608.572","2.716839285714286","608.572","2.716839285714286","7.90671068078993e-05","0.8069078385727331","0.0","0.0","16240.17150945701","8120.066558133235","0.0","0.0","0.0","0.0","0.0","HBM","608.572","7.90671068078993e-05","0.0","17.29766823225443","0.0","17.29766823225443","True","7",""
"Total","237.0","loop fusion","loop_dynamic_update_slice_fusion.32","509.0","603.694","1.1860392927308447","603.694","1.1860392927308447","7.843334556517217e-05","0.8069862719182982","1.9189920721425093","1.9189920721425093","0.05025520245467708","0.05025520245467708","0.0","35.5625","35.5625","0.0","35.5625","HBM","603.694","7.843334556517217e-05","17925.207000000002","0.0001070555041368565","1.3521036763720559e-05","0.0001070555041368565","True","7","<div class='source-info-cell' title='/home/lawrence/git/DISCO-EB/src/discoeb/spline_interpolation.py:68:21
/home/lawrence/git/DISCO-EB/src/discoeb/spline_interpolation.py:71:21
/home/lawrence/git/DISCO-EB/src/discoeb/background.py:166:43
/home/lawrence/git/DISCO-EB/src/discoeb/background.py:233:12
/home/lawrence/git/DISCO-EB/src/discoeb/cmb.py:987:12
/home/lawrence/git/DISCO-EB/scripts/profile_CMB.py:38:0
'>/home/lawrence/git/DISCO-EB/src/discoeb/spline_interpolation.py:68</div>"
"Total","238.0","loop fusion","loop_dynamic_update_slice_fusion.34","509.0","601.407","1.1815461689587428","601.407","1.1815461689587428","7.813621314161396e-05","0.8070644081314398","1.9262895177475488","1.9262895177475488","0.0504463103865998","0.0504463103865998","0.0","35.5625","35.5625","0.0","35.5625","HBM","601.407","7.813621314161396e-05","17925.207000000002","0.00010746260937168249","1.3572453875723958e-05","0.00010746260937168249","True","7","<div class='source-info-cell' title='/home/lawrence/git/DISCO-EB/src/discoeb/spline_interpolation.py:68:21
/home/lawrence/git/DISCO-EB/src/discoeb/spline_interpolation.py:71:21
/home/lawrence/git/DISCO-EB/src/discoeb/background.py:166:43
/home/lawrence/git/DISCO-EB/src/discoeb/background.py:233:12
/home/lawrence/git/DISCO-EB/src/discoeb/cmb.py:987:12
/home/lawrence/git/DISCO-EB/scripts/profile_CMB.py:38:0
'>/home/lawrence/git/DISCO-EB/src/discoeb/spline_interpolation.py:68</div>"
"Total","239.0","loop fusion","loop_dynamic_update_slice_fusion.9","509.0","601.301","1.1813379174852654","601.301","1.1813379174852654","7.812244137209181e-05","0.8071425305728118","1.9266290925842464","1.9266290925842464","0.050455203285332685","0.050455203285332685","0.0","35.5625","35.5625","0.0","35.5625","HBM","601.301","7.812244137209181e-05","17925.207","0.00010748155335579928","1.3574846487927873e-05","0.00010748155335579928","True","7","<div class='source-info-cell' title='/home/lawrence/git/DISCO-EB/src/discoeb/spline_interpolation.py:68:21
/home/lawrence/git/DISCO-EB/src/discoeb/spline_interpolation.py:71:21
/home/lawrence/git/DISCO-EB/src/discoeb/background.py:166:43
/home/lawrence/git/DISCO-EB/src/discoeb/background.py:233:12
/home/lawrence/git/DISCO-EB/src/discoeb/cmb.py:987:12
/home/lawrence/git/DISCO-EB/scripts/profile_CMB.py:38:0
'>/home/lawrence/git/DISCO-EB/src/discoeb/spline_interpolation.py:68</div>"
"Total","240.0","data formatting","copy.590","592.0","580.697","0.9809070945945946","580.697","0.9809070945945946","7.54455211906343e-05","0.8072179760940025","0.0","0.0","0.015191205442352572","0.015191205442352572","0.0","0.0","0.0","0.0","0.0","HBM","580.697","7.54455211906343e-05","0.0","3.2360871663870066e-05","0.0","3.2360871663870066e-05","True","7",""
"Total","241.0","loop fusion","loop_convert_fusion.3","592.0","571.667","0.9656537162162163","571.667","0.9656537162162163","7.427232233417142e-05","0.8072922484163366","0.00932011118360864","0.00932011118360864","0.012537821029096874","0.012537821029096874","0.0","0.6923076923076923","0.6923076923076923","0.0","0.6923076923076923","HBM","571.667","7.427232233417142e-05","348.9563076923077","2.670853335549002e-05","6.566862249453689e-08","2.670853335549002e-05","True","7","<div class='source-info-cell' title='/home/lawrence/git/DISCO-EB/.venv/lib/python3.13/site-packages/equinox/internal/_loop/bounded.py:72:19
/home/lawrence/git/DISCO-EB/.venv/lib/python3.13/site-packages/equinox/internal/_loop/bounded.py:78:15
/home/lawrence/git/DISCO-EB/.venv/lib/python3.13/site-packages/equinox/internal/_loop/bounded.py:69:19
/home/lawrence/git/DISCO-EB/.venv/lib/python3.13/site-packages/equinox/internal/_loop/bounded.py:72:19
/home/lawrence/git/DISCO-EB/.venv/lib/python3.13/site-packages/equinox/internal/_loop/bounded.py:78:15
/home/lawrence/git/DISCO-EB/.venv/lib/python3.13/site-packages/equinox/internal/_loop/bounded.py:69:19
/home/lawrence/git/DISCO-EB/.venv/lib/python3.13/site-packages/equinox/internal/_loop/bounded.py:72:19
/home/lawrence/git/DISCO-EB/.venv/lib/python3.13/site-packages/equinox/internal/_loop/bounded.py:78:15
/home/lawrence/git/DISCO-EB/.venv/lib/python3.13/site-packages/equinox/internal/_loop/bounded.py:59:19
/home/lawrence/git/DISCO-EB/.venv/lib/python3.13/site-packages/equinox/internal/_loop/loop.py:119:15
'>/home/lawrence/git/DISCO-EB/.venv/lib/python3.13/site-packages/equinox/internal/_loop/bounded.py:72</div>"
"Total","242.0","loop fusion","loop_dynamic_update_slice_fusion.33","509.0","571.242","1.1222829076620824","571.242","1.1222829076620824","7.42171053337288e-05","0.8073664655216704","1.8524740827880304","1.8524740827880304","0.03983263335504982","0.03983263335504982","0.0","43.3125","43.3125","0.0","43.3125","HBM","571.242","7.421710533372881e-05","21831.579","8.485295922883225e-05","1.3052357297782728e-05","8.485295922883225e-05","True","7","<div class='source-info-cell' title='/home/lawrence/git/DISCO-EB/src/discoeb/spline_interpolation.py:67:21
/home/lawrence/git/DISCO-EB/src/discoeb/spline_interpolation.py:71:21
/home/lawrence/git/DISCO-EB/src/discoeb/background.py:166:43
/home/lawrence/git/DISCO-EB/src/discoeb/background.py:233:12
/home/lawrence/git/DISCO-EB/src/discoeb/cmb.py:987:12
/home/lawrence/git/DISCO-EB/scripts/profile_CMB.py:38:0
'>/home/lawrence/git/DISCO-EB/src/discoeb/spline_interpolation.py:67</div>"
"Total","243.0","loop fusion","loop_dynamic_update_slice_fusion.35","509.0","570.144","1.1201257367387034","570.144","1.1201257367387034","7.407445058905592e-05","0.8074405399722594","1.8560416315878094","1.8560416315878094","0.039909344206034564","0.039909344206034564","0.0","43.3125","43.3125","0.0","43.3125","HBM","570.144","7.407445058905592e-05","21831.579","8.50163715408679e-05","1.3077493909433408e-05","8.50163715408679e-05","True","7","<div class='source-info-cell' title='/home/lawrence/git/DISCO-EB/src/discoeb/spline_interpolation.py:67:21
/home/lawrence/git/DISCO-EB/src/discoeb/spline_interpolation.py:71:21
/home/lawrence/git/DISCO-EB/src/discoeb/background.py:166:43
/home/lawrence/git/DISCO-EB/src/discoeb/background.py:233:12
/home/lawrence/git/DISCO-EB/src/discoeb/cmb.py:987:12
/home/lawrence/git/DISCO-EB/scripts/profile_CMB.py:38:0
'>/home/lawrence/git/DISCO-EB/src/discoeb/spline_interpolation.py:67</div>"
"Total","244.0","loop fusion","loop_dynamic_update_slice_fusion.10","509.0","569.531","1.1189214145383104","569.531","1.1189214145383104","7.399480818606458e-05","0.8075145347804454","1.8580393341187749","1.8580393341187749","0.039952299599153286","0.039952299599153286","0.0","43.3125","43.3125","0.0","43.3125","HBM","569.531","7.399480818606458e-05","21831.579","8.510787671925951e-05","1.309156953265055e-05","8.510787671925951e-05","True","7","<div class='source-info-cell' title='/home/lawrence/git/DISCO-EB/src/discoeb/spline_interpolation.py:67:21
/home/lawrence/git/DISCO-EB/src/discoeb/spline_interpolation.py:71:21
/home/lawrence/git/DISCO-EB/src/discoeb/background.py:166:43
/home/lawrence/git/DISCO-EB/src/discoeb/background.py:233:12
/home/lawrence/git/DISCO-EB/src/discoeb/cmb.py:987:12
/home/lawrence/git/DISCO-EB/scripts/profile_CMB.py:38:0
'>/home/lawrence/git/DISCO-EB/src/discoeb/spline_interpolation.py:67</div>"
"Total","245.0","data formatting","copy.593","592.0","559.907","0.9457888513513514","559.907","0.9457888513513514","7.274443545133603e-05","0.8075872792158968","0.0","0.0","0.1260421809587351","0.1260421809587351","0.0","0.0","0.0","0.0","0.0","HBM","559.907","7.274443545133603e-05","0.0","0.0002684997486024551","0.0","0.0002684997486024551","True","7",""
"Total","246.0","loop fusion","loop_add_fusion.66","592.0","550.251","0.9294780405405405","550.251","0.9294780405405405","7.148990520128003e-05","0.807658769121098","0.003227617941630274","0.003227617941630274","0.016031751740129163","0.016031751740129163","0.0","0.1875","0.1875","0.0","0.1875","HBM","550.251","7.148990520128004e-05","94.509","3.415143469542873e-05","2.2741490953270667e-08","3.415143469542873e-05","True","7","<div class='source-info-cell' title='/home/lawrence/git/DISCO-EB/.venv/lib/python3.13/site-packages/equinox/internal/_loop/bounded.py:78:15
/home/lawrence/git/DISCO-EB/.venv/lib/python3.13/site-packages/equinox/internal/_loop/bounded.py:69:19
/home/lawrence/git/DISCO-EB/.venv/lib/python3.13/site-packages/equinox/internal/_loop/bounded.py:72:19
/home/lawrence/git/DISCO-EB/.venv/lib/python3.13/site-packages/equinox/internal/_loop/bounded.py:78:15
/home/lawrence/git/DISCO-EB/.venv/lib/python3.13/site-packages/equinox/internal/_loop/bounded.py:69:19
/home/lawrence/git/DISCO-EB/.venv/lib/python3.13/site-packages/equinox/internal/_loop/bounded.py:72:19
/home/lawrence/git/DISCO-EB/.venv/lib/python3.13/site-packages/equinox/internal/_loop/bounded.py:78:15
/home/lawrence/git/DISCO-EB/.venv/lib/python3.13/site-packages/equinox/internal/_loop/bounded.py:59:19
/home/lawrence/git/DISCO-EB/.venv/lib/python3.13/site-packages/equinox/internal/_loop/loop.py:119:15
/home/lawrence/git/DISCO-EB/.venv/lib/python3.13/site-packages/diffrax/_integrate.py:638:18
'>/home/lawrence/git/DISCO-EB/.venv/lib/python3.13/site-packages/equinox/internal/_loop/bounded.py:78</div>"
"Total","247.0","loop fusion","loop_add_fusion.64","587.0","531.37","0.9052299829642249","531.37","0.9052299829642249","6.903684123573455e-05","0.8077278059623337","30.54251463198901","30.54251463198901","75.85315563278647","75.85315563278647","0.0","0.375","0.375","0.0","0.375","HBM","531.37","6.903684123573455e-05","189.01800000000003","0.16158521745013177","0.0002151996713225236","0.16158521745013177","True","7","<div class='source-info-cell' title='/home/lawrence/git/DISCO-EB/src/discoeb/ode_integrators_stiff.py:996:22
/home/lawrence/git/DISCO-EB/src/discoeb/ode_integrators_stiff.py:1002:21
/home/lawrence/git/DISCO-EB/.venv/lib/python3.13/site-packages/equinox/_module/_prebuilt.py:33:15
/home/lawrence/git/DISCO-EB/.venv/lib/python3.13/site-packages/diffrax/_integrate.py:349:64
/home/lawrence/git/DISCO-EB/.venv/lib/python3.13/site-packages/equinox/_eval_shape.py:33:15
/home/lawrence/git/DISCO-EB/.venv/lib/python3.13/site-packages/equinox/_eval_shape.py:38:30
/home/lawrence/git/DISCO-EB/.venv/lib/python3.13/site-packages/diffrax/_integrate.py:619:36
/home/lawrence/git/DISCO-EB/.venv/lib/python3.13/site-packages/diffrax/_adjoint.py:393:22
/home/lawrence/git/DISCO-EB/.venv/lib/python3.13/site-packages/equinox/_module/_prebuilt.py:33:15
/home/lawrence/git/DISCO-EB/.venv/lib/python3.13/site-packages/diffrax/_integrate.py:1416:29
'>/home/lawrence/git/DISCO-EB/src/discoeb/ode_integrators_stiff.py:996</div>"
"Total","248.0","loop fusion","loop_add_subtract_fusion.2","509.0","502.961","0.9881355599214146","502.961","0.9881355599214146","6.534587708144285e-05","0.8077931518394151","0.23276158588836907","0.23276158588836907","0.04524023362249831","0.04524023362249831","0.0","4.791666666666667","4.791666666666667","0.0","4.791666666666667","HBM","502.961","6.534587708144285e-05","2415.23","9.637243073677003e-05","1.640016134337016e-06","9.637243073677003e-05","True","7","<div class='source-info-cell' title='/home/lawrence/git/DISCO-EB/src/discoeb/spline_interpolation.py:66:24
/home/lawrence/git/DISCO-EB/src/discoeb/spline_interpolation.py:71:21
/home/lawrence/git/DISCO-EB/src/discoeb/background.py:166:43
/home/lawrence/git/DISCO-EB/src/discoeb/background.py:233:12
/home/lawrence/git/DISCO-EB/src/discoeb/cmb.py:987:12
/home/lawrence/git/DISCO-EB/scripts/profile_CMB.py:38:0
'>/home/lawrence/git/DISCO-EB/src/discoeb/spline_interpolation.py:66</div>"
"Total","249.0","loop fusion","loop_add_subtract_fusion.3","509.0","500.969","0.9842220039292731","500.969","0.9842220039292731","6.50870717523095e-05","0.8078582389111675","0.2336871143723464","0.2336871143723464","0.04542012208940148","0.04542012208940148","0.0","4.791666666666667","4.791666666666667","0.0","4.791666666666667","HBM","500.969","6.50870717523095e-05","2415.2300000000005","9.67556358493172e-05","1.64653732055732e-06","9.67556358493172e-05","True","7","<div class='source-info-cell' title='/home/lawrence/git/DISCO-EB/src/discoeb/spline_interpolation.py:66:24
/home/lawrence/git/DISCO-EB/src/discoeb/spline_interpolation.py:71:21
/home/lawrence/git/DISCO-EB/src/discoeb/background.py:166:43
/home/lawrence/git/DISCO-EB/src/discoeb/background.py:233:12
/home/lawrence/git/DISCO-EB/src/discoeb/cmb.py:987:12
/home/lawrence/git/DISCO-EB/scripts/profile_CMB.py:38:0
'>/home/lawrence/git/DISCO-EB/src/discoeb/spline_interpolation.py:66</div>"
"Total","250.0","loop fusion","loop_add_subtract_fusion","509.0","500.897","0.9840805500982318","500.897","0.9840805500982318","6.507771734282276e-05","0.8079233166285104","0.2337207050551311","0.2337207050551311","0.04542665087434217","0.04542665087434217","0.0","4.791666666666667","4.791666666666667","0.0","4.791666666666667","HBM","500.897","6.507771734282276e-05","2415.2300000000005","9.676954371017711e-05","1.646773997333344e-06","9.676954371017711e-05","True","7","<div class='source-info-cell' title='/home/lawrence/git/DISCO-EB/src/discoeb/spline_interpolation.py:66:24
/home/lawrence/git/DISCO-EB/src/discoeb/spline_interpolation.py:71:21
/home/lawrence/git/DISCO-EB/src/discoeb/background.py:166:43
/home/lawrence/git/DISCO-EB/src/discoeb/background.py:233:12
/home/lawrence/git/DISCO-EB/src/discoeb/cmb.py:987:12
/home/lawrence/git/DISCO-EB/scripts/profile_CMB.py:38:0
'>/home/lawrence/git/DISCO-EB/src/discoeb/spline_interpolation.py:66</div>"
"Total","251.0","loop fusion","loop_subtract_fusion.3","509.0","500.444","0.9831905697445973","500.444","0.9831905697445973","6.501886251646864e-05","0.8079883354910268","0.23393226814588644","0.23393226814588644","0.03788980908787225","0.03788980908787225","0.0","5.75","5.75","0.0","5.75","HBM","500.444","6.501886251646864e-05","2898.2760000000003","8.07142826100366e-05","1.6482646508745832e-06","8.07142826100366e-05","True","7","<div class='source-info-cell' title='/home/lawrence/git/DISCO-EB/src/discoeb/spline_interpolation.py:79:42
/home/lawrence/git/DISCO-EB/src/discoeb/spline_interpolation.py:82:25
/home/lawrence/git/DISCO-EB/src/discoeb/background.py:166:43
/home/lawrence/git/DISCO-EB/src/discoeb/background.py:233:12
/home/lawrence/git/DISCO-EB/src/discoeb/cmb.py:987:12
/home/lawrence/git/DISCO-EB/scripts/profile_CMB.py:38:0
'>/home/lawrence/git/DISCO-EB/src/discoeb/spline_interpolation.py:79</div>"
"Total","252.0","loop fusion","loop_subtract_fusion","509.0","499.016","0.980385068762279","499.016","0.980385068762279","6.483333339498148e-05","0.8080531688244218","0.23460169613799958","0.23460169613799958","0.03799823576633042","0.03799823576633042","0.0","5.75","5.75","0.0","5.75","HBM","499.016","6.483333339498148e-05","2898.276","8.09452571590834e-05","1.6529813772349582e-06","8.09452571590834e-05","True","7","<div class='source-info-cell' title='/home/lawrence/git/DISCO-EB/src/discoeb/spline_interpolation.py:79:42
/home/lawrence/git/DISCO-EB/src/discoeb/spline_interpolation.py:82:25
/home/lawrence/git/DISCO-EB/src/discoeb/background.py:166:43
/home/lawrence/git/DISCO-EB/src/discoeb/background.py:233:12
/home/lawrence/git/DISCO-EB/src/discoeb/cmb.py:987:12
/home/lawrence/git/DISCO-EB/scripts/profile_CMB.py:38:0
'>/home/lawrence/git/DISCO-EB/src/discoeb/spline_interpolation.py:79</div>"
"Total","253.0","loop fusion","loop_subtract_fusion.2","509.0","498.731","0.9798251473477406","498.731","0.9798251473477406","6.479630552409644e-05","0.8081179651299459","0.2347357593572487","0.2347357593572487","0.03801994987111518","0.03801994987111518","0.0","5.75","5.75","0.0","5.75","HBM","498.731","6.479630552409645e-05","2898.276","8.099151335388648e-05","1.6539259740065886e-06","8.099151335388648e-05","True","7","<div class='source-info-cell' title='/home/lawrence/git/DISCO-EB/src/discoeb/spline_interpolation.py:79:42
/home/lawrence/git/DISCO-EB/src/discoeb/spline_interpolation.py:82:25
/home/lawrence/git/DISCO-EB/src/discoeb/background.py:166:43
/home/lawrence/git/DISCO-EB/src/discoeb/background.py:233:12
/home/lawrence/git/DISCO-EB/src/discoeb/cmb.py:987:12
/home/lawrence/git/DISCO-EB/scripts/profile_CMB.py:38:0
'>/home/lawrence/git/DISCO-EB/src/discoeb/spline_interpolation.py:79</div>"
"Total","254.0","loop fusion","loop_select_fusion.6","512.0","494.627","0.966068359375","494.627","0.966068359375","6.426310418335185e-05","0.8081822282341293","0.10661771395415132","0.10661771395415132","0.03084908236408445","0.03084908236408445","0.0","3.21875","3.21875","0.0","3.21875","HBM","494.627","6.426310418335185e-05","1622.4045000000003","6.571586429534145e-05","7.512183353777121e-07","6.571586429534145e-05","True","7","<div class='source-info-cell' title='/home/lawrence/git/DISCO-EB/src/discoeb/spline_interpolation.py:34:17
/home/lawrence/git/DISCO-EB/src/discoeb/spline_interpolation.py:39:40
/home/lawrence/git/DISCO-EB/src/discoeb/spline_interpolation.py:39:15
/home/lawrence/git/DISCO-EB/src/discoeb/background.py:166:43
/home/lawrence/git/DISCO-EB/src/discoeb/background.py:233:12
/home/lawrence/git/DISCO-EB/src/discoeb/cmb.py:987:12
/home/lawrence/git/DISCO-EB/scripts/profile_CMB.py:38:0
'>/home/lawrence/git/DISCO-EB/src/discoeb/spline_interpolation.py:34</div>"
"Total","255.0","call","call.632","182.0","492.037","2.7035","492.037","2.7035","6.392660528653691e-05","0.8082461548394159","0.0","0.0","16320.301817507183","8160.131617440783","0.0","0.0","0.0","0.0","0.0","HBM","492.037","6.392660528653691e-05","0.0","17.383016313904502","0.0","17.383016313904502","True","7",""
"Total","256.0","loop fusion","loop_select_fusion.11","512.0","481.481","0.940392578125","481.481","0.940392578125","6.255514491789658e-05","0.8083087099843338","0.006380314072621765","0.006380314072621765","0.03169136282117051","0.03169136282117051","0.0","0.1875","0.1875","0.0","0.1875","HBM","481.481","6.255514491789658e-05","94.50900000000001","6.751012149765381e-05","4.495508991013487e-08","6.751012149765381e-05","True","7","<div class='source-info-cell' title='/home/lawrence/git/DISCO-EB/src/discoeb/spline_interpolation.py:34:17
/home/lawrence/git/DISCO-EB/src/discoeb/spline_interpolation.py:39:40
/home/lawrence/git/DISCO-EB/src/discoeb/spline_interpolation.py:39:15
/home/lawrence/git/DISCO-EB/src/discoeb/background.py:166:43
/home/lawrence/git/DISCO-EB/src/discoeb/background.py:233:12
/home/lawrence/git/DISCO-EB/src/discoeb/cmb.py:987:12
/home/lawrence/git/DISCO-EB/scripts/profile_CMB.py:38:0
'>/home/lawrence/git/DISCO-EB/src/discoeb/spline_interpolation.py:34</div>"
"Total","257.0","loop fusion","loop_select_fusion","512.0","480.504","0.938484375","480.504","0.938484375","6.242821077805558e-05","0.8083711381951119","0.006393287048598971","0.006393287048598971","0.031755800289903935","0.031755800289903935","0.0","0.1875","0.1875","0.0","0.1875","HBM","480.504","6.242821077805559e-05","94.509","6.764738859366802e-05","4.5046496272708753e-08","6.764738859366802e-05","True","7","<div class='source-info-cell' title='/home/lawrence/git/DISCO-EB/src/discoeb/spline_interpolation.py:34:17
/home/lawrence/git/DISCO-EB/src/discoeb/spline_interpolation.py:39:40
/home/lawrence/git/DISCO-EB/src/discoeb/spline_interpolation.py:39:15
/home/lawrence/git/DISCO-EB/src/discoeb/background.py:166:43
/home/lawrence/git/DISCO-EB/src/discoeb/background.py:233:12
/home/lawrence/git/DISCO-EB/src/discoeb/cmb.py:987:12
/home/lawrence/git/DISCO-EB/scripts/profile_CMB.py:38:0
'>/home/lawrence/git/DISCO-EB/src/discoeb/spline_interpolation.py:34</div>"
"Total","258.0","loop fusion","loop_select_fusion.10","512.0","480.309","0.938103515625","480.309","0.938103515625","6.240287591902898e-05","0.8084335410710309","0.006395882650543712","0.006395882650543712","0.03176869278422849","0.03176869278422849","0.0","0.1875","0.1875","0.0","0.1875","HBM","480.309","6.240287591902898e-05","94.50899999999999","6.76748526652881e-05","4.506478463868394e-08","6.76748526652881e-05","True","7","<div class='source-info-cell' title='/home/lawrence/git/DISCO-EB/src/discoeb/spline_interpolation.py:34:17
/home/lawrence/git/DISCO-EB/src/discoeb/spline_interpolation.py:39:40
/home/lawrence/git/DISCO-EB/src/discoeb/spline_interpolation.py:39:15
/home/lawrence/git/DISCO-EB/src/discoeb/background.py:166:43
/home/lawrence/git/DISCO-EB/src/discoeb/background.py:233:12
/home/lawrence/git/DISCO-EB/src/discoeb/cmb.py:987:12
/home/lawrence/git/DISCO-EB/scripts/profile_CMB.py:38:0
'>/home/lawrence/git/DISCO-EB/src/discoeb/spline_interpolation.py:34</div>"
"Total","259.0","loop fusion","loop_dynamic_update_slice_fusion.206","587.0","479.466","0.8168074957410563","479.466","0.8168074957410563","6.229335137462164e-05","0.8084958344224056","0.0","0.0","2.335126260174731","2.335126260174731","0.0","0.0","0.0","0.0","0.0","HBM","479.466","6.229335137462164e-05","0.0","0.004974372936447152","0.0","0.004974372936447152","True","7","<div class='source-info-cell' title='/home/lawrence/git/DISCO-EB/src/discoeb/perturbations.py:255:8
/home/lawrence/git/DISCO-EB/src/discoeb/perturbations.py:826:15
/home/lawrence/git/DISCO-EB/src/discoeb/perturbations.py:856:19
/home/lawrence/git/DISCO-EB/.venv/lib/python3.13/site-packages/diffrax/_term.py:194:14
/home/lawrence/git/DISCO-EB/.venv/lib/python3.13/site-packages/equinox/_module/_prebuilt.py:33:15
/home/lawrence/git/DISCO-EB/.venv/lib/python3.13/site-packages/diffrax/_term.py:743:15
/home/lawrence/git/DISCO-EB/.venv/lib/python3.13/site-packages/equinox/_module/_prebuilt.py:33:15
/home/lawrence/git/DISCO-EB/src/discoeb/ode_integrators_stiff.py:1006:14
/home/lawrence/git/DISCO-EB/.venv/lib/python3.13/site-packages/equinox/_module/_prebuilt.py:33:15
/home/lawrence/git/DISCO-EB/.venv/lib/python3.13/site-packages/diffrax/_integrate.py:349:64
'>/home/lawrence/git/DISCO-EB/src/discoeb/perturbations.py:255</div>"
"Total","260.0","loop fusion","loop_dynamic_update_slice_fusion.59","317.0","479.057","1.5112208201892745","479.057","1.5112208201892745","6.224021313184275e-05","0.8085580746355374","1067.9299665801773","1067.9299665801773","161.56239658820266","161.56239658820266","0.0","6.156056774272298","6.156056774272298","0.0","6.156056774272298","HBM","479.057","6.224021313184277e-05","3102.9481049584033","0.3441662349665669","0.007524533607420306","0.3441662349665669","True","7","<div class='source-info-cell' title='/home/lawrence/git/DISCO-EB/src/discoeb/spline_interpolation.py:79:24
/home/lawrence/git/DISCO-EB/src/discoeb/spline_interpolation.py:82:25
/home/lawrence/git/DISCO-EB/src/discoeb/cmb.py:766:17
/home/lawrence/git/DISCO-EB/src/discoeb/cmb.py:770:15
/home/lawrence/git/DISCO-EB/src/discoeb/cmb.py:1063:24
/home/lawrence/git/DISCO-EB/scripts/profile_CMB.py:38:0
'>/home/lawrence/git/DISCO-EB/src/discoeb/spline_interpolation.py:79</div>"
"Total","261.0","data formatting","copy.592","592.0","472.498","0.7981385135135135","472.498","0.7981385135135135","6.138805241207087e-05","0.8086194626879495","0.0","0.0","0.1493591494864793","0.1493591494864793","0.0","0.0","0.0","0.0","0.0","HBM","472.498","6.138805241207089e-05","0.0","0.00031817042345312537","0.0","0.00031817042345312537","True","7",""
"Total","262.0","loop fusion","loop_dynamic_update_slice_fusion.37","509.0","471.242","0.925819253438114","471.242","0.925819253438114","6.122486993546874e-05","0.8086806875578849","0.061567092916166216","0.061567092916166216","0.03219021669404873","0.03219021669404873","0.0","1.78125","1.78125","0.0","1.78125","HBM","471.242","6.122486993546874e-05","897.8355000000003","6.857279859859206e-05","4.3379591757535046e-07","6.857279859859206e-05","True","7","<div class='source-info-cell' title='/home/lawrence/git/DISCO-EB/src/discoeb/spline_interpolation.py:79:24
/home/lawrence/git/DISCO-EB/src/discoeb/spline_interpolation.py:82:25
/home/lawrence/git/DISCO-EB/src/discoeb/background.py:166:43
/home/lawrence/git/DISCO-EB/src/discoeb/background.py:233:12
/home/lawrence/git/DISCO-EB/src/discoeb/cmb.py:987:12
/home/lawrence/git/DISCO-EB/scripts/profile_CMB.py:38:0
'>/home/lawrence/git/DISCO-EB/src/discoeb/spline_interpolation.py:79</div>"
"Total","263.0","loop fusion","loop_dynamic_update_slice_fusion.11","509.0","469.557","0.9225088408644401","469.557","0.9225088408644401","6.1005950769008055e-05","0.8087416935086539","0.06178802573489481","0.06178802573489481","0.03230573092369385","0.03230573092369385","0.0","1.78125","1.78125","0.0","1.78125","HBM","469.557","6.1005950769008055e-05","897.8355000000003","6.881887131316905e-05","4.353525893342945e-07","6.881887131316905e-05","True","7","<div class='source-info-cell' title='/home/lawrence/git/DISCO-EB/src/discoeb/spline_interpolation.py:79:24
/home/lawrence/git/DISCO-EB/src/discoeb/spline_interpolation.py:82:25
/home/lawrence/git/DISCO-EB/src/discoeb/background.py:166:43
/home/lawrence/git/DISCO-EB/src/discoeb/background.py:233:12
/home/lawrence/git/DISCO-EB/src/discoeb/cmb.py:987:12
/home/lawrence/git/DISCO-EB/scripts/profile_CMB.py:38:0
'>/home/lawrence/git/DISCO-EB/src/discoeb/spline_interpolation.py:79</div>"
"Total","264.0","loop fusion","loop_dynamic_update_slice_fusion.36","509.0","468.472","0.92037721021611","468.472","0.92037721021611","6.086498501493693e-05","0.8088025584936688","0.06193112928840998","0.06193112928840998","0.032380552296267254","0.032380552296267254","0.0","1.78125","1.78125","0.0","1.78125","HBM","468.472","6.086498501493693e-05","897.8355000000001","6.897825858791501e-05","4.3636088344670183e-07","6.897825858791501e-05","True","7","<div class='source-info-cell' title='/home/lawrence/git/DISCO-EB/src/discoeb/spline_interpolation.py:79:24
/home/lawrence/git/DISCO-EB/src/discoeb/spline_interpolation.py:82:25
/home/lawrence/git/DISCO-EB/src/discoeb/background.py:166:43
/home/lawrence/git/DISCO-EB/src/discoeb/background.py:233:12
/home/lawrence/git/DISCO-EB/src/discoeb/cmb.py:987:12
/home/lawrence/git/DISCO-EB/scripts/profile_CMB.py:38:0
'>/home/lawrence/git/DISCO-EB/src/discoeb/spline_interpolation.py:79</div>"
"Total","265.0","loop fusion","loop_dynamic_update_slice_fusion.192","587.0","467.691","0.796747870528109","467.691","0.796747870528109","6.076351565647652e-05","0.8088633220093252","0.0","0.0","2.393917452892909","2.393917452892909","0.0","0.0","0.0","0.0","0.0","HBM","467.691","6.0763515656476524e-05","0.0","0.00509961212498545","0.0","0.00509961212498545","True","7","<div class='source-info-cell' title='/home/lawrence/git/DISCO-EB/src/discoeb/perturbations.py:255:8
/home/lawrence/git/DISCO-EB/src/discoeb/perturbations.py:826:15
/home/lawrence/git/DISCO-EB/src/discoeb/perturbations.py:856:19
/home/lawrence/git/DISCO-EB/.venv/lib/python3.13/site-packages/diffrax/_term.py:194:14
/home/lawrence/git/DISCO-EB/.venv/lib/python3.13/site-packages/equinox/_module/_prebuilt.py:33:15
/home/lawrence/git/DISCO-EB/.venv/lib/python3.13/site-packages/diffrax/_term.py:743:15
/home/lawrence/git/DISCO-EB/.venv/lib/python3.13/site-packages/equinox/_module/_prebuilt.py:33:15
/home/lawrence/git/DISCO-EB/src/discoeb/ode_integrators_stiff.py:1011:13
/home/lawrence/git/DISCO-EB/.venv/lib/python3.13/site-packages/equinox/_module/_prebuilt.py:33:15
/home/lawrence/git/DISCO-EB/.venv/lib/python3.13/site-packages/diffrax/_integrate.py:349:64
'>/home/lawrence/git/DISCO-EB/src/discoeb/perturbations.py:255</div>"
"Total","266.0","loop fusion","loop_dynamic_update_slice_fusion.178","587.0","467.314","0.7961056218057923","467.314","0.7961056218057923","6.071453492902508e-05","0.8089240365442543","0.0","0.0","2.395848717267057","2.395848717267057","0.0","0.0","0.0","0.0","0.0","HBM","467.314","6.071453492902508e-05","0.0","0.00510372617628954","0.0","0.00510372617628954","True","7","<div class='source-info-cell' title='/home/lawrence/git/DISCO-EB/src/discoeb/perturbations.py:255:8
/home/lawrence/git/DISCO-EB/src/discoeb/perturbations.py:826:15
/home/lawrence/git/DISCO-EB/src/discoeb/perturbations.py:856:19
/home/lawrence/git/DISCO-EB/.venv/lib/python3.13/site-packages/diffrax/_term.py:194:14
/home/lawrence/git/DISCO-EB/.venv/lib/python3.13/site-packages/equinox/_module/_prebuilt.py:33:15
/home/lawrence/git/DISCO-EB/.venv/lib/python3.13/site-packages/diffrax/_term.py:743:15
/home/lawrence/git/DISCO-EB/.venv/lib/python3.13/site-packages/equinox/_module/_prebuilt.py:33:15
/home/lawrence/git/DISCO-EB/src/discoeb/ode_integrators_stiff.py:1016:13
/home/lawrence/git/DISCO-EB/.venv/lib/python3.13/site-packages/equinox/_module/_prebuilt.py:33:15
/home/lawrence/git/DISCO-EB/.venv/lib/python3.13/site-packages/diffrax/_integrate.py:349:64
'>/home/lawrence/git/DISCO-EB/src/discoeb/perturbations.py:255</div>"
"Total","267.0","loop fusion","loop_dynamic_update_slice_fusion.122","587.0","466.676","0.7950187393526406","466.676","0.7950187393526406","6.063164446718418e-05","0.8089846681887215","0.0","0.0","2.3991241192196244","2.3991241192196244","0.0","0.0","0.0","0.0","0.0","HBM","466.676","6.0631644467184184e-05","0.0","0.0051107035595286026","0.0","0.0051107035595286026","True","7","<div class='source-info-cell' title='/home/lawrence/git/DISCO-EB/src/discoeb/perturbations.py:255:8
/home/lawrence/git/DISCO-EB/src/discoeb/perturbations.py:826:15
/home/lawrence/git/DISCO-EB/src/discoeb/perturbations.py:856:19
/home/lawrence/git/DISCO-EB/.venv/lib/python3.13/site-packages/diffrax/_term.py:194:14
/home/lawrence/git/DISCO-EB/.venv/lib/python3.13/site-packages/equinox/_module/_prebuilt.py:33:15
/home/lawrence/git/DISCO-EB/.venv/lib/python3.13/site-packages/diffrax/_term.py:743:15
/home/lawrence/git/DISCO-EB/.venv/lib/python3.13/site-packages/equinox/_module/_prebuilt.py:33:15
/home/lawrence/git/DISCO-EB/src/discoeb/ode_integrators_stiff.py:1036:13
/home/lawrence/git/DISCO-EB/.venv/lib/python3.13/site-packages/equinox/_module/_prebuilt.py:33:15
/home/lawrence/git/DISCO-EB/.venv/lib/python3.13/site-packages/diffrax/_integrate.py:349:64
'>/home/lawrence/git/DISCO-EB/src/discoeb/perturbations.py:255</div>"
"Total","268.0","loop fusion","loop_dynamic_update_slice_fusion.150","587.0","466.411","0.7945672913117547","466.411","0.7945672913117547","6.059721504337879e-05","0.8090452654037649","0.0","0.0","2.4004872257749867","2.4004872257749867","0.0","0.0","0.0","0.0","0.0","HBM","466.411","6.059721504337879e-05","0.0","0.005113607299884801","0.0","0.005113607299884801","True","7","<div class='source-info-cell' title='/home/lawrence/git/DISCO-EB/src/discoeb/perturbations.py:255:8
/home/lawrence/git/DISCO-EB/src/discoeb/perturbations.py:826:15
/home/lawrence/git/DISCO-EB/src/discoeb/perturbations.py:856:19
/home/lawrence/git/DISCO-EB/.venv/lib/python3.13/site-packages/diffrax/_term.py:194:14
/home/lawrence/git/DISCO-EB/.venv/lib/python3.13/site-packages/equinox/_module/_prebuilt.py:33:15
/home/lawrence/git/DISCO-EB/.venv/lib/python3.13/site-packages/diffrax/_term.py:743:15
/home/lawrence/git/DISCO-EB/.venv/lib/python3.13/site-packages/equinox/_module/_prebuilt.py:33:15
/home/lawrence/git/DISCO-EB/src/discoeb/ode_integrators_stiff.py:1026:13
/home/lawrence/git/DISCO-EB/.venv/lib/python3.13/site-packages/equinox/_module/_prebuilt.py:33:15
/home/lawrence/git/DISCO-EB/.venv/lib/python3.13/site-packages/diffrax/_integrate.py:349:64
'>/home/lawrence/git/DISCO-EB/src/discoeb/perturbations.py:255</div>"
"Total","269.0","loop fusion","loop_dynamic_update_slice_fusion.108","587.0","466.373","0.7945025553662691","466.373","0.7945025553662691","6.059227799392745e-05","0.8091058576817588","0.0","0.0","2.400682817103343","2.400682817103343","0.0","0.0","0.0","0.0","0.0","HBM","466.373","6.059227799392746e-05","0.0","0.005114023955817703","0.0","0.005114023955817703","True","7","<div class='source-info-cell' title='/home/lawrence/git/DISCO-EB/src/discoeb/perturbations.py:255:8
/home/lawrence/git/DISCO-EB/src/discoeb/perturbations.py:826:15
/home/lawrence/git/DISCO-EB/src/discoeb/perturbations.py:856:19
/home/lawrence/git/DISCO-EB/.venv/lib/python3.13/site-packages/diffrax/_term.py:194:14
/home/lawrence/git/DISCO-EB/.venv/lib/python3.13/site-packages/equinox/_module/_prebuilt.py:33:15
/home/lawrence/git/DISCO-EB/.venv/lib/python3.13/site-packages/diffrax/_term.py:743:15
/home/lawrence/git/DISCO-EB/.venv/lib/python3.13/site-packages/equinox/_module/_prebuilt.py:33:15
/home/lawrence/git/DISCO-EB/src/discoeb/ode_integrators_stiff.py:1043:13
/home/lawrence/git/DISCO-EB/.venv/lib/python3.13/site-packages/equinox/_module/_prebuilt.py:33:15
/home/lawrence/git/DISCO-EB/.venv/lib/python3.13/site-packages/diffrax/_integrate.py:349:64
'>/home/lawrence/git/DISCO-EB/src/discoeb/perturbations.py:255</div>"
"Total","270.0","loop fusion","loop_dynamic_update_slice_fusion.136","587.0","465.668","0.7933015332197615","465.668","0.7933015332197615","6.050068273436972e-05","0.8091663583644931","0.0","0.0","2.4043173408113447","2.4043173408113447","0.0","0.0","0.0","0.0","0.0","HBM","465.668","6.0500682734369724e-05","0.0","0.005121766353596489","0.0","0.005121766353596489","True","7","<div class='source-info-cell' title='/home/lawrence/git/DISCO-EB/src/discoeb/perturbations.py:255:8
/home/lawrence/git/DISCO-EB/src/discoeb/perturbations.py:826:15
/home/lawrence/git/DISCO-EB/src/discoeb/perturbations.py:856:19
/home/lawrence/git/DISCO-EB/.venv/lib/python3.13/site-packages/diffrax/_term.py:194:14
/home/lawrence/git/DISCO-EB/.venv/lib/python3.13/site-packages/equinox/_module/_prebuilt.py:33:15
/home/lawrence/git/DISCO-EB/.venv/lib/python3.13/site-packages/diffrax/_term.py:743:15
/home/lawrence/git/DISCO-EB/.venv/lib/python3.13/site-packages/equinox/_module/_prebuilt.py:33:15
/home/lawrence/git/DISCO-EB/src/discoeb/ode_integrators_stiff.py:1031:13
/home/lawrence/git/DISCO-EB/.venv/lib/python3.13/site-packages/equinox/_module/_prebuilt.py:33:15
/home/lawrence/git/DISCO-EB/.venv/lib/python3.13/site-packages/diffrax/_integrate.py:349:64
'>/home/lawrence/git/DISCO-EB/src/discoeb/perturbations.py:255</div>"
"Total","271.0","loop fusion","loop_dynamic_update_slice_fusion.164","587.0","465.309","0.7926899488926746","465.309","0.7926899488926746","6.0454040609289966e-05","0.8092268124051024","0.0","0.0","2.4061723445300593","2.4061723445300593","0.0","0.0","0.0","0.0","0.0","HBM","465.309","6.0454040609289966e-05","0.0","0.005125717951611875","0.0","0.005125717951611875","True","7","<div class='source-info-cell' title='/home/lawrence/git/DISCO-EB/src/discoeb/perturbations.py:255:8
/home/lawrence/git/DISCO-EB/src/discoeb/perturbations.py:826:15
/home/lawrence/git/DISCO-EB/src/discoeb/perturbations.py:856:19
/home/lawrence/git/DISCO-EB/.venv/lib/python3.13/site-packages/diffrax/_term.py:194:14
/home/lawrence/git/DISCO-EB/.venv/lib/python3.13/site-packages/equinox/_module/_prebuilt.py:33:15
/home/lawrence/git/DISCO-EB/.venv/lib/python3.13/site-packages/diffrax/_term.py:743:15
/home/lawrence/git/DISCO-EB/.venv/lib/python3.13/site-packages/equinox/_module/_prebuilt.py:33:15
/home/lawrence/git/DISCO-EB/src/discoeb/ode_integrators_stiff.py:1021:13
/home/lawrence/git/DISCO-EB/.venv/lib/python3.13/site-packages/equinox/_module/_prebuilt.py:33:15
/home/lawrence/git/DISCO-EB/.venv/lib/python3.13/site-packages/diffrax/_integrate.py:349:64
'>/home/lawrence/git/DISCO-EB/src/discoeb/perturbations.py:255</div>"
"Total","272.0","call","call.633","154.0","428.375","2.781655844155844","428.375","2.781655844155844","5.565548838729659e-05","0.8092824678934897","0.0","0.0","15861.752292732126","7930.857397078911","0.0","0.0","0.0","0.0","0.0","HBM","428.375","5.565548838729659e-05","0.0","16.894607829856287","0.0","16.894607829856287","True","7",""
"Total","273.0","loop fusion","loop_add_fusion.6","512.0","418.615","0.817607421875","418.615","0.817607421875","5.438744621242641e-05","0.8093368553397021","0.0036692426215018574","0.0036692426215018574","0.01822532525411177","0.01822532525411177","0.0","0.1875","0.1875","0.0","0.1875","HBM","418.615","5.438744621242641e-05","94.50900000000003","3.882426669948742e-05","2.585313670678505e-08","3.882426669948742e-05","True","7","<div class='source-info-cell' title='/home/lawrence/git/DISCO-EB/src/discoeb/spline_interpolation.py:40:15
/home/lawrence/git/DISCO-EB/src/discoeb/background.py:166:43
/home/lawrence/git/DISCO-EB/src/discoeb/background.py:233:12
/home/lawrence/git/DISCO-EB/src/discoeb/cmb.py:987:12
/home/lawrence/git/DISCO-EB/scripts/profile_CMB.py:38:0
'>/home/lawrence/git/DISCO-EB/src/discoeb/spline_interpolation.py:40</div>"
"Total","274.0","loop fusion","loop_add_fusion.11","512.0","418.553","0.817486328125","418.553","0.817486328125","5.437939102647948e-05","0.8093912347307286","0.0036697861441681223","0.0036697861441681223","0.01822802496039928","0.01822802496039928","0.0","0.1875","0.1875","0.0","0.1875","HBM","418.553","5.437939102647949e-05","94.509","3.88300177143777e-05","2.585696631611964e-08","3.88300177143777e-05","True","7","<div class='source-info-cell' title='/home/lawrence/git/DISCO-EB/src/discoeb/spline_interpolation.py:39:15
/home/lawrence/git/DISCO-EB/src/discoeb/background.py:166:43
/home/lawrence/git/DISCO-EB/src/discoeb/background.py:233:12
/home/lawrence/git/DISCO-EB/src/discoeb/cmb.py:987:12
/home/lawrence/git/DISCO-EB/scripts/profile_CMB.py:38:0
'>/home/lawrence/git/DISCO-EB/src/discoeb/spline_interpolation.py:39</div>"
"Total","275.0","loop fusion","loop_add_fusion.12","512.0","418.428","0.8172421875","418.428","0.8172421875","5.4363150732231656e-05","0.8094455978814609","0.0036708824457254295","0.0036708824457254295","0.018233470349140114","0.018233470349140114","0.0","0.1875","0.1875","0.0","0.1875","HBM","418.428","5.436315073223166e-05","94.50900000000001","3.884161768429916e-05","2.5864690753273736e-08","3.884161768429916e-05","True","7","<div class='source-info-cell' title='/home/lawrence/git/DISCO-EB/src/discoeb/spline_interpolation.py:39:15
/home/lawrence/git/DISCO-EB/src/discoeb/background.py:166:43
/home/lawrence/git/DISCO-EB/src/discoeb/background.py:233:12
/home/lawrence/git/DISCO-EB/src/discoeb/cmb.py:987:12
/home/lawrence/git/DISCO-EB/scripts/profile_CMB.py:38:0
'>/home/lawrence/git/DISCO-EB/src/discoeb/spline_interpolation.py:39</div>"
"Total","276.0","loop fusion","loop_add_fusion","512.0","417.489","0.815408203125","417.489","0.815408203125","5.4241153641842e-05","0.8094998390351027","0.0036791388515625563","0.0036791388515625563","0.018274480360560397","0.018274480360560397","0.0","0.1875","0.1875","0.0","0.1875","HBM","417.489","5.4241153641842e-05","94.50900000000001","3.892897873813664e-05","2.592286460843477e-08","3.892897873813664e-05","True","7","<div class='source-info-cell' title='/home/lawrence/git/DISCO-EB/src/discoeb/spline_interpolation.py:39:15
/home/lawrence/git/DISCO-EB/src/discoeb/background.py:166:43
/home/lawrence/git/DISCO-EB/src/discoeb/background.py:233:12
/home/lawrence/git/DISCO-EB/src/discoeb/cmb.py:987:12
/home/lawrence/git/DISCO-EB/scripts/profile_CMB.py:38:0
'>/home/lawrence/git/DISCO-EB/src/discoeb/spline_interpolation.py:39</div>"
"Total","277.0","custom-call","custom-call.19","53.0","415.443","7.838547169811321","415.443","7.838547169811321","5.397533250559359e-05","0.8095538143676083","0.0","0.0","0.0","0.0","0.0","0.0","0.0","0.0","0.0","Unknown","415.443","5.39753325055936e-05","0.0","0.0","0.0","0.0","True","7","<div class='source-info-cell' title='/home/lawrence/git/DISCO-EB/src/discoeb/util.py:115:15
/home/lawrence/git/DISCO-EB/src/discoeb/background.py:42:15
/home/lawrence/git/DISCO-EB/src/discoeb/background.py:64:11
/home/lawrence/git/DISCO-EB/src/discoeb/background.py:164:48
/home/lawrence/git/DISCO-EB/src/discoeb/background.py:164:26
/home/lawrence/git/DISCO-EB/src/discoeb/background.py:233:12
/home/lawrence/git/DISCO-EB/src/discoeb/cmb.py:987:12
/home/lawrence/git/DISCO-EB/scripts/profile_CMB.py:38:0
'>/home/lawrence/git/DISCO-EB/src/discoeb/util.py:115</div>"
"Total","278.0","loop fusion","loop_add_fusion.9","509.0","414.889","0.815106090373281","414.889","0.815106090373281","5.390335552148724e-05","0.8096077177231298","0.0036805024958482873","0.0036805024958482873","0.018281253654997977","0.018281253654997977","0.0","0.1875","0.1875","0.0","0.1875","HBM","414.889","5.390335552148724e-05","94.50900000000001","3.894340746223414e-05","2.5932472717185015e-08","3.894340746223414e-05","True","7","<div class='source-info-cell' title='/home/lawrence/git/DISCO-EB/src/discoeb/spline_interpolation.py:82:25
/home/lawrence/git/DISCO-EB/src/discoeb/background.py:166:43
/home/lawrence/git/DISCO-EB/src/discoeb/background.py:233:12
/home/lawrence/git/DISCO-EB/src/discoeb/cmb.py:987:12
/home/lawrence/git/DISCO-EB/scripts/profile_CMB.py:38:0
'>/home/lawrence/git/DISCO-EB/src/discoeb/spline_interpolation.py:82</div>"
"Total","279.0","loop fusion","loop_add_fusion.39","509.0","414.627","0.8145913555992141","414.627","0.8145913555992141","5.386931586474379e-05","0.8096615870389945","0.0036828281805092286","0.0036828281805092286","0.018292805455670896","0.018292805455670896","0.0","0.1875","0.1875","0.0","0.1875","HBM","414.627","5.386931586474379e-05","94.509","3.896801553830036e-05","2.5948859271490214e-08","3.896801553830036e-05","True","7","<div class='source-info-cell' title='/home/lawrence/git/DISCO-EB/src/discoeb/spline_interpolation.py:82:25
/home/lawrence/git/DISCO-EB/src/discoeb/background.py:166:43
/home/lawrence/git/DISCO-EB/src/discoeb/background.py:233:12
/home/lawrence/git/DISCO-EB/src/discoeb/cmb.py:987:12
/home/lawrence/git/DISCO-EB/scripts/profile_CMB.py:38:0
'>/home/lawrence/git/DISCO-EB/src/discoeb/spline_interpolation.py:82</div>"
"Total","280.0","loop fusion","loop_add_fusion.38","509.0","412.497","0.8104066797642436","412.497","0.8104066797642436","5.359258125076086e-05","0.8097151796202452","0.0037018451043280315","0.0037018451043280315","0.018387263538082597","0.018387263538082597","0.0","0.1875","0.1875","0.0","0.1875","HBM","412.497","5.359258125076086e-05","94.509","3.9169233663757225e-05","2.6082850719302623e-08","3.9169233663757225e-05","True","7","<div class='source-info-cell' title='/home/lawrence/git/DISCO-EB/src/discoeb/spline_interpolation.py:82:25
/home/lawrence/git/DISCO-EB/src/discoeb/background.py:166:43
/home/lawrence/git/DISCO-EB/src/discoeb/background.py:233:12
/home/lawrence/git/DISCO-EB/src/discoeb/cmb.py:987:12
/home/lawrence/git/DISCO-EB/scripts/profile_CMB.py:38:0
'>/home/lawrence/git/DISCO-EB/src/discoeb/spline_interpolation.py:82</div>"
"Total","281.0","loop fusion","loop_dynamic_update_slice_fusion","512.0","407.538","0.79597265625","407.538","0.79597265625","5.294829629736114e-05","0.8097681279165425","0.0","0.0","0.028081042250968007","0.028081042250968007","0.0","0.0","0.0","0.0","0.0","HBM","407.538","5.294829629736114e-05","0.0","5.9819282144508966e-05","0.0","5.9819282144508966e-05","True","7","<div class='source-info-cell' title='/home/lawrence/git/DISCO-EB/src/discoeb/spline_interpolation.py:39:15
/home/lawrence/git/DISCO-EB/src/discoeb/background.py:166:43
/home/lawrence/git/DISCO-EB/src/discoeb/background.py:233:12
/home/lawrence/git/DISCO-EB/src/discoeb/cmb.py:987:12
/home/lawrence/git/DISCO-EB/scripts/profile_CMB.py:38:0
'>/home/lawrence/git/DISCO-EB/src/discoeb/spline_interpolation.py:39</div>"
"Total","282.0","loop fusion","loop_dynamic_update_slice_fusion.17","512.0","407.31","0.79552734375","407.31","0.79552734375","5.2918674000653104e-05","0.8098210465905432","0.0","0.0","0.02809676118159387","0.02809676118159387","0.0","0.0","0.0","0.0","0.0","HBM","407.31","5.2918674000653104e-05","0.0","5.985276719601506e-05","0.0","5.985276719601506e-05","True","7","<div class='source-info-cell' title='/home/lawrence/git/DISCO-EB/src/discoeb/spline_interpolation.py:39:15
/home/lawrence/git/DISCO-EB/src/discoeb/background.py:166:43
/home/lawrence/git/DISCO-EB/src/discoeb/background.py:233:12
/home/lawrence/git/DISCO-EB/src/discoeb/cmb.py:987:12
/home/lawrence/git/DISCO-EB/scripts/profile_CMB.py:38:0
'>/home/lawrence/git/DISCO-EB/src/discoeb/spline_interpolation.py:39</div>"
"Total","283.0","data formatting","copy.744","509.0","406.759","0.7991335952848724","406.759","0.7991335952848724","5.284708678360869e-05","0.8098738936773269","0.0","0.0","0.018646645919742296","0.018646645919742296","0.0","0.0","0.0","0.0","0.0","HBM","406.759","5.284708678360869e-05","0.0","3.972177967444817e-05","0.0","3.972177967444817e-05","True","7","<div class='source-info-cell' title='/home/lawrence/git/DISCO-EB/src/discoeb/spline_interpolation.py:66:46
/home/lawrence/git/DISCO-EB/src/discoeb/spline_interpolation.py:71:21
/home/lawrence/git/DISCO-EB/src/discoeb/background.py:166:43
/home/lawrence/git/DISCO-EB/src/discoeb/background.py:233:12
/home/lawrence/git/DISCO-EB/src/discoeb/cmb.py:987:12
/home/lawrence/git/DISCO-EB/scripts/profile_CMB.py:38:0
'>/home/lawrence/git/DISCO-EB/src/discoeb/spline_interpolation.py:66</div>"
"Total","284.0","data formatting","copy.1371","509.0","406.67","0.798958742632613","406.67","0.798958742632613","5.283552369410424e-05","0.8099267292010209","0.0","0.0","0.018650726750604807","0.018650726750604807","0.0","0.0","0.0","0.0","0.0","HBM","406.67","5.283552369410424e-05","0.0","3.97304728123512e-05","0.0","3.97304728123512e-05","True","7","<div class='source-info-cell' title='/home/lawrence/git/DISCO-EB/src/discoeb/spline_interpolation.py:66:46
/home/lawrence/git/DISCO-EB/src/discoeb/spline_interpolation.py:71:21
/home/lawrence/git/DISCO-EB/src/discoeb/background.py:166:43
/home/lawrence/git/DISCO-EB/src/discoeb/background.py:233:12
/home/lawrence/git/DISCO-EB/src/discoeb/cmb.py:987:12
/home/lawrence/git/DISCO-EB/scripts/profile_CMB.py:38:0
'>/home/lawrence/git/DISCO-EB/src/discoeb/spline_interpolation.py:66</div>"
"Total","285.0","loop fusion","loop_dynamic_update_slice_fusion.18","512.0","405.912","0.792796875","405.912","0.792796875","5.2737042549785425e-05","0.8099794662435708","0.0","0.0","0.028193529131622125","0.028193529131622125","0.0","0.0","0.0","0.0","0.0","HBM","405.912","5.273704254978543e-05","0.0","6.0058905887504916e-05","0.0","6.0058905887504916e-05","True","7","<div class='source-info-cell' title='/home/lawrence/git/DISCO-EB/src/discoeb/spline_interpolation.py:39:15
/home/lawrence/git/DISCO-EB/src/discoeb/background.py:166:43
/home/lawrence/git/DISCO-EB/src/discoeb/background.py:233:12
/home/lawrence/git/DISCO-EB/src/discoeb/cmb.py:987:12
/home/lawrence/git/DISCO-EB/scripts/profile_CMB.py:38:0
'>/home/lawrence/git/DISCO-EB/src/discoeb/spline_interpolation.py:39</div>"
"Total","286.0","loop fusion","loop_dynamic_update_slice_fusion.6","512.0","405.858","0.79269140625","405.858","0.79269140625","5.2730026742670366e-05","0.8100321962703134","0.0","0.0","0.028197280321873658","0.028197280321873658","0.0","0.0","0.0","0.0","0.0","HBM","405.858","5.273002674267037e-05","0.0","6.006689681270024e-05","0.0","6.006689681270024e-05","True","7","<div class='source-info-cell' title='/home/lawrence/git/DISCO-EB/src/discoeb/spline_interpolation.py:40:15
/home/lawrence/git/DISCO-EB/src/discoeb/background.py:166:43
/home/lawrence/git/DISCO-EB/src/discoeb/background.py:233:12
/home/lawrence/git/DISCO-EB/src/discoeb/cmb.py:987:12
/home/lawrence/git/DISCO-EB/scripts/profile_CMB.py:38:0
'>/home/lawrence/git/DISCO-EB/src/discoeb/spline_interpolation.py:40</div>"
"Total","287.0","data formatting","copy.1356","509.0","405.652","0.7969587426326129","405.652","0.7969587426326129","5.270326273774995e-05","0.8100848995330512","0.0","0.0","0.018697531499089017","0.018697531499089017","0.0","0.0","0.0","0.0","0.0","HBM","405.652","5.270326273774995e-05","0.0","3.983017803092026e-05","0.0","3.983017803092026e-05","True","7","<div class='source-info-cell' title='/home/lawrence/git/DISCO-EB/src/discoeb/spline_interpolation.py:66:46
/home/lawrence/git/DISCO-EB/src/discoeb/spline_interpolation.py:71:21
/home/lawrence/git/DISCO-EB/src/discoeb/background.py:166:43
/home/lawrence/git/DISCO-EB/src/discoeb/background.py:233:12
/home/lawrence/git/DISCO-EB/src/discoeb/cmb.py:987:12
/home/lawrence/git/DISCO-EB/scripts/profile_CMB.py:38:0
'>/home/lawrence/git/DISCO-EB/src/discoeb/spline_interpolation.py:66</div>"
"Total","288.0","loop fusion","loop_dynamic_slice_fusion.2","509.0","404.767","0.7952200392927309","404.767","0.7952200392927309","5.258828145447535e-05","0.8101374878145057","0.011317622236990664","0.011317622236990664","0.02810761888074543","0.02810761888074543","0.0","0.375","0.375","0.0","0.375","HBM","404.767","5.258828145447535e-05","189.018","5.9875896671167104e-05","7.974289657872436e-08","5.9875896671167104e-05","True","7","<div class='source-info-cell' title='/home/lawrence/git/DISCO-EB/src/discoeb/spline_interpolation.py:68:49
/home/lawrence/git/DISCO-EB/src/discoeb/spline_interpolation.py:71:21
/home/lawrence/git/DISCO-EB/src/discoeb/background.py:166:43
/home/lawrence/git/DISCO-EB/src/discoeb/background.py:233:12
/home/lawrence/git/DISCO-EB/src/discoeb/cmb.py:987:12
/home/lawrence/git/DISCO-EB/scripts/profile_CMB.py:38:0
'>/home/lawrence/git/DISCO-EB/src/discoeb/spline_interpolation.py:68</div>"
"Total","289.0","loop fusion","loop_dynamic_slice_fusion.3","509.0","404.713","0.79511394891945","404.713","0.79511394891945","5.2581265647360294e-05","0.810190069080153","0.011319132323399544","0.011319132323399544","0.028111369220911325","0.028111369220911325","0.0","0.375","0.375","0.0","0.375","HBM","404.713","5.2581265647360294e-05","189.018","5.9883885785478335e-05","7.97535365048331e-08","5.9883885785478335e-05","True","7","<div class='source-info-cell' title='/home/lawrence/git/DISCO-EB/src/discoeb/spline_interpolation.py:68:49
/home/lawrence/git/DISCO-EB/src/discoeb/spline_interpolation.py:71:21
/home/lawrence/git/DISCO-EB/src/discoeb/background.py:166:43
/home/lawrence/git/DISCO-EB/src/discoeb/background.py:233:12
/home/lawrence/git/DISCO-EB/src/discoeb/cmb.py:987:12
/home/lawrence/git/DISCO-EB/scripts/profile_CMB.py:38:0
'>/home/lawrence/git/DISCO-EB/src/discoeb/spline_interpolation.py:68</div>"
"Total","290.0","loop fusion","loop_dynamic_slice_fusion","509.0","404.202","0.7941100196463654","404.202","0.7941100196463654","5.251487532447518e-05","0.8102425839554774","0.011333442189796192","0.011333442189796192","0.028146908158551132","0.028146908158551132","0.0","0.375","0.375","0.0","0.375","HBM","404.202","5.251487532447519e-05","189.01800000000003","5.9959592154166216e-05","7.985436247094404e-08","5.9959592154166216e-05","True","7","<div class='source-info-cell' title='/home/lawrence/git/DISCO-EB/src/discoeb/spline_interpolation.py:68:49
/home/lawrence/git/DISCO-EB/src/discoeb/spline_interpolation.py:71:21
/home/lawrence/git/DISCO-EB/src/discoeb/background.py:166:43
/home/lawrence/git/DISCO-EB/src/discoeb/background.py:233:12
/home/lawrence/git/DISCO-EB/src/discoeb/cmb.py:987:12
/home/lawrence/git/DISCO-EB/scripts/profile_CMB.py:38:0
'>/home/lawrence/git/DISCO-EB/src/discoeb/spline_interpolation.py:68</div>"
"Total","291.0","loop fusion","loop_dynamic_slice_fusion.7","317.0","367.458","1.159173501577287","367.458","1.159173501577287","4.7741008349738506e-05","0.8102903249638271","0.010352203517136652","0.010352203517136652","105.3144873605942","105.3144873605942","0.0","9.1547146780592e-05","9.1547146780592e-05","0.0","9.1547146780592e-05","HBM","367.458","4.7741008349738506e-05","0.04614415624046384","0.2243448436501868","7.294064752672267e-08","0.2243448436501868","True","7",""
"Total","292.0","data formatting","copy.1670","381.0","355.421","0.9328635170603674","355.421","0.9328635170603674","4.617713297484994e-05","0.810336502096802","0.0","0.0","0.015973570539883564","0.015973570539883564","0.0","0.0","0.0","0.0","0.0","HBM","355.421","4.617713297484994e-05","0.0","3.402749493557606e-05","0.0","3.402749493557606e-05","True","7",""
"Total","293.0","data formatting","copy.1669","377.0","350.618","0.9300212201591512","350.618","0.9300212201591512","4.5553115908671505e-05","0.8103820552127107","0.0","0.0","0.016022388383028156","0.016022388383028156","0.0","0.0","0.0","0.0","0.0","HBM","350.618","4.5553115908671505e-05","0.0","3.41314885233729e-05","0.0","3.41314885233729e-05","True","7",""
"Total","294.0","loop fusion","loop_select_fusion.5","320.0","339.191","1.059971875","339.191","1.059971875","4.406849316971232e-05","0.8104261237058804","46.371041684478655","46.371041684478655","172.75262075288265","172.75262075288265","0.0","0.24998982788786264","0.24998982788786264","0.0","0.24998982788786264","HBM","339.191","4.406849316971233e-05","126.00687276722137","0.36800406728720375","0.0003267259768758924","0.36800406728720375","True","7","<div class='source-info-cell' title='/home/lawrence/git/DISCO-EB/src/discoeb/spline_interpolation.py:34:17
/home/lawrence/git/DISCO-EB/src/discoeb/spline_interpolation.py:39:40
/home/lawrence/git/DISCO-EB/src/discoeb/spline_interpolation.py:39:15
/home/lawrence/git/DISCO-EB/src/discoeb/background.py:166:43
/home/lawrence/git/DISCO-EB/src/discoeb/background.py:233:12
/home/lawrence/git/DISCO-EB/src/discoeb/cmb.py:987:12
/home/lawrence/git/DISCO-EB/scripts/profile_CMB.py:38:0
'>/home/lawrence/git/DISCO-EB/src/discoeb/spline_interpolation.py:34</div>"
"Total","295.0","loop fusion","loop_dynamic_update_slice_fusion.53","317.0","335.852","1.0594700315457413","335.852","1.0594700315457413","4.363468242976442e-05","0.8104697583883101","23.851547705536962","23.851547705536962","3.615514960630658","3.615514960630658","0.0","6.1439338682227085","6.1439338682227085","0.0","6.1439338682227085","HBM","335.852","4.363468242976442e-05","3096.8375784099203","0.007701904637111645","0.00016805575076615036","0.007701904637111645","True","7","<div class='source-info-cell' title='/home/lawrence/git/DISCO-EB/src/discoeb/spline_interpolation.py:79:24
/home/lawrence/git/DISCO-EB/src/discoeb/spline_interpolation.py:82:25
/home/lawrence/git/DISCO-EB/src/discoeb/cmb.py:442:14
/home/lawrence/git/DISCO-EB/src/discoeb/cmb.py:445:9
/home/lawrence/git/DISCO-EB/src/discoeb/cmb.py:609:9
/home/lawrence/git/DISCO-EB/src/discoeb/cmb.py:1056:21
/home/lawrence/git/DISCO-EB/scripts/profile_CMB.py:38:0
'>/home/lawrence/git/DISCO-EB/src/discoeb/spline_interpolation.py:79</div>"
"Total","296.0","call","call.591","6.0","314.78","52.46333333333333","314.78","52.46333333333333","4.0896958586643056e-05","0.8105106553468968","79528.51530592795","79528.51530592795","1269.298738109027","821.3934923219622","0.0","58.35245825612829","90.17200930176267","0.0","90.17200930176267","HBM","314.78","4.089695858664306e-05","45451.020944534874","1.7497630119899568","0.5603504020811347","1.7497630119899568","True","7",""
"Total","297.0","loop fusion","loop_select_fusion.26","320.0","310.303","0.969696875","310.303","0.969696875","4.0315296207862955e-05","0.8105509706431047","0.10621876037292582","0.10621876037292582","0.0307336479636436","0.0307336479636436","0.0","3.21875","3.21875","0.0","3.21875","HBM","310.303","4.0315296207862955e-05","1622.4045","6.546996163590881e-05","7.484073461521312e-07","6.546996163590881e-05","True","7","<div class='source-info-cell' title='/home/lawrence/git/DISCO-EB/src/discoeb/spline_interpolation.py:34:17
/home/lawrence/git/DISCO-EB/src/discoeb/spline_interpolation.py:39:40
/home/lawrence/git/DISCO-EB/src/discoeb/spline_interpolation.py:39:15
/home/lawrence/git/DISCO-EB/src/discoeb/background.py:166:43
/home/lawrence/git/DISCO-EB/src/discoeb/background.py:233:12
/home/lawrence/git/DISCO-EB/src/discoeb/cmb.py:987:12
/home/lawrence/git/DISCO-EB/scripts/profile_CMB.py:38:0
'>/home/lawrence/git/DISCO-EB/src/discoeb/spline_interpolation.py:34</div>"
"Total","298.0","loop fusion","loop_select_fusion.2","320.0","308.549","0.9642156249999999","308.549","0.9642156249999999","4.008741239897747e-05","0.8105910580555037","0.10682257923376838","0.10682257923376838","0.030908358685532926","0.030908358685532926","0.0","3.21875","3.21875","0.0","3.21875","HBM","308.549","4.008741239897747e-05","1622.4045","6.584213692317074e-05","7.526617967747254e-07","6.584213692317074e-05","True","7","<div class='source-info-cell' title='/home/lawrence/git/DISCO-EB/src/discoeb/spline_interpolation.py:34:17
/home/lawrence/git/DISCO-EB/src/discoeb/spline_interpolation.py:39:40
/home/lawrence/git/DISCO-EB/src/discoeb/spline_interpolation.py:39:15
/home/lawrence/git/DISCO-EB/src/discoeb/background.py:166:43
/home/lawrence/git/DISCO-EB/src/discoeb/background.py:233:12
/home/lawrence/git/DISCO-EB/src/discoeb/cmb.py:987:12
/home/lawrence/git/DISCO-EB/scripts/profile_CMB.py:38:0
'>/home/lawrence/git/DISCO-EB/src/discoeb/spline_interpolation.py:34</div>"
"Total","299.0","loop fusion","loop_dynamic_slice_fusion.4","317.0","299.222","0.9439179810725551","299.222","0.9439179810725551","3.8875626603381754e-05","0.8106299336821071","0.012712968966185642","0.012712968966185642","2.02856524804589","2.02856524804589","0.0","0.005836575875486381","0.005836575875486381","0.0","0.005836575875486381","HBM","299.222","3.887562660338176e-05","2.9419143968871597","0.004321325249856772","8.957437774921116e-08","0.004321325249856772","True","7",""
"Total","300.0","loop fusion","loop_select_fusion.1","320.0","297.916","0.9309875","297.916","0.9309875","3.870594800908048e-05","0.8106686396301162","0.8249305173270318","0.8249305173270318","3.0811085324085163","3.0811085324085163","0.0","0.24935064935064935","0.24935064935064935","0.0","0.24935064935064935","HBM","297.916","3.870594800908048e-05","125.68469610389612","0.006563492158544987","5.812382455463056e-06","0.006563492158544987","True","7","<div class='source-info-cell' title='/home/lawrence/git/DISCO-EB/src/discoeb/spline_interpolation.py:34:17
/home/lawrence/git/DISCO-EB/src/discoeb/spline_interpolation.py:39:40
/home/lawrence/git/DISCO-EB/src/discoeb/spline_interpolation.py:39:15
/home/lawrence/git/DISCO-EB/src/discoeb/background.py:166:43
/home/lawrence/git/DISCO-EB/src/discoeb/background.py:233:12
/home/lawrence/git/DISCO-EB/src/discoeb/cmb.py:987:12
/home/lawrence/git/DISCO-EB/scripts/profile_CMB.py:38:0
'>/home/lawrence/git/DISCO-EB/src/discoeb/spline_interpolation.py:34</div>"
"Total","301.0","loop fusion","loop_dynamic_update_slice_fusion.5","320.0","282.827","0.883834375","282.827","0.883834375","3.674554960983702e-05","0.810705385179726","0.0","0.0","138.12289557146602","138.12289557146602","0.0","0.0","0.0","0.0","0.0","HBM","282.827","3.674554960983702e-05","0.0","0.2942345368438471","0.0","0.2942345368438471","True","7","<div class='source-info-cell' title='/home/lawrence/git/DISCO-EB/src/discoeb/spline_interpolation.py:39:15
/home/lawrence/git/DISCO-EB/src/discoeb/cmb.py:766:17
/home/lawrence/git/DISCO-EB/src/discoeb/cmb.py:770:15
/home/lawrence/git/DISCO-EB/src/discoeb/cmb.py:1063:24
/home/lawrence/git/DISCO-EB/scripts/profile_CMB.py:38:0
'>/home/lawrence/git/DISCO-EB/src/discoeb/spline_interpolation.py:39</div>"
"Total","302.0","input fusion","input_reduce_fusion.3","317.0","268.582","0.8472618296529968","268.582","0.8472618296529968","3.489480567735487e-05","0.8107402799854033","0.05665308918691498","0.05665308918691498","0.018686648228856784","0.018686648228856784","0.0","2.823529411764706","2.823529411764706","0.0","2.823529411764706","HBM","268.582","3.489480567735487e-05","1423.1943529411767","3.980699408329971e-05","3.991723117539442e-07","3.980699408329971e-05","True","7",""
"Total","303.0","input fusion","input_reduce_fusion.7","317.0","268.131","0.8458391167192428","268.131","0.8458391167192428","3.483621069570871e-05","0.810775116196099","0.056748380455821965","0.056748380455821965","0.018718079426111915","0.018718079426111915","0.0","2.823529411764706","2.823529411764706","0.0","2.823529411764706","HBM","268.131","3.483621069570872e-05","1423.1943529411765","3.9873949990418134e-05","3.9984372502805656e-07","3.9873949990418134e-05","True","7",""
"Total","304.0","loop fusion","loop_add_fusion.35","320.0","262.001","0.818753125","262.001","0.818753125","3.4039786665795375e-05","0.8108091559827648","0.0036641081522589608","0.0036641081522589608","0.018199822069500687","0.018199822069500687","0.0","0.1875","0.1875","0.0","0.1875","HBM","262.001","3.4039786665795375e-05","94.50900000000001","3.876993886570549e-05","2.5816959721792147e-08","3.876993886570549e-05","True","7","<div class='source-info-cell' title='/home/lawrence/git/DISCO-EB/src/discoeb/spline_interpolation.py:40:15
/home/lawrence/git/DISCO-EB/src/discoeb/cmb.py:442:14
/home/lawrence/git/DISCO-EB/src/discoeb/cmb.py:445:9
/home/lawrence/git/DISCO-EB/src/discoeb/cmb.py:609:9
/home/lawrence/git/DISCO-EB/src/discoeb/cmb.py:1056:21
/home/lawrence/git/DISCO-EB/scripts/profile_CMB.py:38:0
'>/home/lawrence/git/DISCO-EB/src/discoeb/spline_interpolation.py:40</div>"
"Total","305.0","loop fusion","loop_add_fusion.1","320.0","259.825","0.8119531249999999","259.825","0.8119531249999999","3.375707562352924e-05","0.8108429130583883","0.0036947945732704705","0.0036947945732704705","0.018352243171485615","0.018352243171485615","0.0","0.1875","0.1875","0.0","0.1875","HBM","259.825","3.375707562352924e-05","94.509","3.909463197442011e-05","2.6033173343863233e-08","3.909463197442011e-05","True","7","<div class='source-info-cell' title='/home/lawrence/git/DISCO-EB/src/discoeb/spline_interpolation.py:39:15
/home/lawrence/git/DISCO-EB/src/discoeb/cmb.py:442:14
/home/lawrence/git/DISCO-EB/src/discoeb/cmb.py:445:9
/home/lawrence/git/DISCO-EB/src/discoeb/cmb.py:609:9
/home/lawrence/git/DISCO-EB/src/discoeb/cmb.py:1056:21
/home/lawrence/git/DISCO-EB/scripts/profile_CMB.py:38:0
'>/home/lawrence/git/DISCO-EB/src/discoeb/spline_interpolation.py:39</div>"
"Total","306.0","loop fusion","loop_add_fusion.2","320.0","259.664","0.81145","259.664","0.81145","3.373615812453804e-05","0.8108766492165128","0.003697085464292316","0.003697085464292316","0.018363622150283636","0.018363622150283636","0.0","0.1875","0.1875","0.0","0.1875","HBM","259.664","3.373615812453804e-05","94.509","3.911887189889128e-05","2.6049314745475938e-08","3.911887189889128e-05","True","7","<div class='source-info-cell' title='/home/lawrence/git/DISCO-EB/src/discoeb/spline_interpolation.py:40:15
/home/lawrence/git/DISCO-EB/src/discoeb/cmb.py:442:14
/home/lawrence/git/DISCO-EB/src/discoeb/cmb.py:445:9
/home/lawrence/git/DISCO-EB/src/discoeb/cmb.py:609:9
/home/lawrence/git/DISCO-EB/src/discoeb/cmb.py:1056:21
/home/lawrence/git/DISCO-EB/scripts/profile_CMB.py:38:0
'>/home/lawrence/git/DISCO-EB/src/discoeb/spline_interpolation.py:40</div>"
"Total","307.0","loop fusion","loop_add_fusion.5","320.0","259.213","0.8100406250000001","259.213","0.8100406250000001","3.3677563142891886e-05","0.8109103267796557","0.003703517956275341","0.003703517956275341","0.018395572683589365","0.018395572683589365","0.0","0.1875","0.1875","0.0","0.1875","HBM","259.213","3.3677563142891886e-05","94.509","3.918693411500853e-05","2.6094637476011096e-08","3.918693411500853e-05","True","7","<div class='source-info-cell' title='/home/lawrence/git/DISCO-EB/src/discoeb/spline_interpolation.py:39:15
/home/lawrence/git/DISCO-EB/src/discoeb/cmb.py:766:17
/home/lawrence/git/DISCO-EB/src/discoeb/cmb.py:770:15
/home/lawrence/git/DISCO-EB/src/discoeb/cmb.py:1063:24
/home/lawrence/git/DISCO-EB/scripts/profile_CMB.py:38:0
'>/home/lawrence/git/DISCO-EB/src/discoeb/spline_interpolation.py:39</div>"
"Total","308.0","loop fusion","loop_add_fusion.42","317.0","257.626","0.8127003154574132","257.626","0.8127003154574132","3.3471376367121495e-05","0.8109437981560228","0.003691397607384348","0.003691397607384348","0.018335370259405907","0.018335370259405907","0.0","0.1875","0.1875","0.0","0.1875","HBM","257.626","3.3471376367121495e-05","94.50900000000003","3.90586886686384e-05","2.600923864329926e-08","3.90586886686384e-05","True","7","<div class='source-info-cell' title='/home/lawrence/git/DISCO-EB/src/discoeb/spline_interpolation.py:82:25
/home/lawrence/git/DISCO-EB/src/discoeb/cmb.py:766:17
/home/lawrence/git/DISCO-EB/src/discoeb/cmb.py:770:15
/home/lawrence/git/DISCO-EB/src/discoeb/cmb.py:1063:24
/home/lawrence/git/DISCO-EB/scripts/profile_CMB.py:38:0
'>/home/lawrence/git/DISCO-EB/src/discoeb/spline_interpolation.py:82</div>"
"Total","309.0","loop fusion","loop_add_fusion.40","317.0","256.841","0.810223974763407","256.841","0.810223974763407","3.3369387319245156e-05","0.810977167543342","0.0037026798680895963","0.0037026798680895963","0.018391409854539215","0.018391409854539215","0.0","0.1875","0.1875","0.0","0.1875","HBM","256.841","3.3369387319245156e-05","94.50900000000001","3.917806630151198e-05","2.608873238586758e-08","3.917806630151198e-05","True","7","<div class='source-info-cell' title='/home/lawrence/git/DISCO-EB/src/discoeb/spline_interpolation.py:82:25
/home/lawrence/git/DISCO-EB/src/discoeb/cmb.py:442:14
/home/lawrence/git/DISCO-EB/src/discoeb/cmb.py:445:9
/home/lawrence/git/DISCO-EB/src/discoeb/cmb.py:609:9
/home/lawrence/git/DISCO-EB/src/discoeb/cmb.py:1056:21
/home/lawrence/git/DISCO-EB/scripts/profile_CMB.py:38:0
'>/home/lawrence/git/DISCO-EB/src/discoeb/spline_interpolation.py:82</div>"
"Total","310.0","loop fusion","loop_dynamic_update_slice_fusion.2","320.0","254.815","0.796296875","254.815","0.796296875","3.310616463007641e-05","0.8110102737079721","0.0","0.0","0.028069608826194983","0.028069608826194983","0.0","0.0","0.0","0.0","0.0","HBM","254.815","3.310616463007641e-05","0.0","5.979492623719388e-05","0.0","5.979492623719388e-05","True","7","<div class='source-info-cell' title='/home/lawrence/git/DISCO-EB/src/discoeb/spline_interpolation.py:40:15
/home/lawrence/git/DISCO-EB/src/discoeb/cmb.py:442:14
/home/lawrence/git/DISCO-EB/src/discoeb/cmb.py:445:9
/home/lawrence/git/DISCO-EB/src/discoeb/cmb.py:609:9
/home/lawrence/git/DISCO-EB/src/discoeb/cmb.py:1056:21
/home/lawrence/git/DISCO-EB/scripts/profile_CMB.py:38:0
'>/home/lawrence/git/DISCO-EB/src/discoeb/spline_interpolation.py:40</div>"
"Total","311.0","loop fusion","loop_dynamic_update_slice_fusion.1","320.0","254.285","0.794640625","254.285","0.794640625","3.303730578246563e-05","0.8110433110137545","0.0","0.0","2.409641733845943","2.409641733845943","0.0","0.0","0.0","0.0","0.0","HBM","254.285","3.303730578246563e-05","0.0","0.005133108573957768","0.0","0.005133108573957768","True","7","<div class='source-info-cell' title='/home/lawrence/git/DISCO-EB/src/discoeb/spline_interpolation.py:39:15
/home/lawrence/git/DISCO-EB/src/discoeb/cmb.py:442:14
/home/lawrence/git/DISCO-EB/src/discoeb/cmb.py:445:9
/home/lawrence/git/DISCO-EB/src/discoeb/cmb.py:609:9
/home/lawrence/git/DISCO-EB/src/discoeb/cmb.py:1056:21
/home/lawrence/git/DISCO-EB/scripts/profile_CMB.py:38:0
'>/home/lawrence/git/DISCO-EB/src/discoeb/spline_interpolation.py:39</div>"
"Total","312.0","loop fusion","loop_dynamic_update_slice_fusion.31","320.0","254.13","0.79415625","254.13","0.79415625","3.3017167817598325e-05","0.811076328181572","0.0","0.0","0.028145269637771513","0.028145269637771513","0.0","0.0","0.0","0.0","0.0","HBM","254.13","3.3017167817598325e-05","0.0","5.995610171617109e-05","0.0","5.995610171617109e-05","True","7","<div class='source-info-cell' title='/home/lawrence/git/DISCO-EB/src/discoeb/spline_interpolation.py:40:15
/home/lawrence/git/DISCO-EB/src/discoeb/cmb.py:442:14
/home/lawrence/git/DISCO-EB/src/discoeb/cmb.py:445:9
/home/lawrence/git/DISCO-EB/src/discoeb/cmb.py:609:9
/home/lawrence/git/DISCO-EB/src/discoeb/cmb.py:1056:21
/home/lawrence/git/DISCO-EB/scripts/profile_CMB.py:38:0
'>/home/lawrence/git/DISCO-EB/src/discoeb/spline_interpolation.py:40</div>"
"Total","313.0","call","call.596","150.0","239.32","1.5954666666666666","239.32","1.5954666666666666","3.1093017755116e-05","0.8111074211993272","14.793790740431222","14.793790740431222","0.1844588418718606","0.1354254788426318","0.0","74.69303797468355","101.73706896551724","0.0","101.73706896551724","HBM","239.32","3.109301775511601e-05","51280.36613793105","0.0002884883992567392","0.00010423565129835762","0.0002884883992567392","True","7",""
"Total","314.0","call","call.593","20.0","193.283","9.66415","193.283","9.66415","2.5111782344819015e-05","0.811132532981672","158239.4114329765","158239.4114329765","17525.848055266033","10546.846657518508","0.0","8.408833375519107","13.973080376241267","0.0","13.973080376241267","HBM","193.283","2.511178234481902e-05","7043.103217483658","22.467285590841005","1.1149399367064656","22.467285590841005","True","7",""
"Total","315.0","loop fusion","loop_dynamic_update_slice_fusion.48","30.0","168.405","5.6135","168.405","5.6135","2.1879574022439877e-05","0.8111544125556944","5.251981829518126","5.251981829518126","0.006636305867038236","0.006636305867038236","0.0","737.05","737.05","0.0","737.05","Compute","168.405","2.1879574022439877e-05","141926.4","3.700496757134773e-05","3.700496757134773e-05","1.4136905942083961e-05","True","7","<div class='source-info-cell' title='/home/lawrence/git/DISCO-EB/src/discoeb/thermodynamics_recfast.py:434:14
/home/lawrence/git/DISCO-EB/src/discoeb/thermodynamics_recfast.py:446:16
/home/lawrence/git/DISCO-EB/src/discoeb/thermodynamics_recfast.py:443:14
/home/lawrence/git/DISCO-EB/src/discoeb/thermodynamics_recfast.py:440:14
/home/lawrence/git/DISCO-EB/src/discoeb/thermodynamics_recfast.py:452:12
/home/lawrence/git/DISCO-EB/src/discoeb/thermodynamics_recfast.py:461:11
/home/lawrence/git/DISCO-EB/src/discoeb/background.py:237:82
/home/lawrence/git/DISCO-EB/src/discoeb/cmb.py:987:12
/home/lawrence/git/DISCO-EB/scripts/profile_CMB.py:38:0
'>/home/lawrence/git/DISCO-EB/src/discoeb/thermodynamics_recfast.py:434</div>"
"Total","316.0","loop fusion","loop_dynamic_update_slice_fusion.56","125.0","140.471","1.123768","140.471","1.123768","1.8250322986289908e-05","0.8111726628786807","56.14504061336503","56.14504061336503","8.513747329542051","8.513747329542051","0.0","6.141730750511049","6.141730750511049","0.0","6.141730750511049","HBM","140.471","1.8250322986289908e-05","3095.7271013335926","0.018136301675034144","0.0003955926495237323","0.018136301675034144","True","7","<div class='source-info-cell' title='/home/lawrence/git/DISCO-EB/src/discoeb/spline_interpolation.py:79:24
/home/lawrence/git/DISCO-EB/src/discoeb/spline_interpolation.py:82:25
/home/lawrence/git/DISCO-EB/src/discoeb/cmb.py:735:18
/home/lawrence/git/DISCO-EB/src/discoeb/cmb.py:739:12
/home/lawrence/git/DISCO-EB/src/discoeb/cmb.py:1063:24
/home/lawrence/git/DISCO-EB/scripts/profile_CMB.py:38:0
'>/home/lawrence/git/DISCO-EB/src/discoeb/spline_interpolation.py:79</div>"
"Total","317.0","call","call.592","5.0","139.892","27.9784","139.892","27.9784","1.817509794333398e-05","0.8111908379766241","41242.778143138996","41242.778143138996","2105.5484993683513","1200.1864782746006","0.0","18.242434375691655","32.00363528489526","0.0","32.00363528489526","HBM","139.892","1.8175097943333983e-05","16131.368358080888","2.5566819396619094","0.2905927166696189","2.5566819396619094","True","7",""
"Total","318.0","call","call.584","22.0","128.233","5.828772727272727","128.233","5.828772727272727","1.666033321825084e-05","0.8112074983098423","8943.379067790662","8943.379067790662","57.64103305412045","56.79228053831046","0.0","144.50072071672506","146.66026333558406","0.0","146.66026333558406","HBM","128.233","1.666033321825084e-05","73923.81241377447","0.12098103135876974","0.06301420361392004","0.12098103135876974","True","7",""
"Total","319.0","loop fusion","loop_select_fusion.3","128.0","126.907","0.9914609375","126.907","0.9914609375","1.648805617686991e-05","0.8112239863660191","1.9365362036767082","1.9365362036767082","7.22167428168979","7.22167428168979","0.0","0.2497398543184183","0.2497398543184183","0.0","0.2497398543184183","HBM","126.907","1.648805617686991e-05","125.88087408949013","0.015383879542336215","1.3644651056298957e-05","0.015383879542336215","True","7","<div class='source-info-cell' title='/home/lawrence/git/DISCO-EB/src/discoeb/spline_interpolation.py:34:17
/home/lawrence/git/DISCO-EB/src/discoeb/spline_interpolation.py:39:40
/home/lawrence/git/DISCO-EB/src/discoeb/spline_interpolation.py:39:15
/home/lawrence/git/DISCO-EB/src/discoeb/background.py:166:43
/home/lawrence/git/DISCO-EB/src/discoeb/background.py:233:12
/home/lawrence/git/DISCO-EB/src/discoeb/cmb.py:987:12
/home/lawrence/git/DISCO-EB/scripts/profile_CMB.py:38:0
'>/home/lawrence/git/DISCO-EB/src/discoeb/spline_interpolation.py:34</div>"
"Total","320.0","loop fusion","loop_select_fusion.4","128.0","124.609","0.9735078125","124.609","0.9735078125","1.6189494607417896e-05","0.8112401758606266","0.1058029516327071","0.1058029516327071","0.030613336642016223","0.030613336642016223","0.0","3.21875","3.21875","0.0","3.21875","HBM","124.609","1.6189494607417896e-05","1622.4044999999999","6.521366997731275e-05","7.454775970693762e-07","6.521366997731275e-05","True","7","<div class='source-info-cell' title='/home/lawrence/git/DISCO-EB/src/discoeb/spline_interpolation.py:34:17
/home/lawrence/git/DISCO-EB/src/discoeb/spline_interpolation.py:39:40
/home/lawrence/git/DISCO-EB/src/discoeb/spline_interpolation.py:39:15
/home/lawrence/git/DISCO-EB/src/discoeb/background.py:166:43
/home/lawrence/git/DISCO-EB/src/discoeb/background.py:233:12
/home/lawrence/git/DISCO-EB/src/discoeb/cmb.py:987:12
/home/lawrence/git/DISCO-EB/scripts/profile_CMB.py:38:0
'>/home/lawrence/git/DISCO-EB/src/discoeb/spline_interpolation.py:34</div>"
"Total","321.0","loop fusion","loop_dynamic_slice_fusion.5","125.0","123.644","0.989152","123.644","0.989152","1.6064119535824687e-05","0.8112562399801624","0.012131603636245996","0.012131603636245996","4.835730750405497","4.835730750405497","0.0","0.002336448598130841","0.002336448598130841","0.0","0.002336448598130841","HBM","123.644","1.6064119535824687e-05","1.1776822429906542","0.010301253762168061","8.547813258312757e-08","0.010301253762168061","True","7",""
"Total","322.0","loop fusion","loop_broadcast_reverse_fusion","1.0","123.609","123.609","123.609","123.609","1.6059572253435295e-05","0.8112722995524159","18538.61747930976","18538.61747930976","323.42327293117813","323.42327293117813","0.0","53.383396946564886","53.383396946564886","0.0","53.383396946564886","HBM","123.609","1.6059572253435295e-05","26907.79446412214","0.6889683026242998","0.13062134655222538","0.6889683026242998","True","7",""
"Total","323.0","call","call.599","42.0","116.727","2.7792142857142856","116.727","2.7792142857142856","1.5165446613327036e-05","0.8112874649990292","0.0","0.0","15875.686948799235","7937.824708641091","0.0","0.0","0.0","0.0","0.0","HBM","116.727","1.5165446613327036e-05","0.0","16.909449856459215","0.0","16.909449856459215","True","7",""
"Total","324.0","loop fusion","loop_and_fusion.1","128.0","110.123","0.8603359375","110.123","0.8603359375","1.430743938762594e-05","0.8113017724384167","0.010461029939249748","0.010461029939249748","0.027062759267087993","0.027062759267087993","0.0","0.36","0.36","0.0","0.36","HBM","110.123","1.430743938762594e-05","181.45728","5.765009780401066e-05","7.370742821102873e-08","5.765009780401066e-05","True","7","<div class='source-info-cell' title='/home/lawrence/git/DISCO-EB/.venv/lib/python3.13/site-packages/equinox/internal/_loop/common.py:479:18
/home/lawrence/git/DISCO-EB/.venv/lib/python3.13/site-packages/equinox/internal/_loop/loop.py:103:29
/home/lawrence/git/DISCO-EB/.venv/lib/python3.13/site-packages/equinox/_module/_prebuilt.py:81:15
/home/lawrence/git/DISCO-EB/.venv/lib/python3.13/site-packages/diffrax/_integrate.py:638:18
/home/lawrence/git/DISCO-EB/.venv/lib/python3.13/site-packages/diffrax/_adjoint.py:904:22
/home/lawrence/git/DISCO-EB/.venv/lib/python3.13/site-packages/equinox/_module/_prebuilt.py:33:15
/home/lawrence/git/DISCO-EB/.venv/lib/python3.13/site-packages/diffrax/_integrate.py:1416:29
/home/lawrence/git/DISCO-EB/.venv/lib/python3.13/site-packages/equinox/_jit.py:55:14
/home/lawrence/git/DISCO-EB/.venv/lib/python3.13/site-packages/equinox/_jit.py:263:37
/home/lawrence/git/DISCO-EB/.venv/lib/python3.13/site-packages/equinox/_jit.py:209:19
'>/home/lawrence/git/DISCO-EB/.venv/lib/python3.13/site-packages/equinox/internal/_loop/common.py:479</div>"
"Total","325.0","loop fusion","loop_concatenate_fusion","12.0","106.995","8.91625","106.995","8.91625","1.3901042264368366e-05","0.8113156734806811","5.954969858404598","5.954969858404598","0.010027418159325494","0.010027418159325494","0.0","553.0833333333334","553.0833333333334","0.0","553.0833333333334","Compute","106.995","1.3901042264368366e-05","141926.4","4.195815477884734e-05","4.195815477884734e-05","2.1360779656709038e-05","True","7","<div class='source-info-cell' title='/home/lawrence/git/DISCO-EB/src/discoeb/thermodynamics_recfast.py:418:13
/home/lawrence/git/DISCO-EB/src/discoeb/thermodynamics_recfast.py:443:14
/home/lawrence/git/DISCO-EB/src/discoeb/thermodynamics_recfast.py:440:14
/home/lawrence/git/DISCO-EB/src/discoeb/thermodynamics_recfast.py:452:12
/home/lawrence/git/DISCO-EB/src/discoeb/thermodynamics_recfast.py:461:11
/home/lawrence/git/DISCO-EB/src/discoeb/background.py:237:82
/home/lawrence/git/DISCO-EB/src/discoeb/cmb.py:987:12
/home/lawrence/git/DISCO-EB/scripts/profile_CMB.py:38:0
'>/home/lawrence/git/DISCO-EB/src/discoeb/thermodynamics_recfast.py:418</div>"
"Total","326.0","loop fusion","loop_dynamic_update_slice_fusion.3","128.0","106.658","0.833265625","106.658","0.833265625","1.385725843107623e-05","0.8113295307391122","0.0","0.0","5.731452275651205","5.731452275651205","0.0","0.0","0.0","0.0","0.0","HBM","106.658","1.385725843107623e-05","0.0","0.01220935311840673","0.0","0.01220935311840673","True","7","<div class='source-info-cell' title='/home/lawrence/git/DISCO-EB/src/discoeb/spline_interpolation.py:39:15
/home/lawrence/git/DISCO-EB/src/discoeb/cmb.py:735:18
/home/lawrence/git/DISCO-EB/src/discoeb/cmb.py:739:12
/home/lawrence/git/DISCO-EB/src/discoeb/cmb.py:1063:24
/home/lawrence/git/DISCO-EB/scripts/profile_CMB.py:38:0
'>/home/lawrence/git/DISCO-EB/src/discoeb/spline_interpolation.py:39</div>"
"Total","327.0","input fusion","input_reduce_fusion.5","125.0","106.183","0.8494640000000001","106.183","0.8494640000000001","1.3795545312934495e-05","0.8113433262844251","0.05650622039309494","0.05650622039309494","0.018638204524809923","0.018638204524809923","0.0","2.823529411764706","2.823529411764706","0.0","2.823529411764706","HBM","106.183","1.3795545312934495e-05","1423.1943529411762","3.9703797500544514e-05","3.981374881142264e-07","3.9703797500544514e-05","True","7",""
"Total","328.0","loop fusion","loop_add_fusion.4","128.0","104.855","0.8191796875","104.855","0.8191796875","1.3623008426845601e-05","0.811356949292852","0.0036622001812026132","0.0036622001812026132","0.018190345074746078","0.018190345074746078","0.0","0.1875","0.1875","0.0","0.1875","HBM","104.855","1.3623008426845601e-05","94.509","3.8749750618487266e-05","2.580351633806405e-08","3.8749750618487266e-05","True","7","<div class='source-info-cell' title='/home/lawrence/git/DISCO-EB/src/discoeb/spline_interpolation.py:40:15
/home/lawrence/git/DISCO-EB/src/discoeb/cmb.py:735:18
/home/lawrence/git/DISCO-EB/src/discoeb/cmb.py:739:12
/home/lawrence/git/DISCO-EB/src/discoeb/cmb.py:1063:24
/home/lawrence/git/DISCO-EB/scripts/profile_CMB.py:38:0
'>/home/lawrence/git/DISCO-EB/src/discoeb/spline_interpolation.py:40</div>"
"Total","329.0","input fusion","input_transpose_fusion.16","1.0","104.735","104.735","104.735","104.735","1.3607417744367688e-05","0.8113705567105963","57381.622112951736","57381.622112951736","557.1392434203448","557.1392434203448","0.0","95.92000684383167","95.92000684383167","0.0","95.92000684383167","HBM","104.735","1.3607417744367688e-05","48348.28760961968","1.1868387682366381","0.404305485892348","1.1868387682366381","True","7","<div class='source-info-cell' title='/home/lawrence/git/DISCO-EB/src/discoeb/spline_interpolation.py:56:16
/home/lawrence/git/DISCO-EB/src/discoeb/cmb.py:766:17
/home/lawrence/git/DISCO-EB/src/discoeb/cmb.py:770:15
/home/lawrence/git/DISCO-EB/src/discoeb/cmb.py:1063:24
/home/lawrence/git/DISCO-EB/scripts/profile_CMB.py:38:0
'>/home/lawrence/git/DISCO-EB/src/discoeb/spline_interpolation.py:56</div>"
"Total","330.0","loop fusion","loop_add_fusion.3","128.0","104.389","0.8155390625","104.389","0.8155390625","1.3562464609889708e-05","0.8113841191752063","0.0036785485060686473","0.0036785485060686473","0.01827154808277213","0.01827154808277213","0.0","0.1875","0.1875","0.0","0.1875","HBM","104.389","1.3562464609889708e-05","94.50900000000001","3.8922732290772804e-05","2.591870508988213e-08","3.8922732290772804e-05","True","7","<div class='source-info-cell' title='/home/lawrence/git/DISCO-EB/src/discoeb/spline_interpolation.py:39:15
/home/lawrence/git/DISCO-EB/src/discoeb/cmb.py:735:18
/home/lawrence/git/DISCO-EB/src/discoeb/cmb.py:739:12
/home/lawrence/git/DISCO-EB/src/discoeb/cmb.py:1063:24
/home/lawrence/git/DISCO-EB/scripts/profile_CMB.py:38:0
'>/home/lawrence/git/DISCO-EB/src/discoeb/spline_interpolation.py:39</div>"
"Total","331.0","call","call.581","6.0","102.804","17.134","102.804","17.134","1.3356537678827286e-05","0.8113974757128851","3422.9202754756625","3422.9202754756625","14.535676602292007","14.499367306164824","0.0","219.31162964624934","219.86082953454894","0.0","219.86082953454894","HBM","102.804","1.3356537678827286e-05","110820.41140523033","0.03088709229709747","0.02411757273823378","0.03088709229709747","True","7",""
"Total","332.0","loop fusion","loop_dynamic_update_slice_fusion.4","128.0","102.287","0.7991171875","102.287","0.7991171875","1.3289367821818282e-05","0.811410765080707","0.0","0.0","0.027970543169892066","0.027970543169892066","0.0","0.0","0.0","0.0","0.0","HBM","102.287","1.3289367821818282e-05","0.0","5.9583892886214505e-05","0.0","5.9583892886214505e-05","True","7","<div class='source-info-cell' title='/home/lawrence/git/DISCO-EB/src/discoeb/spline_interpolation.py:40:15
/home/lawrence/git/DISCO-EB/src/discoeb/cmb.py:735:18
/home/lawrence/git/DISCO-EB/src/discoeb/cmb.py:739:12
/home/lawrence/git/DISCO-EB/src/discoeb/cmb.py:1063:24
/home/lawrence/git/DISCO-EB/scripts/profile_CMB.py:38:0
'>/home/lawrence/git/DISCO-EB/src/discoeb/spline_interpolation.py:40</div>"
"Total","333.0","loop fusion","loop_add_fusion.41","125.0","101.926","0.815408","101.926","0.815408","1.3242465852030562e-05","0.811424007546559","0.003679139768067029","0.003679139768067029","0.01827448491288736","0.01827448491288736","0.0","0.1875","0.1875","0.0","0.1875","HBM","101.926","1.3242465852030564e-05","94.50899999999999","3.8928988435673104e-05","2.5922871066038658e-08","3.8928988435673104e-05","True","7","<div class='source-info-cell' title='/home/lawrence/git/DISCO-EB/src/discoeb/spline_interpolation.py:82:25
/home/lawrence/git/DISCO-EB/src/discoeb/cmb.py:735:18
/home/lawrence/git/DISCO-EB/src/discoeb/cmb.py:739:12
/home/lawrence/git/DISCO-EB/src/discoeb/cmb.py:1063:24
/home/lawrence/git/DISCO-EB/scripts/profile_CMB.py:38:0
'>/home/lawrence/git/DISCO-EB/src/discoeb/spline_interpolation.py:82</div>"
"Total","334.0","while","while.599","128.0","98.874","0.772453125","98.874","0.772453125","1.2845942827675664e-05","0.8114368534893867","1347.5717377672593","1347.5717377672593","9.017196396932388","0.9560952992067635","0.0","139.18117395373713","1312.655737704918","0.0","139.18117395373713","Compute","98.874","1.2845942827675666e-05","141926.4","0.00949486309641659","0.00949486309641659","0.002036709818287338","True","7","<div class='source-info-cell' title='/home/lawrence/git/DISCO-EB/.venv/lib/python3.13/site-packages/equinox/internal/_loop/loop.py:103:29
/home/lawrence/git/DISCO-EB/.venv/lib/python3.13/site-packages/equinox/_module/_prebuilt.py:81:15
/home/lawrence/git/DISCO-EB/.venv/lib/python3.13/site-packages/diffrax/_integrate.py:638:18
/home/lawrence/git/DISCO-EB/.venv/lib/python3.13/site-packages/diffrax/_adjoint.py:904:22
/home/lawrence/git/DISCO-EB/.venv/lib/python3.13/site-packages/equinox/_module/_prebuilt.py:33:15
/home/lawrence/git/DISCO-EB/.venv/lib/python3.13/site-packages/diffrax/_integrate.py:1416:29
/home/lawrence/git/DISCO-EB/.venv/lib/python3.13/site-packages/equinox/_jit.py:55:14
/home/lawrence/git/DISCO-EB/.venv/lib/python3.13/site-packages/equinox/_jit.py:263:37
/home/lawrence/git/DISCO-EB/.venv/lib/python3.13/site-packages/equinox/_jit.py:209:19
/home/lawrence/git/DISCO-EB/src/discoeb/thermodynamics_recfast.py:284:7
'>/home/lawrence/git/DISCO-EB/.venv/lib/python3.13/site-packages/equinox/internal/_loop/loop.py:103</div>"
"Total","335.0","call","call.573","7.0","98.773","14.11042857142857","98.773","14.11042857142857","1.2832820669923421e-05","0.8114496863100565","71196.47223431505","71196.47223431505","67.00645900543371","68.6211424539242","0.0","989.5595560336167","966.2748163851046","0.0","989.5595560336167","Compute","98.773","1.2832820669923423e-05","141926.4","0.5016436141148867","0.5016436141148867","0.14617931360394326","True","7",""
"Total","336.0","loop fusion","loop_concatenate_fusion.1","105.0","97.557","0.9291142857142858","97.557","0.9291142857142858","1.267483508748058e-05","0.811462361145144","0.45957747778221963","0.45957747778221963","0.06415211313812454","0.06415211313812454","0.0","6.671875","6.671875","0.0","6.671875","HBM","97.557","1.267483508748058e-05","3362.9452499999998","0.00013665922089639123","3.2381394707554032e-06","0.00013665922089639123","True","7","<div class='source-info-cell' title='/home/lawrence/git/DISCO-EB/src/discoeb/thermodynamics_recfast.py:405:13
/home/lawrence/git/DISCO-EB/src/discoeb/thermodynamics_recfast.py:440:14
/home/lawrence/git/DISCO-EB/src/discoeb/thermodynamics_recfast.py:452:12
/home/lawrence/git/DISCO-EB/src/discoeb/thermodynamics_recfast.py:461:11
/home/lawrence/git/DISCO-EB/src/discoeb/background.py:237:82
/home/lawrence/git/DISCO-EB/src/discoeb/cmb.py:987:12
/home/lawrence/git/DISCO-EB/scripts/profile_CMB.py:38:0
'>/home/lawrence/git/DISCO-EB/src/discoeb/thermodynamics_recfast.py:405</div>"
"Total","337.0","input fusion","input_transpose_fusion.17","1.0","84.869","84.869","84.869","84.869","1.1026380260149341e-05","0.8114733875254042","64858.58591476275","64858.58591476275","458.8577569210173","458.8577569210173","0.0","131.64050146035424","131.64050146035424","0.0","131.64050146035424","HBM","84.869","1.1026380260149343e-05","66353.13148008865","0.977475884981037","0.45698746614275254","0.977475884981037","True","7","<div class='source-info-cell' title='/home/lawrence/git/DISCO-EB/src/discoeb/spline_interpolation.py:56:21
/home/lawrence/git/DISCO-EB/src/discoeb/cmb.py:766:17
/home/lawrence/git/DISCO-EB/src/discoeb/cmb.py:770:15
/home/lawrence/git/DISCO-EB/src/discoeb/cmb.py:1063:24
/home/lawrence/git/DISCO-EB/scripts/profile_CMB.py:38:0
'>/home/lawrence/git/DISCO-EB/src/discoeb/spline_interpolation.py:56</div>"
"Total","338.0","call","call.590","5.0","77.662","15.5324","77.662","15.5324","1.0090029854996738e-05","0.8114834775552592","13742.72926270248","13742.72926270248","1525.744826115027","103.70344383293973","0.0","8.38863339407361","123.41840855161823","0.0","123.41840855161823","HBM","77.662","1.0090029854996738e-05","62208.80199362607","0.2209129387206422","0.0968299714690324","0.2209129387206422","True","7",""
"Total","339.0","call","call.567","101.0","76.317","0.7556138613861385","76.317","0.7556138613861385","9.915284288890139e-06","0.811493392839548","78.84847412765177","78.84847412765177","4.105583095515548","8.039843450029396","0.0","17.886220354247975","9.133680821707804","0.0","9.133680821707804","HBM","76.317","9.91528428889014e-06","4603.813550820175","0.017126773979281768","0.000555558896214177","0.017126773979281768","True","7",""
"Total","340.0","loop fusion","loop_dynamic_update_slice_fusion.49","30.0","69.09","2.303","69.09","2.303","8.976335436657885e-06","0.8115023691749846","4.456795484151107","4.456795484151107","0.012940652361135611","0.012940652361135611","0.0","320.75","320.75","0.0","320.75","Compute","69.09","8.976335436657885e-06","141926.4","3.1402159740197085e-05","3.1402159740197085e-05","2.756665966335678e-05","True","7","<div class='source-info-cell' title='/home/lawrence/git/DISCO-EB/src/discoeb/thermodynamics_recfast.py:433:14
/home/lawrence/git/DISCO-EB/src/discoeb/thermodynamics_recfast.py:446:16
/home/lawrence/git/DISCO-EB/src/discoeb/thermodynamics_recfast.py:443:14
/home/lawrence/git/DISCO-EB/src/discoeb/thermodynamics_recfast.py:440:14
/home/lawrence/git/DISCO-EB/src/discoeb/thermodynamics_recfast.py:452:12
/home/lawrence/git/DISCO-EB/src/discoeb/thermodynamics_recfast.py:461:11
/home/lawrence/git/DISCO-EB/src/discoeb/background.py:237:82
/home/lawrence/git/DISCO-EB/src/discoeb/cmb.py:987:12
/home/lawrence/git/DISCO-EB/scripts/profile_CMB.py:38:0
'>/home/lawrence/git/DISCO-EB/src/discoeb/thermodynamics_recfast.py:433</div>"
"Total","341.0","loop fusion","loop_add_fusion.67","48.0","64.895","1.3519791666666665","64.895","1.3519791666666665","8.431311161700873e-06","0.8115108004861463","0.002218969103937129","0.002218969103937129","0.011021738767311618","0.011021738767311618","0.0","0.1875","0.1875","0.0","0.1875","HBM","64.895","8.431311161700875e-06","94.509","2.3478918451545664e-05","1.563464657693797e-08","2.3478918451545664e-05","True","7","<div class='source-info-cell' title='/home/lawrence/git/DISCO-EB/.venv/lib/python3.13/site-packages/equinox/internal/_loop/bounded.py:78:15
/home/lawrence/git/DISCO-EB/.venv/lib/python3.13/site-packages/equinox/internal/_loop/bounded.py:69:19
/home/lawrence/git/DISCO-EB/.venv/lib/python3.13/site-packages/equinox/internal/_loop/bounded.py:72:19
/home/lawrence/git/DISCO-EB/.venv/lib/python3.13/site-packages/equinox/internal/_loop/bounded.py:78:15
/home/lawrence/git/DISCO-EB/.venv/lib/python3.13/site-packages/equinox/internal/_loop/bounded.py:59:19
/home/lawrence/git/DISCO-EB/.venv/lib/python3.13/site-packages/equinox/internal/_loop/loop.py:119:15
/home/lawrence/git/DISCO-EB/.venv/lib/python3.13/site-packages/diffrax/_integrate.py:638:18
/home/lawrence/git/DISCO-EB/.venv/lib/python3.13/site-packages/diffrax/_adjoint.py:393:22
/home/lawrence/git/DISCO-EB/.venv/lib/python3.13/site-packages/equinox/_module/_prebuilt.py:33:15
/home/lawrence/git/DISCO-EB/.venv/lib/python3.13/site-packages/diffrax/_integrate.py:1416:29
'>/home/lawrence/git/DISCO-EB/.venv/lib/python3.13/site-packages/equinox/internal/_loop/bounded.py:78</div>"
"Total","342.0","call","call.583","11.0","59.781","5.434636363636364","59.781","5.434636363636364","7.766888243433854e-06","0.8115185673743898","3668.1703551295564","3668.1703551295564","27.071340180470717","24.15465741471722","0.0","126.19433823715595","141.43234576309666","0.0","141.43234576309666","HBM","59.781","7.766888243433854e-06","71288.69101719734","0.0514551509193045","0.025845581619272782","0.0514551509193045","True","7",""
"Total","343.0","conditional","conditional.10","48.0","56.965","1.1867708333333333","56.965","1.1867708333333333","7.401026894618851e-06","0.8115259684012844","1569014.6300359871","1569014.6300359871","300514.88950842037","140408.40526946777","0.0","4.862516952969559","10.407202774293049","0.0","10.407202774293049","HBM","56.965","7.401026894618851e-06","5245.7297439768645","299.10321473147303","11.055128785313988","299.10321473147303","True","7","<div class='source-info-cell' title='/home/lawrence/git/DISCO-EB/.venv/lib/python3.13/site-packages/equinox/internal/_loop/bounded.py:72:19
/home/lawrence/git/DISCO-EB/.venv/lib/python3.13/site-packages/equinox/internal/_loop/bounded.py:78:15
/home/lawrence/git/DISCO-EB/.venv/lib/python3.13/site-packages/equinox/internal/_loop/bounded.py:69:19
/home/lawrence/git/DISCO-EB/.venv/lib/python3.13/site-packages/equinox/internal/_loop/bounded.py:72:19
/home/lawrence/git/DISCO-EB/.venv/lib/python3.13/site-packages/equinox/internal/_loop/bounded.py:78:15
/home/lawrence/git/DISCO-EB/.venv/lib/python3.13/site-packages/equinox/internal/_loop/bounded.py:59:19
/home/lawrence/git/DISCO-EB/.venv/lib/python3.13/site-packages/equinox/internal/_loop/loop.py:119:15
/home/lawrence/git/DISCO-EB/.venv/lib/python3.13/site-packages/diffrax/_integrate.py:638:18
/home/lawrence/git/DISCO-EB/.venv/lib/python3.13/site-packages/diffrax/_adjoint.py:393:22
/home/lawrence/git/DISCO-EB/.venv/lib/python3.13/site-packages/equinox/_module/_prebuilt.py:33:15
'>/home/lawrence/git/DISCO-EB/.venv/lib/python3.13/site-packages/equinox/internal/_loop/bounded.py:72</div>"
"Total","344.0","input fusion","input_reduce_fusion.22","48.0","54.856","1.1428333333333334","54.856","1.1428333333333334","7.127020650069546e-06","0.8115330954219345","0.060376257838704976","0.060376257838704976","0.10594014994896794","0.10594014994896794","0.0","0.5307692307692308","0.5307692307692308","0.0","0.5307692307692308","HBM","54.856","7.127020650069546e-06","267.53316923076926","0.0002256776534001491","4.254054061732347e-07","0.0002256776534001491","True","7","<div class='source-info-cell' title='/home/lawrence/git/DISCO-EB/.venv/lib/python3.13/site-packages/equinox/_unvmap.py:50:23
/home/lawrence/git/DISCO-EB/.venv/lib/python3.13/site-packages/equinox/internal/_loop/common.py:475:14
/home/lawrence/git/DISCO-EB/.venv/lib/python3.13/site-packages/equinox/internal/_loop/bounded.py:72:28
/home/lawrence/git/DISCO-EB/.venv/lib/python3.13/site-packages/equinox/internal/_loop/bounded.py:78:15
/home/lawrence/git/DISCO-EB/.venv/lib/python3.13/site-packages/equinox/internal/_loop/bounded.py:69:19
/home/lawrence/git/DISCO-EB/.venv/lib/python3.13/site-packages/equinox/internal/_loop/bounded.py:72:19
/home/lawrence/git/DISCO-EB/.venv/lib/python3.13/site-packages/equinox/internal/_loop/bounded.py:78:15
/home/lawrence/git/DISCO-EB/.venv/lib/python3.13/site-packages/equinox/internal/_loop/bounded.py:59:19
/home/lawrence/git/DISCO-EB/.venv/lib/python3.13/site-packages/equinox/internal/_loop/loop.py:119:15
/home/lawrence/git/DISCO-EB/.venv/lib/python3.13/site-packages/diffrax/_integrate.py:638:18
'>/home/lawrence/git/DISCO-EB/.venv/lib/python3.13/site-packages/equinox/_unvmap.py:50</div>"
"Total","345.0","call","call.576","13.0","46.348","3.565230769230769","46.348","3.565230769230769","6.021641262385579e-06","0.8115391170631969","5077.5983861223785","5077.5983861223785","287.10254838800597","200.7754481804837","0.0","16.47105547609429","23.553089009050268","0.0","23.553089009050268","HBM","46.348","6.021641262385579e-06","11871.88740883377","0.4276993380466345","0.0357762783113105","0.4276993380466345","True","7",""
"Total","346.0","call","call.582","45.0","42.029","0.9339777777777779","42.029","0.9339777777777779","5.460506615534726e-06","0.8115445775698125","11124.962763805943","11124.962763805943","224.09709856992285","146.7575937060683","0.0","46.2341057952442","70.59892917323477","0.0","70.59892917323477","HBM","42.029","5.460506615534726e-06","35585.24905191064","0.31262849242890495","0.07838543614018212","0.31262849242890495","True","7",""
"Total","347.0","loop fusion","loop_convert_fusion.4","48.0","39.759","0.8283125","39.759","0.8283125","5.165582871994222e-06","0.8115497431526845","0.010865464423149476","0.010865464423149476","0.01461669776805399","0.01461669776805399","0.0","0.6923076923076923","0.6923076923076923","0.0","0.6923076923076923","HBM","39.759","5.165582871994223e-06","348.95630769230775","3.113703401725038e-05","7.65570353588161e-08","3.113703401725038e-05","True","7","<div class='source-info-cell' title='/home/lawrence/git/DISCO-EB/.venv/lib/python3.13/site-packages/equinox/internal/_loop/bounded.py:72:19
/home/lawrence/git/DISCO-EB/.venv/lib/python3.13/site-packages/equinox/internal/_loop/bounded.py:78:15
/home/lawrence/git/DISCO-EB/.venv/lib/python3.13/site-packages/equinox/internal/_loop/bounded.py:69:19
/home/lawrence/git/DISCO-EB/.venv/lib/python3.13/site-packages/equinox/internal/_loop/bounded.py:72:19
/home/lawrence/git/DISCO-EB/.venv/lib/python3.13/site-packages/equinox/internal/_loop/bounded.py:78:15
/home/lawrence/git/DISCO-EB/.venv/lib/python3.13/site-packages/equinox/internal/_loop/bounded.py:59:19
/home/lawrence/git/DISCO-EB/.venv/lib/python3.13/site-packages/equinox/internal/_loop/loop.py:119:15
/home/lawrence/git/DISCO-EB/.venv/lib/python3.13/site-packages/diffrax/_integrate.py:638:18
/home/lawrence/git/DISCO-EB/.venv/lib/python3.13/site-packages/diffrax/_adjoint.py:393:22
/home/lawrence/git/DISCO-EB/.venv/lib/python3.13/site-packages/equinox/_module/_prebuilt.py:33:15
'>/home/lawrence/git/DISCO-EB/.venv/lib/python3.13/site-packages/equinox/internal/_loop/bounded.py:72</div>"
"Total","348.0","call","call.585","5.0","39.535","7.906999999999999","39.535","7.906999999999999","5.1364802647021194e-06","0.8115548796329491","1249.2280257999241","1249.2280257999241","8.83242914193316","8.632666515583363","0.0","131.7230223502427","134.7711346395241","0.0","134.7711346395241","HBM","39.535","5.13648026470212e-06","67931.12087278285","0.01838962775455156","0.008801942597007492","0.01838962775455156","True","7",""
"Total","349.0","data formatting","copy.1667","37.0","34.322","0.9276216216216217","34.322","0.9276216216216217","4.459195033390822e-06","0.8115593388279826","0.0","0.0","0.0160638355623904","0.0160638355623904","0.0","0.0","0.0","0.0","0.0","HBM","34.322","4.459195033390822e-06","0.0","3.421978084864365e-05","0.0","3.421978084864365e-05","True","7",""
"Total","350.0","call","call.571","13.0","33.425","2.571153846153846","33.425","2.571153846153846","4.342654681868429e-06","0.8115636814826644","91583.19964098728","91583.19964098728","166.94271305914504","108.83108216073856","0.0","510.9147905781882","783.7237266022313","0.0","510.9147905781882","Compute","33.425","4.34265468186843e-06","141926.4","0.6452865685382514","0.6452865685382514","0.23183602487692698","True","7",""
"Total","351.0","loop fusion","loop_pad_fusion.9","1.0","32.886","32.886","32.886","32.886","4.272626533071808e-06","0.8115679541091975","502.191570881226","502.191570881226","592.0520067606457","592.0520067606457","0.0","0.7899683497439395","0.7899683497439395","0.0","0.7899683497439395","HBM","32.886","4.272626533071808e-06","398.1819667517332","1.261211237108442","0.0035383943429920443","1.261211237108442","True","7","<div class='source-info-cell' title='/home/lawrence/git/DISCO-EB/src/discoeb/spline_interpolation.py:62:17
/home/lawrence/git/DISCO-EB/src/discoeb/cmb.py:766:17
/home/lawrence/git/DISCO-EB/src/discoeb/cmb.py:770:15
/home/lawrence/git/DISCO-EB/src/discoeb/cmb.py:1063:24
/home/lawrence/git/DISCO-EB/scripts/profile_CMB.py:38:0
'>/home/lawrence/git/DISCO-EB/src/discoeb/spline_interpolation.py:62</div>"
"Total","352.0","loop fusion","loop_pad_fusion.11","1.0","32.373","32.373","32.373","32.373","4.2059763654787335e-06","0.811572160085563","0.0","0.0","601.4337516989466","601.4337516989466","0.0","0.0","0.0","0.0","0.0","HBM","32.373","4.2059763654787335e-06","0.0","1.2811965796201752","0.0","1.2811965796201752","True","7","<div class='source-info-cell' title='/home/lawrence/git/DISCO-EB/src/discoeb/spline_interpolation.py:75:25
/home/lawrence/git/DISCO-EB/src/discoeb/cmb.py:766:17
/home/lawrence/git/DISCO-EB/src/discoeb/cmb.py:770:15
/home/lawrence/git/DISCO-EB/src/discoeb/cmb.py:1063:24
/home/lawrence/git/DISCO-EB/scripts/profile_CMB.py:38:0
'>/home/lawrence/git/DISCO-EB/src/discoeb/spline_interpolation.py:75</div>"
"Total","353.0","call","call.570","11.0","32.211","2.928272727272727","32.211","2.928272727272727","4.184928944133552e-06","0.8115763450145072","361.93213498494305","361.93213498494305","4.081153768964764","4.009911683222237","0.0","82.59320448877806","84.0605964467005","0.0","84.0605964467005","HBM","32.211","4.184928944133552e-06","42370.575517766505","0.00854206322576809","0.002550139614511064","0.00854206322576809","True","7",""
"Total","354.0","call","call.568","13.0","30.131","2.3177692307692306","30.131","2.3177692307692306","3.914690447849742e-06","0.811580259704955","5863.60963791444","5863.60963791444","46.519332329128844","151.10786818654074","0.0","117.39016342466226","36.13916396319736","0.0","36.13916396319736","HBM","30.131","3.914690447849743e-06","18215.873317321704","0.3218956091629524","0.041314439300330595","0.3218956091629524","True","7",""
"Total","355.0","loop fusion","loop_minimum_multiply_select_fusion.1","30.0","29.713","0.9904333333333334","29.713","0.9904333333333334","3.8603829038850154e-06","0.8115841200878589","0.403863628714704","0.403863628714704","0.05265782402833789","0.05265782402833789","0.0","7.142857142857143","7.142857142857143","0.0","7.142857142857143","HBM","29.713","3.8603829038850154e-06","3600.342857142857","0.00011217365810410627","2.845584956108969e-06","0.00011217365810410627","True","7","<div class='source-info-cell' title='/home/lawrence/git/DISCO-EB/.venv/lib/python3.13/site-packages/diffrax/_integrate.py:1238:12
/home/lawrence/git/DISCO-EB/.venv/lib/python3.13/site-packages/equinox/_jit.py:55:14
/home/lawrence/git/DISCO-EB/.venv/lib/python3.13/site-packages/equinox/_jit.py:263:37
/home/lawrence/git/DISCO-EB/.venv/lib/python3.13/site-packages/equinox/_jit.py:209:19
/home/lawrence/git/DISCO-EB/src/discoeb/thermodynamics_recfast.py:284:7
/home/lawrence/git/DISCO-EB/src/discoeb/thermodynamics_recfast.py:432:14
/home/lawrence/git/DISCO-EB/src/discoeb/thermodynamics_recfast.py:446:16
/home/lawrence/git/DISCO-EB/src/discoeb/thermodynamics_recfast.py:443:14
/home/lawrence/git/DISCO-EB/src/discoeb/thermodynamics_recfast.py:440:14
/home/lawrence/git/DISCO-EB/src/discoeb/thermodynamics_recfast.py:452:12
'>/home/lawrence/git/DISCO-EB/.venv/lib/python3.13/site-packages/diffrax/_integrate.py:1238</div>"
"Total","356.0","call","call.569","18.0","26.26","1.458888888888889","26.26","1.458888888888889","3.4117610155830956e-06","0.8115875318488744","22234.630921553693","22234.630921553693","110.34236095919466","73.62285826102703","0.0","187.66694436730538","281.26609322974474","0.0","281.26609322974474","HBM","26.26","3.4117610155830956e-06","141771.6117602664","0.1568341549163743","0.1566631079316723","0.1568341549163743","True","7",""
"Total","357.0","input fusion","input_concatenate_fusion.22","1.0","26.199","26.199","26.199","26.199","3.4038357519901566e-06","0.8115909356846265","40023.51234779954","40023.51234779954","1486.3326725256688","1486.3326725256688","0.0","25.078369905956112","25.078369905956112","0.0","25.078369905956112","HBM","26.199","3.4038357519901566e-06","12640.702194357369","3.166241220813308","0.28200188511650787","3.166241220813308","True","7","<div class='source-info-cell' title='/home/lawrence/git/DISCO-EB/src/discoeb/spline_interpolation.py:85:21
/home/lawrence/git/DISCO-EB/src/discoeb/cmb.py:766:17
/home/lawrence/git/DISCO-EB/src/discoeb/cmb.py:770:15
/home/lawrence/git/DISCO-EB/src/discoeb/cmb.py:1063:24
/home/lawrence/git/DISCO-EB/scripts/profile_CMB.py:38:0
'>/home/lawrence/git/DISCO-EB/src/discoeb/spline_interpolation.py:85</div>"
"Total","358.0","call","call.588","13.0","25.749","1.9806923076923075","25.749","1.9806923076923075","3.3453706926979862e-06","0.8115942810553192","13084.229135112044","13084.229135112044","217.24769169022503","136.28856428081843","0.0","56.090989368701734","89.4105681520224","0.0","89.4105681520224","HBM","25.749","3.3453706926979862e-06","45067.2180558906","0.29032697600472024","0.09219024180921974","0.29032697600472024","True","7",""
"Total","359.0","call","call.572","10.0","23.51","2.351","23.51","2.351","3.0544745421309436e-06","0.8115973355298614","29018.32752020417","29018.32752020417","99.10444765078772","79.56687666821206","0.0","272.69637375287795","339.65670928426334","0.0","272.69637375287795","Compute","23.51","3.054474542130943e-06","141926.4","0.20446039299386282","0.20446039299386282","0.16949632432567743","True","7",""
"Total","360.0","conditional","conditional.4.clone","30.0","22.165","0.7388333333333333","22.165","0.7388333333333333","2.8797289760243452e-06","0.8116002152588374","0.0","0.0","0.007563188063649273","0.007563188063649273","0.0","0.0","0.0","0.0","0.0","HBM","22.165","2.8797289760243452e-06","0.0","1.6111384921114255e-05","0.0","1.6111384921114255e-05","True","7","<div class='source-info-cell' title='/home/lawrence/git/DISCO-EB/.venv/lib/python3.13/site-packages/equinox/_errors.py:118:15
/home/lawrence/git/DISCO-EB/.venv/lib/python3.13/site-packages/equinox/_ad.py:776:19
/home/lawrence/git/DISCO-EB/.venv/lib/python3.13/site-packages/equinox/_ad.py:819:15
/home/lawrence/git/DISCO-EB/.venv/lib/python3.13/site-packages/equinox/_errors.py:336:16
/home/lawrence/git/DISCO-EB/.venv/lib/python3.13/site-packages/equinox/_jit.py:55:14
/home/lawrence/git/DISCO-EB/.venv/lib/python3.13/site-packages/equinox/_jit.py:263:37
/home/lawrence/git/DISCO-EB/.venv/lib/python3.13/site-packages/equinox/_jit.py:209:19
/home/lawrence/git/DISCO-EB/.venv/lib/python3.13/site-packages/equinox/_errors.py:267:15
/home/lawrence/git/DISCO-EB/.venv/lib/python3.13/site-packages/equinox/_errors.py:246:11
/home/lawrence/git/DISCO-EB/.venv/lib/python3.13/site-packages/diffrax/_integrate.py:1021:14
'>/home/lawrence/git/DISCO-EB/.venv/lib/python3.13/site-packages/equinox/_errors.py:118</div>"
"Total","361.0","call","call.575","13.0","18.904","1.4541538461538461","18.904","1.4541538461538461","2.4560521796870843e-06","0.811602671311017","18947.95387219636","18947.95387219636","251.79683279294963","193.9149180106374","0.0","70.08291958326551","91.00206092953206","0.0","91.00206092953206","HBM","18.904","2.4560521796870843e-06","45869.406807408785","0.413084781142971","0.13350549208742252","0.413084781142971","True","7",""
"Total","362.0","conditional","conditional.41","16.0","17.627","1.1016875","17.627","1.1016875","2.290141333651303e-06","0.8116049614523507","1690189.757077211","1690189.757077211","403824.9951953036","191301.54530311012","0.0","3.898005063774133","8.228432622725222","0.0","8.228432622725222","HBM","17.627","2.2901413336513033e-06","4147.525006619403","407.5176772604595","11.908917277386104","407.5176772604595","True","7","<div class='source-info-cell' title='/home/lawrence/git/DISCO-EB/.venv/lib/python3.13/site-packages/equinox/internal/_loop/bounded.py:72:19
/home/lawrence/git/DISCO-EB/.venv/lib/python3.13/site-packages/equinox/internal/_loop/bounded.py:78:15
/home/lawrence/git/DISCO-EB/.venv/lib/python3.13/site-packages/equinox/internal/_loop/bounded.py:59:19
/home/lawrence/git/DISCO-EB/.venv/lib/python3.13/site-packages/equinox/internal/_loop/loop.py:119:15
/home/lawrence/git/DISCO-EB/.venv/lib/python3.13/site-packages/diffrax/_integrate.py:638:18
/home/lawrence/git/DISCO-EB/.venv/lib/python3.13/site-packages/diffrax/_adjoint.py:393:22
/home/lawrence/git/DISCO-EB/.venv/lib/python3.13/site-packages/equinox/_module/_prebuilt.py:33:15
/home/lawrence/git/DISCO-EB/.venv/lib/python3.13/site-packages/diffrax/_integrate.py:1416:29
/home/lawrence/git/DISCO-EB/.venv/lib/python3.13/site-packages/equinox/_jit.py:55:14
/home/lawrence/git/DISCO-EB/.venv/lib/python3.13/site-packages/equinox/_jit.py:263:37
'>/home/lawrence/git/DISCO-EB/.venv/lib/python3.13/site-packages/equinox/internal/_loop/bounded.py:72</div>"
"Total","363.0","call","call.589","5.0","17.464","3.4928","17.464","3.4928","2.268963989952139e-06","0.8116072304163406","3556.5288593678424","3556.5288593678424","237.42752901414528","115.0842515416392","0.0","13.95068056241858","28.78131081907657","0.0","28.78131081907657","HBM","17.464","2.2689639899521395e-06","14507.162155733908","0.24515675920546157","0.025058966192109733","0.24515675920546157","True","7",""
"Total","364.0","call","call.587","9.0","17.177","1.9085555555555556","17.177","1.9085555555555556","2.231676274359133e-06","0.811609462092615","19511.945508528846","19511.945508528846","296.65603344547475","291.1770785167885","0.0","61.255842720286346","62.40846779329253","0.0","62.40846779329253","HBM","17.177","2.231676274359133e-06","31456.86337427352","0.6202762582008216","0.1374793238504524","0.6202762582008216","True","7",""
"Total","365.0","call","call.586","9.0","16.953","1.8836666666666666","16.953","1.8836666666666666","2.20257366706703e-06","0.8116116646662821","1168.2980003539196","1168.2980003539196","33.430706355618575","36.87978065070842","0.0","32.546793658305724","29.502949377949378","0.0","29.502949377949378","HBM","16.953","2.20257366706703e-06","14870.90262805663","0.07856268241241224","0.008231717286945344","0.07856268241241224","True","7",""
"Total","366.0","input fusion","input_reduce_fusion.23","16.0","16.507","1.0316875","16.507","1.0316875","2.1446282971907906e-06","0.8116138092945793","0.043617859090083","0.043617859090083","0.1164505842373749","0.1164505842373749","0.0","0.3488372093023256","0.3488372093023256","0.0","0.3488372093023256","HBM","16.507","2.1446282971907906e-06","175.83069767441864","0.0002480673720060482","3.0732731253722353e-07","0.0002480673720060482","True","7","<div class='source-info-cell' title='/home/lawrence/git/DISCO-EB/.venv/lib/python3.13/site-packages/equinox/_unvmap.py:50:23
/home/lawrence/git/DISCO-EB/.venv/lib/python3.13/site-packages/equinox/internal/_loop/common.py:475:14
/home/lawrence/git/DISCO-EB/.venv/lib/python3.13/site-packages/equinox/internal/_loop/bounded.py:72:28
/home/lawrence/git/DISCO-EB/.venv/lib/python3.13/site-packages/equinox/internal/_loop/bounded.py:78:15
/home/lawrence/git/DISCO-EB/.venv/lib/python3.13/site-packages/equinox/internal/_loop/bounded.py:59:19
/home/lawrence/git/DISCO-EB/.venv/lib/python3.13/site-packages/equinox/internal/_loop/loop.py:119:15
/home/lawrence/git/DISCO-EB/.venv/lib/python3.13/site-packages/diffrax/_integrate.py:638:18
/home/lawrence/git/DISCO-EB/.venv/lib/python3.13/site-packages/diffrax/_adjoint.py:393:22
/home/lawrence/git/DISCO-EB/.venv/lib/python3.13/site-packages/equinox/_module/_prebuilt.py:33:15
/home/lawrence/git/DISCO-EB/.venv/lib/python3.13/site-packages/diffrax/_integrate.py:1416:29
'>/home/lawrence/git/DISCO-EB/.venv/lib/python3.13/site-packages/equinox/_unvmap.py:50</div>"
"Total","367.0","loop fusion","loop_add_fusion.68","16.0","15.419","0.9636875","15.419","0.9636875","2.003272776057721e-06","0.8116158125673554","0.0031130423503469744","0.0031130423503469744","0.015462648621931543","0.015462648621931543","0.0","0.1875","0.1875","0.0","0.1875","HBM","15.419","2.003272776057721e-06","94.509","3.2939110035520156e-05","2.1934202166383242e-08","3.2939110035520156e-05","True","7","<div class='source-info-cell' title='/home/lawrence/git/DISCO-EB/.venv/lib/python3.13/site-packages/equinox/internal/_loop/bounded.py:78:15
/home/lawrence/git/DISCO-EB/.venv/lib/python3.13/site-packages/equinox/internal/_loop/bounded.py:59:19
/home/lawrence/git/DISCO-EB/.venv/lib/python3.13/site-packages/equinox/internal/_loop/loop.py:119:15
/home/lawrence/git/DISCO-EB/.venv/lib/python3.13/site-packages/diffrax/_integrate.py:638:18
/home/lawrence/git/DISCO-EB/.venv/lib/python3.13/site-packages/diffrax/_adjoint.py:393:22
/home/lawrence/git/DISCO-EB/.venv/lib/python3.13/site-packages/equinox/_module/_prebuilt.py:33:15
/home/lawrence/git/DISCO-EB/.venv/lib/python3.13/site-packages/diffrax/_integrate.py:1416:29
/home/lawrence/git/DISCO-EB/.venv/lib/python3.13/site-packages/equinox/_jit.py:55:14
/home/lawrence/git/DISCO-EB/.venv/lib/python3.13/site-packages/equinox/_jit.py:263:37
/home/lawrence/git/DISCO-EB/.venv/lib/python3.13/site-packages/equinox/_jit.py:209:19
'>/home/lawrence/git/DISCO-EB/.venv/lib/python3.13/site-packages/equinox/internal/_loop/bounded.py:78</div>"
"Total","368.0","call","call.577","5.0","14.842","2.9684","14.842","2.9684","1.92830757780976e-06","0.8116177408749332","28.855612451152137","28.855612451152137","2.799866141985086","2.7584517167562614","0.0","9.598274316450022","9.742379435850774","0.0","9.742379435850774","HBM","14.842","1.92830757780976e-06","4910.626869881711","0.005876156591764672","0.00020331391799659638","0.005876156591764672","True","7",""
"Total","369.0","call","call.579","5.0","14.746","2.9492000000000003","14.746","2.9492000000000003","1.9158350318274305e-06","0.811619656709965","29.043469415434693","29.043469415434693","2.8180939427195613","2.776409899640339","0.0","9.598274316450022","9.742379435850774","0.0","9.742379435850774","HBM","14.746","1.9158350318274305e-06","4910.62686988171","0.0059144117818371944","0.00020463754041133076","0.0059144117818371944","True","7",""
"Total","370.0","call","call.578","5.0","14.745","2.949","14.745","2.949","1.9157051094734477e-06","0.8116215724150745","29.04543913190912","29.04543913190912","2.8182850647231366","2.7765981946487917","0.0","9.598274316450022","9.742379435850774","0.0","9.742379435850774","HBM","14.745","1.9157051094734477e-06","4910.626869881711","0.005914812894877671","0.00020465141884743867","0.005914812894877671","True","7",""
"Total","371.0","call","call.580","5.0","14.651","2.9302","14.651","2.9302","1.9034924081990833e-06","0.8116234759074827","29.231793051668827","29.231793051668827","2.8363670247315986","2.7944126940206426","0.0","9.598274316450022","9.742379435850774","0.0","9.742379435850774","HBM","14.651","1.9034924081990835e-06","4910.62686988171","0.005952762004980634","0.0002059644509525277","0.005952762004980634","True","7",""
"Total","372.0","loop fusion","loop_add_divide_fusion","6.0","13.467","2.2445","13.467","2.2445","1.7496643410836842e-06","0.8116252255718238","3.485854310536868","3.485854310536868","0.016597417235294783","0.016597417235294783","0.0","195.6","195.6","0.0","195.6","HBM","13.467","1.7496643410836842e-06","98591.7888","3.5356436402712556e-05","2.456100000096436e-05","3.5356436402712556e-05","True","7","<div class='source-info-cell' title='/home/lawrence/git/DISCO-EB/.venv/lib/python3.13/site-packages/jax_cosmo/scipy/integrate.py:65:11
/home/lawrence/git/DISCO-EB/.venv/lib/python3.13/site-packages/jax_cosmo/scipy/integrate.py:142:12
/home/lawrence/git/DISCO-EB/.venv/lib/python3.13/site-packages/jax_cosmo/scipy/integrate.py:150:23
/home/lawrence/git/DISCO-EB/src/discoeb/background.py:183:8
/home/lawrence/git/DISCO-EB/src/discoeb/background.py:233:12
/home/lawrence/git/DISCO-EB/src/discoeb/cmb.py:987:12
/home/lawrence/git/DISCO-EB/scripts/profile_CMB.py:38:0
'>/home/lawrence/git/DISCO-EB/.venv/lib/python3.13/site-packages/jax_cosmo/scipy/integrate.py:65</div>"
"Total","373.0","loop fusion","loop_add_divide_fusion.3","6.0","13.37","2.228333333333333","13.37","2.228333333333333","1.7370618727473717e-06","0.8116269626336966","3.5111443530291697","3.5111443530291697","0.016717832304241946","0.016717832304241946","0.0","195.6","195.6","0.0","195.6","HBM","13.37","1.737061872747372e-06","98591.78880000002","3.561294906771353e-05","2.4739191250036425e-05","3.561294906771353e-05","True","7","<div class='source-info-cell' title='/home/lawrence/git/DISCO-EB/.venv/lib/python3.13/site-packages/jax_cosmo/scipy/integrate.py:65:11
/home/lawrence/git/DISCO-EB/.venv/lib/python3.13/site-packages/jax_cosmo/scipy/integrate.py:142:12
/home/lawrence/git/DISCO-EB/.venv/lib/python3.13/site-packages/jax_cosmo/scipy/integrate.py:150:23
/home/lawrence/git/DISCO-EB/src/discoeb/background.py:183:8
/home/lawrence/git/DISCO-EB/src/discoeb/background.py:233:12
/home/lawrence/git/DISCO-EB/src/discoeb/cmb.py:987:12
/home/lawrence/git/DISCO-EB/scripts/profile_CMB.py:38:0
'>/home/lawrence/git/DISCO-EB/.venv/lib/python3.13/site-packages/jax_cosmo/scipy/integrate.py:65</div>"
"Total","374.0","loop fusion","loop_add_divide_fusion.1","6.0","13.242","2.2070000000000003","13.242","2.2070000000000003","1.720431811437599e-06","0.8116286830655081","3.545083824195741","3.545083824195741","0.016879430441603595","0.016879430441603595","0.0","195.6","195.6","0.0","195.6","HBM","13.242","1.720431811437599e-06","98591.78880000001","3.595719143900694e-05","2.4978325556032853e-05","3.595719143900694e-05","True","7","<div class='source-info-cell' title='/home/lawrence/git/DISCO-EB/.venv/lib/python3.13/site-packages/jax_cosmo/scipy/integrate.py:65:11
/home/lawrence/git/DISCO-EB/.venv/lib/python3.13/site-packages/jax_cosmo/scipy/integrate.py:142:12
/home/lawrence/git/DISCO-EB/.venv/lib/python3.13/site-packages/jax_cosmo/scipy/integrate.py:150:23
/home/lawrence/git/DISCO-EB/src/discoeb/background.py:183:8
/home/lawrence/git/DISCO-EB/src/discoeb/background.py:233:12
/home/lawrence/git/DISCO-EB/src/discoeb/cmb.py:987:12
/home/lawrence/git/DISCO-EB/scripts/profile_CMB.py:38:0
'>/home/lawrence/git/DISCO-EB/.venv/lib/python3.13/site-packages/jax_cosmo/scipy/integrate.py:65</div>"
"Total","375.0","loop fusion","loop_convert_fusion.5","16.0","13.212","0.82575","13.212","0.82575","1.716534140818121e-06","0.8116303995996489","0.010899182561307902","0.010899182561307902","0.014662056881624246","0.014662056881624246","0.0","0.6923076923076923","0.6923076923076923","0.0","0.6923076923076923","HBM","13.212","1.716534140818121e-06","348.9563076923077","3.123365969047981e-05","7.679461017335676e-08","3.123365969047981e-05","True","7","<div class='source-info-cell' title='/home/lawrence/git/DISCO-EB/.venv/lib/python3.13/site-packages/equinox/internal/_loop/bounded.py:72:19
/home/lawrence/git/DISCO-EB/.venv/lib/python3.13/site-packages/equinox/internal/_loop/bounded.py:78:15
/home/lawrence/git/DISCO-EB/.venv/lib/python3.13/site-packages/equinox/internal/_loop/bounded.py:59:19
/home/lawrence/git/DISCO-EB/.venv/lib/python3.13/site-packages/equinox/internal/_loop/loop.py:119:15
/home/lawrence/git/DISCO-EB/.venv/lib/python3.13/site-packages/diffrax/_integrate.py:638:18
/home/lawrence/git/DISCO-EB/.venv/lib/python3.13/site-packages/diffrax/_adjoint.py:393:22
/home/lawrence/git/DISCO-EB/.venv/lib/python3.13/site-packages/equinox/_module/_prebuilt.py:33:15
/home/lawrence/git/DISCO-EB/.venv/lib/python3.13/site-packages/diffrax/_integrate.py:1416:29
/home/lawrence/git/DISCO-EB/.venv/lib/python3.13/site-packages/equinox/_jit.py:55:14
/home/lawrence/git/DISCO-EB/.venv/lib/python3.13/site-packages/equinox/_jit.py:263:37
'>/home/lawrence/git/DISCO-EB/.venv/lib/python3.13/site-packages/equinox/internal/_loop/bounded.py:72</div>"
"Total","376.0","loop fusion","loop_add_divide_fusion.2","6.0","13.21","2.2016666666666667","13.21","2.2016666666666667","1.7162742961101557e-06","0.811632115873945","3.553671461014383","3.553671461014383","0.016920319296571902","0.016920319296571902","0.0","195.6","195.6","0.0","195.6","HBM","13.21","1.7162742961101557e-06","98591.78880000001","3.604429440085768e-05","2.503883323338282e-05","3.604429440085768e-05","True","7","<div class='source-info-cell' title='/home/lawrence/git/DISCO-EB/.venv/lib/python3.13/site-packages/jax_cosmo/scipy/integrate.py:65:11
/home/lawrence/git/DISCO-EB/.venv/lib/python3.13/site-packages/jax_cosmo/scipy/integrate.py:142:12
/home/lawrence/git/DISCO-EB/.venv/lib/python3.13/site-packages/jax_cosmo/scipy/integrate.py:150:23
/home/lawrence/git/DISCO-EB/src/discoeb/background.py:183:8
/home/lawrence/git/DISCO-EB/src/discoeb/background.py:233:12
/home/lawrence/git/DISCO-EB/src/discoeb/cmb.py:987:12
/home/lawrence/git/DISCO-EB/scripts/profile_CMB.py:38:0
'>/home/lawrence/git/DISCO-EB/.venv/lib/python3.13/site-packages/jax_cosmo/scipy/integrate.py:65</div>"
"Total","377.0","loop fusion","loop_add_divide_fusion.4","6.0","13.178","2.1963333333333335","13.178","2.1963333333333335","1.7121167807827126e-06","0.8116338279907258","3.5623008043709214","3.5623008043709214","0.016961406731500595","0.016961406731500595","0.0","195.6","195.6","0.0","195.6","HBM","13.178","1.7121167807827126e-06","98591.7888","3.613182038513659e-05","2.5099634771056842e-05","3.613182038513659e-05","True","7","<div class='source-info-cell' title='/home/lawrence/git/DISCO-EB/.venv/lib/python3.13/site-packages/jax_cosmo/scipy/integrate.py:65:11
/home/lawrence/git/DISCO-EB/.venv/lib/python3.13/site-packages/jax_cosmo/scipy/integrate.py:142:12
/home/lawrence/git/DISCO-EB/.venv/lib/python3.13/site-packages/jax_cosmo/scipy/integrate.py:150:23
/home/lawrence/git/DISCO-EB/src/discoeb/background.py:183:8
/home/lawrence/git/DISCO-EB/src/discoeb/background.py:233:12
/home/lawrence/git/DISCO-EB/src/discoeb/cmb.py:987:12
/home/lawrence/git/DISCO-EB/scripts/profile_CMB.py:38:0
'>/home/lawrence/git/DISCO-EB/.venv/lib/python3.13/site-packages/jax_cosmo/scipy/integrate.py:65</div>"
"Total","378.0","loop fusion","loop_add_divide_fusion.5","6.0","13.147","2.1911666666666667","13.147","2.1911666666666667","1.708089187809252e-06","0.8116355360799136","3.570700540047159","3.570700540047159","0.017001400920948873","0.017001400920948873","0.0","195.6","195.6","0.0","195.6","HBM","13.147","1.708089187809252e-06","98591.78880000001","3.621701749717273e-05","2.51588185147172e-05","3.621701749717273e-05","True","7","<div class='source-info-cell' title='/home/lawrence/git/DISCO-EB/.venv/lib/python3.13/site-packages/jax_cosmo/scipy/integrate.py:65:11
/home/lawrence/git/DISCO-EB/.venv/lib/python3.13/site-packages/jax_cosmo/scipy/integrate.py:142:12
/home/lawrence/git/DISCO-EB/.venv/lib/python3.13/site-packages/jax_cosmo/scipy/integrate.py:150:23
/home/lawrence/git/DISCO-EB/src/discoeb/background.py:183:8
/home/lawrence/git/DISCO-EB/src/discoeb/background.py:233:12
/home/lawrence/git/DISCO-EB/src/discoeb/cmb.py:987:12
/home/lawrence/git/DISCO-EB/scripts/profile_CMB.py:38:0
'>/home/lawrence/git/DISCO-EB/.venv/lib/python3.13/site-packages/jax_cosmo/scipy/integrate.py:65</div>"
"Total","379.0","loop fusion","loop_add_power_fusion","6.0","11.866","1.9776666666666667","11.866","1.9776666666666667","1.5416586523575402e-06","0.811637077738566","2.7896511039946064","2.7896511039946064","0.01130207742665","0.01130207742665","0.0","229.875","229.875","0.0","229.875","HBM","11.866","1.5416586523575404e-06","115868.034","2.4076106305511375e-05","1.9655618010423758e-05","2.4076106305511375e-05","True","7","<div class='source-info-cell' title='/home/lawrence/git/DISCO-EB/.venv/lib/python3.13/site-packages/jax_cosmo/scipy/integrate.py:64:10
/home/lawrence/git/DISCO-EB/.venv/lib/python3.13/site-packages/jax_cosmo/scipy/integrate.py:142:12
/home/lawrence/git/DISCO-EB/.venv/lib/python3.13/site-packages/jax_cosmo/scipy/integrate.py:150:23
/home/lawrence/git/DISCO-EB/src/discoeb/thermodynamics_recfast.py:488:45
/home/lawrence/git/DISCO-EB/src/discoeb/thermodynamics_recfast.py:488:21
/home/lawrence/git/DISCO-EB/src/discoeb/background.py:237:82
/home/lawrence/git/DISCO-EB/src/discoeb/cmb.py:987:12
/home/lawrence/git/DISCO-EB/scripts/profile_CMB.py:38:0
'>/home/lawrence/git/DISCO-EB/.venv/lib/python3.13/site-packages/jax_cosmo/scipy/integrate.py:64</div>"
"Total","380.0","loop fusion","loop_add_power_fusion.1","6.0","11.675","1.9458333333333335","11.675","1.9458333333333335","1.5168434827468637e-06","0.8116385945820487","2.835289079229122","2.835289079229122","0.011486976509175923","0.011486976509175923","0.0","229.875","229.875","0.0","229.875","HBM","11.675","1.5168434827468637e-06","115868.034","2.446998521808976e-05","1.9977178870380156e-05","2.446998521808976e-05","True","7","<div class='source-info-cell' title='/home/lawrence/git/DISCO-EB/.venv/lib/python3.13/site-packages/jax_cosmo/scipy/integrate.py:64:10
/home/lawrence/git/DISCO-EB/.venv/lib/python3.13/site-packages/jax_cosmo/scipy/integrate.py:142:12
/home/lawrence/git/DISCO-EB/.venv/lib/python3.13/site-packages/jax_cosmo/scipy/integrate.py:150:23
/home/lawrence/git/DISCO-EB/src/discoeb/thermodynamics_recfast.py:488:45
/home/lawrence/git/DISCO-EB/src/discoeb/thermodynamics_recfast.py:488:21
/home/lawrence/git/DISCO-EB/src/discoeb/background.py:237:82
/home/lawrence/git/DISCO-EB/src/discoeb/cmb.py:987:12
/home/lawrence/git/DISCO-EB/scripts/profile_CMB.py:38:0
'>/home/lawrence/git/DISCO-EB/.venv/lib/python3.13/site-packages/jax_cosmo/scipy/integrate.py:64</div>"
"Total","381.0","loop fusion","loop_add_power_fusion.4","6.0","11.675","1.9458333333333335","11.675","1.9458333333333335","1.5168434827468637e-06","0.8116401114255314","2.835289079229122","2.835289079229122","0.011486976509175923","0.011486976509175923","0.0","229.875","229.875","0.0","229.875","HBM","11.675","1.5168434827468637e-06","115868.034","2.446998521808976e-05","1.9977178870380156e-05","2.446998521808976e-05","True","7","<div class='source-info-cell' title='/home/lawrence/git/DISCO-EB/.venv/lib/python3.13/site-packages/jax_cosmo/scipy/integrate.py:64:10
/home/lawrence/git/DISCO-EB/.venv/lib/python3.13/site-packages/jax_cosmo/scipy/integrate.py:142:12
/home/lawrence/git/DISCO-EB/.venv/lib/python3.13/site-packages/jax_cosmo/scipy/integrate.py:150:23
/home/lawrence/git/DISCO-EB/src/discoeb/thermodynamics_recfast.py:488:45
/home/lawrence/git/DISCO-EB/src/discoeb/thermodynamics_recfast.py:488:21
/home/lawrence/git/DISCO-EB/src/discoeb/background.py:237:82
/home/lawrence/git/DISCO-EB/src/discoeb/cmb.py:987:12
/home/lawrence/git/DISCO-EB/scripts/profile_CMB.py:38:0
'>/home/lawrence/git/DISCO-EB/.venv/lib/python3.13/site-packages/jax_cosmo/scipy/integrate.py:64</div>"
"Total","382.0","loop fusion","loop_add_power_fusion.3","6.0","11.644","1.9406666666666668","11.644","1.9406666666666668","1.512815889773403e-06","0.8116416242414212","2.8428375128821712","2.8428375128821712","0.01151755846312512","0.01151755846312512","0.0","229.875","229.875","0.0","229.875","HBM","11.644","1.512815889773403e-06","115868.03400000001","2.4535132035485913e-05","2.00303644204473e-05","2.4535132035485913e-05","True","7","<div class='source-info-cell' title='/home/lawrence/git/DISCO-EB/.venv/lib/python3.13/site-packages/jax_cosmo/scipy/integrate.py:64:10
/home/lawrence/git/DISCO-EB/.venv/lib/python3.13/site-packages/jax_cosmo/scipy/integrate.py:142:12
/home/lawrence/git/DISCO-EB/.venv/lib/python3.13/site-packages/jax_cosmo/scipy/integrate.py:150:23
/home/lawrence/git/DISCO-EB/src/discoeb/thermodynamics_recfast.py:488:45
/home/lawrence/git/DISCO-EB/src/discoeb/thermodynamics_recfast.py:488:21
/home/lawrence/git/DISCO-EB/src/discoeb/background.py:237:82
/home/lawrence/git/DISCO-EB/src/discoeb/cmb.py:987:12
/home/lawrence/git/DISCO-EB/scripts/profile_CMB.py:38:0
'>/home/lawrence/git/DISCO-EB/.venv/lib/python3.13/site-packages/jax_cosmo/scipy/integrate.py:64</div>"
"Total","383.0","loop fusion","loop_add_power_fusion.5","6.0","11.644","1.9406666666666668","11.644","1.9406666666666668","1.512815889773403e-06","0.811643137057311","2.8428375128821712","2.8428375128821712","0.01151755846312512","0.01151755846312512","0.0","229.875","229.875","0.0","229.875","HBM","11.644","1.512815889773403e-06","115868.03400000001","2.4535132035485913e-05","2.00303644204473e-05","2.4535132035485913e-05","True","7","<div class='source-info-cell' title='/home/lawrence/git/DISCO-EB/.venv/lib/python3.13/site-packages/jax_cosmo/scipy/integrate.py:64:10
/home/lawrence/git/DISCO-EB/.venv/lib/python3.13/site-packages/jax_cosmo/scipy/integrate.py:142:12
/home/lawrence/git/DISCO-EB/.venv/lib/python3.13/site-packages/jax_cosmo/scipy/integrate.py:150:23
/home/lawrence/git/DISCO-EB/src/discoeb/thermodynamics_recfast.py:488:45
/home/lawrence/git/DISCO-EB/src/discoeb/thermodynamics_recfast.py:488:21
/home/lawrence/git/DISCO-EB/src/discoeb/background.py:237:82
/home/lawrence/git/DISCO-EB/src/discoeb/cmb.py:987:12
/home/lawrence/git/DISCO-EB/scripts/profile_CMB.py:38:0
'>/home/lawrence/git/DISCO-EB/.venv/lib/python3.13/site-packages/jax_cosmo/scipy/integrate.py:64</div>"
"Total","384.0","loop fusion","loop_add_power_fusion.2","6.0","11.642","1.9403333333333332","11.642","1.9403333333333332","1.5125560450654376e-06","0.811644649613356","2.8433258890225046","2.8433258890225046","0.011519537085090955","0.011519537085090955","0.0","229.875","229.875","0.0","229.875","HBM","11.642","1.5125560450654378e-06","115868.03400000001","2.4539346969695752e-05","2.0033805472572436e-05","2.4539346969695752e-05","True","7","<div class='source-info-cell' title='/home/lawrence/git/DISCO-EB/.venv/lib/python3.13/site-packages/jax_cosmo/scipy/integrate.py:64:10
/home/lawrence/git/DISCO-EB/.venv/lib/python3.13/site-packages/jax_cosmo/scipy/integrate.py:142:12
/home/lawrence/git/DISCO-EB/.venv/lib/python3.13/site-packages/jax_cosmo/scipy/integrate.py:150:23
/home/lawrence/git/DISCO-EB/src/discoeb/thermodynamics_recfast.py:488:45
/home/lawrence/git/DISCO-EB/src/discoeb/thermodynamics_recfast.py:488:21
/home/lawrence/git/DISCO-EB/src/discoeb/background.py:237:82
/home/lawrence/git/DISCO-EB/src/discoeb/cmb.py:987:12
/home/lawrence/git/DISCO-EB/scripts/profile_CMB.py:38:0
'>/home/lawrence/git/DISCO-EB/.venv/lib/python3.13/site-packages/jax_cosmo/scipy/integrate.py:64</div>"
"Total","385.0","input fusion","input_reduce_fusion.39","1.0","8.54","8.54","8.54","8.54","1.1095369030114102e-06","0.811645759150259","1104.696955503513","1104.696955503513","2.680115174912178","2.680115174912178","0.0","383.875","383.875","0.0","383.875","Compute","8.54","1.1095369030114102e-06","141926.4","0.007783590336283546","0.007783590336283546","0.005709281172507938","True","7","<div class='source-info-cell' title='/home/lawrence/git/DISCO-EB/src/discoeb/spline_interpolation.py:143:27
/home/lawrence/git/DISCO-EB/src/discoeb/spline_interpolation.py:159:14
/home/lawrence/git/DISCO-EB/src/discoeb/background.py:313:59
/home/lawrence/git/DISCO-EB/src/discoeb/cmb.py:987:12
/home/lawrence/git/DISCO-EB/scripts/profile_CMB.py:38:0
'>/home/lawrence/git/DISCO-EB/src/discoeb/spline_interpolation.py:143</div>"
"Total","386.0","loop fusion","loop_divide_fusion.38","6.0","7.004","1.1673333333333333","7.004","1.1673333333333333","9.099761672941355e-07","0.8116466691264264","1936.8306681896058","1936.8306681896058","19.600856379057458","19.600856379057458","0.0","92.02731195050472","92.02731195050472","0.0","92.02731195050472","HBM","7.004","9.099761672941356e-07","46386.182534028005","0.04175447433659332","0.013646725825425051","0.04175447433659332","True","7","<div class='source-info-cell' title='/home/lawrence/git/DISCO-EB/.venv/lib/python3.13/site-packages/jax_cosmo/scipy/integrate.py:65:11
/home/lawrence/git/DISCO-EB/.venv/lib/python3.13/site-packages/jax_cosmo/scipy/integrate.py:142:12
/home/lawrence/git/DISCO-EB/.venv/lib/python3.13/site-packages/jax_cosmo/scipy/integrate.py:150:23
/home/lawrence/git/DISCO-EB/src/discoeb/thermodynamics_recfast.py:488:45
/home/lawrence/git/DISCO-EB/src/discoeb/thermodynamics_recfast.py:488:21
/home/lawrence/git/DISCO-EB/src/discoeb/background.py:237:82
/home/lawrence/git/DISCO-EB/src/discoeb/cmb.py:987:12
/home/lawrence/git/DISCO-EB/scripts/profile_CMB.py:38:0
'>/home/lawrence/git/DISCO-EB/.venv/lib/python3.13/site-packages/jax_cosmo/scipy/integrate.py:65</div>"
"Total","387.0","loop fusion","loop_sqrt_fusion.2","1.0","6.973","6.973","6.973","6.973","9.059485743206749e-07","0.8116475750750006","5354.153449017639","5354.153449017639","7.116143234692771","7.116143234692771","0.0","700.7228228228229","700.7228228228229","0.0","700.7228228228229","Compute","6.973","9.059485743206749e-07","141926.4","0.037724859145427767","0.037724859145427767","0.015159073375282267","True","7","<div class='source-info-cell' title='/home/lawrence/git/DISCO-EB/src/discoeb/background.py:81:11
/home/lawrence/git/DISCO-EB/src/discoeb/thermodynamics_recfast.py:483:25
/home/lawrence/git/DISCO-EB/.venv/lib/python3.13/site-packages/jax_cosmo/scipy/integrate.py:130:26
/home/lawrence/git/DISCO-EB/.venv/lib/python3.13/site-packages/jax_cosmo/scipy/integrate.py:55:15
/home/lawrence/git/DISCO-EB/.venv/lib/python3.13/site-packages/jax_cosmo/scipy/integrate.py:147:26
/home/lawrence/git/DISCO-EB/src/discoeb/thermodynamics_recfast.py:488:45
/home/lawrence/git/DISCO-EB/src/discoeb/thermodynamics_recfast.py:488:21
/home/lawrence/git/DISCO-EB/src/discoeb/background.py:237:82
/home/lawrence/git/DISCO-EB/src/discoeb/cmb.py:987:12
/home/lawrence/git/DISCO-EB/scripts/profile_CMB.py:38:0
'>/home/lawrence/git/DISCO-EB/src/discoeb/background.py:81</div>"
"Total","388.0","loop fusion","loop_divide_fusion.39","6.0","6.942","1.157","6.942","1.157","9.019209813472143e-07","0.811648476995982","1954.1287813310284","1954.1287813310284","19.775914445248986","19.775914445248986","0.0","92.02731195050472","92.02731195050472","0.0","92.02731195050472","HBM","6.942","9.019209813472143e-07","46386.182534028","0.04212738954962542","0.01376860669566077","0.04212738954962542","True","7","<div class='source-info-cell' title='/home/lawrence/git/DISCO-EB/.venv/lib/python3.13/site-packages/jax_cosmo/scipy/integrate.py:65:11
/home/lawrence/git/DISCO-EB/.venv/lib/python3.13/site-packages/jax_cosmo/scipy/integrate.py:142:12
/home/lawrence/git/DISCO-EB/.venv/lib/python3.13/site-packages/jax_cosmo/scipy/integrate.py:150:23
/home/lawrence/git/DISCO-EB/src/discoeb/thermodynamics_recfast.py:488:45
/home/lawrence/git/DISCO-EB/src/discoeb/thermodynamics_recfast.py:488:21
/home/lawrence/git/DISCO-EB/src/discoeb/background.py:237:82
/home/lawrence/git/DISCO-EB/src/discoeb/cmb.py:987:12
/home/lawrence/git/DISCO-EB/scripts/profile_CMB.py:38:0
'>/home/lawrence/git/DISCO-EB/.venv/lib/python3.13/site-packages/jax_cosmo/scipy/integrate.py:65</div>"
"Total","389.0","loop fusion","loop_divide_fusion.40","6.0","6.94","1.1566666666666667","6.94","1.1566666666666667","9.016611366392491e-07","0.8116493786571186","1954.6919308357349","1954.6919308357349","19.78161355604012","19.78161355604012","0.0","92.02731195050472","92.02731195050472","0.0","92.02731195050472","HBM","6.94","9.016611366392491e-07","46386.18253402801","0.04213953000770888","0.013772574593843958","0.04213953000770888","True","7","<div class='source-info-cell' title='/home/lawrence/git/DISCO-EB/.venv/lib/python3.13/site-packages/jax_cosmo/scipy/integrate.py:65:11
/home/lawrence/git/DISCO-EB/.venv/lib/python3.13/site-packages/jax_cosmo/scipy/integrate.py:142:12
/home/lawrence/git/DISCO-EB/.venv/lib/python3.13/site-packages/jax_cosmo/scipy/integrate.py:150:23
/home/lawrence/git/DISCO-EB/src/discoeb/thermodynamics_recfast.py:488:45
/home/lawrence/git/DISCO-EB/src/discoeb/thermodynamics_recfast.py:488:21
/home/lawrence/git/DISCO-EB/src/discoeb/background.py:237:82
/home/lawrence/git/DISCO-EB/src/discoeb/cmb.py:987:12
/home/lawrence/git/DISCO-EB/scripts/profile_CMB.py:38:0
'>/home/lawrence/git/DISCO-EB/.venv/lib/python3.13/site-packages/jax_cosmo/scipy/integrate.py:65</div>"
"Total","390.0","loop fusion","loop_divide_fusion.36","6.0","6.91","1.1516666666666666","6.91","1.1516666666666666","8.977634660197711e-07","0.8116502764205846","1963.1782923299565","1963.1782923299565","19.867496104040296","19.867496104040296","0.0","92.02731195050472","92.02731195050472","0.0","92.02731195050472","HBM","6.91","8.977634660197711e-07","46386.182534028005","0.04232248021034727","0.013832368694830255","0.04232248021034727","True","7","<div class='source-info-cell' title='/home/lawrence/git/DISCO-EB/.venv/lib/python3.13/site-packages/jax_cosmo/scipy/integrate.py:65:11
/home/lawrence/git/DISCO-EB/.venv/lib/python3.13/site-packages/jax_cosmo/scipy/integrate.py:142:12
/home/lawrence/git/DISCO-EB/.venv/lib/python3.13/site-packages/jax_cosmo/scipy/integrate.py:150:23
/home/lawrence/git/DISCO-EB/src/discoeb/thermodynamics_recfast.py:488:45
/home/lawrence/git/DISCO-EB/src/discoeb/thermodynamics_recfast.py:488:21
/home/lawrence/git/DISCO-EB/src/discoeb/background.py:237:82
/home/lawrence/git/DISCO-EB/src/discoeb/cmb.py:987:12
/home/lawrence/git/DISCO-EB/scripts/profile_CMB.py:38:0
'>/home/lawrence/git/DISCO-EB/.venv/lib/python3.13/site-packages/jax_cosmo/scipy/integrate.py:65</div>"
"Total","391.0","loop fusion","loop_divide_fusion.37","6.0","6.91","1.1516666666666666","6.91","1.1516666666666666","8.977634660197711e-07","0.8116511741840506","1963.1782923299565","1963.1782923299565","19.867496104040296","19.867496104040296","0.0","92.02731195050472","92.02731195050472","0.0","92.02731195050472","HBM","6.91","8.977634660197711e-07","46386.182534028005","0.04232248021034727","0.013832368694830255","0.04232248021034727","True","7","<div class='source-info-cell' title='/home/lawrence/git/DISCO-EB/.venv/lib/python3.13/site-packages/jax_cosmo/scipy/integrate.py:65:11
/home/lawrence/git/DISCO-EB/.venv/lib/python3.13/site-packages/jax_cosmo/scipy/integrate.py:142:12
/home/lawrence/git/DISCO-EB/.venv/lib/python3.13/site-packages/jax_cosmo/scipy/integrate.py:150:23
/home/lawrence/git/DISCO-EB/src/discoeb/thermodynamics_recfast.py:488:45
/home/lawrence/git/DISCO-EB/src/discoeb/thermodynamics_recfast.py:488:21
/home/lawrence/git/DISCO-EB/src/discoeb/background.py:237:82
/home/lawrence/git/DISCO-EB/src/discoeb/cmb.py:987:12
/home/lawrence/git/DISCO-EB/scripts/profile_CMB.py:38:0
'>/home/lawrence/git/DISCO-EB/.venv/lib/python3.13/site-packages/jax_cosmo/scipy/integrate.py:65</div>"
"Total","392.0","loop fusion","loop_divide_fusion","6.0","6.906","1.151","6.906","1.151","8.972437766038406e-07","0.8116520714278272","1964.3153779322329","1964.3153779322329","19.87900348666644","19.87900348666644","0.0","92.02731195050472","92.02731195050472","0.0","92.02731195050472","HBM","6.906","8.972437766038407e-07","46386.182534028005","0.0423469936654358","0.013840380492510435","0.0423469936654358","True","7","<div class='source-info-cell' title='/home/lawrence/git/DISCO-EB/.venv/lib/python3.13/site-packages/jax_cosmo/scipy/integrate.py:65:11
/home/lawrence/git/DISCO-EB/.venv/lib/python3.13/site-packages/jax_cosmo/scipy/integrate.py:142:12
/home/lawrence/git/DISCO-EB/.venv/lib/python3.13/site-packages/jax_cosmo/scipy/integrate.py:150:23
/home/lawrence/git/DISCO-EB/src/discoeb/thermodynamics_recfast.py:488:45
/home/lawrence/git/DISCO-EB/src/discoeb/thermodynamics_recfast.py:488:21
/home/lawrence/git/DISCO-EB/src/discoeb/background.py:237:82
/home/lawrence/git/DISCO-EB/src/discoeb/cmb.py:987:12
/home/lawrence/git/DISCO-EB/scripts/profile_CMB.py:38:0
'>/home/lawrence/git/DISCO-EB/.venv/lib/python3.13/site-packages/jax_cosmo/scipy/integrate.py:65</div>"
"Total","393.0","input fusion","input_add_broadcast_clamp_compare_minimum_multiply_reduce_select_fusion","1.0","5.949","5.949","5.949","5.949","7.729080838424917e-07","0.8116528443359111","31.45318540931249","31.45318540931249","0.2730251420624297","0.2730251420624297","0.0","107.29071100917432","107.29071100917432","0.0","107.29071100917432","HBM","5.949","7.729080838424918e-07","54079.668302752296","0.0005816083270560986","0.00022161617154604422","0.0005816083270560986","True","7","<div class='source-info-cell' title='/home/lawrence/git/DISCO-EB/.venv/lib/python3.13/site-packages/diffrax/_integrate.py:1238:12
/home/lawrence/git/DISCO-EB/.venv/lib/python3.13/site-packages/equinox/_jit.py:55:14
/home/lawrence/git/DISCO-EB/.venv/lib/python3.13/site-packages/equinox/_jit.py:263:37
/home/lawrence/git/DISCO-EB/.venv/lib/python3.13/site-packages/equinox/_jit.py:209:19
/home/lawrence/git/DISCO-EB/src/discoeb/perturbations.py:879:15
/home/lawrence/git/DISCO-EB/src/discoeb/perturbations.py:904:9
/home/lawrence/git/DISCO-EB/src/discoeb/perturbations.py:1103:9
/home/lawrence/git/DISCO-EB/src/discoeb/cmb.py:1009:26
/home/lawrence/git/DISCO-EB/scripts/profile_CMB.py:38:0
'>/home/lawrence/git/DISCO-EB/.venv/lib/python3.13/site-packages/diffrax/_integrate.py:1238</div>"
"Total","394.0","loop fusion","loop_dynamic_update_slice_fusion.13","6.0","5.088","0.848","5.088","0.848","6.610449370634726e-07","0.8116535053808481","0.0","0.0","17.985068964508343","17.985068964508343","0.0","0.0","0.0","0.0","0.0","HBM","5.088","6.610449370634726e-07","0.0","0.03831246380248901","0.0","0.03831246380248901","True","7","<div class='source-info-cell' title='/home/lawrence/git/DISCO-EB/.venv/lib/python3.13/site-packages/jax_cosmo/scipy/integrate.py:150:23
/home/lawrence/git/DISCO-EB/src/discoeb/thermodynamics_recfast.py:488:45
/home/lawrence/git/DISCO-EB/src/discoeb/thermodynamics_recfast.py:488:21
/home/lawrence/git/DISCO-EB/src/discoeb/background.py:237:82
/home/lawrence/git/DISCO-EB/src/discoeb/cmb.py:987:12
/home/lawrence/git/DISCO-EB/scripts/profile_CMB.py:38:0
'>/home/lawrence/git/DISCO-EB/.venv/lib/python3.13/site-packages/jax_cosmo/scipy/integrate.py:150</div>"
"Total","395.0","loop fusion","loop_dynamic_update_slice_fusion.45","6.0","5.023","0.8371666666666666","5.023","0.8371666666666666","6.525999840546034e-07","0.8116541579808322","0.0","0.0","18.21780427860212","18.21780427860212","0.0","0.0","0.0","0.0","0.0","HBM","5.023","6.525999840546035e-07","0.0","0.03880824523732114","0.0","0.03880824523732114","True","7","<div class='source-info-cell' title='/home/lawrence/git/DISCO-EB/.venv/lib/python3.13/site-packages/jax_cosmo/scipy/integrate.py:150:23
/home/lawrence/git/DISCO-EB/src/discoeb/thermodynamics_recfast.py:488:45
/home/lawrence/git/DISCO-EB/src/discoeb/thermodynamics_recfast.py:488:21
/home/lawrence/git/DISCO-EB/src/discoeb/background.py:237:82
/home/lawrence/git/DISCO-EB/src/discoeb/cmb.py:987:12
/home/lawrence/git/DISCO-EB/scripts/profile_CMB.py:38:0
'>/home/lawrence/git/DISCO-EB/.venv/lib/python3.13/site-packages/jax_cosmo/scipy/integrate.py:150</div>"
"Total","396.0","loop fusion","loop_dynamic_update_slice_fusion.43","6.0","5.022","0.8370000000000001","5.022","0.8370000000000001","6.524700617006209e-07","0.8116548104508938","0.0","0.0","18.2214318780204","18.2214318780204","0.0","0.0","0.0","0.0","0.0","HBM","5.022","6.524700617006209e-07","0.0","0.038815972884720044","0.0","0.038815972884720044","True","7","<div class='source-info-cell' title='/home/lawrence/git/DISCO-EB/.venv/lib/python3.13/site-packages/jax_cosmo/scipy/integrate.py:150:23
/home/lawrence/git/DISCO-EB/src/discoeb/thermodynamics_recfast.py:488:45
/home/lawrence/git/DISCO-EB/src/discoeb/thermodynamics_recfast.py:488:21
/home/lawrence/git/DISCO-EB/src/discoeb/background.py:237:82
/home/lawrence/git/DISCO-EB/src/discoeb/cmb.py:987:12
/home/lawrence/git/DISCO-EB/scripts/profile_CMB.py:38:0
'>/home/lawrence/git/DISCO-EB/.venv/lib/python3.13/site-packages/jax_cosmo/scipy/integrate.py:150</div>"
"Total","397.0","loop fusion","loop_dynamic_update_slice_fusion.44","6.0","5.021","0.8368333333333333","5.021","0.8368333333333333","6.523401393466383e-07","0.8116554627910332","0.0","0.0","18.22506092240957","18.22506092240957","0.0","0.0","0.0","0.0","0.0","HBM","5.021","6.523401393466383e-07","0.0","0.03882370361024976","0.0","0.03882370361024976","True","7","<div class='source-info-cell' title='/home/lawrence/git/DISCO-EB/.venv/lib/python3.13/site-packages/jax_cosmo/scipy/integrate.py:150:23
/home/lawrence/git/DISCO-EB/src/discoeb/thermodynamics_recfast.py:488:45
/home/lawrence/git/DISCO-EB/src/discoeb/thermodynamics_recfast.py:488:21
/home/lawrence/git/DISCO-EB/src/discoeb/background.py:237:82
/home/lawrence/git/DISCO-EB/src/discoeb/cmb.py:987:12
/home/lawrence/git/DISCO-EB/scripts/profile_CMB.py:38:0
'>/home/lawrence/git/DISCO-EB/.venv/lib/python3.13/site-packages/jax_cosmo/scipy/integrate.py:150</div>"
"Total","398.0","loop fusion","loop_dynamic_update_slice_fusion.47","6.0","4.99","0.8316666666666667","4.99","0.8316666666666667","6.483125463731777e-07","0.8116561111035796","0.0","0.0","18.33828274377123","18.33828274377123","0.0","0.0","0.0","0.0","0.0","HBM","4.99","6.483125463731777e-07","0.0","0.03906489295131544","0.0","0.03906489295131544","True","7","<div class='source-info-cell' title='/home/lawrence/git/DISCO-EB/.venv/lib/python3.13/site-packages/jax_cosmo/scipy/integrate.py:150:23
/home/lawrence/git/DISCO-EB/src/discoeb/thermodynamics_recfast.py:488:45
/home/lawrence/git/DISCO-EB/src/discoeb/thermodynamics_recfast.py:488:21
/home/lawrence/git/DISCO-EB/src/discoeb/background.py:237:82
/home/lawrence/git/DISCO-EB/src/discoeb/cmb.py:987:12
/home/lawrence/git/DISCO-EB/scripts/profile_CMB.py:38:0
'>/home/lawrence/git/DISCO-EB/.venv/lib/python3.13/site-packages/jax_cosmo/scipy/integrate.py:150</div>"
"Total","399.0","loop fusion","loop_dynamic_update_slice_fusion.46","6.0","4.989","0.8315","4.989","0.8315","6.48182624019195e-07","0.8116567592862036","0.0","0.0","18.34195848695499","18.34195848695499","0.0","0.0","0.0","0.0","0.0","HBM","4.989","6.481826240191951e-07","0.0","0.0390727231563568","0.0","0.0390727231563568","True","7","<div class='source-info-cell' title='/home/lawrence/git/DISCO-EB/.venv/lib/python3.13/site-packages/jax_cosmo/scipy/integrate.py:150:23
/home/lawrence/git/DISCO-EB/src/discoeb/thermodynamics_recfast.py:488:45
/home/lawrence/git/DISCO-EB/src/discoeb/thermodynamics_recfast.py:488:21
/home/lawrence/git/DISCO-EB/src/discoeb/background.py:237:82
/home/lawrence/git/DISCO-EB/src/discoeb/cmb.py:987:12
/home/lawrence/git/DISCO-EB/scripts/profile_CMB.py:38:0
'>/home/lawrence/git/DISCO-EB/.venv/lib/python3.13/site-packages/jax_cosmo/scipy/integrate.py:150</div>"
"Total","400.0","data formatting","copy.1386","6.0","4.926","0.8210000000000001","4.926","0.8210000000000001","6.399975157182912e-07","0.8116573992837194","0.0","0.0","0.0181500136344064","0.0181500136344064","0.0","0.0","0.0","0.0","0.0","HBM","4.926","6.399975157182912e-07","0.0","3.866383508204059e-05","0.0","3.866383508204059e-05","True","7",""
"Total","401.0","data formatting","copy.1422","6.0","4.894","0.8156666666666667","4.894","0.8156666666666667","6.35840000390848e-07","0.8116580351237198","0.0","0.0","0.018268689653266435","0.018268689653266435","0.0","0.0","0.0","0.0","0.0","HBM","4.894","6.358400003908481e-07","0.0","3.8916643157771146e-05","0.0","3.8916643157771146e-05","True","7",""
"Total","402.0","data formatting","copy.1431","6.0","4.894","0.8156666666666667","4.894","0.8156666666666667","6.35840000390848e-07","0.8116586709637202","0.0","0.0","0.018268689653266435","0.018268689653266435","0.0","0.0","0.0","0.0","0.0","HBM","4.894","6.358400003908481e-07","0.0","3.8916643157771146e-05","0.0","3.8916643157771146e-05","True","7",""
"Total","403.0","data formatting","copy.1413","6.0","4.892","0.8153333333333334","4.892","0.8153333333333334","6.355801556828828e-07","0.811659306543876","0.0","0.0","0.0182761584552506","0.0182761584552506","0.0","0.0","0.0","0.0","0.0","HBM","4.892","6.355801556828828e-07","0.0","3.8932553477950116e-05","0.0","3.8932553477950116e-05","True","7",""
"Total","404.0","data formatting","copy.774","6.0","4.863","0.8105000000000001","4.863","0.8105000000000001","6.318124074173874e-07","0.8116599383562834","0.0","0.0","0.01838514644521611","0.01838514644521611","0.0","0.0","0.0","0.0","0.0","HBM","4.863","6.318124074173874e-07","0.0","3.916472375367715e-05","0.0","3.916472375367715e-05","True","7",""
"Total","405.0","data formatting","copy.810","6.0","4.863","0.8105000000000001","4.863","0.8105000000000001","6.318124074173874e-07","0.8116605701686908","0.0","0.0","0.01838514644521611","0.01838514644521611","0.0","0.0","0.0","0.0","0.0","HBM","4.863","6.318124074173874e-07","0.0","3.916472375367715e-05","0.0","3.916472375367715e-05","True","7",""
"Total","406.0","data formatting","copy.1395","6.0","4.862","0.8103333333333333","4.862","0.8103333333333333","6.316824850634048e-07","0.8116612018511759","0.0","0.0","0.018388927841029603","0.018388927841029603","0.0","0.0","0.0","0.0","0.0","HBM","4.862","6.316824850634048e-07","0.0","3.917277902388564e-05","0.0","3.917277902388564e-05","True","7",""
"Total","407.0","data formatting","copy.1404","6.0","4.862","0.8103333333333333","4.862","0.8103333333333333","6.316824850634048e-07","0.811661833533661","0.0","0.0","0.018388927841029603","0.018388927841029603","0.0","0.0","0.0","0.0","0.0","HBM","4.862","6.316824850634048e-07","0.0","3.917277902388564e-05","0.0","3.917277902388564e-05","True","7",""
"Total","408.0","data formatting","copy.783","6.0","4.862","0.8103333333333333","4.862","0.8103333333333333","6.316824850634048e-07","0.811662465216146","0.0","0.0","0.018388927841029603","0.018388927841029603","0.0","0.0","0.0","0.0","0.0","HBM","4.862","6.316824850634048e-07","0.0","3.917277902388564e-05","0.0","3.917277902388564e-05","True","7",""
"Total","409.0","data formatting","copy.801","6.0","4.862","0.8103333333333333","4.862","0.8103333333333333","6.316824850634048e-07","0.8116630968986311","0.0","0.0","0.018388927841029603","0.018388927841029603","0.0","0.0","0.0","0.0","0.0","HBM","4.862","6.316824850634048e-07","0.0","3.917277902388564e-05","0.0","3.917277902388564e-05","True","7",""
"Total","410.0","loop fusion","loop_multiply_pad_slice_fusion.5","1.0","4.862","4.862","4.862","4.862","6.316824850634048e-07","0.8116637285811162","1436.4730563554092","1436.4730563554092","10.953671350639969","10.953671350639969","0.0","122.13437325125909","122.13437325125909","0.0","122.13437325125909","HBM","4.862","6.316824850634048e-07","61561.586568550636","0.02333391870522788","0.010121253384538812","0.02333391870522788","True","7","<div class='source-info-cell' title='/home/lawrence/git/DISCO-EB/src/discoeb/spline_interpolation.py:62:17
/home/lawrence/git/DISCO-EB/src/discoeb/background.py:168:43
/home/lawrence/git/DISCO-EB/src/discoeb/background.py:233:12
/home/lawrence/git/DISCO-EB/src/discoeb/cmb.py:987:12
/home/lawrence/git/DISCO-EB/scripts/profile_CMB.py:38:0
'>/home/lawrence/git/DISCO-EB/src/discoeb/spline_interpolation.py:62</div>"
"Total","411.0","data formatting","copy.819","6.0","4.832","0.8053333333333333","4.832","0.8053333333333333","6.277848144439267e-07","0.8116643563659307","0.0","0.0","0.01850309750891679","0.01850309750891679","0.0","0.0","0.0","0.0","0.0","HBM","4.832","6.277848144439268e-07","0.0","3.941598750292466e-05","0.0","3.941598750292466e-05","True","7",""
"Total","412.0","data formatting","copy.792","6.0","4.829","0.8048333333333333","4.829","0.8048333333333333","6.273950473819789e-07","0.8116649837609781","0.0","0.0","0.01851459249597969","0.01851459249597969","0.0","0.0","0.0","0.0","0.0","HBM","4.829","6.27395047381979e-07","0.0","3.9440474552522666e-05","0.0","3.9440474552522666e-05","True","7",""
"Total","413.0","loop fusion","loop_dynamic_update_slice_fusion.38","6.0","4.797","0.7995","4.797","0.7995","6.232375320545357e-07","0.8116656069985101","0.0","0.0","0.02795715045750029","0.02795715045750029","0.0","0.0","0.0","0.0","0.0","HBM","4.797","6.232375320545357e-07","0.0","5.955536323143589e-05","0.0","5.955536323143589e-05","True","7","<div class='source-info-cell' title='/home/lawrence/git/DISCO-EB/.venv/lib/python3.13/site-packages/jax_cosmo/scipy/integrate.py:150:23
/home/lawrence/git/DISCO-EB/src/discoeb/background.py:183:8
/home/lawrence/git/DISCO-EB/src/discoeb/background.py:233:12
/home/lawrence/git/DISCO-EB/src/discoeb/cmb.py:987:12
/home/lawrence/git/DISCO-EB/scripts/profile_CMB.py:38:0
'>/home/lawrence/git/DISCO-EB/.venv/lib/python3.13/site-packages/jax_cosmo/scipy/integrate.py:150</div>"
"Total","414.0","loop fusion","loop_dynamic_update_slice_fusion.12","6.0","4.767","0.7945000000000001","4.767","0.7945000000000001","6.193398614350577e-07","0.8116662263383715","0.0","0.0","0.028133092247667066","0.028133092247667066","0.0","0.0","0.0","0.0","0.0","HBM","4.767","6.193398614350577e-07","0.0","5.993016098619634e-05","0.0","5.993016098619634e-05","True","7","<div class='source-info-cell' title='/home/lawrence/git/DISCO-EB/.venv/lib/python3.13/site-packages/jax_cosmo/scipy/integrate.py:150:23
/home/lawrence/git/DISCO-EB/src/discoeb/background.py:183:8
/home/lawrence/git/DISCO-EB/src/discoeb/background.py:233:12
/home/lawrence/git/DISCO-EB/src/discoeb/cmb.py:987:12
/home/lawrence/git/DISCO-EB/scripts/profile_CMB.py:38:0
'>/home/lawrence/git/DISCO-EB/.venv/lib/python3.13/site-packages/jax_cosmo/scipy/integrate.py:150</div>"
"Total","415.0","loop fusion","loop_dynamic_update_slice_fusion.39","6.0","4.767","0.7945000000000001","4.767","0.7945000000000001","6.193398614350577e-07","0.8116668456782329","0.0","0.0","0.028133092247667066","0.028133092247667066","0.0","0.0","0.0","0.0","0.0","HBM","4.767","6.193398614350577e-07","0.0","5.993016098619634e-05","0.0","5.993016098619634e-05","True","7","<div class='source-info-cell' title='/home/lawrence/git/DISCO-EB/.venv/lib/python3.13/site-packages/jax_cosmo/scipy/integrate.py:150:23
/home/lawrence/git/DISCO-EB/src/discoeb/background.py:183:8
/home/lawrence/git/DISCO-EB/src/discoeb/background.py:233:12
/home/lawrence/git/DISCO-EB/src/discoeb/cmb.py:987:12
/home/lawrence/git/DISCO-EB/scripts/profile_CMB.py:38:0
'>/home/lawrence/git/DISCO-EB/.venv/lib/python3.13/site-packages/jax_cosmo/scipy/integrate.py:150</div>"
"Total","416.0","loop fusion","loop_dynamic_update_slice_fusion.41","6.0","4.765","0.7941666666666666","4.765","0.7941666666666666","6.190800167270924e-07","0.8116674647582496","0.0","0.0","0.028144900471065878","0.028144900471065878","0.0","0.0","0.0","0.0","0.0","HBM","4.765","6.190800167270925e-07","0.0","5.99553153035043e-05","0.0","5.99553153035043e-05","True","7","<div class='source-info-cell' title='/home/lawrence/git/DISCO-EB/.venv/lib/python3.13/site-packages/jax_cosmo/scipy/integrate.py:150:23
/home/lawrence/git/DISCO-EB/src/discoeb/background.py:183:8
/home/lawrence/git/DISCO-EB/src/discoeb/background.py:233:12
/home/lawrence/git/DISCO-EB/src/discoeb/cmb.py:987:12
/home/lawrence/git/DISCO-EB/scripts/profile_CMB.py:38:0
'>/home/lawrence/git/DISCO-EB/.venv/lib/python3.13/site-packages/jax_cosmo/scipy/integrate.py:150</div>"
"Total","417.0","loop fusion","loop_dynamic_update_slice_fusion.40","6.0","4.764","0.794","4.764","0.794","6.189500943731099e-07","0.811668083708344","0.0","0.0","0.02815080830071975","0.02815080830071975","0.0","0.0","0.0","0.0","0.0","HBM","4.764","6.189500943731099e-07","0.0","5.996790038228336e-05","0.0","5.996790038228336e-05","True","7","<div class='source-info-cell' title='/home/lawrence/git/DISCO-EB/.venv/lib/python3.13/site-packages/jax_cosmo/scipy/integrate.py:150:23
/home/lawrence/git/DISCO-EB/src/discoeb/background.py:183:8
/home/lawrence/git/DISCO-EB/src/discoeb/background.py:233:12
/home/lawrence/git/DISCO-EB/src/discoeb/cmb.py:987:12
/home/lawrence/git/DISCO-EB/scripts/profile_CMB.py:38:0
'>/home/lawrence/git/DISCO-EB/.venv/lib/python3.13/site-packages/jax_cosmo/scipy/integrate.py:150</div>"
"Total","418.0","loop fusion","loop_dynamic_update_slice_fusion.42","6.0","4.735","0.7891666666666667","4.735","0.7891666666666667","6.151823461076146e-07","0.81166869889069","0.0","0.0","0.028323220854198288","0.028323220854198288","0.0","0.0","0.0","0.0","0.0","HBM","4.735","6.151823461076146e-07","0.0","6.033518002559619e-05","0.0","6.033518002559619e-05","True","7","<div class='source-info-cell' title='/home/lawrence/git/DISCO-EB/.venv/lib/python3.13/site-packages/jax_cosmo/scipy/integrate.py:150:23
/home/lawrence/git/DISCO-EB/src/discoeb/background.py:183:8
/home/lawrence/git/DISCO-EB/src/discoeb/background.py:233:12
/home/lawrence/git/DISCO-EB/src/discoeb/cmb.py:987:12
/home/lawrence/git/DISCO-EB/scripts/profile_CMB.py:38:0
'>/home/lawrence/git/DISCO-EB/.venv/lib/python3.13/site-packages/jax_cosmo/scipy/integrate.py:150</div>"
"Total","419.0","call","call.574","5.0","4.734","0.9468","4.734","0.9468","6.150524237536318e-07","0.8116693139431138","1902.4767638360795","1902.4767638360795","49.90661401108039","33.278945230662096","0.0","35.502700252286346","53.241457791440055","0.0","53.241457791440055","HBM","4.734","6.150524237536319e-07","26836.250316859776","0.0708920486794258","0.013404671462364152","0.0708920486794258","True","7",""
"Total","420.0","loop fusion","loop_multiply_fusion.22","1.0","4.67","4.67","4.67","4.67","6.067373930987454e-07","0.8116699206805069","38524.98501070664","38524.98501070664","131.30252315349702","131.30252315349702","0.0","273.25589307411906","273.25589307411906","0.0","273.25589307411906","HBM","4.67","6.067373930987455e-07","137734.08639222354","0.2797055254789983","0.27144340313505194","0.2797055254789983","True","7","<div class='source-info-cell' title='/home/lawrence/git/DISCO-EB/src/discoeb/spline_interpolation.py:56:16
/home/lawrence/git/DISCO-EB/src/discoeb/cmb.py:442:14
/home/lawrence/git/DISCO-EB/src/discoeb/cmb.py:445:9
/home/lawrence/git/DISCO-EB/src/discoeb/cmb.py:609:9
/home/lawrence/git/DISCO-EB/src/discoeb/cmb.py:1056:21
/home/lawrence/git/DISCO-EB/scripts/profile_CMB.py:38:0
'>/home/lawrence/git/DISCO-EB/src/discoeb/spline_interpolation.py:56</div>"
"Total","421.0","loop fusion","loop_multiply_fusion.23","1.0","4.415","4.415","4.415","4.415","5.736071928331822e-07","0.8116704942876998","40365.66251415628","40365.66251415628","137.59020095773351","137.59020095773351","0.0","273.22768974145123","273.22768974145123","0.0","273.22768974145123","HBM","4.415","5.736071928331823e-07","137719.870558799","0.29309977093626666","0.28441264284978895","0.29309977093626666","True","7","<div class='source-info-cell' title='/home/lawrence/git/DISCO-EB/src/discoeb/spline_interpolation.py:56:16
/home/lawrence/git/DISCO-EB/src/discoeb/cmb.py:735:18
/home/lawrence/git/DISCO-EB/src/discoeb/cmb.py:739:12
/home/lawrence/git/DISCO-EB/src/discoeb/cmb.py:1063:24
/home/lawrence/git/DISCO-EB/scripts/profile_CMB.py:38:0
'>/home/lawrence/git/DISCO-EB/src/discoeb/spline_interpolation.py:56</div>"
"Total","422.0","data formatting","copy.533","5.0","4.0","0.8","4.0","0.8","5.196894159304029e-07","0.8116710139771157","0.0","0.0","0.14901161193847656","0.14901161193847656","0.0","0.0","0.0","0.0","0.0","HBM","4.0","5.196894159304029e-07","0.0","0.0003174300860235533","0.0","0.0003174300860235533","True","7",""
"Total","423.0","data formatting","copy.534","5.0","3.999","0.7998000000000001","3.999","0.7998000000000001","5.195594935764203e-07","0.8116715335366093","0.0","0.0","0.14904887415701581","0.14904887415701581","0.0","0.0","0.0","0.0","0.0","HBM","3.999","5.195594935764203e-07","0.0","0.00031750946338940063","0.0","0.00031750946338940063","True","7",""
"Total","424.0","data formatting","copy.531","5.0","3.997","0.7994","3.997","0.7994","5.192996488684551e-07","0.8116720528362581","0.0","0.0","0.018640431816171695","0.018640431816171695","0.0","0.0","0.0","0.0","0.0","HBM","3.997","5.192996488684552e-07","0.0","3.9708542159563825e-05","0.0","3.9708542159563825e-05","True","7",""
"Total","425.0","loop fusion","loop_clamp_fusion.2","1.0","3.103","3.103","3.103","3.103","4.031490644080101e-07","0.8116724559853224","2746.5797615211086","2746.5797615211086","14.74268928943355","14.74268928943355","0.0","173.5064535830619","173.5064535830619","0.0","173.5064535830619","HBM","3.103","4.031490644080101e-07","87455.58091563519","0.03140542584893034","0.019352141402312104","0.03140542584893034","True","7","<div class='source-info-cell' title='/home/lawrence/git/DISCO-EB/src/discoeb/spline_interpolation.py:139:18
/home/lawrence/git/DISCO-EB/src/discoeb/spline_interpolation.py:159:14
/home/lawrence/git/DISCO-EB/src/discoeb/background.py:75:20
/home/lawrence/git/DISCO-EB/src/discoeb/background.py:183:25
/home/lawrence/git/DISCO-EB/.venv/lib/python3.13/site-packages/jax_cosmo/scipy/integrate.py:130:26
/home/lawrence/git/DISCO-EB/.venv/lib/python3.13/site-packages/jax_cosmo/scipy/integrate.py:55:15
/home/lawrence/git/DISCO-EB/.venv/lib/python3.13/site-packages/jax_cosmo/scipy/integrate.py:147:26
/home/lawrence/git/DISCO-EB/src/discoeb/background.py:183:8
/home/lawrence/git/DISCO-EB/src/discoeb/background.py:233:12
/home/lawrence/git/DISCO-EB/src/discoeb/cmb.py:987:12
'>/home/lawrence/git/DISCO-EB/src/discoeb/spline_interpolation.py:139</div>"
"Total","426.0","data formatting","copy.1666","3.0","2.782","0.9273333333333333","2.782","0.9273333333333333","3.6144398877959525e-07","0.8116728174293112","0.0","0.0","0.01606882946856325","0.01606882946856325","0.0","0.0","0.0","0.0","0.0","HBM","2.782","3.6144398877959525e-07","0.0","3.423041905358231e-05","0.0","3.423041905358231e-05","True","7",""
"Total","427.0","loop fusion","loop_multiply_pad_slice_fusion.4","1.0","2.623","2.623","2.623","2.623","3.4078633449636174e-07","0.8116731582156457","1876.971025543271","1876.971025543271","23.235131255370533","23.235131255370533","0.0","75.23372555012224","75.23372555012224","0.0","75.23372555012224","HBM","2.623","3.4078633449636174e-07","37921.40889608802","0.049496342044846854","0.013224960441068547","0.049496342044846854","True","7","<div class='source-info-cell' title='/home/lawrence/git/DISCO-EB/src/discoeb/spline_interpolation.py:62:17
/home/lawrence/git/DISCO-EB/src/discoeb/background.py:248:40
/home/lawrence/git/DISCO-EB/src/discoeb/cmb.py:987:12
/home/lawrence/git/DISCO-EB/scripts/profile_CMB.py:38:0
'>/home/lawrence/git/DISCO-EB/src/discoeb/spline_interpolation.py:62</div>"
"Total","428.0","loop fusion","loop_dynamic_update_slice_fusion.235","1.0","2.495","2.495","2.495","2.495","3.2415627318658886e-07","0.8116734823719188","0.0","0.0","244.62988476953905","244.62988476953905","0.0","0.0","0.0","0.0","0.0","HBM","2.495","3.2415627318658886e-07","0.0","0.5211196923256409","0.0","0.5211196923256409","True","7","<div class='source-info-cell' title='/home/lawrence/git/DISCO-EB/src/discoeb/perturbations.py:255:8
/home/lawrence/git/DISCO-EB/src/discoeb/perturbations.py:1173:25
/home/lawrence/git/DISCO-EB/src/discoeb/perturbations.py:1172:19
/home/lawrence/git/DISCO-EB/src/discoeb/perturbations.py:1171:13
/home/lawrence/git/DISCO-EB/src/discoeb/cmb.py:1030:13
/home/lawrence/git/DISCO-EB/scripts/profile_CMB.py:38:0
'>/home/lawrence/git/DISCO-EB/src/discoeb/perturbations.py:255</div>"
"Total","429.0","loop fusion","loop_multiply_slice_subtract_fusion","1.0","2.143","2.143","2.143","2.143","2.7842360458471333e-07","0.8116737607955234","5724.2697153523095","5724.2697153523095","285.256760063652","285.256760063652","0.0","18.688922947542903","18.688922947542903","0.0","18.688922947542903","HBM","2.143","2.784236045847134e-07","9420.114233863103","0.6076645753163906","0.04033266337589279","0.6076645753163906","True","7","<div class='source-info-cell' title='/home/lawrence/git/DISCO-EB/src/discoeb/spline_interpolation.py:39:64
/home/lawrence/git/DISCO-EB/src/discoeb/cmb.py:766:17
/home/lawrence/git/DISCO-EB/src/discoeb/cmb.py:770:15
/home/lawrence/git/DISCO-EB/src/discoeb/cmb.py:1063:24
/home/lawrence/git/DISCO-EB/scripts/profile_CMB.py:38:0
'>/home/lawrence/git/DISCO-EB/src/discoeb/spline_interpolation.py:39</div>"
"Total","430.0","loop fusion","loop_multiply_pad_fusion","1.0","2.079","2.079","2.079","2.079","2.7010857392982696e-07","0.8116740309040974","2175.8903318903317","2175.8903318903317","18.323626066412473","18.323626066412473","0.0","110.59250929004499","110.59250929004499","0.0","110.59250929004499","HBM","2.079","2.701085739298269e-07","55743.933122628594","0.03903367075128494","0.015331117620755065","0.03903367075128494","True","7","<div class='source-info-cell' title='/home/lawrence/git/DISCO-EB/src/discoeb/spline_interpolation.py:62:17
/home/lawrence/git/DISCO-EB/src/discoeb/background.py:320:17
/home/lawrence/git/DISCO-EB/src/discoeb/cmb.py:987:12
/home/lawrence/git/DISCO-EB/scripts/profile_CMB.py:38:0
'>/home/lawrence/git/DISCO-EB/src/discoeb/spline_interpolation.py:62</div>"
"Total","431.0","input fusion","input_reduce_fusion.55","1.0","2.047","2.047","2.047","2.047","2.6595105860238373e-07","0.811674296855156","15.007327796775769","15.007327796775769","9.377831415717754","9.377831415717754","0.0","1.4903939452745973","1.4903939452745973","0.0","1.4903939452745973","HBM","2.047","2.6595105860238373e-07","751.2300873277702","0.019977005780158406","0.00010574021321456593","0.019977005780158406","True","7","<div class='source-info-cell' title='/home/lawrence/git/DISCO-EB/.venv/lib/python3.13/site-packages/equinox/_errors.py:118:15
/home/lawrence/git/DISCO-EB/.venv/lib/python3.13/site-packages/equinox/_ad.py:776:19
/home/lawrence/git/DISCO-EB/.venv/lib/python3.13/site-packages/equinox/_ad.py:819:15
/home/lawrence/git/DISCO-EB/.venv/lib/python3.13/site-packages/equinox/_errors.py:336:16
/home/lawrence/git/DISCO-EB/.venv/lib/python3.13/site-packages/equinox/_jit.py:55:14
/home/lawrence/git/DISCO-EB/.venv/lib/python3.13/site-packages/equinox/_jit.py:263:37
/home/lawrence/git/DISCO-EB/.venv/lib/python3.13/site-packages/equinox/_jit.py:209:19
/home/lawrence/git/DISCO-EB/.venv/lib/python3.13/site-packages/equinox/_errors.py:267:15
/home/lawrence/git/DISCO-EB/.venv/lib/python3.13/site-packages/equinox/_errors.py:246:11
/home/lawrence/git/DISCO-EB/.venv/lib/python3.13/site-packages/diffrax/_integrate.py:1201:13
'>/home/lawrence/git/DISCO-EB/.venv/lib/python3.13/site-packages/equinox/_errors.py:118</div>"
"Total","432.0","input fusion","input_reduce_fusion.52","1.0","1.887","1.887","1.887","1.887","2.451634819651676e-07","0.811674542018638","14.647058823529411","14.647058823529411","4.054979476969143","4.054979476969143","0.0","3.36404576436222","3.36404576436222","0.0","3.36404576436222","HBM","1.887","2.451634819651676e-07","1695.640539435248","0.008638068318658964","0.00010320179208046855","0.008638068318658964","True","7","<div class='source-info-cell' title='/home/lawrence/git/DISCO-EB/src/discoeb/spline_interpolation.py:143:27
/home/lawrence/git/DISCO-EB/src/discoeb/spline_interpolation.py:159:14
/home/lawrence/git/DISCO-EB/src/discoeb/perturbations.py:637:11
/home/lawrence/git/DISCO-EB/src/discoeb/perturbations.py:784:20
/home/lawrence/git/DISCO-EB/src/discoeb/perturbations.py:790:26
/home/lawrence/git/DISCO-EB/src/discoeb/perturbations.py:864:24
/home/lawrence/git/DISCO-EB/src/discoeb/perturbations.py:1103:9
/home/lawrence/git/DISCO-EB/src/discoeb/cmb.py:1009:26
/home/lawrence/git/DISCO-EB/scripts/profile_CMB.py:38:0
'>/home/lawrence/git/DISCO-EB/src/discoeb/spline_interpolation.py:143</div>"
"Total","433.0","input fusion","input_reduce_fusion.60","1.0","1.536","1.536","1.536","1.536","1.9956073571727474e-07","0.8116747415793737","0.185546875","0.185546875","0.16249638671676317","0.16249638671676317","0.0","1.0634328358208955","1.0634328358208955","0.0","1.0634328358208955","HBM","1.536","1.9956073571727474e-07","536.0211940298508","0.00034615585552698683","1.307345743991252e-06","0.00034615585552698683","True","7","<div class='source-info-cell' title='/home/lawrence/git/DISCO-EB/.venv/lib/python3.13/site-packages/equinox/_unvmap.py:81:23
/home/lawrence/git/DISCO-EB/.venv/lib/python3.13/site-packages/equinox/_errors.py:291:20
/home/lawrence/git/DISCO-EB/.venv/lib/python3.13/site-packages/equinox/_jit.py:55:14
/home/lawrence/git/DISCO-EB/.venv/lib/python3.13/site-packages/equinox/_jit.py:263:37
/home/lawrence/git/DISCO-EB/.venv/lib/python3.13/site-packages/equinox/_jit.py:209:19
/home/lawrence/git/DISCO-EB/.venv/lib/python3.13/site-packages/equinox/_errors.py:267:15
/home/lawrence/git/DISCO-EB/.venv/lib/python3.13/site-packages/equinox/_enum.py:197:15
/home/lawrence/git/DISCO-EB/.venv/lib/python3.13/site-packages/equinox/_module/_prebuilt.py:33:15
/home/lawrence/git/DISCO-EB/.venv/lib/python3.13/site-packages/diffrax/_integrate.py:1502:14
/home/lawrence/git/DISCO-EB/.venv/lib/python3.13/site-packages/equinox/_jit.py:55:14
'>/home/lawrence/git/DISCO-EB/.venv/lib/python3.13/site-packages/equinox/_unvmap.py:81</div>"
"Total","434.0","input fusion","input_reduce_fusion.54","1.0","1.535","1.535","1.535","1.535","1.994308133632921e-07","0.811674941010187","9.975244299674268","9.975244299674268","12.428150891481081","12.428150891481081","0.0","0.7475102519039251","0.7475102519039251","0.0","0.7475102519039251","HBM","1.535","1.9943081336329213e-07","376.7810474516696","0.026474909943430235","7.028462850938422e-05","0.026474909943430235","True","7","<div class='source-info-cell' title='/home/lawrence/git/DISCO-EB/.venv/lib/python3.13/site-packages/equinox/_errors.py:118:15
/home/lawrence/git/DISCO-EB/.venv/lib/python3.13/site-packages/equinox/_ad.py:776:19
/home/lawrence/git/DISCO-EB/.venv/lib/python3.13/site-packages/equinox/_ad.py:819:15
/home/lawrence/git/DISCO-EB/.venv/lib/python3.13/site-packages/equinox/_errors.py:336:16
/home/lawrence/git/DISCO-EB/.venv/lib/python3.13/site-packages/equinox/_jit.py:55:14
/home/lawrence/git/DISCO-EB/.venv/lib/python3.13/site-packages/equinox/_jit.py:263:37
/home/lawrence/git/DISCO-EB/.venv/lib/python3.13/site-packages/equinox/_jit.py:209:19
/home/lawrence/git/DISCO-EB/.venv/lib/python3.13/site-packages/equinox/_errors.py:267:15
/home/lawrence/git/DISCO-EB/.venv/lib/python3.13/site-packages/equinox/_errors.py:246:11
/home/lawrence/git/DISCO-EB/.venv/lib/python3.13/site-packages/diffrax/_integrate.py:1196:13
'>/home/lawrence/git/DISCO-EB/.venv/lib/python3.13/site-packages/equinox/_errors.py:118</div>"
"Total","435.0","input fusion","input_slice_fusion.2","1.0","1.504","1.504","1.504","1.504","1.954032203898315e-07","0.8116751364134074","0.43882978723404253","0.43882978723404253","0.09907686963994451","0.09907686963994451","0.0","4.125","4.125","0.0","4.125","HBM","1.504","1.954032203898315e-07","2079.1980000000003","0.0002110572380475753","3.091953204154002e-06","0.0002110572380475753","True","7","<div class='source-info-cell' title='/home/lawrence/git/DISCO-EB/.venv/lib/python3.13/site-packages/jax_cosmo/scipy/integrate.py:149:12
/home/lawrence/git/DISCO-EB/src/discoeb/background.py:183:8
/home/lawrence/git/DISCO-EB/src/discoeb/background.py:233:12
/home/lawrence/git/DISCO-EB/src/discoeb/cmb.py:987:12
/home/lawrence/git/DISCO-EB/scripts/profile_CMB.py:38:0
'>/home/lawrence/git/DISCO-EB/.venv/lib/python3.13/site-packages/jax_cosmo/scipy/integrate.py:149</div>"
"Total","436.0","loop fusion","loop_pad_fusion.10","1.0","1.375","1.375","1.375","1.375","1.78643236726076e-07","0.8116753150566441","469.1781818181818","469.1781818181818","220.22290663285688","220.22290663285688","0.0","1.98415432311402","1.98415432311402","0.0","1.98415432311402","HBM","1.375","1.78643236726076e-07","1000.1090182569756","0.46912703840615466","0.0033057851239669425","0.46912703840615466","True","7","<div class='source-info-cell' title='/home/lawrence/git/DISCO-EB/src/discoeb/spline_interpolation.py:62:17
/home/lawrence/git/DISCO-EB/src/discoeb/cmb.py:735:18
/home/lawrence/git/DISCO-EB/src/discoeb/cmb.py:739:12
/home/lawrence/git/DISCO-EB/src/discoeb/cmb.py:1063:24
/home/lawrence/git/DISCO-EB/scripts/profile_CMB.py:38:0
'>/home/lawrence/git/DISCO-EB/src/discoeb/spline_interpolation.py:62</div>"
"Total","437.0","loop fusion","loop_pad_fusion.8","1.0","1.248","1.248","1.248","1.248","1.621430977702857e-07","0.8116754771997419","206.76923076923077","206.76923076923077","243.77368390560147","243.77368390560147","0.0","0.789949305708618","0.789949305708618","0.0","0.789949305708618","HBM","1.248","1.6214309777028573e-07","398.17236764381755","0.5192957813541567","0.001456876456876457","0.5192957813541567","True","7","<div class='source-info-cell' title='/home/lawrence/git/DISCO-EB/src/discoeb/spline_interpolation.py:62:17
/home/lawrence/git/DISCO-EB/src/discoeb/cmb.py:442:14
/home/lawrence/git/DISCO-EB/src/discoeb/cmb.py:445:9
/home/lawrence/git/DISCO-EB/src/discoeb/cmb.py:609:9
/home/lawrence/git/DISCO-EB/src/discoeb/cmb.py:1056:21
/home/lawrence/git/DISCO-EB/scripts/profile_CMB.py:38:0
'>/home/lawrence/git/DISCO-EB/src/discoeb/spline_interpolation.py:62</div>"
"Total","438.0","loop fusion","loop_multiply_fusion.26","1.0","1.247","1.247","1.247","1.247","1.6201317541630312e-07","0.8116756392129173","0.38893344025661586","0.38893344025661586","0.04182362805009366","0.04182362805009366","0.0","8.660714285714286","8.660714285714286","0.0","8.660714285714286","HBM","1.247","1.6201317541630312e-07","4365.415714285715","8.90942502872844e-05","2.7403882593838486e-06","8.90942502872844e-05","True","7","<div class='source-info-cell' title='/home/lawrence/git/DISCO-EB/.venv/lib/python3.13/site-packages/jax_cosmo/scipy/integrate.py:149:12
/home/lawrence/git/DISCO-EB/src/discoeb/background.py:183:8
/home/lawrence/git/DISCO-EB/src/discoeb/background.py:233:12
/home/lawrence/git/DISCO-EB/src/discoeb/cmb.py:987:12
/home/lawrence/git/DISCO-EB/scripts/profile_CMB.py:38:0
'>/home/lawrence/git/DISCO-EB/.venv/lib/python3.13/site-packages/jax_cosmo/scipy/integrate.py:149</div>"
"Total","439.0","loop fusion","loop_dynamic_update_slice_fusion.241","1.0","1.216","1.216","1.216","1.216","1.579855824428425e-07","0.8116757971984997","43.71052631578947","43.71052631578947","1.715594216396934","1.715594216396934","0.0","23.728571428571428","23.728571428571428","0.0","23.728571428571428","HBM","1.216","1.579855824428425e-07","11960.338971428571","0.0036546227009290676","0.00030798023705096075","0.0036546227009290676","True","7","<div class='source-info-cell' title='/home/lawrence/git/DISCO-EB/src/discoeb/perturbations.py:593:8
/home/lawrence/git/DISCO-EB/src/discoeb/perturbations.py:801:15
/home/lawrence/git/DISCO-EB/src/discoeb/perturbations.py:810:11
/home/lawrence/git/DISCO-EB/src/discoeb/perturbations.py:867:17
/home/lawrence/git/DISCO-EB/src/discoeb/perturbations.py:1103:9
/home/lawrence/git/DISCO-EB/src/discoeb/cmb.py:1009:26
/home/lawrence/git/DISCO-EB/scripts/profile_CMB.py:38:0
'>/home/lawrence/git/DISCO-EB/src/discoeb/perturbations.py:593</div>"
"Total","440.0","loop fusion","loop_dynamic_update_slice_fusion.242","1.0","1.216","1.216","1.216","1.216","1.579855824428425e-07","0.8116759551840821","43.71052631578947","43.71052631578947","1.715594216396934","1.715594216396934","0.0","23.728571428571428","23.728571428571428","0.0","23.728571428571428","HBM","1.216","1.579855824428425e-07","11960.338971428571","0.0036546227009290676","0.00030798023705096075","0.0036546227009290676","True","7","<div class='source-info-cell' title='/home/lawrence/git/DISCO-EB/src/discoeb/perturbations.py:598:8
/home/lawrence/git/DISCO-EB/src/discoeb/perturbations.py:801:15
/home/lawrence/git/DISCO-EB/src/discoeb/perturbations.py:810:11
/home/lawrence/git/DISCO-EB/src/discoeb/perturbations.py:867:17
/home/lawrence/git/DISCO-EB/src/discoeb/perturbations.py:1103:9
/home/lawrence/git/DISCO-EB/src/discoeb/cmb.py:1009:26
/home/lawrence/git/DISCO-EB/scripts/profile_CMB.py:38:0
'>/home/lawrence/git/DISCO-EB/src/discoeb/perturbations.py:598</div>"
"Total","441.0","loop fusion","loop_exponential_multiply_fusion.1","1.0","1.152","1.152","1.152","1.152","1.4967055178795603e-07","0.8116761048546339","1.6024305555555556","1.6024305555555556","0.025870071517096624","0.025870071517096624","0.0","57.6875","57.6875","0.0","57.6875","HBM","1.152","1.4967055178795606e-07","29077.269","5.510938993464467e-05","1.1290574238165384e-05","5.510938993464467e-05","True","7","<div class='source-info-cell' title='/home/lawrence/git/DISCO-EB/src/discoeb/perturbations.py:659:38
/home/lawrence/git/DISCO-EB/src/discoeb/util.py:272:37
/home/lawrence/git/DISCO-EB/src/discoeb/perturbations.py:672:21
/home/lawrence/git/DISCO-EB/src/discoeb/perturbations.py:784:20
/home/lawrence/git/DISCO-EB/src/discoeb/perturbations.py:790:26
/home/lawrence/git/DISCO-EB/src/discoeb/perturbations.py:864:24
/home/lawrence/git/DISCO-EB/src/discoeb/perturbations.py:1103:9
/home/lawrence/git/DISCO-EB/src/discoeb/cmb.py:1009:26
/home/lawrence/git/DISCO-EB/scripts/profile_CMB.py:38:0
'>/home/lawrence/git/DISCO-EB/src/discoeb/perturbations.py:659</div>"
"Total","442.0","conditional","conditional.29.clone","1.0","1.151","1.151","1.151","1.151","1.4954062943397345e-07","0.8116762543952634","0.0","0.0","18.647489187305226","2.069785530726667","0.0","0.0","0.0","0.0","0.0","HBM","1.151","1.4954062943397345e-07","0.0","0.004409134231365385","0.0","0.004409134231365385","True","7","<div class='source-info-cell' title='/home/lawrence/git/DISCO-EB/.venv/lib/python3.13/site-packages/equinox/_errors.py:118:15
/home/lawrence/git/DISCO-EB/.venv/lib/python3.13/site-packages/equinox/_ad.py:776:19
/home/lawrence/git/DISCO-EB/.venv/lib/python3.13/site-packages/equinox/_ad.py:819:15
/home/lawrence/git/DISCO-EB/.venv/lib/python3.13/site-packages/equinox/_errors.py:336:16
/home/lawrence/git/DISCO-EB/.venv/lib/python3.13/site-packages/equinox/_jit.py:55:14
/home/lawrence/git/DISCO-EB/.venv/lib/python3.13/site-packages/equinox/_jit.py:263:37
/home/lawrence/git/DISCO-EB/.venv/lib/python3.13/site-packages/equinox/_jit.py:209:19
/home/lawrence/git/DISCO-EB/.venv/lib/python3.13/site-packages/equinox/_errors.py:267:15
/home/lawrence/git/DISCO-EB/.venv/lib/python3.13/site-packages/equinox/_errors.py:246:11
/home/lawrence/git/DISCO-EB/.venv/lib/python3.13/site-packages/diffrax/_integrate.py:1196:13
'>/home/lawrence/git/DISCO-EB/.venv/lib/python3.13/site-packages/equinox/_errors.py:118</div>"
"Total","443.0","loop fusion","loop_multiply_fusion.29","1.0","1.12","1.12","1.12","1.12","1.4551303646051285e-07","0.8116763999082999","0.3464285714285714","0.3464285714285714","0.03991382462637765","0.03991382462637765","0.0","8.083333333333334","8.083333333333334","0.0","8.083333333333334","HBM","1.12","1.4551303646051282e-07","4074.3879999999995","8.502591589916607e-05","2.4409029710369e-06","8.502591589916607e-05","True","7","<div class='source-info-cell' title='/home/lawrence/git/DISCO-EB/.venv/lib/python3.13/site-packages/jax_cosmo/scipy/integrate.py:149:12
/home/lawrence/git/DISCO-EB/src/discoeb/background.py:183:8
/home/lawrence/git/DISCO-EB/src/discoeb/background.py:233:12
/home/lawrence/git/DISCO-EB/src/discoeb/cmb.py:987:12
/home/lawrence/git/DISCO-EB/scripts/profile_CMB.py:38:0
'>/home/lawrence/git/DISCO-EB/.venv/lib/python3.13/site-packages/jax_cosmo/scipy/integrate.py:149</div>"
"Total","444.0","input fusion","input_concatenate_fusion.25","1.0","1.119","1.119","1.119","1.119","1.453831141065302e-07","0.811676545291414","14641.644325290437","14641.644325290437","541.1824762448335","541.1824762448335","0.0","25.19685039370079","25.19685039370079","0.0","25.19685039370079","HBM","1.119","1.4538311410653024e-07","12700.422047244094","1.152847068453727","0.10316364203763667","1.152847068453727","True","7","<div class='source-info-cell' title='/home/lawrence/git/DISCO-EB/src/discoeb/spline_interpolation.py:85:21
/home/lawrence/git/DISCO-EB/src/discoeb/cmb.py:735:18
/home/lawrence/git/DISCO-EB/src/discoeb/cmb.py:739:12
/home/lawrence/git/DISCO-EB/src/discoeb/cmb.py:1063:24
/home/lawrence/git/DISCO-EB/scripts/profile_CMB.py:38:0
'>/home/lawrence/git/DISCO-EB/src/discoeb/spline_interpolation.py:85</div>"
"Total","445.0","loop fusion","wrapped_exponential.5","1.0","1.119","1.119","1.119","1.119","1.453831141065302e-07","0.8116766906745281","1.4763181411974977","1.4763181411974977","0.013316497939095312","0.013316497939095312","0.0","103.25","103.25","0.0","103.25","HBM","1.119","1.4538311410653024e-07","52042.956000000006","2.8367299912739345e-05","1.040199808631444e-05","2.8367299912739345e-05","True","7","<div class='source-info-cell' title='/home/lawrence/git/DISCO-EB/src/discoeb/perturbations.py:659:38
/home/lawrence/git/DISCO-EB/src/discoeb/util.py:272:57
/home/lawrence/git/DISCO-EB/src/discoeb/perturbations.py:672:21
/home/lawrence/git/DISCO-EB/src/discoeb/perturbations.py:784:20
/home/lawrence/git/DISCO-EB/src/discoeb/perturbations.py:790:26
/home/lawrence/git/DISCO-EB/src/discoeb/perturbations.py:864:24
/home/lawrence/git/DISCO-EB/src/discoeb/perturbations.py:1103:9
/home/lawrence/git/DISCO-EB/src/discoeb/cmb.py:1009:26
/home/lawrence/git/DISCO-EB/scripts/profile_CMB.py:38:0
'>/home/lawrence/git/DISCO-EB/src/discoeb/perturbations.py:659</div>"
"Total","446.0","loop fusion","loop_pad_fusion.13","1.0","1.056","1.056","1.056","1.056","1.3719800580562638e-07","0.8116768278725339","0.0","0.0","286.7415208708156","286.7415208708156","0.0","0.0","0.0","0.0","0.0","HBM","1.056","1.3719800580562638e-07","0.0","0.6108274680910619","0.0","0.6108274680910619","True","7","<div class='source-info-cell' title='/home/lawrence/git/DISCO-EB/src/discoeb/spline_interpolation.py:75:25
/home/lawrence/git/DISCO-EB/src/discoeb/cmb.py:735:18
/home/lawrence/git/DISCO-EB/src/discoeb/cmb.py:739:12
/home/lawrence/git/DISCO-EB/src/discoeb/cmb.py:1063:24
/home/lawrence/git/DISCO-EB/scripts/profile_CMB.py:38:0
'>/home/lawrence/git/DISCO-EB/src/discoeb/spline_interpolation.py:75</div>"
"Total","447.0","loop fusion","loop_pad_fusion.14","1.0","1.056","1.056","1.056","1.056","1.3719800580562638e-07","0.8116769650705398","0.0","0.0","288.089116414388","288.089116414388","0.0","0.0","0.0","0.0","0.0","HBM","1.056","1.3719800580562638e-07","0.0","0.613698166312203","0.0","0.613698166312203","True","7","<div class='source-info-cell' title='/home/lawrence/git/DISCO-EB/src/discoeb/spline_interpolation.py:75:25
/home/lawrence/git/DISCO-EB/src/discoeb/cmb.py:442:14
/home/lawrence/git/DISCO-EB/src/discoeb/cmb.py:445:9
/home/lawrence/git/DISCO-EB/src/discoeb/cmb.py:609:9
/home/lawrence/git/DISCO-EB/src/discoeb/cmb.py:1056:21
/home/lawrence/git/DISCO-EB/scripts/profile_CMB.py:38:0
'>/home/lawrence/git/DISCO-EB/src/discoeb/spline_interpolation.py:75</div>"
"Total","448.0","conditional","conditional.31","1.0","1.023","1.023","1.023","1.023","1.3291056812420053e-07","0.8116770979811079","8648.516129032258","8648.516129032258","43158.79541874398","21545.82639826591","0.0","0.1866261147871541","0.3738338070217662","0.0","0.3738338070217662","HBM","1.023","1.3291056812420056e-07","188.43018276170721","45.8977219162885","0.060936627216869155","45.8977219162885","True","7","<div class='source-info-cell' title='/home/lawrence/git/DISCO-EB/.venv/lib/python3.13/site-packages/diffrax/_integrate.py:831:17
/home/lawrence/git/DISCO-EB/.venv/lib/python3.13/site-packages/diffrax/_adjoint.py:393:22
/home/lawrence/git/DISCO-EB/.venv/lib/python3.13/site-packages/equinox/_module/_prebuilt.py:33:15
/home/lawrence/git/DISCO-EB/.venv/lib/python3.13/site-packages/diffrax/_integrate.py:1416:29
/home/lawrence/git/DISCO-EB/.venv/lib/python3.13/site-packages/equinox/_jit.py:55:14
/home/lawrence/git/DISCO-EB/.venv/lib/python3.13/site-packages/equinox/_jit.py:263:37
/home/lawrence/git/DISCO-EB/.venv/lib/python3.13/site-packages/equinox/_jit.py:209:19
/home/lawrence/git/DISCO-EB/src/discoeb/perturbations.py:879:15
/home/lawrence/git/DISCO-EB/src/discoeb/perturbations.py:904:9
/home/lawrence/git/DISCO-EB/src/discoeb/perturbations.py:1103:9
'>/home/lawrence/git/DISCO-EB/.venv/lib/python3.13/site-packages/diffrax/_integrate.py:831</div>"
"Total","449.0","input fusion","copy_fusion.15","1.0","0.991","0.991","0.991","0.991","1.2875305279675732e-07","0.8116772267341607","80.53077699293642","80.53077699293642","107.68382027218969","107.68382027218969","0.0","0.6964846749982545","0.6964846749982545","0.0","0.6964846749982545","HBM","0.991","1.2875305279675732e-07","351.06170746352024","0.22939208486959403","0.000567412243197435","0.22939208486959403","True","7","<div class='source-info-cell' title='/home/lawrence/git/DISCO-EB/.venv/lib/python3.13/site-packages/jax_cosmo/scipy/integrate.py:150:53
/home/lawrence/git/DISCO-EB/src/discoeb/thermodynamics_recfast.py:488:45
/home/lawrence/git/DISCO-EB/src/discoeb/thermodynamics_recfast.py:488:21
/home/lawrence/git/DISCO-EB/src/discoeb/background.py:237:82
/home/lawrence/git/DISCO-EB/src/discoeb/cmb.py:987:12
/home/lawrence/git/DISCO-EB/scripts/profile_CMB.py:38:0
'>/home/lawrence/git/DISCO-EB/.venv/lib/python3.13/site-packages/jax_cosmo/scipy/integrate.py:150</div>"
"Total","450.0","loop fusion","loop_divide_fusion.45","1.0","0.991","0.991","0.991","0.991","1.2875305279675732e-07","0.8116773554872134","2864.406659939455","2864.406659939455","11.548024012991926","11.548024012991926","0.0","231.008056640625","231.008056640625","0.0","231.008056640625","HBM","0.991","1.2875305279675732e-07","116439.14893359377","0.02460003088457002","0.02018233859197059","0.02460003088457002","True","7","<div class='source-info-cell' title='/home/lawrence/git/DISCO-EB/src/discoeb/perturbations.py:301:29
/home/lawrence/git/DISCO-EB/src/discoeb/perturbations.py:1173:25
/home/lawrence/git/DISCO-EB/src/discoeb/perturbations.py:1172:19
/home/lawrence/git/DISCO-EB/src/discoeb/perturbations.py:1171:13
/home/lawrence/git/DISCO-EB/src/discoeb/cmb.py:1030:13
/home/lawrence/git/DISCO-EB/scripts/profile_CMB.py:38:0
'>/home/lawrence/git/DISCO-EB/src/discoeb/perturbations.py:301</div>"
"Total","451.0","conditional","conditional.27","1.0","0.96","0.96","0.96","0.96","1.247254598232967e-07","0.8116774802126733","0.0","0.0","0.046566128730773926","0.015522042910257975","0.0","0.0","0.0","0.0","0.0","HBM","0.96","1.247254598232967e-07","0.0","3.30656339607868e-05","0.0","3.30656339607868e-05","True","7","<div class='source-info-cell' title='/home/lawrence/git/DISCO-EB/src/discoeb/util.py:272:24
/home/lawrence/git/DISCO-EB/src/discoeb/perturbations.py:672:21
/home/lawrence/git/DISCO-EB/src/discoeb/perturbations.py:784:20
/home/lawrence/git/DISCO-EB/src/discoeb/perturbations.py:790:26
/home/lawrence/git/DISCO-EB/src/discoeb/perturbations.py:864:24
/home/lawrence/git/DISCO-EB/src/discoeb/perturbations.py:1103:9
/home/lawrence/git/DISCO-EB/src/discoeb/cmb.py:1009:26
/home/lawrence/git/DISCO-EB/scripts/profile_CMB.py:38:0
'>/home/lawrence/git/DISCO-EB/src/discoeb/util.py:272</div>"
"Total","452.0","loop fusion","loop_broadcast_multiply_fusion.1","1.0","0.96","0.96","0.96","0.96","1.247254598232967e-07","0.8116776049381331","259.525","259.525","42.28204488754272","42.28204488754272","0.0","5.716409691629956","5.716409691629956","0.0","5.716409691629956","HBM","0.96","1.247254598232967e-07","2881.344872246696","0.09007078690918324","0.001828588620580808","0.09007078690918324","True","7","<div class='source-info-cell' title='/home/lawrence/git/DISCO-EB/.venv/lib/python3.13/site-packages/diffrax/_integrate.py:1139:57
/home/lawrence/git/DISCO-EB/.venv/lib/python3.13/site-packages/equinox/_tree.py:210:23
/home/lawrence/git/DISCO-EB/.venv/lib/python3.13/site-packages/equinox/_tree.py:229:15
/home/lawrence/git/DISCO-EB/.venv/lib/python3.13/site-packages/equinox/_tree.py:231:10
/home/lawrence/git/DISCO-EB/.venv/lib/python3.13/site-packages/diffrax/_integrate.py:1138:13
/home/lawrence/git/DISCO-EB/.venv/lib/python3.13/site-packages/equinox/_jit.py:55:14
/home/lawrence/git/DISCO-EB/.venv/lib/python3.13/site-packages/equinox/_jit.py:263:37
/home/lawrence/git/DISCO-EB/.venv/lib/python3.13/site-packages/equinox/_jit.py:209:19
/home/lawrence/git/DISCO-EB/src/discoeb/perturbations.py:879:15
/home/lawrence/git/DISCO-EB/src/discoeb/perturbations.py:904:9
'>/home/lawrence/git/DISCO-EB/.venv/lib/python3.13/site-packages/diffrax/_integrate.py:1139</div>"
"Total","453.0","data formatting","copy.981","1.0","0.959","0.959","0.959","0.959","1.245955374693141e-07","0.8116777295336706","0.0","0.0","0.015538228565013197","0.015538228565013197","0.0","0.0","0.0","0.0","0.0","HBM","0.959","1.2459553746931412e-07","0.0","3.310011324541744e-05","0.0","3.310011324541744e-05","True","7",""
"Total","454.0","input fusion","copy_fusion.17","1.0","0.959","0.959","0.959","0.959","1.245955374693141e-07","0.811677854129208","6.412930135557873","6.412930135557873","15.926684279138525","15.926684279138525","0.0","0.375","0.375","0.0","0.375","HBM","0.959","1.2459553746931412e-07","189.01800000000003","0.033927616076552876","4.518489960682349e-05","0.033927616076552876","True","7",""
"Total","455.0","loop fusion","loop_slice_fusion.7","1.0","0.959","0.959","0.959","0.959","1.245955374693141e-07","0.8116779787247455","0.03753910323253389","0.03753910323253389","0.10099848567258578","0.10099848567258578","0.0","0.34615384615384615","0.34615384615384615","0.0","0.34615384615384615","HBM","0.959","1.2459553746931412e-07","174.47815384615387","0.0002151507360952134","2.644969733082351e-07","0.0002151507360952134","True","7","<div class='source-info-cell' title='/home/lawrence/git/DISCO-EB/.venv/lib/python3.13/site-packages/jax_cosmo/scipy/integrate.py:150:53
/home/lawrence/git/DISCO-EB/src/discoeb/background.py:183:8
/home/lawrence/git/DISCO-EB/src/discoeb/background.py:233:12
/home/lawrence/git/DISCO-EB/src/discoeb/cmb.py:987:12
/home/lawrence/git/DISCO-EB/scripts/profile_CMB.py:38:0
'>/home/lawrence/git/DISCO-EB/.venv/lib/python3.13/site-packages/jax_cosmo/scipy/integrate.py:150</div>"
"Total","456.0","loop fusion","loop_slice_fusion.8","1.0","0.959","0.959","0.959","0.959","1.245955374693141e-07","0.8116781033202829","0.03753910323253389","0.03753910323253389","0.10099848567258578","0.10099848567258578","0.0","0.34615384615384615","0.34615384615384615","0.0","0.34615384615384615","HBM","0.959","1.2459553746931412e-07","174.47815384615387","0.0002151507360952134","2.644969733082351e-07","0.0002151507360952134","True","7","<div class='source-info-cell' title='/home/lawrence/git/DISCO-EB/.venv/lib/python3.13/site-packages/jax_cosmo/scipy/integrate.py:150:53
/home/lawrence/git/DISCO-EB/src/discoeb/background.py:183:8
/home/lawrence/git/DISCO-EB/src/discoeb/background.py:233:12
/home/lawrence/git/DISCO-EB/src/discoeb/cmb.py:987:12
/home/lawrence/git/DISCO-EB/scripts/profile_CMB.py:38:0
'>/home/lawrence/git/DISCO-EB/.venv/lib/python3.13/site-packages/jax_cosmo/scipy/integrate.py:150</div>"
"Total","457.0","data formatting","copy.1051","1.0","0.928","0.928","0.928","0.928","1.205679444958535e-07","0.8116782238882274","0.0","0.0","0.016057285769232387","0.016057285769232387","0.0","0.0","0.0","0.0","0.0","HBM","0.928","1.205679444958535e-07","0.0","3.420582823529669e-05","0.0","3.420582823529669e-05","True","7",""
"Total","458.0","input fusion","copy_fusion.13","1.0","0.928","0.928","0.928","0.928","1.205679444958535e-07","0.8116783444561719","85.9978448275862","85.9978448275862","114.99425203635774","114.99425203635774","0.0","0.6964846749982545","0.6964846749982545","0.0","0.6964846749982545","HBM","0.928","1.205679444958535e-07","351.06170746352024","0.24496503890707724","0.0006059326864317436","0.24496503890707724","True","7","<div class='source-info-cell' title='/home/lawrence/git/DISCO-EB/.venv/lib/python3.13/site-packages/jax_cosmo/scipy/integrate.py:150:53
/home/lawrence/git/DISCO-EB/src/discoeb/thermodynamics_recfast.py:488:45
/home/lawrence/git/DISCO-EB/src/discoeb/thermodynamics_recfast.py:488:21
/home/lawrence/git/DISCO-EB/src/discoeb/background.py:237:82
/home/lawrence/git/DISCO-EB/src/discoeb/cmb.py:987:12
/home/lawrence/git/DISCO-EB/scripts/profile_CMB.py:38:0
'>/home/lawrence/git/DISCO-EB/.venv/lib/python3.13/site-packages/jax_cosmo/scipy/integrate.py:150</div>"
"Total","459.0","input fusion","copy_fusion.14","1.0","0.928","0.928","0.928","0.928","1.205679444958535e-07","0.8116784650241164","85.9978448275862","85.9978448275862","114.99425203635774","114.99425203635774","0.0","0.6964846749982545","0.6964846749982545","0.0","0.6964846749982545","HBM","0.928","1.205679444958535e-07","351.06170746352024","0.24496503890707724","0.0006059326864317436","0.24496503890707724","True","7","<div class='source-info-cell' title='/home/lawrence/git/DISCO-EB/.venv/lib/python3.13/site-packages/jax_cosmo/scipy/integrate.py:150:53
/home/lawrence/git/DISCO-EB/src/discoeb/thermodynamics_recfast.py:488:45
/home/lawrence/git/DISCO-EB/src/discoeb/thermodynamics_recfast.py:488:21
/home/lawrence/git/DISCO-EB/src/discoeb/background.py:237:82
/home/lawrence/git/DISCO-EB/src/discoeb/cmb.py:987:12
/home/lawrence/git/DISCO-EB/scripts/profile_CMB.py:38:0
'>/home/lawrence/git/DISCO-EB/.venv/lib/python3.13/site-packages/jax_cosmo/scipy/integrate.py:150</div>"
"Total","460.0","input fusion","input_reduce_fusion.61","1.0","0.928","0.928","0.928","0.928","1.205679444958535e-07","0.811678585592061","106.92995689655173","106.92995689655173","24.639905012887098","24.639905012887098","0.0","4.041666666666667","4.041666666666667","0.0","4.041666666666667","HBM","0.928","1.205679444958535e-07","2037.1940000000002","0.052488843427062774","0.0007534183696377259","0.052488843427062774","True","7","<div class='source-info-cell' title='/home/lawrence/git/DISCO-EB/.venv/lib/python3.13/site-packages/jax_cosmo/scipy/integrate.py:55:8
/home/lawrence/git/DISCO-EB/.venv/lib/python3.13/site-packages/jax_cosmo/scipy/integrate.py:147:26
/home/lawrence/git/DISCO-EB/src/discoeb/thermodynamics_recfast.py:488:45
/home/lawrence/git/DISCO-EB/src/discoeb/thermodynamics_recfast.py:488:21
/home/lawrence/git/DISCO-EB/src/discoeb/background.py:237:82
/home/lawrence/git/DISCO-EB/src/discoeb/cmb.py:987:12
/home/lawrence/git/DISCO-EB/scripts/profile_CMB.py:38:0
'>/home/lawrence/git/DISCO-EB/.venv/lib/python3.13/site-packages/jax_cosmo/scipy/integrate.py:55</div>"
"Total","461.0","loop fusion","loop_slice_fusion.10","1.0","0.928","0.928","0.928","0.928","1.205679444958535e-07","0.8116787061600055","0.03879310344827586","0.03879310344827586","0.10437235750001052","0.10437235750001052","0.0","0.34615384615384615","0.34615384615384615","0.0","0.34615384615384615","HBM","0.928","1.205679444958535e-07","174.47815384615387","0.0002223378835294285","2.733325403045231e-07","0.0002223378835294285","True","7","<div class='source-info-cell' title='/home/lawrence/git/DISCO-EB/.venv/lib/python3.13/site-packages/jax_cosmo/scipy/integrate.py:150:53
/home/lawrence/git/DISCO-EB/src/discoeb/background.py:183:8
/home/lawrence/git/DISCO-EB/src/discoeb/background.py:233:12
/home/lawrence/git/DISCO-EB/src/discoeb/cmb.py:987:12
/home/lawrence/git/DISCO-EB/scripts/profile_CMB.py:38:0
'>/home/lawrence/git/DISCO-EB/.venv/lib/python3.13/site-packages/jax_cosmo/scipy/integrate.py:150</div>"
"Total","462.0","loop fusion","loop_slice_fusion.9","1.0","0.928","0.928","0.928","0.928","1.205679444958535e-07","0.81167882672795","0.03879310344827586","0.03879310344827586","0.10437235750001052","0.10437235750001052","0.0","0.34615384615384615","0.34615384615384615","0.0","0.34615384615384615","HBM","0.928","1.205679444958535e-07","174.47815384615387","0.0002223378835294285","2.733325403045231e-07","0.0002223378835294285","True","7","<div class='source-info-cell' title='/home/lawrence/git/DISCO-EB/.venv/lib/python3.13/site-packages/jax_cosmo/scipy/integrate.py:150:53
/home/lawrence/git/DISCO-EB/src/discoeb/background.py:183:8
/home/lawrence/git/DISCO-EB/src/discoeb/background.py:233:12
/home/lawrence/git/DISCO-EB/src/discoeb/cmb.py:987:12
/home/lawrence/git/DISCO-EB/scripts/profile_CMB.py:38:0
'>/home/lawrence/git/DISCO-EB/.venv/lib/python3.13/site-packages/jax_cosmo/scipy/integrate.py:150</div>"
"Total","463.0","data formatting","copy.980","1.0","0.927","0.927","0.927","0.927","1.2043802214187088e-07","0.8116789471659721","0.0","0.0","0.016074607544603724","0.016074607544603724","0.0","0.0","0.0","0.0","0.0","HBM","0.927","1.2043802214187088e-07","0.0","3.4242727726381144e-05","0.0","3.4242727726381144e-05","True","7",""
"Total","464.0","input fusion","copy_fusion.12","1.0","0.927","0.927","0.927","0.927","1.2043802214187088e-07","0.8116790676039942","86.09061488673139","86.09061488673139","115.11830193067959","115.11830193067959","0.0","0.6964846749982545","0.6964846749982545","0.0","0.6964846749982545","HBM","0.927","1.2043802214187088e-07","351.0617074635202","0.24522929461247864","0.0006065863355001704","0.24522929461247864","True","7","<div class='source-info-cell' title='/home/lawrence/git/DISCO-EB/.venv/lib/python3.13/site-packages/jax_cosmo/scipy/integrate.py:150:53
/home/lawrence/git/DISCO-EB/src/discoeb/thermodynamics_recfast.py:488:45
/home/lawrence/git/DISCO-EB/src/discoeb/thermodynamics_recfast.py:488:21
/home/lawrence/git/DISCO-EB/src/discoeb/background.py:237:82
/home/lawrence/git/DISCO-EB/src/discoeb/cmb.py:987:12
/home/lawrence/git/DISCO-EB/scripts/profile_CMB.py:38:0
'>/home/lawrence/git/DISCO-EB/.venv/lib/python3.13/site-packages/jax_cosmo/scipy/integrate.py:150</div>"
"Total","465.0","loop fusion","loop_pad_fusion.28","1.0","0.896","0.896","0.896","0.896","1.1641042916841026e-07","0.8116791840144234","0.0","0.0","4.249159246683121","4.249159246683121","0.0","0.0","0.0","0.0","0.0","HBM","0.896","1.1641042916841026e-07","0.0","0.009051717296765387","0.0","0.009051717296765387","True","7","<div class='source-info-cell' title='/home/lawrence/git/DISCO-EB/src/discoeb/spline_interpolation.py:75:25
/home/lawrence/git/DISCO-EB/src/discoeb/background.py:168:43
/home/lawrence/git/DISCO-EB/src/discoeb/background.py:233:12
/home/lawrence/git/DISCO-EB/src/discoeb/cmb.py:987:12
/home/lawrence/git/DISCO-EB/scripts/profile_CMB.py:38:0
'>/home/lawrence/git/DISCO-EB/src/discoeb/spline_interpolation.py:75</div>"
"Total","466.0","loop fusion","loop_slice_fusion.2","1.0","0.896","0.896","0.896","0.896","1.1641042916841026e-07","0.8116793004248526","41.10267857142857","41.10267857142857","102.08792186209133","102.08792186209133","0.0","0.37496945507860224","0.37496945507860224","0.0","0.37496945507860224","HBM","0.896","1.1641042916841026e-07","189.0026038934593","0.2174714936445962","0.00028960558832908165","0.2174714936445962","True","7","<div class='source-info-cell' title='/home/lawrence/git/DISCO-EB/.venv/lib/python3.13/site-packages/jax_cosmo/scipy/integrate.py:150:53
/home/lawrence/git/DISCO-EB/src/discoeb/thermodynamics_recfast.py:488:45
/home/lawrence/git/DISCO-EB/src/discoeb/thermodynamics_recfast.py:488:21
/home/lawrence/git/DISCO-EB/src/discoeb/background.py:237:82
/home/lawrence/git/DISCO-EB/src/discoeb/cmb.py:987:12
/home/lawrence/git/DISCO-EB/scripts/profile_CMB.py:38:0
'>/home/lawrence/git/DISCO-EB/.venv/lib/python3.13/site-packages/jax_cosmo/scipy/integrate.py:150</div>"
"Total","467.0","conditional","conditional.26","1.0","0.864","0.864","0.864","0.864","1.1225291384096703e-07","0.8116794126777664","0.0","0.0","0.05174014303419325","0.01724671434473108","0.0","0.0","0.0","0.0","0.0","HBM","0.864","1.1225291384096703e-07","0.0","3.673959328976311e-05","0.0","3.673959328976311e-05","True","7","<div class='source-info-cell' title='/home/lawrence/git/DISCO-EB/src/discoeb/util.py:272:24
/home/lawrence/git/DISCO-EB/src/discoeb/perturbations.py:672:21
/home/lawrence/git/DISCO-EB/src/discoeb/perturbations.py:784:20
/home/lawrence/git/DISCO-EB/src/discoeb/perturbations.py:790:26
/home/lawrence/git/DISCO-EB/src/discoeb/perturbations.py:864:24
/home/lawrence/git/DISCO-EB/src/discoeb/perturbations.py:1103:9
/home/lawrence/git/DISCO-EB/src/discoeb/cmb.py:1009:26
/home/lawrence/git/DISCO-EB/scripts/profile_CMB.py:38:0
'>/home/lawrence/git/DISCO-EB/src/discoeb/util.py:272</div>"
"Total","468.0","conditional","conditional.32.clone","1.0","0.864","0.864","0.864","0.864","1.1225291384096703e-07","0.8116795249306803","0.0","0.0","28610.235959705376","3178.9122321815403","0.0","0.0","0.0","0.0","0.0","HBM","0.864","1.1225291384096703e-07","0.0","6.771837242719976","0.0","6.771837242719976","True","7","<div class='source-info-cell' title='/home/lawrence/git/DISCO-EB/.venv/lib/python3.13/site-packages/equinox/_errors.py:118:15
/home/lawrence/git/DISCO-EB/.venv/lib/python3.13/site-packages/equinox/_ad.py:776:19
/home/lawrence/git/DISCO-EB/.venv/lib/python3.13/site-packages/equinox/_ad.py:819:15
/home/lawrence/git/DISCO-EB/.venv/lib/python3.13/site-packages/equinox/_errors.py:336:16
/home/lawrence/git/DISCO-EB/.venv/lib/python3.13/site-packages/equinox/_jit.py:55:14
/home/lawrence/git/DISCO-EB/.venv/lib/python3.13/site-packages/equinox/_jit.py:263:37
/home/lawrence/git/DISCO-EB/.venv/lib/python3.13/site-packages/equinox/_jit.py:209:19
/home/lawrence/git/DISCO-EB/.venv/lib/python3.13/site-packages/equinox/_errors.py:267:15
/home/lawrence/git/DISCO-EB/.venv/lib/python3.13/site-packages/equinox/_enum.py:197:15
/home/lawrence/git/DISCO-EB/.venv/lib/python3.13/site-packages/equinox/_module/_prebuilt.py:33:15
'>/home/lawrence/git/DISCO-EB/.venv/lib/python3.13/site-packages/equinox/_errors.py:118</div>"
"Total","469.0","data formatting","copy.1369","1.0","0.864","0.864","0.864","0.864","1.1225291384096703e-07","0.8116796371835941","0.0","0.0","8.795824315812853","8.795824315812853","0.0","0.0","0.0","0.0","0.0","HBM","0.864","1.1225291384096703e-07","0.0","0.01873719257777919","0.0","0.01873719257777919","True","7",""
"Total","470.0","data formatting","copy.851","1.0","0.864","0.864","0.864","0.864","1.1225291384096703e-07","0.811679749436508","0.0","0.0","17.660635489004626","17.660635489004626","0.0","0.0","0.0","0.0","0.0","HBM","0.864","1.1225291384096703e-07","0.0","0.037621343528717426","0.0","0.037621343528717426","True","7",""
"Total","471.0","input fusion","copy_fusion.9","1.0","0.864","0.864","0.864","0.864","1.1225291384096703e-07","0.8116798616894219","7.118055555555555","7.118055555555555","17.67788220334936","17.67788220334936","0.0","0.375","0.375","0.0","0.375","HBM","0.864","1.1225291384096703e-07","189.018","0.03765808312200719","5.0153146670073756e-05","0.03765808312200719","True","7",""
"Total","472.0","loop fusion","loop_pad_fusion.15","1.0","0.864","0.864","0.864","0.864","1.1225291384096703e-07","0.8116799739423357","0.0","0.0","8.821694387329948","8.821694387329948","0.0","0.0","0.0","0.0","0.0","HBM","0.864","1.1225291384096703e-07","0.0","0.01879230196771383","0.0","0.01879230196771383","True","7","<div class='source-info-cell' title='/home/lawrence/git/DISCO-EB/src/discoeb/spline_interpolation.py:75:25
/home/lawrence/git/DISCO-EB/src/discoeb/cmb.py:155:27
/home/lawrence/git/DISCO-EB/src/discoeb/cmb.py:1043:27
/home/lawrence/git/DISCO-EB/scripts/profile_CMB.py:38:0
'>/home/lawrence/git/DISCO-EB/src/discoeb/spline_interpolation.py:75</div>"
"Total","473.0","loop fusion","loop_pad_fusion.29","1.0","0.864","0.864","0.864","0.864","1.1225291384096703e-07","0.8116800861952496","0.0","0.0","4.406535515078792","4.406535515078792","0.0","0.0","0.0","0.0","0.0","HBM","0.864","1.1225291384096703e-07","0.0","0.009386966085534475","0.0","0.009386966085534475","True","7","<div class='source-info-cell' title='/home/lawrence/git/DISCO-EB/src/discoeb/spline_interpolation.py:75:25
/home/lawrence/git/DISCO-EB/src/discoeb/background.py:167:43
/home/lawrence/git/DISCO-EB/src/discoeb/background.py:233:12
/home/lawrence/git/DISCO-EB/src/discoeb/cmb.py:987:12
/home/lawrence/git/DISCO-EB/scripts/profile_CMB.py:38:0
'>/home/lawrence/git/DISCO-EB/src/discoeb/spline_interpolation.py:75</div>"
"Total","474.0","data formatting","copy.1187","1.0","0.863","0.863","0.863","0.863","1.1212299148698443e-07","0.811680198318241","0.0","0.0","17.681099724797217","17.681099724797217","0.0","0.0","0.0","0.0","0.0","HBM","0.863","1.1212299148698444e-07","0.0","0.03766493720603923","0.0","0.03766493720603923","True","7",""
"Total","475.0","data formatting","copy.1354","1.0","0.863","0.863","0.863","0.863","1.1212299148698443e-07","0.8116803104412325","0.0","0.0","8.806016464498615","8.806016464498615","0.0","0.0","0.0","0.0","0.0","HBM","0.863","1.1212299148698444e-07","0.0","0.01875890427253907","0.0","0.01875890427253907","True","7",""
"Total","476.0","loop fusion","loop_pad_fusion.22","1.0","0.863","0.863","0.863","0.863","1.1212299148698443e-07","0.8116804225642239","0.0","0.0","8.83191651292361","8.83191651292361","0.0","0.0","0.0","0.0","0.0","HBM","0.863","1.1212299148698444e-07","0.0","0.01881407752039948","0.0","0.01881407752039948","True","7","<div class='source-info-cell' title='/home/lawrence/git/DISCO-EB/src/discoeb/spline_interpolation.py:75:25
/home/lawrence/git/DISCO-EB/src/discoeb/background.py:255:40
/home/lawrence/git/DISCO-EB/src/discoeb/cmb.py:987:12
/home/lawrence/git/DISCO-EB/scripts/profile_CMB.py:38:0
'>/home/lawrence/git/DISCO-EB/src/discoeb/spline_interpolation.py:75</div>"
"Total","477.0","loop fusion","loop_pad_fusion.26","1.0","0.863","0.863","0.863","0.863","1.1212299148698443e-07","0.8116805346872153","0.0","0.0","8.83191651292361","8.83191651292361","0.0","0.0","0.0","0.0","0.0","HBM","0.863","1.1212299148698444e-07","0.0","0.01881407752039948","0.0","0.01881407752039948","True","7","<div class='source-info-cell' title='/home/lawrence/git/DISCO-EB/src/discoeb/spline_interpolation.py:75:25
/home/lawrence/git/DISCO-EB/src/discoeb/background.py:249:40
/home/lawrence/git/DISCO-EB/src/discoeb/cmb.py:987:12
/home/lawrence/git/DISCO-EB/scripts/profile_CMB.py:38:0
'>/home/lawrence/git/DISCO-EB/src/discoeb/spline_interpolation.py:75</div>"
"Total","478.0","loop fusion","loop_pad_fusion.27","1.0","0.863","0.863","0.863","0.863","1.1212299148698443e-07","0.8116806468102068","0.0","0.0","8.83191651292361","8.83191651292361","0.0","0.0","0.0","0.0","0.0","HBM","0.863","1.1212299148698444e-07","0.0","0.01881407752039948","0.0","0.01881407752039948","True","7","<div class='source-info-cell' title='/home/lawrence/git/DISCO-EB/src/discoeb/spline_interpolation.py:75:25
/home/lawrence/git/DISCO-EB/src/discoeb/background.py:248:40
/home/lawrence/git/DISCO-EB/src/discoeb/cmb.py:987:12
/home/lawrence/git/DISCO-EB/scripts/profile_CMB.py:38:0
'>/home/lawrence/git/DISCO-EB/src/discoeb/spline_interpolation.py:75</div>"
"Total","479.0","data formatting","copy.1214","1.0","0.832","0.832","0.832","0.832","1.080953985135238e-07","0.8116807549056053","0.0","0.0","18.339890700120193","18.339890700120193","0.0","0.0","0.0","0.0","0.0","HBM","0.832","1.0809539851352381e-07","0.0","0.03906831827982195","0.0","0.03906831827982195","True","7",""
"Total","480.0","data formatting","copy.860","1.0","0.832","0.832","0.832","0.832","1.080953985135238e-07","0.8116808630010038","0.0","0.0","18.339890700120193","18.339890700120193","0.0","0.0","0.0","0.0","0.0","HBM","0.832","1.0809539851352381e-07","0.0","0.03906831827982195","0.0","0.03906831827982195","True","7",""
"Total","481.0","input fusion","copy_fusion.10","1.0","0.832","0.832","0.832","0.832","1.080953985135238e-07","0.8116809710964024","7.391826923076923","7.391826923076923","18.357800749632027","18.357800749632027","0.0","0.375","0.375","0.0","0.375","HBM","0.832","1.0809539851352381e-07","189.01800000000003","0.03910647093439208","5.2082113849691976e-05","0.03910647093439208","True","7",""
"Total","482.0","input fusion","input_concatenate_fusion.33","1.0","0.832","0.832","0.832","0.832","1.080953985135238e-07","0.8116810791918009","7.384615384615385","7.384615384615385","18.321980650608356","18.321980650608356","0.0","0.375366568914956","0.375366568914956","0.0","0.375366568914956","HBM","0.832","1.0809539851352381e-07","189.20276832844576","0.03903016562525181","5.203130203130204e-05","0.03903016562525181","True","7","<div class='source-info-cell' title='/home/lawrence/git/DISCO-EB/src/discoeb/spline_interpolation.py:85:21
/home/lawrence/git/DISCO-EB/src/discoeb/background.py:250:40
/home/lawrence/git/DISCO-EB/src/discoeb/cmb.py:987:12
/home/lawrence/git/DISCO-EB/scripts/profile_CMB.py:38:0
'>/home/lawrence/git/DISCO-EB/src/discoeb/spline_interpolation.py:85</div>"
"Total","483.0","input fusion","input_concatenate_fusion.34","1.0","0.832","0.832","0.832","0.832","1.080953985135238e-07","0.8116811872871994","7.384615384615385","7.384615384615385","18.321980650608356","18.321980650608356","0.0","0.375366568914956","0.375366568914956","0.0","0.375366568914956","HBM","0.832","1.0809539851352381e-07","189.20276832844576","0.03903016562525181","5.203130203130204e-05","0.03903016562525181","True","7","<div class='source-info-cell' title='/home/lawrence/git/DISCO-EB/src/discoeb/spline_interpolation.py:85:21
/home/lawrence/git/DISCO-EB/src/discoeb/background.py:249:40
/home/lawrence/git/DISCO-EB/src/discoeb/cmb.py:987:12
/home/lawrence/git/DISCO-EB/scripts/profile_CMB.py:38:0
'>/home/lawrence/git/DISCO-EB/src/discoeb/spline_interpolation.py:85</div>"
"Total","484.0","loop fusion","loop_pad_fusion.16","1.0","0.832","0.832","0.832","0.832","1.080953985135238e-07","0.8116812953825979","0.0","0.0","9.160990325304178","9.160990325304178","0.0","0.0","0.0","0.0","0.0","HBM","0.832","1.0809539851352381e-07","0.0","0.019515082812625904","0.0","0.019515082812625904","True","7","<div class='source-info-cell' title='/home/lawrence/git/DISCO-EB/src/discoeb/spline_interpolation.py:75:25
/home/lawrence/git/DISCO-EB/src/discoeb/cmb.py:148:24
/home/lawrence/git/DISCO-EB/src/discoeb/cmb.py:1043:27
/home/lawrence/git/DISCO-EB/scripts/profile_CMB.py:38:0
'>/home/lawrence/git/DISCO-EB/src/discoeb/spline_interpolation.py:75</div>"
"Total","485.0","loop fusion","loop_pad_fusion.17","1.0","0.832","0.832","0.832","0.832","1.080953985135238e-07","0.8116814034779964","0.0","0.0","9.160990325304178","9.160990325304178","0.0","0.0","0.0","0.0","0.0","HBM","0.832","1.0809539851352381e-07","0.0","0.019515082812625904","0.0","0.019515082812625904","True","7","<div class='source-info-cell' title='/home/lawrence/git/DISCO-EB/src/discoeb/spline_interpolation.py:75:25
/home/lawrence/git/DISCO-EB/src/discoeb/cmb.py:147:23
/home/lawrence/git/DISCO-EB/src/discoeb/cmb.py:1043:27
/home/lawrence/git/DISCO-EB/scripts/profile_CMB.py:38:0
'>/home/lawrence/git/DISCO-EB/src/discoeb/spline_interpolation.py:75</div>"
"Total","486.0","loop fusion","loop_pad_fusion.21","1.0","0.832","0.832","0.832","0.832","1.080953985135238e-07","0.811681511573395","0.0","0.0","9.160990325304178","9.160990325304178","0.0","0.0","0.0","0.0","0.0","HBM","0.832","1.0809539851352381e-07","0.0","0.019515082812625904","0.0","0.019515082812625904","True","7","<div class='source-info-cell' title='/home/lawrence/git/DISCO-EB/src/discoeb/spline_interpolation.py:75:25
/home/lawrence/git/DISCO-EB/src/discoeb/background.py:256:40
/home/lawrence/git/DISCO-EB/src/discoeb/cmb.py:987:12
/home/lawrence/git/DISCO-EB/scripts/profile_CMB.py:38:0
'>/home/lawrence/git/DISCO-EB/src/discoeb/spline_interpolation.py:75</div>"
"Total","487.0","loop fusion","loop_pad_fusion.23","1.0","0.832","0.832","0.832","0.832","1.080953985135238e-07","0.8116816196687935","0.0","0.0","9.160990325304178","9.160990325304178","0.0","0.0","0.0","0.0","0.0","HBM","0.832","1.0809539851352381e-07","0.0","0.019515082812625904","0.0","0.019515082812625904","True","7","<div class='source-info-cell' title='/home/lawrence/git/DISCO-EB/src/discoeb/spline_interpolation.py:75:25
/home/lawrence/git/DISCO-EB/src/discoeb/background.py:252:40
/home/lawrence/git/DISCO-EB/src/discoeb/cmb.py:987:12
/home/lawrence/git/DISCO-EB/scripts/profile_CMB.py:38:0
'>/home/lawrence/git/DISCO-EB/src/discoeb/spline_interpolation.py:75</div>"
"Total","488.0","loop fusion","loop_pad_fusion.25","1.0","0.832","0.832","0.832","0.832","1.080953985135238e-07","0.811681727764192","0.0","0.0","9.160990325304178","9.160990325304178","0.0","0.0","0.0","0.0","0.0","HBM","0.832","1.0809539851352381e-07","0.0","0.019515082812625904","0.0","0.019515082812625904","True","7","<div class='source-info-cell' title='/home/lawrence/git/DISCO-EB/src/discoeb/spline_interpolation.py:75:25
/home/lawrence/git/DISCO-EB/src/discoeb/background.py:250:40
/home/lawrence/git/DISCO-EB/src/discoeb/cmb.py:987:12
/home/lawrence/git/DISCO-EB/scripts/profile_CMB.py:38:0
'>/home/lawrence/git/DISCO-EB/src/discoeb/spline_interpolation.py:75</div>"
"Total","489.0","loop fusion","wrapped_slice.22","1.0","0.832","0.832","0.832","0.832","1.080953985135238e-07","0.8116818358595905","0.0","0.0","0.017910049511836126","0.017910049511836126","0.0","0.0","0.0","0.0","0.0","HBM","0.832","1.0809539851352381e-07","0.0","3.815265457013862e-05","0.0","3.815265457013862e-05","True","7","<div class='source-info-cell' title='/home/lawrence/git/DISCO-EB/src/discoeb/spline_interpolation.py:115:20
/home/lawrence/git/DISCO-EB/src/discoeb/background.py:249:40
/home/lawrence/git/DISCO-EB/src/discoeb/cmb.py:987:12
/home/lawrence/git/DISCO-EB/scripts/profile_CMB.py:38:0
'>/home/lawrence/git/DISCO-EB/src/discoeb/spline_interpolation.py:115</div>"
"Total","490.0","loop fusion","wrapped_slice.23","1.0","0.832","0.832","0.832","0.832","1.080953985135238e-07","0.811681943954989","0.0","0.0","0.017910049511836126","0.017910049511836126","0.0","0.0","0.0","0.0","0.0","HBM","0.832","1.0809539851352381e-07","0.0","3.815265457013862e-05","0.0","3.815265457013862e-05","True","7","<div class='source-info-cell' title='/home/lawrence/git/DISCO-EB/src/discoeb/spline_interpolation.py:115:20
/home/lawrence/git/DISCO-EB/src/discoeb/background.py:256:40
/home/lawrence/git/DISCO-EB/src/discoeb/cmb.py:987:12
/home/lawrence/git/DISCO-EB/scripts/profile_CMB.py:38:0
'>/home/lawrence/git/DISCO-EB/src/discoeb/spline_interpolation.py:115</div>"
"Total","491.0","loop fusion","wrapped_slice.25","1.0","0.832","0.832","0.832","0.832","1.080953985135238e-07","0.8116820520503876","0.0","0.0","0.017910049511836126","0.017910049511836126","0.0","0.0","0.0","0.0","0.0","HBM","0.832","1.0809539851352381e-07","0.0","3.815265457013862e-05","0.0","3.815265457013862e-05","True","7","<div class='source-info-cell' title='/home/lawrence/git/DISCO-EB/src/discoeb/spline_interpolation.py:115:20
/home/lawrence/git/DISCO-EB/src/discoeb/background.py:248:40
/home/lawrence/git/DISCO-EB/src/discoeb/cmb.py:987:12
/home/lawrence/git/DISCO-EB/scripts/profile_CMB.py:38:0
'>/home/lawrence/git/DISCO-EB/src/discoeb/spline_interpolation.py:115</div>"
"Total","492.0","conditional","conditional.28.clone","1.0","0.831","0.831","0.831","0.831","1.079654761595412e-07","0.8116821600158637","0.0","0.0","0.08741655935018931","0.006724350719245332","0.0","0.0","0.0","0.0","0.0","HBM","0.831","1.0796547615954122e-07","0.0","1.4324462365683814e-05","0.0","1.4324462365683814e-05","True","7","<div class='source-info-cell' title='/home/lawrence/git/DISCO-EB/.venv/lib/python3.13/site-packages/equinox/_errors.py:118:15
/home/lawrence/git/DISCO-EB/.venv/lib/python3.13/site-packages/equinox/_ad.py:776:19
/home/lawrence/git/DISCO-EB/.venv/lib/python3.13/site-packages/equinox/_ad.py:819:15
/home/lawrence/git/DISCO-EB/.venv/lib/python3.13/site-packages/equinox/_errors.py:336:16
/home/lawrence/git/DISCO-EB/.venv/lib/python3.13/site-packages/equinox/_jit.py:55:14
/home/lawrence/git/DISCO-EB/.venv/lib/python3.13/site-packages/equinox/_jit.py:263:37
/home/lawrence/git/DISCO-EB/.venv/lib/python3.13/site-packages/equinox/_jit.py:209:19
/home/lawrence/git/DISCO-EB/.venv/lib/python3.13/site-packages/equinox/_errors.py:267:15
/home/lawrence/git/DISCO-EB/.venv/lib/python3.13/site-packages/equinox/_errors.py:246:11
/home/lawrence/git/DISCO-EB/.venv/lib/python3.13/site-packages/diffrax/_integrate.py:1021:14
'>/home/lawrence/git/DISCO-EB/.venv/lib/python3.13/site-packages/equinox/_errors.py:118</div>"
"Total","493.0","data formatting","copy.1205","1.0","0.831","0.831","0.831","0.831","1.079654761595412e-07","0.8116822679813398","0.0","0.0","18.361960364019254","18.361960364019254","0.0","0.0","0.0","0.0","0.0","HBM","0.831","1.0796547615954122e-07","0.0","0.03911533189989393","0.0","0.03911533189989393","True","7",""
"Total","494.0","data formatting","copy.878","1.0","0.831","0.831","0.831","0.831","1.079654761595412e-07","0.8116823759468159","0.0","0.0","18.361960364019254","18.361960364019254","0.0","0.0","0.0","0.0","0.0","HBM","0.831","1.0796547615954122e-07","0.0","0.03911533189989393","0.0","0.03911533189989393","True","7",""
"Total","495.0","input fusion","input_concatenate_fusion.35","1.0","0.831","0.831","0.831","0.831","1.079654761595412e-07","0.811682483912292","7.393501805054152","7.393501805054152","18.344028762101264","18.344028762101264","0.0","0.375366568914956","0.375366568914956","0.0","0.375366568914956","HBM","0.831","1.0796547615954122e-07","189.20276832844579","0.03907713333358544","5.209391490979939e-05","0.03907713333358544","True","7","<div class='source-info-cell' title='/home/lawrence/git/DISCO-EB/src/discoeb/spline_interpolation.py:85:21
/home/lawrence/git/DISCO-EB/src/discoeb/background.py:256:40
/home/lawrence/git/DISCO-EB/src/discoeb/cmb.py:987:12
/home/lawrence/git/DISCO-EB/scripts/profile_CMB.py:38:0
'>/home/lawrence/git/DISCO-EB/src/discoeb/spline_interpolation.py:85</div>"
"Total","496.0","loop fusion","loop_pad_fusion.18","1.0","0.831","0.831","0.831","0.831","1.079654761595412e-07","0.8116825918777681","0.0","0.0","9.172014381050632","9.172014381050632","0.0","0.0","0.0","0.0","0.0","HBM","0.831","1.0796547615954122e-07","0.0","0.01953856666679272","0.0","0.01953856666679272","True","7","<div class='source-info-cell' title='/home/lawrence/git/DISCO-EB/src/discoeb/spline_interpolation.py:75:25
/home/lawrence/git/DISCO-EB/src/discoeb/cmb.py:146:18
/home/lawrence/git/DISCO-EB/src/discoeb/cmb.py:1043:27
/home/lawrence/git/DISCO-EB/scripts/profile_CMB.py:38:0
'>/home/lawrence/git/DISCO-EB/src/discoeb/spline_interpolation.py:75</div>"
"Total","497.0","loop fusion","loop_pad_fusion.19","1.0","0.831","0.831","0.831","0.831","1.079654761595412e-07","0.8116826998432443","0.0","0.0","9.172014381050632","9.172014381050632","0.0","0.0","0.0","0.0","0.0","HBM","0.831","1.0796547615954122e-07","0.0","0.01953856666679272","0.0","0.01953856666679272","True","7","<div class='source-info-cell' title='/home/lawrence/git/DISCO-EB/src/discoeb/spline_interpolation.py:75:25
/home/lawrence/git/DISCO-EB/src/discoeb/cmb.py:141:17
/home/lawrence/git/DISCO-EB/src/discoeb/cmb.py:1043:27
/home/lawrence/git/DISCO-EB/scripts/profile_CMB.py:38:0
'>/home/lawrence/git/DISCO-EB/src/discoeb/spline_interpolation.py:75</div>"
"Total","498.0","loop fusion","loop_pad_fusion.20","1.0","0.831","0.831","0.831","0.831","1.079654761595412e-07","0.8116828078087204","0.0","0.0","9.172014381050632","9.172014381050632","0.0","0.0","0.0","0.0","0.0","HBM","0.831","1.0796547615954122e-07","0.0","0.01953856666679272","0.0","0.01953856666679272","True","7","<div class='source-info-cell' title='/home/lawrence/git/DISCO-EB/src/discoeb/spline_interpolation.py:75:25
/home/lawrence/git/DISCO-EB/src/discoeb/background.py:320:17
/home/lawrence/git/DISCO-EB/src/discoeb/cmb.py:987:12
/home/lawrence/git/DISCO-EB/scripts/profile_CMB.py:38:0
'>/home/lawrence/git/DISCO-EB/src/discoeb/spline_interpolation.py:75</div>"
"Total","499.0","loop fusion","loop_pad_fusion.24","1.0","0.831","0.831","0.831","0.831","1.079654761595412e-07","0.8116829157741965","0.0","0.0","9.172014381050632","9.172014381050632","0.0","0.0","0.0","0.0","0.0","HBM","0.831","1.0796547615954122e-07","0.0","0.01953856666679272","0.0","0.01953856666679272","True","7","<div class='source-info-cell' title='/home/lawrence/git/DISCO-EB/src/discoeb/spline_interpolation.py:75:25
/home/lawrence/git/DISCO-EB/src/discoeb/background.py:251:40
/home/lawrence/git/DISCO-EB/src/discoeb/cmb.py:987:12
/home/lawrence/git/DISCO-EB/scripts/profile_CMB.py:38:0
'>/home/lawrence/git/DISCO-EB/src/discoeb/spline_interpolation.py:75</div>"
"Total","500.0","loop fusion","loop_pad_fusion.30","1.0","0.831","0.831","0.831","0.831","1.079654761595412e-07","0.8116830237396726","0.0","0.0","4.581524290045819","4.581524290045819","0.0","0.0","0.0","0.0","0.0","HBM","0.831","1.0796547615954122e-07","0.0","0.009759733691819237","0.0","0.009759733691819237","True","7","<div class='source-info-cell' title='/home/lawrence/git/DISCO-EB/src/discoeb/spline_interpolation.py:75:25
/home/lawrence/git/DISCO-EB/src/discoeb/background.py:166:43
/home/lawrence/git/DISCO-EB/src/discoeb/background.py:233:12
/home/lawrence/git/DISCO-EB/src/discoeb/cmb.py:987:12
/home/lawrence/git/DISCO-EB/scripts/profile_CMB.py:38:0
'>/home/lawrence/git/DISCO-EB/src/discoeb/spline_interpolation.py:75</div>"
"Total","501.0","data formatting","copy.1038","1.0","0.8","0.8","0.8","0.8","1.0393788318608059e-07","0.8116831276775558","0.0","0.0","0.01862645149230957","0.01862645149230957","0.0","0.0","0.0","0.0","0.0","HBM","0.8","1.0393788318608059e-07","0.0","3.967876075294416e-05","0.0","3.967876075294416e-05","True","7",""
"Total","502.0","data formatting","copy.983","1.0","0.8","0.8","0.8","0.8","1.0393788318608059e-07","0.811683231615439","0.0","0.0","0.01862645149230957","0.01862645149230957","0.0","0.0","0.0","0.0","0.0","HBM","0.8","1.0393788318608059e-07","0.0","3.967876075294416e-05","0.0","3.967876075294416e-05","True","7",""
"Total","503.0","data formatting","copy.988","1.0","0.8","0.8","0.8","0.8","1.0393788318608059e-07","0.8116833355533222","0.0","0.0","0.01862645149230957","0.01862645149230957","0.0","0.0","0.0","0.0","0.0","HBM","0.8","1.0393788318608059e-07","0.0","3.967876075294416e-05","0.0","3.967876075294416e-05","True","7",""
"Total","504.0","data formatting","copy.989","1.0","0.8","0.8","0.8","0.8","1.0393788318608059e-07","0.8116834394912054","0.0","0.0","0.01862645149230957","0.01862645149230957","0.0","0.0","0.0","0.0","0.0","HBM","0.8","1.0393788318608059e-07","0.0","3.967876075294416e-05","0.0","3.967876075294416e-05","True","7",""
"Total","505.0","data formatting","copy.992","1.0","0.8","0.8","0.8","0.8","1.0393788318608059e-07","0.8116835434290885","0.0","0.0","0.01862645149230957","0.01862645149230957","0.0","0.0","0.0","0.0","0.0","HBM","0.8","1.0393788318608059e-07","0.0","3.967876075294416e-05","0.0","3.967876075294416e-05","True","7",""
"Total","506.0","loop fusion","loop_dynamic_update_slice_fusion.244","1.0","0.8","0.8","0.8","0.8","1.0393788318608059e-07","0.8116836473669717","0.0","0.0","2.384185791015625","2.384185791015625","0.0","0.0","0.0","0.0","0.0","HBM","0.8","1.0393788318608059e-07","0.0","0.005078881376376853","0.0","0.005078881376376853","True","7","<div class='source-info-cell' title='/home/lawrence/git/DISCO-EB/src/discoeb/perturbations.py:594:8
/home/lawrence/git/DISCO-EB/src/discoeb/perturbations.py:801:15
/home/lawrence/git/DISCO-EB/src/discoeb/perturbations.py:810:11
/home/lawrence/git/DISCO-EB/src/discoeb/perturbations.py:867:17
/home/lawrence/git/DISCO-EB/src/discoeb/perturbations.py:1103:9
/home/lawrence/git/DISCO-EB/src/discoeb/cmb.py:1009:26
/home/lawrence/git/DISCO-EB/scripts/profile_CMB.py:38:0
'>/home/lawrence/git/DISCO-EB/src/discoeb/perturbations.py:594</div>"
"Total","507.0","conditional","conditional.21","1.0","0.799","0.799","0.799","0.799","1.03807960832098e-07","0.8116837511749325","0.0","0.0","0.0559492910907922","0.01864976369693073","0.0","0.0","0.0","0.0","0.0","HBM","0.799","1.03807960832098e-07","0.0","3.972842127954359e-05","0.0","3.972842127954359e-05","True","7","<div class='source-info-cell' title='/home/lawrence/git/DISCO-EB/src/discoeb/util.py:272:24
/home/lawrence/git/DISCO-EB/src/discoeb/perturbations.py:672:21
/home/lawrence/git/DISCO-EB/src/discoeb/perturbations.py:784:20
/home/lawrence/git/DISCO-EB/src/discoeb/perturbations.py:790:26
/home/lawrence/git/DISCO-EB/src/discoeb/perturbations.py:864:24
/home/lawrence/git/DISCO-EB/src/discoeb/perturbations.py:1103:9
/home/lawrence/git/DISCO-EB/src/discoeb/cmb.py:1009:26
/home/lawrence/git/DISCO-EB/scripts/profile_CMB.py:38:0
'>/home/lawrence/git/DISCO-EB/src/discoeb/util.py:272</div>"
"Total","508.0","data formatting","copy.993","1.0","0.799","0.799","0.799","0.799","1.03807960832098e-07","0.8116838549828933","0.0","0.0","0.01864976369693073","0.01864976369693073","0.0","0.0","0.0","0.0","0.0","HBM","0.799","1.03807960832098e-07","0.0","3.972842127954359e-05","0.0","3.972842127954359e-05","True","7",""
"Total","509.0","loop fusion","loop_dynamic_update_slice_fusion.243","1.0","0.799","0.799","0.799","0.799","1.03807960832098e-07","0.8116839587908541","0.0","0.0","2.3871697532071336","2.3871697532071336","0.0","0.0","0.0","0.0","0.0","HBM","0.799","1.03807960832098e-07","0.0","0.005085237923781579","0.0","0.005085237923781579","True","7","<div class='source-info-cell' title='/home/lawrence/git/DISCO-EB/src/discoeb/perturbations.py:590:8
/home/lawrence/git/DISCO-EB/src/discoeb/perturbations.py:801:15
/home/lawrence/git/DISCO-EB/src/discoeb/perturbations.py:810:11
/home/lawrence/git/DISCO-EB/src/discoeb/perturbations.py:867:17
/home/lawrence/git/DISCO-EB/src/discoeb/perturbations.py:1103:9
/home/lawrence/git/DISCO-EB/src/discoeb/cmb.py:1009:26
/home/lawrence/git/DISCO-EB/scripts/profile_CMB.py:38:0
'>/home/lawrence/git/DISCO-EB/src/discoeb/perturbations.py:590</div>"
"Total","510.0","loop fusion","loop_dynamic_update_slice_fusion.240","1.0","0.768","0.768","0.768","0.768","9.978036785863737e-08","0.811684058571222","0.0","0.0","2.483526865641276","2.483526865641276","0.0","0.0","0.0","0.0","0.0","HBM","0.768","9.978036785863737e-08","0.0","0.005290501433725888","0.0","0.005290501433725888","True","7","<div class='source-info-cell' title='/home/lawrence/git/DISCO-EB/src/discoeb/perturbations.py:599:8
/home/lawrence/git/DISCO-EB/src/discoeb/perturbations.py:801:15
/home/lawrence/git/DISCO-EB/src/discoeb/perturbations.py:810:11
/home/lawrence/git/DISCO-EB/src/discoeb/perturbations.py:867:17
/home/lawrence/git/DISCO-EB/src/discoeb/perturbations.py:1103:9
/home/lawrence/git/DISCO-EB/src/discoeb/cmb.py:1009:26
/home/lawrence/git/DISCO-EB/scripts/profile_CMB.py:38:0
'>/home/lawrence/git/DISCO-EB/src/discoeb/perturbations.py:599</div>"
"Total","511.0","data formatting","copy.995","1.0","0.767","0.767","0.767","0.767","9.965044550465476e-08","0.8116841582216674","0.0","0.0","0.01942785031792393","0.01942785031792393","0.0","0.0","0.0","0.0","0.0","HBM","0.767","9.965044550465476e-08","0.0","4.138593038116731e-05","0.0","4.138593038116731e-05","True","7",""
"Total","512.0","conditional","conditional.23","1.0","0.736","0.736","0.736","0.736","9.562285253119414e-08","0.8116842538445199","0.0","0.0","0.06073842877927033","0.020246142926423443","0.0","0.0","0.0","0.0","0.0","HBM","0.736","9.562285253119415e-08","0.0","4.31290877749393e-05","0.0","4.31290877749393e-05","True","7","<div class='source-info-cell' title='/home/lawrence/git/DISCO-EB/src/discoeb/util.py:272:24
/home/lawrence/git/DISCO-EB/src/discoeb/perturbations.py:672:21
/home/lawrence/git/DISCO-EB/src/discoeb/perturbations.py:784:20
/home/lawrence/git/DISCO-EB/src/discoeb/perturbations.py:790:26
/home/lawrence/git/DISCO-EB/src/discoeb/perturbations.py:864:24
/home/lawrence/git/DISCO-EB/src/discoeb/perturbations.py:1103:9
/home/lawrence/git/DISCO-EB/src/discoeb/cmb.py:1009:26
/home/lawrence/git/DISCO-EB/scripts/profile_CMB.py:38:0
'>/home/lawrence/git/DISCO-EB/src/discoeb/util.py:272</div>"
"Total","513.0","conditional","conditional.24","1.0","0.736","0.736","0.736","0.736","9.562285253119414e-08","0.8116843494673724","0.0","0.0","0.06073842877927033","0.020246142926423443","0.0","0.0","0.0","0.0","0.0","HBM","0.736","9.562285253119415e-08","0.0","4.31290877749393e-05","0.0","4.31290877749393e-05","True","7","<div class='source-info-cell' title='/home/lawrence/git/DISCO-EB/src/discoeb/util.py:272:24
/home/lawrence/git/DISCO-EB/src/discoeb/perturbations.py:672:21
/home/lawrence/git/DISCO-EB/src/discoeb/perturbations.py:784:20
/home/lawrence/git/DISCO-EB/src/discoeb/perturbations.py:790:26
/home/lawrence/git/DISCO-EB/src/discoeb/perturbations.py:864:24
/home/lawrence/git/DISCO-EB/src/discoeb/perturbations.py:1103:9
/home/lawrence/git/DISCO-EB/src/discoeb/cmb.py:1009:26
/home/lawrence/git/DISCO-EB/scripts/profile_CMB.py:38:0
'>/home/lawrence/git/DISCO-EB/src/discoeb/util.py:272</div>"
"Total","514.0","conditional","conditional.25","1.0","0.736","0.736","0.736","0.736","9.562285253119414e-08","0.811684445090225","0.0","0.0","0.06073842877927033","0.020246142926423443","0.0","0.0","0.0","0.0","0.0","HBM","0.736","9.562285253119415e-08","0.0","4.31290877749393e-05","0.0","4.31290877749393e-05","True","7","<div class='source-info-cell' title='/home/lawrence/git/DISCO-EB/src/discoeb/util.py:272:24
/home/lawrence/git/DISCO-EB/src/discoeb/perturbations.py:672:21
/home/lawrence/git/DISCO-EB/src/discoeb/perturbations.py:784:20
/home/lawrence/git/DISCO-EB/src/discoeb/perturbations.py:790:26
/home/lawrence/git/DISCO-EB/src/discoeb/perturbations.py:864:24
/home/lawrence/git/DISCO-EB/src/discoeb/perturbations.py:1103:9
/home/lawrence/git/DISCO-EB/src/discoeb/cmb.py:1009:26
/home/lawrence/git/DISCO-EB/scripts/profile_CMB.py:38:0
'>/home/lawrence/git/DISCO-EB/src/discoeb/util.py:272</div>"
"Total","515.0","conditional","conditional.30.clone","1.0","0.736","0.736","0.736","0.736","9.562285253119414e-08","0.8116845407130775","0.0","0.0","29.162038117647167","3.2368521003619484","0.0","0.0","0.0","0.0","0.0","HBM","0.736","9.562285253119415e-08","0.0","0.006895262908018422","0.0","0.006895262908018422","True","7","<div class='source-info-cell' title='/home/lawrence/git/DISCO-EB/.venv/lib/python3.13/site-packages/equinox/_errors.py:118:15
/home/lawrence/git/DISCO-EB/.venv/lib/python3.13/site-packages/equinox/_ad.py:776:19
/home/lawrence/git/DISCO-EB/.venv/lib/python3.13/site-packages/equinox/_ad.py:819:15
/home/lawrence/git/DISCO-EB/.venv/lib/python3.13/site-packages/equinox/_errors.py:336:16
/home/lawrence/git/DISCO-EB/.venv/lib/python3.13/site-packages/equinox/_jit.py:55:14
/home/lawrence/git/DISCO-EB/.venv/lib/python3.13/site-packages/equinox/_jit.py:263:37
/home/lawrence/git/DISCO-EB/.venv/lib/python3.13/site-packages/equinox/_jit.py:209:19
/home/lawrence/git/DISCO-EB/.venv/lib/python3.13/site-packages/equinox/_errors.py:267:15
/home/lawrence/git/DISCO-EB/.venv/lib/python3.13/site-packages/equinox/_errors.py:246:11
/home/lawrence/git/DISCO-EB/.venv/lib/python3.13/site-packages/diffrax/_integrate.py:1201:13
'>/home/lawrence/git/DISCO-EB/.venv/lib/python3.13/site-packages/equinox/_errors.py:118</div>"
"Total","516.0","conditional","conditional.22","1.0","0.703","0.703","0.703","0.703","9.13354148497683e-08","0.8116846320484924","0.0","0.0","0.06358959257687478","0.02119653085895826","0.0","0.0","0.0","0.0","0.0","HBM","0.703","9.133541484976832e-08","0.0","4.515363954815837e-05","0.0","4.515363954815837e-05","True","7","<div class='source-info-cell' title='/home/lawrence/git/DISCO-EB/src/discoeb/util.py:272:24
/home/lawrence/git/DISCO-EB/src/discoeb/perturbations.py:672:21
/home/lawrence/git/DISCO-EB/src/discoeb/perturbations.py:784:20
/home/lawrence/git/DISCO-EB/src/discoeb/perturbations.py:790:26
/home/lawrence/git/DISCO-EB/src/discoeb/perturbations.py:864:24
/home/lawrence/git/DISCO-EB/src/discoeb/perturbations.py:1103:9
/home/lawrence/git/DISCO-EB/src/discoeb/cmb.py:1009:26
/home/lawrence/git/DISCO-EB/scripts/profile_CMB.py:38:0
'>/home/lawrence/git/DISCO-EB/src/discoeb/util.py:272</div>"
"Total","0.0","Program","Program","1.0","7696904.877","7696904.877","0.0","0.0","0.0","0.0","24.062697535790267","24.062697535790267","1.4938065410157155","1.4938065410157155","0.0","15.002031927098086","15.002031927098086","0.0","15.002031927098086","HBM","7696904.877","1.0","7561.744188789937","0.003182162333851826","0.00016954349251295227","0.003182162333851826","False","0",""
"Total","1.0","call","call.594","13.0","2748061.138","211389.3183076923","2748061.138","211389.3183076923","0.35703457193706456","0.35703457193706456","29628.716841044312","29628.716841044312","44.530061750241565","44.53014626961281","0.0","619.6688656243484","619.6676894767879","0.0","619.6688656243484","Compute","2748061.138","0.3570345719370646","141926.4","0.2087611384565825","0.2087611384565825","0.09485977620885482","False","7",""
"Total","2.0","custom-call","custom-call.10","1174.0","561094.312","477.9338262350937","561094.312","477.9338262350937","0.07289869382128782","0.4299332657583524","0.0","0.0","0.0","0.0","0.0","0.0","0.0","0.0","0.0","Unknown","561094.312","0.07289869382128782","0.0","0.0","0.0","0.0","False","7","<div class='source-info-cell' title='/home/lawrence/git/DISCO-EB/src/discoeb/ode_integrators_stiff.py:996:22
/home/lawrence/git/DISCO-EB/src/discoeb/ode_integrators_stiff.py:1002:21
/home/lawrence/git/DISCO-EB/.venv/lib/python3.13/site-packages/equinox/_module/_prebuilt.py:33:15
/home/lawrence/git/DISCO-EB/.venv/lib/python3.13/site-packages/diffrax/_integrate.py:349:64
/home/lawrence/git/DISCO-EB/.venv/lib/python3.13/site-packages/equinox/_eval_shape.py:33:15
/home/lawrence/git/DISCO-EB/.venv/lib/python3.13/site-packages/equinox/_eval_shape.py:38:30
/home/lawrence/git/DISCO-EB/.venv/lib/python3.13/site-packages/diffrax/_integrate.py:619:36
/home/lawrence/git/DISCO-EB/.venv/lib/python3.13/site-packages/diffrax/_adjoint.py:393:22
/home/lawrence/git/DISCO-EB/.venv/lib/python3.13/site-packages/equinox/_module/_prebuilt.py:33:15
/home/lawrence/git/DISCO-EB/.venv/lib/python3.13/site-packages/diffrax/_integrate.py:1416:29
'>/home/lawrence/git/DISCO-EB/src/discoeb/ode_integrators_stiff.py:996</div>"
"Total","3.0","call","call.629","112466.0","335485.062","2.982990966158661","335485.062","2.982990966158661","0.043587008981038754","0.4735202747393911","348.9541241690219","348.9541241690219","2.2647785504226525","1.496739505200744","0.0","143.4969671905156","217.13120567375887","0.0","217.13120567375887","HBM","335485.062","0.043587008981038754","109444.54995744683","0.003188410243403613","0.0024586977769394695","0.003188410243403613","False","7",""
"Total","4.0","call","call.630","72120.0","306435.788","4.248970992789795","306435.788","4.248970992789795","0.039812858921473196","0.5133331336608643","0.0","0.0","10351.639767643117","5175.812869812182","0.0","0.0","0.0","0.0","0.0","HBM","306435.788","0.039812858921473196","0.0","11.025709360050643","0.0","11.025709360050643","False","7",""
"Total","5.0","call","call.620","75136.0","301824.714","4.017045277896082","301824.714","4.017045277896082","0.039213777333005226","0.5525469109938695","0.0","0.0","10949.295827594286","5474.640494831131","0.0","0.0","0.0","0.0","0.0","HBM","301824.714","0.039213777333005226","0.0","11.662283097372157","0.0","11.662283097372157","False","7",""
"Total","6.0","call","call.622","48256.0","195160.698","4.044278390251989","195160.698","4.044278390251989","0.02535573728904744","0.5779026482829169","0.0","0.0","10875.566134749783","5437.775698366255","0.0","0.0","0.0","0.0","0.0","HBM","195160.698","0.02535573728904744","0.0","11.583752334830525","0.0","11.583752334830525","False","7",""
"Total","7.0","call","call.631","45208.0","191667.369","4.239678132188994","191667.369","4.239678132188994","0.024901875762131754","0.6028045240450487","0.0","0.0","10374.329307356065","5187.157624294798","0.0","0.0","0.0","0.0","0.0","HBM","191667.369","0.024901875762131754","0.0","11.049876378610376","0.0","11.049876378610376","False","7",""
"Total","8.0","call","call.604","17610.0","134884.703","7.65955156161272","134884.703","7.65955156161272","0.01752453813000397","0.6203290621750527","138596.2203479812","138596.2203479812","8921.010007467648","4206.355781517102","0.0","14.468965807504626","30.68636973924771","0.0","30.68636973924771","HBM","134884.703","0.01752453813000397","15467.403294328327","8.960535760957525","0.9765358689291154","8.960535760957525","False","7",""
"Total","9.0","call","call.603","22306.0","104223.363","4.672436250336232","104223.363","4.672436250336232","0.013540944660943091","0.6338700068359958","100936.82154915688","100936.82154915688","269.2849577594492","271.71031628351795","0.0","349.0902028127313","345.97413084814195","0.0","349.0902028127313","Compute","104223.363","0.013540944660943093","141926.4","0.7111913044307253","0.7111913044307253","0.5788074362082212","False","7",""
"Total","10.0","custom-call","triangular-solve.47","4696.0","62041.881","13.21164416524702","62041.881","13.21164416524702","0.00806062722502839","0.6419306340610242","0.0","0.0","0.0","0.0","0.0","0.0","0.0","0.0","0.0","Unknown","62041.881","0.00806062722502839","0.0","0.0","0.0","0.0","False","7","<div class='source-info-cell' title='/home/lawrence/git/DISCO-EB/src/discoeb/ode_integrators_stiff.py:1008:13
/home/lawrence/git/DISCO-EB/.venv/lib/python3.13/site-packages/equinox/_module/_prebuilt.py:33:15
/home/lawrence/git/DISCO-EB/.venv/lib/python3.13/site-packages/diffrax/_integrate.py:349:64
/home/lawrence/git/DISCO-EB/.venv/lib/python3.13/site-packages/equinox/_eval_shape.py:33:15
/home/lawrence/git/DISCO-EB/.venv/lib/python3.13/site-packages/equinox/_eval_shape.py:38:30
/home/lawrence/git/DISCO-EB/.venv/lib/python3.13/site-packages/diffrax/_integrate.py:619:36
/home/lawrence/git/DISCO-EB/.venv/lib/python3.13/site-packages/diffrax/_adjoint.py:393:22
/home/lawrence/git/DISCO-EB/.venv/lib/python3.13/site-packages/equinox/_module/_prebuilt.py:33:15
/home/lawrence/git/DISCO-EB/.venv/lib/python3.13/site-packages/diffrax/_integrate.py:1416:29
/home/lawrence/git/DISCO-EB/.venv/lib/python3.13/site-packages/equinox/_jit.py:55:14
'>/home/lawrence/git/DISCO-EB/src/discoeb/ode_integrators_stiff.py:1008</div>"
"Total","11.0","custom-call","triangular-solve.49","4696.0","61873.37","13.175760221465078","61873.37","13.175760221465078","0.00803873387923643","0.6499693679402607","0.0","0.0","0.0","0.0","0.0","0.0","0.0","0.0","0.0","Unknown","61873.37","0.00803873387923643","0.0","0.0","0.0","0.0","False","7","<div class='source-info-cell' title='/home/lawrence/git/DISCO-EB/src/discoeb/ode_integrators_stiff.py:1008:13
/home/lawrence/git/DISCO-EB/.venv/lib/python3.13/site-packages/equinox/_module/_prebuilt.py:33:15
/home/lawrence/git/DISCO-EB/.venv/lib/python3.13/site-packages/diffrax/_integrate.py:349:64
/home/lawrence/git/DISCO-EB/.venv/lib/python3.13/site-packages/equinox/_eval_shape.py:33:15
/home/lawrence/git/DISCO-EB/.venv/lib/python3.13/site-packages/equinox/_eval_shape.py:38:30
/home/lawrence/git/DISCO-EB/.venv/lib/python3.13/site-packages/diffrax/_integrate.py:619:36
/home/lawrence/git/DISCO-EB/.venv/lib/python3.13/site-packages/diffrax/_adjoint.py:393:22
/home/lawrence/git/DISCO-EB/.venv/lib/python3.13/site-packages/equinox/_module/_prebuilt.py:33:15
/home/lawrence/git/DISCO-EB/.venv/lib/python3.13/site-packages/diffrax/_integrate.py:1416:29
/home/lawrence/git/DISCO-EB/.venv/lib/python3.13/site-packages/equinox/_jit.py:55:14
'>/home/lawrence/git/DISCO-EB/src/discoeb/ode_integrators_stiff.py:1008</div>"
"Total","12.0","custom-call","triangular-solve.53","4696.0","61870.068","13.175057069846678","61870.068","13.175057069846678","0.008038304875623578","0.6580076728158843","0.0","0.0","0.0","0.0","0.0","0.0","0.0","0.0","0.0","Unknown","61870.068","0.008038304875623578","0.0","0.0","0.0","0.0","False","7","<div class='source-info-cell' title='/home/lawrence/git/DISCO-EB/src/discoeb/ode_integrators_stiff.py:1008:13
/home/lawrence/git/DISCO-EB/.venv/lib/python3.13/site-packages/equinox/_module/_prebuilt.py:33:15
/home/lawrence/git/DISCO-EB/.venv/lib/python3.13/site-packages/diffrax/_integrate.py:349:64
/home/lawrence/git/DISCO-EB/.venv/lib/python3.13/site-packages/equinox/_eval_shape.py:33:15
/home/lawrence/git/DISCO-EB/.venv/lib/python3.13/site-packages/equinox/_eval_shape.py:38:30
/home/lawrence/git/DISCO-EB/.venv/lib/python3.13/site-packages/diffrax/_integrate.py:619:36
/home/lawrence/git/DISCO-EB/.venv/lib/python3.13/site-packages/diffrax/_adjoint.py:393:22
/home/lawrence/git/DISCO-EB/.venv/lib/python3.13/site-packages/equinox/_module/_prebuilt.py:33:15
/home/lawrence/git/DISCO-EB/.venv/lib/python3.13/site-packages/diffrax/_integrate.py:1416:29
/home/lawrence/git/DISCO-EB/.venv/lib/python3.13/site-packages/equinox/_jit.py:55:14
'>/home/lawrence/git/DISCO-EB/src/discoeb/ode_integrators_stiff.py:1008</div>"
"Total","13.0","custom-call","triangular-solve.55","4696.0","61869.02","13.174833901192503","61869.02","13.174833901192503","0.008038168716996604","0.6660458415328809","0.0","0.0","0.0","0.0","0.0","0.0","0.0","0.0","0.0","Unknown","61869.02","0.008038168716996604","0.0","0.0","0.0","0.0","False","7","<div class='source-info-cell' title='/home/lawrence/git/DISCO-EB/src/discoeb/ode_integrators_stiff.py:1008:13
/home/lawrence/git/DISCO-EB/.venv/lib/python3.13/site-packages/equinox/_module/_prebuilt.py:33:15
/home/lawrence/git/DISCO-EB/.venv/lib/python3.13/site-packages/diffrax/_integrate.py:349:64
/home/lawrence/git/DISCO-EB/.venv/lib/python3.13/site-packages/equinox/_eval_shape.py:33:15
/home/lawrence/git/DISCO-EB/.venv/lib/python3.13/site-packages/equinox/_eval_shape.py:38:30
/home/lawrence/git/DISCO-EB/.venv/lib/python3.13/site-packages/diffrax/_integrate.py:619:36
/home/lawrence/git/DISCO-EB/.venv/lib/python3.13/site-packages/diffrax/_adjoint.py:393:22
/home/lawrence/git/DISCO-EB/.venv/lib/python3.13/site-packages/equinox/_module/_prebuilt.py:33:15
/home/lawrence/git/DISCO-EB/.venv/lib/python3.13/site-packages/diffrax/_integrate.py:1416:29
/home/lawrence/git/DISCO-EB/.venv/lib/python3.13/site-packages/equinox/_jit.py:55:14
'>/home/lawrence/git/DISCO-EB/src/discoeb/ode_integrators_stiff.py:1008</div>"
"Total","14.0","custom-call","triangular-solve.51","4696.0","61864.867","13.173949531516184","61864.867","13.173949531516184","0.008037629149460514","0.6740834706823414","0.0","0.0","0.0","0.0","0.0","0.0","0.0","0.0","0.0","Unknown","61864.867","0.008037629149460514","0.0","0.0","0.0","0.0","False","7","<div class='source-info-cell' title='/home/lawrence/git/DISCO-EB/src/discoeb/ode_integrators_stiff.py:1008:13
/home/lawrence/git/DISCO-EB/.venv/lib/python3.13/site-packages/equinox/_module/_prebuilt.py:33:15
/home/lawrence/git/DISCO-EB/.venv/lib/python3.13/site-packages/diffrax/_integrate.py:349:64
/home/lawrence/git/DISCO-EB/.venv/lib/python3.13/site-packages/equinox/_eval_shape.py:33:15
/home/lawrence/git/DISCO-EB/.venv/lib/python3.13/site-packages/equinox/_eval_shape.py:38:30
/home/lawrence/git/DISCO-EB/.venv/lib/python3.13/site-packages/diffrax/_integrate.py:619:36
/home/lawrence/git/DISCO-EB/.venv/lib/python3.13/site-packages/diffrax/_adjoint.py:393:22
/home/lawrence/git/DISCO-EB/.venv/lib/python3.13/site-packages/equinox/_module/_prebuilt.py:33:15
/home/lawrence/git/DISCO-EB/.venv/lib/python3.13/site-packages/diffrax/_integrate.py:1416:29
/home/lawrence/git/DISCO-EB/.venv/lib/python3.13/site-packages/equinox/_jit.py:55:14
'>/home/lawrence/git/DISCO-EB/src/discoeb/ode_integrators_stiff.py:1008</div>"
"Total","15.0","custom-call","triangular-solve.57","4696.0","61864.269","13.173822189097104","61864.269","13.173822189097104","0.008037551455892833","0.6821210221382342","0.0","0.0","0.0","0.0","0.0","0.0","0.0","0.0","0.0","Unknown","61864.269","0.008037551455892833","0.0","0.0","0.0","0.0","False","7","<div class='source-info-cell' title='/home/lawrence/git/DISCO-EB/src/discoeb/ode_integrators_stiff.py:1008:13
/home/lawrence/git/DISCO-EB/.venv/lib/python3.13/site-packages/equinox/_module/_prebuilt.py:33:15
/home/lawrence/git/DISCO-EB/.venv/lib/python3.13/site-packages/diffrax/_integrate.py:349:64
/home/lawrence/git/DISCO-EB/.venv/lib/python3.13/site-packages/equinox/_eval_shape.py:33:15
/home/lawrence/git/DISCO-EB/.venv/lib/python3.13/site-packages/equinox/_eval_shape.py:38:30
/home/lawrence/git/DISCO-EB/.venv/lib/python3.13/site-packages/diffrax/_integrate.py:619:36
/home/lawrence/git/DISCO-EB/.venv/lib/python3.13/site-packages/diffrax/_adjoint.py:393:22
/home/lawrence/git/DISCO-EB/.venv/lib/python3.13/site-packages/equinox/_module/_prebuilt.py:33:15
/home/lawrence/git/DISCO-EB/.venv/lib/python3.13/site-packages/diffrax/_integrate.py:1416:29
/home/lawrence/git/DISCO-EB/.venv/lib/python3.13/site-packages/equinox/_jit.py:55:14
'>/home/lawrence/git/DISCO-EB/src/discoeb/ode_integrators_stiff.py:1008</div>"
"Total","16.0","custom-call","triangular-solve.59","4696.0","61855.182","13.17188713798978","61855.182","13.17188713798978","0.008036370851462193","0.6901573929896965","0.0","0.0","0.0","0.0","0.0","0.0","0.0","0.0","0.0","Unknown","61855.182","0.008036370851462193","0.0","0.0","0.0","0.0","False","7","<div class='source-info-cell' title='/home/lawrence/git/DISCO-EB/src/discoeb/ode_integrators_stiff.py:1008:13
/home/lawrence/git/DISCO-EB/.venv/lib/python3.13/site-packages/equinox/_module/_prebuilt.py:33:15
/home/lawrence/git/DISCO-EB/.venv/lib/python3.13/site-packages/diffrax/_integrate.py:349:64
/home/lawrence/git/DISCO-EB/.venv/lib/python3.13/site-packages/equinox/_eval_shape.py:33:15
/home/lawrence/git/DISCO-EB/.venv/lib/python3.13/site-packages/equinox/_eval_shape.py:38:30
/home/lawrence/git/DISCO-EB/.venv/lib/python3.13/site-packages/diffrax/_integrate.py:619:36
/home/lawrence/git/DISCO-EB/.venv/lib/python3.13/site-packages/diffrax/_adjoint.py:393:22
/home/lawrence/git/DISCO-EB/.venv/lib/python3.13/site-packages/equinox/_module/_prebuilt.py:33:15
/home/lawrence/git/DISCO-EB/.venv/lib/python3.13/site-packages/diffrax/_integrate.py:1416:29
/home/lawrence/git/DISCO-EB/.venv/lib/python3.13/site-packages/equinox/_jit.py:55:14
'>/home/lawrence/git/DISCO-EB/src/discoeb/ode_integrators_stiff.py:1008</div>"
"Total","17.0","custom-call","triangular-solve.61","4696.0","61853.535","13.171536413969337","61853.535","13.171536413969337","0.008036156869345184","0.6981935498590417","0.0","0.0","0.0","0.0","0.0","0.0","0.0","0.0","0.0","Unknown","61853.535","0.008036156869345184","0.0","0.0","0.0","0.0","False","7","<div class='source-info-cell' title='/home/lawrence/git/DISCO-EB/src/discoeb/ode_integrators_stiff.py:1008:13
/home/lawrence/git/DISCO-EB/.venv/lib/python3.13/site-packages/equinox/_module/_prebuilt.py:33:15
/home/lawrence/git/DISCO-EB/.venv/lib/python3.13/site-packages/diffrax/_integrate.py:349:64
/home/lawrence/git/DISCO-EB/.venv/lib/python3.13/site-packages/equinox/_eval_shape.py:33:15
/home/lawrence/git/DISCO-EB/.venv/lib/python3.13/site-packages/equinox/_eval_shape.py:38:30
/home/lawrence/git/DISCO-EB/.venv/lib/python3.13/site-packages/diffrax/_integrate.py:619:36
/home/lawrence/git/DISCO-EB/.venv/lib/python3.13/site-packages/diffrax/_adjoint.py:393:22
/home/lawrence/git/DISCO-EB/.venv/lib/python3.13/site-packages/equinox/_module/_prebuilt.py:33:15
/home/lawrence/git/DISCO-EB/.venv/lib/python3.13/site-packages/diffrax/_integrate.py:1416:29
/home/lawrence/git/DISCO-EB/.venv/lib/python3.13/site-packages/equinox/_jit.py:55:14
'>/home/lawrence/git/DISCO-EB/src/discoeb/ode_integrators_stiff.py:1008</div>"
"Total","18.0","call","call.618","10566.0","22935.651","2.1707032935831916","22935.651","2.1707032935831916","0.002979853768043391","0.7011734036270851","14859.018316942474","14859.018316942474","582.7074900926722","582.734948771595","0.0","23.74868940331036","23.747570356583303","0.0","23.747570356583303","HBM","22935.651","0.002979853768043391","11969.915343095103","1.2413636931454126","0.1046952386373675","1.2413636931454126","False","7",""
"Total","19.0","call","call.616","10566.0","22334.444","2.113803142154079","22334.444","2.113803142154079","0.002901743539372573","0.7040751471664577","14405.54770344854","14405.54770344854","565.9091394572795","565.9373372792936","0.0","23.707360140513472","23.706178921538097","0.0","23.706178921538097","HBM","22334.444","0.002901743539372573","11949.052073043435","1.20558079547974","0.10150012755518734","1.20558079547974","False","7",""
"Total","20.0","call","call.612","10566.0","22132.883","2.0947267650955896","22132.883","2.0947267650955896","0.0028755562597814863","0.7069507034262392","13729.448861406803","13729.448861406803","528.2208125211348","528.2492671366812","0.0","24.206819115339812","24.205515193546866","0.0","24.205515193546866","HBM","22132.883","0.0028755562597814863","12200.741522276912","1.125296264685116","0.09673639901672137","1.125296264685116","False","7",""
"Total","21.0","call","call.614","10566.0","21727.555","2.0563652280901","21727.555","2.0563652280901","0.0028228950918864266","0.7097735985181256","13930.628474303712","13930.628474303712","548.3247581581135","548.3537435951172","0.0","23.660993934107758","23.659743237350177","0.0","23.659743237350177","HBM","21727.555","0.0028228950918864266","11925.646259299883","1.1681235692732626","0.09815389155438109","1.1681235692732626","False","7",""
"Total","22.0","call","call.610","10566.0","21528.455","2.037521767934886","21528.455","2.037521767934886","0.002797027551208491","0.7125706260693341","13229.508721921755","13229.508721921755","509.35098678193697","509.3802402827896","0.0","24.18948906262339","24.188099870065543","0.0","24.188099870065543","HBM","21528.455","0.002797027551208491","12191.963363306795","1.0851007608616656","0.09321386804654916","1.0851007608616656","False","7",""
"Total","23.0","input fusion","input_concatenate_fusion.9","877.0","21006.773","23.95299087799316","21006.773","23.95299087799316","0.0027292493977381397","0.7152998754670722","7.567739699952963","7.567739699952963","0.004665751743617782","0.004665751743617782","0.0","1510.5833333333333","1510.5833333333333","0.0","1510.5833333333333","Compute","21006.773","0.0027292493977381397","141926.4","5.332157864888395e-05","5.332157864888395e-05","9.939158150658941e-06","False","7","<div class='source-info-cell' title='/home/lawrence/git/DISCO-EB/src/discoeb/thermodynamics_recfast.py:301:9
/home/lawrence/git/DISCO-EB/src/discoeb/thermodynamics_recfast.py:438:13
/home/lawrence/git/DISCO-EB/src/discoeb/thermodynamics_recfast.py:446:16
/home/lawrence/git/DISCO-EB/src/discoeb/thermodynamics_recfast.py:443:14
/home/lawrence/git/DISCO-EB/src/discoeb/thermodynamics_recfast.py:440:14
/home/lawrence/git/DISCO-EB/src/discoeb/thermodynamics_recfast.py:452:12
/home/lawrence/git/DISCO-EB/src/discoeb/thermodynamics_recfast.py:461:11
/home/lawrence/git/DISCO-EB/src/discoeb/background.py:237:82
/home/lawrence/git/DISCO-EB/src/discoeb/cmb.py:987:12
/home/lawrence/git/DISCO-EB/scripts/profile_CMB.py:38:0
'>/home/lawrence/git/DISCO-EB/src/discoeb/thermodynamics_recfast.py:301</div>"
"Total","24.0","call","call.608","10566.0","20985.33","1.9861186825667236","20985.33","1.9861186825667236","0.002726463472701691","0.7180263389397739","12663.58361198037","12663.58361198037","487.9613594156412","487.9913700314712","0.0","24.169703329566335","24.16821693508091","0.0","24.16821693508091","HBM","20985.33","0.002726463472701691","12181.941409693663","1.039537392775789","0.08922641321121631","1.039537392775789","False","7",""
"Total","25.0","custom-call","triangular-solve.48","4696.0","20449.298","4.354620528109029","20449.298","4.354620528109029","0.002656820933451689","0.7206831598732255","0.0","0.0","0.0","0.0","0.0","0.0","0.0","0.0","0.0","Unknown","20449.298","0.0026568209334516895","0.0","0.0","0.0","0.0","False","7","<div class='source-info-cell' title='/home/lawrence/git/DISCO-EB/src/discoeb/ode_integrators_stiff.py:1008:13
/home/lawrence/git/DISCO-EB/.venv/lib/python3.13/site-packages/equinox/_module/_prebuilt.py:33:15
/home/lawrence/git/DISCO-EB/.venv/lib/python3.13/site-packages/diffrax/_integrate.py:349:64
/home/lawrence/git/DISCO-EB/.venv/lib/python3.13/site-packages/equinox/_eval_shape.py:33:15
/home/lawrence/git/DISCO-EB/.venv/lib/python3.13/site-packages/equinox/_eval_shape.py:38:30
/home/lawrence/git/DISCO-EB/.venv/lib/python3.13/site-packages/diffrax/_integrate.py:619:36
/home/lawrence/git/DISCO-EB/.venv/lib/python3.13/site-packages/diffrax/_adjoint.py:393:22
/home/lawrence/git/DISCO-EB/.venv/lib/python3.13/site-packages/equinox/_module/_prebuilt.py:33:15
/home/lawrence/git/DISCO-EB/.venv/lib/python3.13/site-packages/diffrax/_integrate.py:1416:29
/home/lawrence/git/DISCO-EB/.venv/lib/python3.13/site-packages/equinox/_jit.py:55:14
'>/home/lawrence/git/DISCO-EB/src/discoeb/ode_integrators_stiff.py:1008</div>"
"Total","26.0","custom-call","triangular-solve.58","4696.0","20421.782","4.348761073253833","20421.782","4.348761073253833","0.002653245989959504","0.723336405863185","0.0","0.0","0.0","0.0","0.0","0.0","0.0","0.0","0.0","Unknown","20421.782","0.002653245989959504","0.0","0.0","0.0","0.0","False","7","<div class='source-info-cell' title='/home/lawrence/git/DISCO-EB/src/discoeb/ode_integrators_stiff.py:1008:13
/home/lawrence/git/DISCO-EB/.venv/lib/python3.13/site-packages/equinox/_module/_prebuilt.py:33:15
/home/lawrence/git/DISCO-EB/.venv/lib/python3.13/site-packages/diffrax/_integrate.py:349:64
/home/lawrence/git/DISCO-EB/.venv/lib/python3.13/site-packages/equinox/_eval_shape.py:33:15
/home/lawrence/git/DISCO-EB/.venv/lib/python3.13/site-packages/equinox/_eval_shape.py:38:30
/home/lawrence/git/DISCO-EB/.venv/lib/python3.13/site-packages/diffrax/_integrate.py:619:36
/home/lawrence/git/DISCO-EB/.venv/lib/python3.13/site-packages/diffrax/_adjoint.py:393:22
/home/lawrence/git/DISCO-EB/.venv/lib/python3.13/site-packages/equinox/_module/_prebuilt.py:33:15
/home/lawrence/git/DISCO-EB/.venv/lib/python3.13/site-packages/diffrax/_integrate.py:1416:29
/home/lawrence/git/DISCO-EB/.venv/lib/python3.13/site-packages/equinox/_jit.py:55:14
'>/home/lawrence/git/DISCO-EB/src/discoeb/ode_integrators_stiff.py:1008</div>"
"Total","27.0","custom-call","triangular-solve.52","4696.0","20415.964","4.347522146507666","20415.964","4.347522146507666","0.002652490101704033","0.725988895964889","0.0","0.0","0.0","0.0","0.0","0.0","0.0","0.0","0.0","Unknown","20415.964","0.002652490101704033","0.0","0.0","0.0","0.0","False","7","<div class='source-info-cell' title='/home/lawrence/git/DISCO-EB/src/discoeb/ode_integrators_stiff.py:1008:13
/home/lawrence/git/DISCO-EB/.venv/lib/python3.13/site-packages/equinox/_module/_prebuilt.py:33:15
/home/lawrence/git/DISCO-EB/.venv/lib/python3.13/site-packages/diffrax/_integrate.py:349:64
/home/lawrence/git/DISCO-EB/.venv/lib/python3.13/site-packages/equinox/_eval_shape.py:33:15
/home/lawrence/git/DISCO-EB/.venv/lib/python3.13/site-packages/equinox/_eval_shape.py:38:30
/home/lawrence/git/DISCO-EB/.venv/lib/python3.13/site-packages/diffrax/_integrate.py:619:36
/home/lawrence/git/DISCO-EB/.venv/lib/python3.13/site-packages/diffrax/_adjoint.py:393:22
/home/lawrence/git/DISCO-EB/.venv/lib/python3.13/site-packages/equinox/_module/_prebuilt.py:33:15
/home/lawrence/git/DISCO-EB/.venv/lib/python3.13/site-packages/diffrax/_integrate.py:1416:29
/home/lawrence/git/DISCO-EB/.venv/lib/python3.13/site-packages/equinox/_jit.py:55:14
'>/home/lawrence/git/DISCO-EB/src/discoeb/ode_integrators_stiff.py:1008</div>"
"Total","28.0","custom-call","triangular-solve.54","4696.0","20404.599","4.3451020017035775","20404.599","4.3451020017035775","0.0026510135341510205","0.72863990949904","0.0","0.0","0.0","0.0","0.0","0.0","0.0","0.0","0.0","Unknown","20404.599","0.002651013534151021","0.0","0.0","0.0","0.0","False","7","<div class='source-info-cell' title='/home/lawrence/git/DISCO-EB/src/discoeb/ode_integrators_stiff.py:1008:13
/home/lawrence/git/DISCO-EB/.venv/lib/python3.13/site-packages/equinox/_module/_prebuilt.py:33:15
/home/lawrence/git/DISCO-EB/.venv/lib/python3.13/site-packages/diffrax/_integrate.py:349:64
/home/lawrence/git/DISCO-EB/.venv/lib/python3.13/site-packages/equinox/_eval_shape.py:33:15
/home/lawrence/git/DISCO-EB/.venv/lib/python3.13/site-packages/equinox/_eval_shape.py:38:30
/home/lawrence/git/DISCO-EB/.venv/lib/python3.13/site-packages/diffrax/_integrate.py:619:36
/home/lawrence/git/DISCO-EB/.venv/lib/python3.13/site-packages/diffrax/_adjoint.py:393:22
/home/lawrence/git/DISCO-EB/.venv/lib/python3.13/site-packages/equinox/_module/_prebuilt.py:33:15
/home/lawrence/git/DISCO-EB/.venv/lib/python3.13/site-packages/diffrax/_integrate.py:1416:29
/home/lawrence/git/DISCO-EB/.venv/lib/python3.13/site-packages/equinox/_jit.py:55:14
'>/home/lawrence/git/DISCO-EB/src/discoeb/ode_integrators_stiff.py:1008</div>"
"Total","29.0","custom-call","triangular-solve.50","4696.0","20402.716","4.344701022146507","20402.716","4.344701022146507","0.002650768890358472","0.7312906783893984","0.0","0.0","0.0","0.0","0.0","0.0","0.0","0.0","0.0","Unknown","20402.716","0.002650768890358472","0.0","0.0","0.0","0.0","False","7","<div class='source-info-cell' title='/home/lawrence/git/DISCO-EB/src/discoeb/ode_integrators_stiff.py:1008:13
/home/lawrence/git/DISCO-EB/.venv/lib/python3.13/site-packages/equinox/_module/_prebuilt.py:33:15
/home/lawrence/git/DISCO-EB/.venv/lib/python3.13/site-packages/diffrax/_integrate.py:349:64
/home/lawrence/git/DISCO-EB/.venv/lib/python3.13/site-packages/equinox/_eval_shape.py:33:15
/home/lawrence/git/DISCO-EB/.venv/lib/python3.13/site-packages/equinox/_eval_shape.py:38:30
/home/lawrence/git/DISCO-EB/.venv/lib/python3.13/site-packages/diffrax/_integrate.py:619:36
/home/lawrence/git/DISCO-EB/.venv/lib/python3.13/site-packages/diffrax/_adjoint.py:393:22
/home/lawrence/git/DISCO-EB/.venv/lib/python3.13/site-packages/equinox/_module/_prebuilt.py:33:15
/home/lawrence/git/DISCO-EB/.venv/lib/python3.13/site-packages/diffrax/_integrate.py:1416:29
/home/lawrence/git/DISCO-EB/.venv/lib/python3.13/site-packages/equinox/_jit.py:55:14
'>/home/lawrence/git/DISCO-EB/src/discoeb/ode_integrators_stiff.py:1008</div>"
"Total","30.0","call","call.606","10566.0","20392.207","1.929983626727238","20392.207","1.929983626727238","0.0026494035363404684","0.7339400819257389","12097.174129705529","12097.174129705529","466.5763009874875","466.6071844851245","0.0","24.146900158032782","24.145301938462303","0.0","24.145301938462303","HBM","20392.207","0.002649403536340469","12170.391151478047","0.9939840042229353","0.08523554553420315","0.9939840042229353","False","7",""
"Total","31.0","custom-call","triangular-solve.60","4696.0","20388.804","4.341738500851789","20388.804","4.341738500851789","0.002648961410569866","0.7365890433363088","0.0","0.0","0.0","0.0","0.0","0.0","0.0","0.0","0.0","Unknown","20388.804","0.002648961410569866","0.0","0.0","0.0","0.0","False","7","<div class='source-info-cell' title='/home/lawrence/git/DISCO-EB/src/discoeb/ode_integrators_stiff.py:1008:13
/home/lawrence/git/DISCO-EB/.venv/lib/python3.13/site-packages/equinox/_module/_prebuilt.py:33:15
/home/lawrence/git/DISCO-EB/.venv/lib/python3.13/site-packages/diffrax/_integrate.py:349:64
/home/lawrence/git/DISCO-EB/.venv/lib/python3.13/site-packages/equinox/_eval_shape.py:33:15
/home/lawrence/git/DISCO-EB/.venv/lib/python3.13/site-packages/equinox/_eval_shape.py:38:30
/home/lawrence/git/DISCO-EB/.venv/lib/python3.13/site-packages/diffrax/_integrate.py:619:36
/home/lawrence/git/DISCO-EB/.venv/lib/python3.13/site-packages/diffrax/_adjoint.py:393:22
/home/lawrence/git/DISCO-EB/.venv/lib/python3.13/site-packages/equinox/_module/_prebuilt.py:33:15
/home/lawrence/git/DISCO-EB/.venv/lib/python3.13/site-packages/diffrax/_integrate.py:1416:29
/home/lawrence/git/DISCO-EB/.venv/lib/python3.13/site-packages/equinox/_jit.py:55:14
'>/home/lawrence/git/DISCO-EB/src/discoeb/ode_integrators_stiff.py:1008</div>"
"Total","32.0","custom-call","triangular-solve.56","4696.0","20382.581","4.340413330494037","20382.581","4.340413330494037","0.0026481529037610317","0.7392371962400699","0.0","0.0","0.0","0.0","0.0","0.0","0.0","0.0","0.0","Unknown","20382.581","0.002648152903761032","0.0","0.0","0.0","0.0","False","7","<div class='source-info-cell' title='/home/lawrence/git/DISCO-EB/src/discoeb/ode_integrators_stiff.py:1008:13
/home/lawrence/git/DISCO-EB/.venv/lib/python3.13/site-packages/equinox/_module/_prebuilt.py:33:15
/home/lawrence/git/DISCO-EB/.venv/lib/python3.13/site-packages/diffrax/_integrate.py:349:64
/home/lawrence/git/DISCO-EB/.venv/lib/python3.13/site-packages/equinox/_eval_shape.py:33:15
/home/lawrence/git/DISCO-EB/.venv/lib/python3.13/site-packages/equinox/_eval_shape.py:38:30
/home/lawrence/git/DISCO-EB/.venv/lib/python3.13/site-packages/diffrax/_integrate.py:619:36
/home/lawrence/git/DISCO-EB/.venv/lib/python3.13/site-packages/diffrax/_adjoint.py:393:22
/home/lawrence/git/DISCO-EB/.venv/lib/python3.13/site-packages/equinox/_module/_prebuilt.py:33:15
/home/lawrence/git/DISCO-EB/.venv/lib/python3.13/site-packages/diffrax/_integrate.py:1416:29
/home/lawrence/git/DISCO-EB/.venv/lib/python3.13/site-packages/equinox/_jit.py:55:14
'>/home/lawrence/git/DISCO-EB/src/discoeb/ode_integrators_stiff.py:1008</div>"
"Total","33.0","custom-call","triangular-solve.46","4696.0","20319.005","4.326875","20319.005","4.326875","0.0026398929601842342","0.7418770892002541","0.0","0.0","0.0","0.0","0.0","0.0","0.0","0.0","0.0","Unknown","20319.005","0.0026398929601842342","0.0","0.0","0.0","0.0","False","7","<div class='source-info-cell' title='/home/lawrence/git/DISCO-EB/src/discoeb/ode_integrators_stiff.py:1008:13
/home/lawrence/git/DISCO-EB/.venv/lib/python3.13/site-packages/equinox/_module/_prebuilt.py:33:15
/home/lawrence/git/DISCO-EB/.venv/lib/python3.13/site-packages/diffrax/_integrate.py:349:64
/home/lawrence/git/DISCO-EB/.venv/lib/python3.13/site-packages/equinox/_eval_shape.py:33:15
/home/lawrence/git/DISCO-EB/.venv/lib/python3.13/site-packages/equinox/_eval_shape.py:38:30
/home/lawrence/git/DISCO-EB/.venv/lib/python3.13/site-packages/diffrax/_integrate.py:619:36
/home/lawrence/git/DISCO-EB/.venv/lib/python3.13/site-packages/diffrax/_adjoint.py:393:22
/home/lawrence/git/DISCO-EB/.venv/lib/python3.13/site-packages/equinox/_module/_prebuilt.py:33:15
/home/lawrence/git/DISCO-EB/.venv/lib/python3.13/site-packages/diffrax/_integrate.py:1416:29
/home/lawrence/git/DISCO-EB/.venv/lib/python3.13/site-packages/equinox/_jit.py:55:14
'>/home/lawrence/git/DISCO-EB/src/discoeb/ode_integrators_stiff.py:1008</div>"
"Total","34.0","fft","fft.1.0","2.0","18882.704","9441.352","18882.704","9441.352","0.002453285353236671","0.7443303745534907","1592.1856886598446","1592.1856886598446","211.84699715808708","211.84699715808708","0.0","6.9995727799816905","6.9995727799816905","0.0","6.9995727799816905","HBM","18882.704","0.0024532853532366707","3528.120660604212","0.45128436406343686","0.011218389874328135","0.45128436406343686","False","7","<div class='source-info-cell' title='/home/lawrence/git/DISCO-EB/src/discoeb/cmb.py:788:14
/home/lawrence/git/DISCO-EB/src/discoeb/cmb.py:1063:24
/home/lawrence/git/DISCO-EB/scripts/profile_CMB.py:38:0
'>/home/lawrence/git/DISCO-EB/src/discoeb/cmb.py:788</div>"
"Total","35.0","call","call.613","4696.0","15099.066","3.2153036626916527","15099.066","3.2153036626916527","0.0019617061976586513","0.7462920807511494","6436.6175550196285","6436.6175550196285","240.6530388688616","175.97234988291464","0.0","24.909584609162863","34.06539287078127","0.0","34.06539287078127","HBM","15099.066","0.0019617061976586513","17170.593145731553","0.3748628542060418","0.045351798925496796","0.3748628542060418","False","7",""
"Total","36.0","call","call.628","5194.0","15073.327","2.9020652676164804","15073.327","2.9020652676164804","0.0019583621261894933","0.7482504428773389","358.68490333952155","358.68490333952155","2.32793315562105","1.538476915914987","0.0","143.4969671905156","217.13120567375887","0.0","217.13120567375887","HBM","15073.327","0.0019583621261894933","109444.54995744681","0.0032773208303107097","0.002527259927254701","0.0032773208303107097","False","7",""
"Total","37.0","call","call.611","4696.0","15041.405","3.2030249148211243","15041.405","3.2030249148211243","0.001954214744805661","0.7502046576221445","5903.0998830228955","5903.0998830228955","220.13817103606718","155.20952960102267","0.0","24.973816014708678","35.42108654926939","0.0","35.42108654926939","HBM","15041.405","0.001954214744805661","17853.927832986137","0.3306331210836747","0.04159268383488129","0.3306331210836747","False","7",""
"Total","38.0","call","call.609","4696.0","14976.276","3.189155877342419","14976.276","3.189155877342419","0.0019457530318131278","0.7521504106539576","5368.1515292586755","5368.1515292586755","199.56487554342658","134.35387169144855","0.0","25.05190700287982","37.211288667860686","0.0","37.211288667860686","HBM","14976.276","0.0019457530318131278","18756.275630457843","0.28620562178887315","0.037823488295755235","0.28620562178887315","False","7",""
"Total","39.0","call","call.605","4696.0","14919.183","3.1769980834752984","14919.183","3.1769980834752984","0.0019383353748571993","0.7540887460288148","4263.164359603337","4263.164359603337","157.10251661277337","91.64196210893186","0.0","25.2725500074638","43.32492578754766","0.0","43.32492578754766","HBM","14919.183","0.0019383353748571993","21837.842193361823","0.1952191210951802","0.030037853137987982","0.1952191210951802","False","7",""
"Total","40.0","call","call.607","4696.0","14909.929","3.1750274701873935","14909.929","3.1750274701873935","0.0019371330733934443","0.7560258791022083","4828.924834182644","4828.924834182644","178.82646695200603","113.32528368518524","0.0","25.148887554785713","39.68476021369557","0.0","39.68476021369557","HBM","14909.929","0.0019371330733934443","20003.024016192827","0.24140974036093435","0.03402414796812041","0.24140974036093435","False","7",""
"Total","41.0","call","call.617","4696.0","14787.248","3.1489028960817715","14787.248","3.1489028960817715","0.0019211940690845046","0.7579470731712928","4017.308064894834","4017.308064894834","158.50421898019877","92.45961136123641","0.0","23.60448014629049","40.465340865470736","0.0","40.465340865470736","HBM","14787.248","0.0019211940690845048","20396.474132558797","0.19696090798762242","0.028305572922971582","0.19696090798762242","False","7",""
"Total","42.0","call","call.615","4696.0","14771.568","3.145563884156729","14771.568","3.145563884156729","0.0019191568865740574","0.7598662300578669","4021.57243212095","4021.57243212095","158.67247100013392","92.55775711706572","0.0","23.60448014629049","40.465340865470736","0.0","40.465340865470736","HBM","14771.568","0.0019191568865740576","20396.474132558797","0.19716998173234915","0.02833561925139333","0.19716998173234915","False","7",""
"Total","43.0","call","call.626","3048.0","13633.839","4.473044291338582","13633.839","4.473044291338582","0.0017713404566997873","0.7616375705145667","0.0","0.0","9833.083295350627","4916.53498502669","0.0","0.0","0.0","0.0","0.0","HBM","13633.839","0.0017713404566997873","0.0","10.473385952493356","0.0","10.473385952493356","False","7",""
"Total","44.0","custom-call","custom-call.11","587.0","13209.536","22.503468483816015","13209.536","22.503468483816015","0.0017162140121379078","0.7633537845267047","0.0","0.0","0.0","0.0","0.0","0.0","0.0","0.0","0.0","Unknown","13209.536","0.0017162140121379078","0.0","0.0","0.0","0.0","False","7","<div class='source-info-cell' title='/home/lawrence/git/DISCO-EB/src/discoeb/ode_integrators_stiff.py:1008:13
/home/lawrence/git/DISCO-EB/.venv/lib/python3.13/site-packages/equinox/_module/_prebuilt.py:33:15
/home/lawrence/git/DISCO-EB/.venv/lib/python3.13/site-packages/diffrax/_integrate.py:349:64
/home/lawrence/git/DISCO-EB/.venv/lib/python3.13/site-packages/equinox/_eval_shape.py:33:15
/home/lawrence/git/DISCO-EB/.venv/lib/python3.13/site-packages/equinox/_eval_shape.py:38:30
/home/lawrence/git/DISCO-EB/.venv/lib/python3.13/site-packages/diffrax/_integrate.py:619:36
/home/lawrence/git/DISCO-EB/.venv/lib/python3.13/site-packages/diffrax/_adjoint.py:393:22
/home/lawrence/git/DISCO-EB/.venv/lib/python3.13/site-packages/equinox/_module/_prebuilt.py:33:15
/home/lawrence/git/DISCO-EB/.venv/lib/python3.13/site-packages/diffrax/_integrate.py:1416:29
/home/lawrence/git/DISCO-EB/.venv/lib/python3.13/site-packages/equinox/_jit.py:55:14
'>/home/lawrence/git/DISCO-EB/src/discoeb/ode_integrators_stiff.py:1008</div>"
"Total","45.0","loop fusion","loop_add_fusion.56","9392.0","12633.808","1.3451669505962522","12633.808","1.3451669505962522","0.0016414140751242132","0.7649951986018289","0.0022302064429030426","0.0022302064429030426","0.011077555233751944","0.011077555233751944","0.0","0.1875","0.1875","0.0","0.1875","HBM","12633.808","0.0016414140751242132","94.50900000000001","2.3597820767366518e-05","1.5713823805176785e-08","2.3597820767366518e-05","False","7","<div class='source-info-cell' title='/home/lawrence/git/DISCO-EB/.venv/lib/python3.13/site-packages/equinox/internal/_loop/bounded.py:78:15
/home/lawrence/git/DISCO-EB/.venv/lib/python3.13/site-packages/equinox/internal/_loop/bounded.py:59:19
/home/lawrence/git/DISCO-EB/.venv/lib/python3.13/site-packages/equinox/internal/_loop/loop.py:119:15
/home/lawrence/git/DISCO-EB/.venv/lib/python3.13/site-packages/diffrax/_integrate.py:462:19
/home/lawrence/git/DISCO-EB/.venv/lib/python3.13/site-packages/diffrax/_integrate.py:435:29
/home/lawrence/git/DISCO-EB/.venv/lib/python3.13/site-packages/diffrax/_integrate.py:471:21
/home/lawrence/git/DISCO-EB/.venv/lib/python3.13/site-packages/diffrax/_integrate.py:635:26
/home/lawrence/git/DISCO-EB/.venv/lib/python3.13/site-packages/equinox/internal/_loop/common.py:511:22
/home/lawrence/git/DISCO-EB/.venv/lib/python3.13/site-packages/equinox/internal/_loop/bounded.py:65:15
/home/lawrence/git/DISCO-EB/.venv/lib/python3.13/site-packages/equinox/internal/_loop/bounded.py:69:19
'>/home/lawrence/git/DISCO-EB/.venv/lib/python3.13/site-packages/equinox/internal/_loop/bounded.py:78</div>"
"Total","46.0","call","call.621","3016.0","12564.955","4.166099137931035","12564.955","4.166099137931035","0.001632468531285449","0.7666276671331143","0.0","0.0","10557.554115807266","5278.7699043719","0.0","0.0","0.0","0.0","0.0","HBM","12564.955","0.001632468531285449","0.0","11.245032269935779","0.0","11.245032269935779","False","7",""
"Total","47.0","input fusion","input_reduce_fusion.9","9392.0","12141.955","1.2927975936967633","12141.955","1.2927975936967633","0.001577511375550809","0.7682051785086651","5.096698842978746","5.096698842978746","0.1447990299567494","0.1447990299567494","0.0","32.78109452736319","32.78109452736319","0.0","32.78109452736319","HBM","12141.955","0.001577511375550809","16523.24513432836","0.0003084562869789995","3.591085832501033e-05","0.0003084562869789995","False","7","<div class='source-info-cell' title='/home/lawrence/git/DISCO-EB/.venv/lib/python3.13/site-packages/equinox/_unvmap.py:50:23
/home/lawrence/git/DISCO-EB/.venv/lib/python3.13/site-packages/equinox/internal/_loop/common.py:475:14
/home/lawrence/git/DISCO-EB/.venv/lib/python3.13/site-packages/equinox/internal/_loop/bounded.py:72:28
/home/lawrence/git/DISCO-EB/.venv/lib/python3.13/site-packages/equinox/internal/_loop/bounded.py:78:15
/home/lawrence/git/DISCO-EB/.venv/lib/python3.13/site-packages/equinox/internal/_loop/bounded.py:59:19
/home/lawrence/git/DISCO-EB/.venv/lib/python3.13/site-packages/equinox/internal/_loop/loop.py:119:15
/home/lawrence/git/DISCO-EB/.venv/lib/python3.13/site-packages/diffrax/_integrate.py:462:19
/home/lawrence/git/DISCO-EB/.venv/lib/python3.13/site-packages/diffrax/_integrate.py:435:29
/home/lawrence/git/DISCO-EB/.venv/lib/python3.13/site-packages/diffrax/_integrate.py:471:21
/home/lawrence/git/DISCO-EB/.venv/lib/python3.13/site-packages/diffrax/_integrate.py:635:26
'>/home/lawrence/git/DISCO-EB/.venv/lib/python3.13/site-packages/equinox/_unvmap.py:50</div>"
"Total","48.0","conditional","conditional.8","9392.0","10328.39","1.0997008091993186","10328.39","1.0997008091993186","0.0013418887416503536","0.7695470672503154","2539.3552288401193","2539.3552288401193","160299.16762701792","80054.97634701886","0.0","0.014753406924042263","0.02954168444613781","0.0","0.02954168444613781","HBM","10328.39","0.0013418887416503536","14.89042696170687","170.53609244184065","0.017892056931198982","170.53609244184065","False","7","<div class='source-info-cell' title='/home/lawrence/git/DISCO-EB/.venv/lib/python3.13/site-packages/equinox/internal/_loop/bounded.py:72:19
/home/lawrence/git/DISCO-EB/.venv/lib/python3.13/site-packages/equinox/internal/_loop/bounded.py:78:15
/home/lawrence/git/DISCO-EB/.venv/lib/python3.13/site-packages/equinox/internal/_loop/bounded.py:59:19
/home/lawrence/git/DISCO-EB/.venv/lib/python3.13/site-packages/equinox/internal/_loop/loop.py:119:15
/home/lawrence/git/DISCO-EB/.venv/lib/python3.13/site-packages/diffrax/_integrate.py:462:19
/home/lawrence/git/DISCO-EB/.venv/lib/python3.13/site-packages/diffrax/_integrate.py:435:29
/home/lawrence/git/DISCO-EB/.venv/lib/python3.13/site-packages/diffrax/_integrate.py:471:21
/home/lawrence/git/DISCO-EB/.venv/lib/python3.13/site-packages/diffrax/_integrate.py:635:26
/home/lawrence/git/DISCO-EB/.venv/lib/python3.13/site-packages/equinox/internal/_loop/common.py:511:22
/home/lawrence/git/DISCO-EB/.venv/lib/python3.13/site-packages/equinox/internal/_loop/bounded.py:65:15
'>/home/lawrence/git/DISCO-EB/.venv/lib/python3.13/site-packages/equinox/internal/_loop/bounded.py:72</div>"
"Total","49.0","loop fusion","loop_convert_fusion.2","9392.0","9061.54","0.9648147359454856","9061.54","0.9648147359454856","0.001177296607507496","0.770724363857823","0.009328215733749451","0.009328215733749451","0.012548723624268222","0.012548723624268222","0.0","0.6923076923076923","0.6923076923076923","0.0","0.6923076923076923","HBM","9061.54","0.001177296607507496","348.95630769230775","2.6731758469815673e-05","6.572572638881457e-08","2.6731758469815673e-05","False","7","<div class='source-info-cell' title='/home/lawrence/git/DISCO-EB/.venv/lib/python3.13/site-packages/equinox/internal/_loop/bounded.py:72:19
/home/lawrence/git/DISCO-EB/.venv/lib/python3.13/site-packages/equinox/internal/_loop/bounded.py:78:15
/home/lawrence/git/DISCO-EB/.venv/lib/python3.13/site-packages/equinox/internal/_loop/bounded.py:59:19
/home/lawrence/git/DISCO-EB/.venv/lib/python3.13/site-packages/equinox/internal/_loop/loop.py:119:15
/home/lawrence/git/DISCO-EB/.venv/lib/python3.13/site-packages/diffrax/_integrate.py:462:19
/home/lawrence/git/DISCO-EB/.venv/lib/python3.13/site-packages/diffrax/_integrate.py:435:29
/home/lawrence/git/DISCO-EB/.venv/lib/python3.13/site-packages/diffrax/_integrate.py:471:21
/home/lawrence/git/DISCO-EB/.venv/lib/python3.13/site-packages/diffrax/_integrate.py:635:26
/home/lawrence/git/DISCO-EB/.venv/lib/python3.13/site-packages/equinox/internal/_loop/common.py:511:22
/home/lawrence/git/DISCO-EB/.venv/lib/python3.13/site-packages/equinox/internal/_loop/bounded.py:65:15
'>/home/lawrence/git/DISCO-EB/.venv/lib/python3.13/site-packages/equinox/internal/_loop/bounded.py:72</div>"
"Total","50.0","loop fusion","loop_add_fusion.55","6032.0","8224.777","1.3635240384615386","8224.777","1.3635240384615386","0.001068582388821953","0.7717929462466449","0.0022001812328771952","0.0022001812328771952","0.010928418402260519","0.010928418402260519","0.0","0.1875","0.1875","0.0","0.1875","HBM","8224.777","0.001068582388821953","94.509","2.328012393398719e-05","1.5502269013215268e-08","2.328012393398719e-05","False","7","<div class='source-info-cell' title='/home/lawrence/git/DISCO-EB/.venv/lib/python3.13/site-packages/equinox/internal/_loop/bounded.py:78:15
/home/lawrence/git/DISCO-EB/.venv/lib/python3.13/site-packages/equinox/internal/_loop/bounded.py:69:19
/home/lawrence/git/DISCO-EB/.venv/lib/python3.13/site-packages/equinox/internal/_loop/bounded.py:72:19
/home/lawrence/git/DISCO-EB/.venv/lib/python3.13/site-packages/equinox/internal/_loop/bounded.py:78:15
/home/lawrence/git/DISCO-EB/.venv/lib/python3.13/site-packages/equinox/internal/_loop/bounded.py:59:19
/home/lawrence/git/DISCO-EB/.venv/lib/python3.13/site-packages/equinox/internal/_loop/loop.py:119:15
/home/lawrence/git/DISCO-EB/.venv/lib/python3.13/site-packages/diffrax/_integrate.py:462:19
/home/lawrence/git/DISCO-EB/.venv/lib/python3.13/site-packages/diffrax/_integrate.py:435:29
/home/lawrence/git/DISCO-EB/.venv/lib/python3.13/site-packages/diffrax/_integrate.py:471:21
/home/lawrence/git/DISCO-EB/.venv/lib/python3.13/site-packages/diffrax/_integrate.py:635:26
'>/home/lawrence/git/DISCO-EB/.venv/lib/python3.13/site-packages/equinox/internal/_loop/bounded.py:78</div>"
"Total","51.0","input fusion","input_reduce_fusion.8","6032.0","7765.468","1.287378647214854","7765.468","1.287378647214854","0.0010089078823365585","0.7728018541289814","5.118152312262442","5.118152312262442","0.14540853066243964","0.14540853066243964","0.0","32.78109452736319","32.78109452736319","0.0","32.78109452736319","HBM","7765.468","0.0010089078823365585","16523.245134328357","0.00030975466808448376","3.6062017441874396e-05","0.00030975466808448376","False","7","<div class='source-info-cell' title='/home/lawrence/git/DISCO-EB/.venv/lib/python3.13/site-packages/equinox/_unvmap.py:50:23
/home/lawrence/git/DISCO-EB/.venv/lib/python3.13/site-packages/equinox/internal/_loop/common.py:475:14
/home/lawrence/git/DISCO-EB/.venv/lib/python3.13/site-packages/equinox/internal/_loop/bounded.py:72:28
/home/lawrence/git/DISCO-EB/.venv/lib/python3.13/site-packages/equinox/internal/_loop/bounded.py:78:15
/home/lawrence/git/DISCO-EB/.venv/lib/python3.13/site-packages/equinox/internal/_loop/bounded.py:69:19
/home/lawrence/git/DISCO-EB/.venv/lib/python3.13/site-packages/equinox/internal/_loop/bounded.py:72:19
/home/lawrence/git/DISCO-EB/.venv/lib/python3.13/site-packages/equinox/internal/_loop/bounded.py:78:15
/home/lawrence/git/DISCO-EB/.venv/lib/python3.13/site-packages/equinox/internal/_loop/bounded.py:59:19
/home/lawrence/git/DISCO-EB/.venv/lib/python3.13/site-packages/equinox/internal/_loop/loop.py:119:15
/home/lawrence/git/DISCO-EB/.venv/lib/python3.13/site-packages/diffrax/_integrate.py:462:19
'>/home/lawrence/git/DISCO-EB/.venv/lib/python3.13/site-packages/equinox/_unvmap.py:50</div>"
"Total","52.0","call","call.627","6225.0","7121.667","1.144042891566265","7121.667","1.144042891566265","0.0009252637409202062","0.7737271178699016","2429.3870627480896","2429.3870627480896","38746.7700692495","19463.89251874887","0.0","0.05839307405423458","0.11624309021623805","0.0","0.11624309021623805","HBM","7121.667","0.0009252637409202062","58.592097137314354","41.46270881983733","0.017117231626731108","41.46270881983733","False","7",""
"Total","53.0","call","call.619","4109.0","7098.591","1.7275714285714288","7098.591","1.7275714285714288","0.0009222656526797038","0.7746493835225813","2852.601008848094","2852.601008848094","378.9493256996102","295.7822890984729","0.0","7.01067803988403","8.981916138415722","0.0","8.981916138415722","HBM","7098.591","0.0009222656526797038","4527.3168657361675","0.6300864493133385","0.0200991570902108","0.6300864493133385","False","7",""
"Total","54.0","call","call.597","4385.0","6986.274","1.5932209806157356","6986.274","1.5932209806157356","0.00090767316364744","0.7755570566862288","14.814642969915008","14.814642969915008","0.18471884136546662","0.13561636454679826","0.0","74.69303797468355","101.73706896551724","0.0","101.73706896551724","HBM","6986.274","0.00090767316364744","51280.36613793104","0.0002888950310937214","0.00010438257413641866","0.0002888950310937214","False","7",""
"Total","55.0","conditional","conditional.7","6032.0","6557.186","1.0870666445623343","6557.186","1.0870666445623343","0.0008519250406217537","0.7764089817268505","2562.7931957397577","2562.7931957397577","81239.52913922592","40524.36254698846","0.0","0.029379628150884227","0.058897586717024226","0.0","0.058897586717024226","HBM","6557.186","0.0008519250406217538","29.687210789542625","86.3265065185075","0.018057198630697022","86.3265065185075","False","7","<div class='source-info-cell' title='/home/lawrence/git/DISCO-EB/.venv/lib/python3.13/site-packages/equinox/internal/_loop/bounded.py:72:19
/home/lawrence/git/DISCO-EB/.venv/lib/python3.13/site-packages/equinox/internal/_loop/bounded.py:78:15
/home/lawrence/git/DISCO-EB/.venv/lib/python3.13/site-packages/equinox/internal/_loop/bounded.py:69:19
/home/lawrence/git/DISCO-EB/.venv/lib/python3.13/site-packages/equinox/internal/_loop/bounded.py:72:19
/home/lawrence/git/DISCO-EB/.venv/lib/python3.13/site-packages/equinox/internal/_loop/bounded.py:78:15
/home/lawrence/git/DISCO-EB/.venv/lib/python3.13/site-packages/equinox/internal/_loop/bounded.py:59:19
/home/lawrence/git/DISCO-EB/.venv/lib/python3.13/site-packages/equinox/internal/_loop/loop.py:119:15
/home/lawrence/git/DISCO-EB/.venv/lib/python3.13/site-packages/diffrax/_integrate.py:462:19
/home/lawrence/git/DISCO-EB/.venv/lib/python3.13/site-packages/diffrax/_integrate.py:435:29
/home/lawrence/git/DISCO-EB/.venv/lib/python3.13/site-packages/diffrax/_integrate.py:471:21
'>/home/lawrence/git/DISCO-EB/.venv/lib/python3.13/site-packages/equinox/internal/_loop/bounded.py:72</div>"
"Total","56.0","input fusion","input_reduce_fusion","6096.0","6216.604","1.019784120734908","6216.604","1.019784120734908","0.0008076758254576517","0.7772166575523081","6.461171404837754","6.461171404837754","0.18356418156698534","0.18356418156698534","0.0","32.78109452736319","32.78109452736319","0.0","32.78109452736319","HBM","6216.604","0.0008076758254576517","16523.245134328357","0.00039103525683427376","4.552480303056904e-05","0.00039103525683427376","False","7","<div class='source-info-cell' title='/home/lawrence/git/DISCO-EB/.venv/lib/python3.13/site-packages/equinox/_unvmap.py:50:23
/home/lawrence/git/DISCO-EB/.venv/lib/python3.13/site-packages/equinox/internal/_loop/common.py:475:14
/home/lawrence/git/DISCO-EB/.venv/lib/python3.13/site-packages/equinox/internal/_loop/bounded.py:72:28
/home/lawrence/git/DISCO-EB/.venv/lib/python3.13/site-packages/equinox/internal/_loop/bounded.py:78:15
/home/lawrence/git/DISCO-EB/.venv/lib/python3.13/site-packages/equinox/internal/_loop/bounded.py:69:19
/home/lawrence/git/DISCO-EB/.venv/lib/python3.13/site-packages/equinox/internal/_loop/bounded.py:72:19
/home/lawrence/git/DISCO-EB/.venv/lib/python3.13/site-packages/equinox/internal/_loop/bounded.py:78:15
/home/lawrence/git/DISCO-EB/.venv/lib/python3.13/site-packages/equinox/internal/_loop/bounded.py:69:19
/home/lawrence/git/DISCO-EB/.venv/lib/python3.13/site-packages/equinox/internal/_loop/bounded.py:72:19
/home/lawrence/git/DISCO-EB/.venv/lib/python3.13/site-packages/equinox/internal/_loop/bounded.py:78:15
'>/home/lawrence/git/DISCO-EB/.venv/lib/python3.13/site-packages/equinox/_unvmap.py:50</div>"
"Total","57.0","loop fusion","loop_multiply_fusion.20","1.0","6105.334","6105.334","6105.334","6105.334","0.0007932193651300077","0.7780098769174381","21324.693236438827","21324.693236438827","170.3096515376212","170.3096515376212","0.0","116.61211228218853","116.61211228218853","0.0","116.61211228218853","HBM","6105.334","0.0007932193651300077","58778.101971612574","0.36279996327097774","0.15025177300656417","0.36279996327097774","False","7","<div class='source-info-cell' title='/home/lawrence/git/DISCO-EB/src/discoeb/cmb.py:785:15
/home/lawrence/git/DISCO-EB/src/discoeb/cmb.py:1063:24
/home/lawrence/git/DISCO-EB/scripts/profile_CMB.py:38:0
'>/home/lawrence/git/DISCO-EB/src/discoeb/cmb.py:785</div>"
"Total","58.0","loop fusion","loop_convert_fusion.1","6032.0","5725.155","0.9491304708222811","5725.155","0.9491304708222811","0.0007438256145152564","0.7787537025319533","0.00948236335959463","0.00948236335959463","0.012756089749718105","0.012756089749718105","0.0","0.6923076923076923","0.6923076923076923","0.0","0.6923076923076923","HBM","5725.155","0.0007438256145152565","348.9563076923077","2.7173497514066164e-05","6.681183599101105e-08","2.7173497514066164e-05","False","7","<div class='source-info-cell' title='/home/lawrence/git/DISCO-EB/.venv/lib/python3.13/site-packages/equinox/internal/_loop/bounded.py:72:19
/home/lawrence/git/DISCO-EB/.venv/lib/python3.13/site-packages/equinox/internal/_loop/bounded.py:78:15
/home/lawrence/git/DISCO-EB/.venv/lib/python3.13/site-packages/equinox/internal/_loop/bounded.py:69:19
/home/lawrence/git/DISCO-EB/.venv/lib/python3.13/site-packages/equinox/internal/_loop/bounded.py:72:19
/home/lawrence/git/DISCO-EB/.venv/lib/python3.13/site-packages/equinox/internal/_loop/bounded.py:78:15
/home/lawrence/git/DISCO-EB/.venv/lib/python3.13/site-packages/equinox/internal/_loop/bounded.py:59:19
/home/lawrence/git/DISCO-EB/.venv/lib/python3.13/site-packages/equinox/internal/_loop/loop.py:119:15
/home/lawrence/git/DISCO-EB/.venv/lib/python3.13/site-packages/diffrax/_integrate.py:462:19
/home/lawrence/git/DISCO-EB/.venv/lib/python3.13/site-packages/diffrax/_integrate.py:435:29
/home/lawrence/git/DISCO-EB/.venv/lib/python3.13/site-packages/diffrax/_integrate.py:471:21
'>/home/lawrence/git/DISCO-EB/.venv/lib/python3.13/site-packages/equinox/internal/_loop/bounded.py:72</div>"
"Total","59.0","loop fusion","loop_gather_fusion.7","587.0","5493.949","9.35936797274276","5493.949","9.35936797274276","0.0007137867867403553","0.7794674893186937","1351.0108841563692","1351.0108841563692","26.970375709013396","26.970375709013396","0.0","46.65218417945691","46.65218417945691","0.0","46.65218417945691","HBM","5493.949","0.0007137867867403554","23514.940131286898","0.057453298907567014","0.009519094996817853","0.057453298907567014","False","7","<div class='source-info-cell' title='/home/lawrence/git/DISCO-EB/src/discoeb/ode_integrators_stiff.py:1008:13
/home/lawrence/git/DISCO-EB/.venv/lib/python3.13/site-packages/equinox/_module/_prebuilt.py:33:15
/home/lawrence/git/DISCO-EB/.venv/lib/python3.13/site-packages/diffrax/_integrate.py:349:64
/home/lawrence/git/DISCO-EB/.venv/lib/python3.13/site-packages/equinox/_eval_shape.py:33:15
/home/lawrence/git/DISCO-EB/.venv/lib/python3.13/site-packages/equinox/_eval_shape.py:38:30
/home/lawrence/git/DISCO-EB/.venv/lib/python3.13/site-packages/diffrax/_integrate.py:619:36
/home/lawrence/git/DISCO-EB/.venv/lib/python3.13/site-packages/diffrax/_adjoint.py:393:22
/home/lawrence/git/DISCO-EB/.venv/lib/python3.13/site-packages/equinox/_module/_prebuilt.py:33:15
/home/lawrence/git/DISCO-EB/.venv/lib/python3.13/site-packages/diffrax/_integrate.py:1416:29
/home/lawrence/git/DISCO-EB/.venv/lib/python3.13/site-packages/equinox/_jit.py:55:14
'>/home/lawrence/git/DISCO-EB/src/discoeb/ode_integrators_stiff.py:1008</div>"
"Total","60.0","loop fusion","loop_select_fusion.28","587.0","5250.761","8.945078364565589","5250.761","8.945078364565589","0.0006821912293200347","0.7801496805480137","222.58497006433925","222.58497006433925","1105.4315844597315","1105.4315844597315","0.0","0.18752712542797897","0.18752712542797897","0.0","0.18752712542797897","HBM","5250.761","0.0006821912293200346","94.52267251772196","2.3548315354986076","0.0015683126610999733","2.3548315354986076","False","7","<div class='source-info-cell' title='/home/lawrence/git/DISCO-EB/src/discoeb/ode_integrators_stiff.py:996:22
/home/lawrence/git/DISCO-EB/src/discoeb/ode_integrators_stiff.py:1002:21
/home/lawrence/git/DISCO-EB/.venv/lib/python3.13/site-packages/equinox/_module/_prebuilt.py:33:15
/home/lawrence/git/DISCO-EB/.venv/lib/python3.13/site-packages/diffrax/_integrate.py:349:64
/home/lawrence/git/DISCO-EB/.venv/lib/python3.13/site-packages/equinox/_eval_shape.py:33:15
/home/lawrence/git/DISCO-EB/.venv/lib/python3.13/site-packages/equinox/_eval_shape.py:38:30
/home/lawrence/git/DISCO-EB/.venv/lib/python3.13/site-packages/diffrax/_integrate.py:619:36
/home/lawrence/git/DISCO-EB/.venv/lib/python3.13/site-packages/diffrax/_adjoint.py:393:22
/home/lawrence/git/DISCO-EB/.venv/lib/python3.13/site-packages/equinox/_module/_prebuilt.py:33:15
/home/lawrence/git/DISCO-EB/.venv/lib/python3.13/site-packages/diffrax/_integrate.py:1416:29
'>/home/lawrence/git/DISCO-EB/src/discoeb/ode_integrators_stiff.py:996</div>"
"Total","61.0","conditional","conditional.6","6096.0","4982.213","0.8172921587926508","4982.213","0.8172921587926508","0.0006473008410027151","0.7807969813890164","3400.6480670336655","3400.6480670336655","54237.674981497425","26992.30038542719","0.0","0.0583929955373523","0.11733347169109092","0.0","0.11733347169109092","HBM","4982.213","0.0006473008410027151","59.141701738951","57.500003669897495","0.02396064486264476","57.500003669897495","False","7","<div class='source-info-cell' title='/home/lawrence/git/DISCO-EB/.venv/lib/python3.13/site-packages/equinox/internal/_loop/bounded.py:72:19
/home/lawrence/git/DISCO-EB/.venv/lib/python3.13/site-packages/equinox/internal/_loop/bounded.py:78:15
/home/lawrence/git/DISCO-EB/.venv/lib/python3.13/site-packages/equinox/internal/_loop/bounded.py:69:19
/home/lawrence/git/DISCO-EB/.venv/lib/python3.13/site-packages/equinox/internal/_loop/bounded.py:72:19
/home/lawrence/git/DISCO-EB/.venv/lib/python3.13/site-packages/equinox/internal/_loop/bounded.py:78:15
/home/lawrence/git/DISCO-EB/.venv/lib/python3.13/site-packages/equinox/internal/_loop/bounded.py:69:19
/home/lawrence/git/DISCO-EB/.venv/lib/python3.13/site-packages/equinox/internal/_loop/bounded.py:72:19
/home/lawrence/git/DISCO-EB/.venv/lib/python3.13/site-packages/equinox/internal/_loop/bounded.py:78:15
/home/lawrence/git/DISCO-EB/.venv/lib/python3.13/site-packages/equinox/internal/_loop/bounded.py:59:19
/home/lawrence/git/DISCO-EB/.venv/lib/python3.13/site-packages/equinox/internal/_loop/loop.py:119:15
'>/home/lawrence/git/DISCO-EB/.venv/lib/python3.13/site-packages/equinox/internal/_loop/bounded.py:72</div>"
"Total","62.0","loop fusion","loop_add_fusion.37","6096.0","4977.05","0.8164452099737534","4977.05","0.8164452099737534","0.000646630051889103","0.7814436114409056","0.0036744657980128793","0.0036744657980128793","0.01825126905248999","0.01825126905248999","0.0","0.1875","0.1875","0.0","0.1875","HBM","4977.05","0.000646630051889103","94.50900000000003","3.887953314512775e-05","2.5889938714804853e-08","3.887953314512775e-05","False","7","<div class='source-info-cell' title='/home/lawrence/git/DISCO-EB/.venv/lib/python3.13/site-packages/equinox/internal/_loop/bounded.py:78:15
/home/lawrence/git/DISCO-EB/.venv/lib/python3.13/site-packages/equinox/internal/_loop/bounded.py:69:19
/home/lawrence/git/DISCO-EB/.venv/lib/python3.13/site-packages/equinox/internal/_loop/bounded.py:72:19
/home/lawrence/git/DISCO-EB/.venv/lib/python3.13/site-packages/equinox/internal/_loop/bounded.py:78:15
/home/lawrence/git/DISCO-EB/.venv/lib/python3.13/site-packages/equinox/internal/_loop/bounded.py:69:19
/home/lawrence/git/DISCO-EB/.venv/lib/python3.13/site-packages/equinox/internal/_loop/bounded.py:72:19
/home/lawrence/git/DISCO-EB/.venv/lib/python3.13/site-packages/equinox/internal/_loop/bounded.py:78:15
/home/lawrence/git/DISCO-EB/.venv/lib/python3.13/site-packages/equinox/internal/_loop/bounded.py:59:19
/home/lawrence/git/DISCO-EB/.venv/lib/python3.13/site-packages/equinox/internal/_loop/loop.py:119:15
/home/lawrence/git/DISCO-EB/.venv/lib/python3.13/site-packages/diffrax/_integrate.py:462:19
'>/home/lawrence/git/DISCO-EB/.venv/lib/python3.13/site-packages/equinox/internal/_loop/bounded.py:78</div>"
"Total","63.0","loop fusion","loop_convert_fusion","6096.0","4968.444","0.8150334645669292","4968.444","0.8150334645669292","0.0006455119401107287","0.7820891233810163","0.011042491371544089","0.011042491371544089","0.014854842158455934","0.014854842158455934","0.0","0.6923076923076923","0.6923076923076923","0.0","0.6923076923076923","HBM","4968.444","0.0006455119401107287","348.9563076923077","3.1644338067907365e-05","7.780435050522024e-08","3.1644338067907365e-05","False","7","<div class='source-info-cell' title='/home/lawrence/git/DISCO-EB/.venv/lib/python3.13/site-packages/equinox/internal/_loop/bounded.py:72:19
/home/lawrence/git/DISCO-EB/.venv/lib/python3.13/site-packages/equinox/internal/_loop/bounded.py:78:15
/home/lawrence/git/DISCO-EB/.venv/lib/python3.13/site-packages/equinox/internal/_loop/bounded.py:69:19
/home/lawrence/git/DISCO-EB/.venv/lib/python3.13/site-packages/equinox/internal/_loop/bounded.py:72:19
/home/lawrence/git/DISCO-EB/.venv/lib/python3.13/site-packages/equinox/internal/_loop/bounded.py:78:15
/home/lawrence/git/DISCO-EB/.venv/lib/python3.13/site-packages/equinox/internal/_loop/bounded.py:69:19
/home/lawrence/git/DISCO-EB/.venv/lib/python3.13/site-packages/equinox/internal/_loop/bounded.py:72:19
/home/lawrence/git/DISCO-EB/.venv/lib/python3.13/site-packages/equinox/internal/_loop/bounded.py:78:15
/home/lawrence/git/DISCO-EB/.venv/lib/python3.13/site-packages/equinox/internal/_loop/bounded.py:59:19
/home/lawrence/git/DISCO-EB/.venv/lib/python3.13/site-packages/equinox/internal/_loop/loop.py:119:15
'>/home/lawrence/git/DISCO-EB/.venv/lib/python3.13/site-packages/equinox/internal/_loop/bounded.py:72</div>"
"Total","64.0","data formatting","copy.197","6096.0","4873.998","0.7995403543307086","4873.998","0.7995403543307086","0.000633241293466488","0.7827223646744829","0.0","0.0","0.14909727683547727","0.14909727683547727","0.0","0.0","0.0","0.0","0.0","HBM","4873.998","0.0006332412934664881","0.0","0.0003176125725779257","0.0","0.0003176125725779257","False","7",""
"Total","65.0","call","call.595","5120.0","4872.902","0.951738671875","4872.902","0.951738671875","0.0006330988985665231","0.7833554635730494","9.082325070358484","9.082325070358484","0.3043286243006157","0.22506618517408875","0.0","27.794212218649516","37.582608695652176","0.0","37.582608695652176","HBM","4872.902","0.0006330988985665231","18943.438747826087","0.0004794443707534755","6.399320401530994e-05","0.0004794443707534755","False","7",""
"Total","66.0","data formatting","copy.192","6096.0","4852.521","0.7960172244094488","4852.521","0.7960172244094488","0.0006304509510700036","0.7839859145241194","0.0","0.0","0.14975717345717052","0.14975717345717052","0.0","0.0","0.0","0.0","0.0","HBM","4852.521","0.0006304509510700037","0.0","0.0003190183089407887","0.0","0.0003190183089407887","False","7",""
"Total","67.0","data formatting","copy.191","6096.0","4839.03","0.7938041338582676","4839.03","0.7938041338582676","0.0006286981685924244","0.7846146126927118","0.0","0.0","0.018771836222899074","0.018771836222899074","0.0","0.0","0.0","0.0","0.0","HBM","4839.03","0.0006286981685924244","0.0","3.9988464721226796e-05","0.0","3.9988464721226796e-05","False","7",""
"Total","68.0","data formatting","copy.164","4851.0","3873.203","0.7984339311482168","3873.203","0.7984339311482168","0.0005032156512124711","0.7851178283439243","0.0","0.0","0.1493038871473661","0.1493038871473661","0.0","0.0","0.0","0.0","0.0","HBM","3873.203","0.0005032156512124711","0.0","0.0003180527015599765","0.0","0.0003180527015599765","False","7",""
"Total","69.0","data formatting","copy.161","4851.0","3867.025","0.7971603793032365","3867.025","0.7971603793032365","0.0005024129909095666","0.7856202413348339","0.0","0.0","0.14954241661505674","0.14954241661505674","0.0","0.0","0.0","0.0","0.0","HBM","3867.025","0.0005024129909095666","0.0","0.0003185608259166169","0.0","0.0003185608259166169","False","7",""
"Total","70.0","data formatting","copy.160","4851.0","3859.02","0.7955102040816326","3859.02","0.7955102040816326","0.0005013729624659359","0.7861216142972998","0.0","0.0","0.01873157769365149","0.01873157769365149","0.0","0.0","0.0","0.0","0.0","HBM","3859.02","0.0005013729624659359","0.0","3.990270450270423e-05","0.0","3.990270450270423e-05","False","7",""
"Total","71.0","loop fusion","loop_and_fusion","2999.0","2579.479","0.8601130376792263","2579.479","0.8601130376792263","0.00033513198372868495","0.7864567462810285","0.010463740933731192","0.010463740933731192","0.027069772629199733","0.027069772629199733","0.0","0.36","0.36","0.0","0.36","HBM","2579.479","0.00033513198372868495","181.45728000000003","5.7665037929209514e-05","7.372652962191103e-08","5.7665037929209514e-05","False","7","<div class='source-info-cell' title='/home/lawrence/git/DISCO-EB/.venv/lib/python3.13/site-packages/equinox/internal/_loop/common.py:479:18
/home/lawrence/git/DISCO-EB/.venv/lib/python3.13/site-packages/equinox/internal/_loop/loop.py:103:29
/home/lawrence/git/DISCO-EB/.venv/lib/python3.13/site-packages/equinox/_module/_prebuilt.py:81:15
/home/lawrence/git/DISCO-EB/.venv/lib/python3.13/site-packages/diffrax/_integrate.py:638:18
/home/lawrence/git/DISCO-EB/.venv/lib/python3.13/site-packages/diffrax/_adjoint.py:904:22
/home/lawrence/git/DISCO-EB/.venv/lib/python3.13/site-packages/equinox/_module/_prebuilt.py:33:15
/home/lawrence/git/DISCO-EB/.venv/lib/python3.13/site-packages/diffrax/_integrate.py:1416:29
/home/lawrence/git/DISCO-EB/.venv/lib/python3.13/site-packages/equinox/_jit.py:55:14
/home/lawrence/git/DISCO-EB/.venv/lib/python3.13/site-packages/equinox/_jit.py:263:37
/home/lawrence/git/DISCO-EB/.venv/lib/python3.13/site-packages/equinox/_jit.py:209:19
'>/home/lawrence/git/DISCO-EB/.venv/lib/python3.13/site-packages/equinox/internal/_loop/common.py:479</div>"
"Total","72.0","while","while.598","2999.0","2329.893","0.776889963321107","2329.893","0.776889963321107","0.00030270518308758357","0.7867594514641161","1339.8757213314088","1339.8757213314088","8.965698959184795","0.9506350146588506","0.0","139.18117395373713","1312.655737704918","0.0","139.18117395373713","Compute","2329.893","0.00030270518308758357","141926.4","0.009440637692010851","0.009440637692010851","0.0020250781167628104","False","7","<div class='source-info-cell' title='/home/lawrence/git/DISCO-EB/.venv/lib/python3.13/site-packages/equinox/internal/_loop/loop.py:103:29
/home/lawrence/git/DISCO-EB/.venv/lib/python3.13/site-packages/equinox/_module/_prebuilt.py:81:15
/home/lawrence/git/DISCO-EB/.venv/lib/python3.13/site-packages/diffrax/_integrate.py:638:18
/home/lawrence/git/DISCO-EB/.venv/lib/python3.13/site-packages/diffrax/_adjoint.py:904:22
/home/lawrence/git/DISCO-EB/.venv/lib/python3.13/site-packages/equinox/_module/_prebuilt.py:33:15
/home/lawrence/git/DISCO-EB/.venv/lib/python3.13/site-packages/diffrax/_integrate.py:1416:29
/home/lawrence/git/DISCO-EB/.venv/lib/python3.13/site-packages/equinox/_jit.py:55:14
/home/lawrence/git/DISCO-EB/.venv/lib/python3.13/site-packages/equinox/_jit.py:263:37
/home/lawrence/git/DISCO-EB/.venv/lib/python3.13/site-packages/equinox/_jit.py:209:19
/home/lawrence/git/DISCO-EB/src/discoeb/thermodynamics_recfast.py:284:7
'>/home/lawrence/git/DISCO-EB/.venv/lib/python3.13/site-packages/equinox/internal/_loop/loop.py:103</div>"
"Total","73.0","call","call.623","1902.0","2048.465","1.0770057833859097","2048.465","1.0770057833859097","0.00026614139485096823","0.787025592858967","16834.91424066313","16834.91424066313","340.2015758060096","226.83765757288242","0.0","46.086605086701674","69.11875145337201","0.0","69.11875145337201","HBM","2048.465","0.00026614139485096823","34839.168432569255","0.4832180272398545","0.11861721456094941","0.4832180272398545","False","7",""
"Total","74.0","call","call.601","672.0","1794.924","2.671017857142857","1794.924","2.671017857142857","0.00023320075129986564","0.7872587936102668","0.0","0.0","16518.77236448998","8259.366656331285","0.0","0.0","0.0","0.0","0.0","HBM","1794.924","0.00023320075129986564","0.0","17.594410489980984","0.0","17.594410489980984","False","7",""
"Total","75.0","call","call.625","1902.0","1758.823","0.9247229232386962","1758.823","0.9247229232386962","0.00022851042439873978","0.7874873040346656","308.92388716772524","308.92388716772524","6.399347837491913","4.29543886164668","0.0","44.95892351274787","66.97983587338804","0.0","66.97983587338804","HBM","1758.823","0.00022851042439873978","33761.052312309504","0.009150303856348978","0.002176648510550012","0.009150303856348978","False","7",""
"Total","76.0","call","call.602","518.0","1428.638","2.757988416988417","1428.638","2.757988416988417","0.00018561201194899473","0.7876729160466146","0.0","0.0","15997.868479741328","7998.915329688206","0.0","0.0","0.0","0.0","0.0","HBM","1428.638","0.00018561201194899476","0.0","17.039587372871186","0.0","17.039587372871186","False","7",""
"Total","77.0","loop fusion","loop_dynamic_update_slice_fusion.78","1021.0","1229.794","1.2044995102840355","1229.794","1.2044995102840355","0.0001597777313936785","0.7878326937780082","1.8895815071467255","1.8895815071467255","0.04948498879948497","0.04948498879948497","0.0","35.5625","35.5625","0.0","35.5625","HBM","1229.794","0.0001597777313936785","17925.207000000002","0.00010541476632022856","1.3313812702546712e-05","0.00010541476632022856","False","7","<div class='source-info-cell' title='/home/lawrence/git/DISCO-EB/src/discoeb/spline_interpolation.py:68:21
/home/lawrence/git/DISCO-EB/src/discoeb/spline_interpolation.py:71:21
/home/lawrence/git/DISCO-EB/src/discoeb/background.py:248:40
/home/lawrence/git/DISCO-EB/src/discoeb/cmb.py:987:12
/home/lawrence/git/DISCO-EB/scripts/profile_CMB.py:38:0
'>/home/lawrence/git/DISCO-EB/src/discoeb/spline_interpolation.py:68</div>"
"Total","78.0","loop fusion","loop_dynamic_update_slice_fusion.80","1021.0","1228.674","1.2034025465230167","1228.674","1.2034025465230167","0.00015963221835721796","0.7879923259963655","1.8913039585764817","1.8913039585764817","0.04953009693024661","0.04953009693024661","0.0","35.5625","35.5625","0.0","35.5625","HBM","1228.674","0.000159632218357218","17925.207000000002","0.00010551085734053065","1.332594893252053e-05","0.00010551085734053065","False","7","<div class='source-info-cell' title='/home/lawrence/git/DISCO-EB/src/discoeb/spline_interpolation.py:68:21
/home/lawrence/git/DISCO-EB/src/discoeb/spline_interpolation.py:71:21
/home/lawrence/git/DISCO-EB/src/discoeb/background.py:248:40
/home/lawrence/git/DISCO-EB/src/discoeb/cmb.py:987:12
/home/lawrence/git/DISCO-EB/scripts/profile_CMB.py:38:0
'>/home/lawrence/git/DISCO-EB/src/discoeb/spline_interpolation.py:68</div>"
"Total","79.0","loop fusion","loop_dynamic_update_slice_fusion.76","1021.0","1223.184","1.1980254652301665","1223.184","1.1980254652301665","0.00015891894463385348","0.7881512449409993","1.899792672239009","1.899792672239009","0.04975240218615827","0.04975240218615827","0.0","35.5625","35.5625","0.0","35.5625","HBM","1223.184","0.0001589189446338535","17925.207000000002","0.0001059844202769323","1.338575960666239e-05","0.0001059844202769323","False","7","<div class='source-info-cell' title='/home/lawrence/git/DISCO-EB/src/discoeb/spline_interpolation.py:68:21
/home/lawrence/git/DISCO-EB/src/discoeb/spline_interpolation.py:71:21
/home/lawrence/git/DISCO-EB/src/discoeb/background.py:248:40
/home/lawrence/git/DISCO-EB/src/discoeb/cmb.py:987:12
/home/lawrence/git/DISCO-EB/scripts/profile_CMB.py:38:0
'>/home/lawrence/git/DISCO-EB/src/discoeb/spline_interpolation.py:68</div>"
"Total","80.0","loop fusion","loop_dynamic_update_slice_fusion.66","1021.0","1212.709","1.187765915768854","1212.709","1.187765915768854","0.00015755800797588576","0.7883088029489752","1.9162024855097142","1.9162024855097142","0.05018214783239328","0.05018214783239328","0.0","35.5625","35.5625","0.0","35.5625","HBM","1212.709","0.00015755800797588576","17925.207","0.00010689988045938405","1.3501381599968113e-05","0.00010689988045938405","False","7","<div class='source-info-cell' title='/home/lawrence/git/DISCO-EB/src/discoeb/spline_interpolation.py:68:21
/home/lawrence/git/DISCO-EB/src/discoeb/spline_interpolation.py:71:21
/home/lawrence/git/DISCO-EB/src/discoeb/background.py:248:40
/home/lawrence/git/DISCO-EB/src/discoeb/cmb.py:987:12
/home/lawrence/git/DISCO-EB/scripts/profile_CMB.py:38:0
'>/home/lawrence/git/DISCO-EB/src/discoeb/spline_interpolation.py:68</div>"
"Total","81.0","loop fusion","loop_dynamic_update_slice_fusion.60","1021.0","1211.124","1.1862135161606269","1211.124","1.1862135161606269","0.00015735208104482334","0.78846615503002","1.91871022290038","1.91871022290038","0.050247821293008664","0.050247821293008664","0.0","35.5625","35.5625","0.0","35.5625","HBM","1211.124","0.00015735208104482334","17925.207000000002","0.00010703978051134249","1.3519050880599945e-05","0.00010703978051134249","False","7","<div class='source-info-cell' title='/home/lawrence/git/DISCO-EB/src/discoeb/spline_interpolation.py:68:21
/home/lawrence/git/DISCO-EB/src/discoeb/spline_interpolation.py:71:21
/home/lawrence/git/DISCO-EB/src/discoeb/background.py:248:40
/home/lawrence/git/DISCO-EB/src/discoeb/cmb.py:987:12
/home/lawrence/git/DISCO-EB/scripts/profile_CMB.py:38:0
'>/home/lawrence/git/DISCO-EB/src/discoeb/spline_interpolation.py:68</div>"
"Total","82.0","loop fusion","loop_dynamic_update_slice_fusion.62","1021.0","1210.289","1.1853956904995102","1210.289","1.1853956904995102","0.00015724359587924785","0.7886233986258993","1.9200339753562992","1.9200339753562992","0.050282488162475096","0.050282488162475096","0.0","35.5625","35.5625","0.0","35.5625","HBM","1210.289","0.00015724359587924785","17925.207000000002","0.00010711362916792531","1.3528377915287778e-05","0.00010711362916792531","False","7","<div class='source-info-cell' title='/home/lawrence/git/DISCO-EB/src/discoeb/spline_interpolation.py:68:21
/home/lawrence/git/DISCO-EB/src/discoeb/spline_interpolation.py:71:21
/home/lawrence/git/DISCO-EB/src/discoeb/background.py:248:40
/home/lawrence/git/DISCO-EB/src/discoeb/cmb.py:987:12
/home/lawrence/git/DISCO-EB/scripts/profile_CMB.py:38:0
'>/home/lawrence/git/DISCO-EB/src/discoeb/spline_interpolation.py:68</div>"
"Total","83.0","loop fusion","loop_dynamic_update_slice_fusion.14","1021.0","1209.87","1.1849853085210578","1209.87","1.1849853085210578","0.00015718915841292914","0.7887805877843121","1.9206989180655774","1.9206989180655774","0.0502999019032407","0.0502999019032407","0.0","35.5625","35.5625","0.0","35.5625","HBM","1209.87","0.00015718915841292917","17925.207000000002","0.00010715072456711809","1.3533063038769231e-05","0.00010715072456711809","False","7","<div class='source-info-cell' title='/home/lawrence/git/DISCO-EB/src/discoeb/spline_interpolation.py:68:21
/home/lawrence/git/DISCO-EB/src/discoeb/spline_interpolation.py:71:21
/home/lawrence/git/DISCO-EB/src/discoeb/background.py:248:40
/home/lawrence/git/DISCO-EB/src/discoeb/cmb.py:987:12
/home/lawrence/git/DISCO-EB/scripts/profile_CMB.py:38:0
'>/home/lawrence/git/DISCO-EB/src/discoeb/spline_interpolation.py:68</div>"
"Total","84.0","loop fusion","loop_dynamic_update_slice_fusion.70","1021.0","1209.272","1.1843996082272281","1209.272","1.1843996082272281","0.00015711146484524753","0.7889376992491574","1.9216487274988587","1.9216487274988587","0.05032477582849336","0.05032477582849336","0.0","35.5625","35.5625","0.0","35.5625","HBM","1209.272","0.00015711146484524756","17925.207000000002","0.00010720371192917652","1.3539755306263379e-05","0.00010720371192917652","False","7","<div class='source-info-cell' title='/home/lawrence/git/DISCO-EB/src/discoeb/spline_interpolation.py:68:21
/home/lawrence/git/DISCO-EB/src/discoeb/spline_interpolation.py:71:21
/home/lawrence/git/DISCO-EB/src/discoeb/background.py:248:40
/home/lawrence/git/DISCO-EB/src/discoeb/cmb.py:987:12
/home/lawrence/git/DISCO-EB/scripts/profile_CMB.py:38:0
'>/home/lawrence/git/DISCO-EB/src/discoeb/spline_interpolation.py:68</div>"
"Total","85.0","loop fusion","loop_dynamic_update_slice_fusion.68","1021.0","1209.202","1.1843310479921645","1209.202","1.1843310479921645","0.00015710237028046878","0.7890948016194378","1.9217599706252553","1.9217599706252553","0.05032768910047603","0.05032768910047603","0.0","35.5625","35.5625","0.0","35.5625","HBM","1209.202","0.00015710237028046878","17925.207000000002","0.00010720991788966538","1.3540539114817647e-05","0.00010720991788966538","False","7","<div class='source-info-cell' title='/home/lawrence/git/DISCO-EB/src/discoeb/spline_interpolation.py:68:21
/home/lawrence/git/DISCO-EB/src/discoeb/spline_interpolation.py:71:21
/home/lawrence/git/DISCO-EB/src/discoeb/background.py:248:40
/home/lawrence/git/DISCO-EB/src/discoeb/cmb.py:987:12
/home/lawrence/git/DISCO-EB/scripts/profile_CMB.py:38:0
'>/home/lawrence/git/DISCO-EB/src/discoeb/spline_interpolation.py:68</div>"
"Total","86.0","loop fusion","loop_dynamic_update_slice_fusion.72","1021.0","1208.174","1.1833241919686581","1208.174","1.1833241919686581","0.00015696881010057465","0.7892517704295383","1.9233951401039917","1.9233951401039917","0.050370511462482906","0.050370511462482906","0.0","35.5625","35.5625","0.0","35.5625","HBM","1208.174","0.00015696881010057465","17925.207000000002","0.00010730113968022749","1.3552060364414175e-05","0.00010730113968022749","False","7","<div class='source-info-cell' title='/home/lawrence/git/DISCO-EB/src/discoeb/spline_interpolation.py:68:21
/home/lawrence/git/DISCO-EB/src/discoeb/spline_interpolation.py:71:21
/home/lawrence/git/DISCO-EB/src/discoeb/background.py:248:40
/home/lawrence/git/DISCO-EB/src/discoeb/cmb.py:987:12
/home/lawrence/git/DISCO-EB/scripts/profile_CMB.py:38:0
'>/home/lawrence/git/DISCO-EB/src/discoeb/spline_interpolation.py:68</div>"
"Total","87.0","loop fusion","loop_dynamic_update_slice_fusion.64","1021.0","1208.131","1.1832820763956906","1208.131","1.1832820763956906","0.00015696322343935343","0.7894087336529777","1.9234635979045318","1.9234635979045318","0.05037230425812584","0.05037230425812584","0.0","35.5625","35.5625","0.0","35.5625","HBM","1208.131","0.00015696322343935343","17925.207","0.00010730495876028277","1.3552542711606381e-05","0.00010730495876028277","False","7","<div class='source-info-cell' title='/home/lawrence/git/DISCO-EB/src/discoeb/spline_interpolation.py:68:21
/home/lawrence/git/DISCO-EB/src/discoeb/spline_interpolation.py:71:21
/home/lawrence/git/DISCO-EB/src/discoeb/background.py:248:40
/home/lawrence/git/DISCO-EB/src/discoeb/cmb.py:987:12
/home/lawrence/git/DISCO-EB/scripts/profile_CMB.py:38:0
'>/home/lawrence/git/DISCO-EB/src/discoeb/spline_interpolation.py:68</div>"
"Total","88.0","loop fusion","loop_dynamic_update_slice_fusion.82","1021.0","1208.05","1.1832027424094025","1208.05","1.1832027424094025","0.0001569526997286808","0.7895656863527064","1.9235925665328422","1.9235925665328422","0.0503756817314464","0.0503756817314464","0.0","35.5625","35.5625","0.0","35.5625","HBM","1208.05","0.0001569526997286808","17925.207000000002","0.0001073121535797518","1.355345141237178e-05","0.0001073121535797518","False","7","<div class='source-info-cell' title='/home/lawrence/git/DISCO-EB/src/discoeb/spline_interpolation.py:68:21
/home/lawrence/git/DISCO-EB/src/discoeb/spline_interpolation.py:71:21
/home/lawrence/git/DISCO-EB/src/discoeb/background.py:248:40
/home/lawrence/git/DISCO-EB/src/discoeb/cmb.py:987:12
/home/lawrence/git/DISCO-EB/scripts/profile_CMB.py:38:0
'>/home/lawrence/git/DISCO-EB/src/discoeb/spline_interpolation.py:68</div>"
"Total","89.0","loop fusion","loop_dynamic_update_slice_fusion.74","1021.0","1207.674","1.1828344760039178","1207.674","1.1828344760039178","0.00015690384892358335","0.7897225902016299","1.924191462265479","1.924191462265479","0.050391365812026946","0.050391365812026946","0.0","35.5625","35.5625","0.0","35.5625","HBM","1207.674","0.00015690384892358335","17925.207","0.00010734556439239329","1.3557671175098354e-05","0.00010734556439239329","False","7","<div class='source-info-cell' title='/home/lawrence/git/DISCO-EB/src/discoeb/spline_interpolation.py:68:21
/home/lawrence/git/DISCO-EB/src/discoeb/spline_interpolation.py:71:21
/home/lawrence/git/DISCO-EB/src/discoeb/background.py:248:40
/home/lawrence/git/DISCO-EB/src/discoeb/cmb.py:987:12
/home/lawrence/git/DISCO-EB/scripts/profile_CMB.py:38:0
'>/home/lawrence/git/DISCO-EB/src/discoeb/spline_interpolation.py:68</div>"
"Total","90.0","loop fusion","loop_dynamic_update_slice_fusion.71","1021.0","1145.293","1.1217365328109696","1145.293","1.1217365328109696","0.00014879916255979472","0.7898713893641898","1.8533763849076175","1.8533763849076175","0.039852035013533973","0.039852035013533973","0.0","43.3125","43.3125","0.0","43.3125","HBM","1145.293","0.00014879916255979475","21831.579","8.489428936439353e-05","1.3058714833234814e-05","8.489428936439353e-05","False","7","<div class='source-info-cell' title='/home/lawrence/git/DISCO-EB/src/discoeb/spline_interpolation.py:67:21
/home/lawrence/git/DISCO-EB/src/discoeb/spline_interpolation.py:71:21
/home/lawrence/git/DISCO-EB/src/discoeb/background.py:248:40
/home/lawrence/git/DISCO-EB/src/discoeb/cmb.py:987:12
/home/lawrence/git/DISCO-EB/scripts/profile_CMB.py:38:0
'>/home/lawrence/git/DISCO-EB/src/discoeb/spline_interpolation.py:67</div>"
"Total","91.0","loop fusion","loop_dynamic_update_slice_fusion.69","1021.0","1145.188","1.1216336924583743","1145.188","1.1216336924583743","0.00014878552071262657","0.7900201748849024","1.8535463172858955","1.8535463172858955","0.03985568896701273","0.03985568896701273","0.0","43.3125","43.3125","0.0","43.3125","HBM","1145.188","0.00014878552071262657","21831.578999999998","8.490207315219369e-05","1.3059912160710732e-05","8.490207315219369e-05","False","7","<div class='source-info-cell' title='/home/lawrence/git/DISCO-EB/src/discoeb/spline_interpolation.py:67:21
/home/lawrence/git/DISCO-EB/src/discoeb/spline_interpolation.py:71:21
/home/lawrence/git/DISCO-EB/src/discoeb/background.py:248:40
/home/lawrence/git/DISCO-EB/src/discoeb/cmb.py:987:12
/home/lawrence/git/DISCO-EB/scripts/profile_CMB.py:38:0
'>/home/lawrence/git/DISCO-EB/src/discoeb/spline_interpolation.py:67</div>"
"Total","92.0","loop fusion","loop_dynamic_update_slice_fusion.67","1021.0","1145.09","1.121537708129285","1145.09","1.121537708129285","0.00014877278832193627","0.7901689476732243","1.8537049489559771","1.8537049489559771","0.039859099928176274","0.039859099928176274","0.0","43.3125","43.3125","0.0","43.3125","HBM","1145.09","0.00014877278832193627","21831.579","8.490933930871318e-05","1.3061029864464802e-05","8.490933930871318e-05","False","7","<div class='source-info-cell' title='/home/lawrence/git/DISCO-EB/src/discoeb/spline_interpolation.py:67:21
/home/lawrence/git/DISCO-EB/src/discoeb/spline_interpolation.py:71:21
/home/lawrence/git/DISCO-EB/src/discoeb/background.py:248:40
/home/lawrence/git/DISCO-EB/src/discoeb/cmb.py:987:12
/home/lawrence/git/DISCO-EB/scripts/profile_CMB.py:38:0
'>/home/lawrence/git/DISCO-EB/src/discoeb/spline_interpolation.py:67</div>"
"Total","93.0","loop fusion","loop_dynamic_update_slice_fusion.65","1021.0","1144.852","1.1213046033300686","1144.852","1.1213046033300686","0.00014874186680168843","0.790317689540026","1.8540903103632609","1.8540903103632609","0.03986738612218467","0.03986738612218467","0.0","43.3125","43.3125","0.0","43.3125","HBM","1144.852","0.00014874186680168843","21831.579","8.492699086782778e-05","1.3063745084517476e-05","8.492699086782778e-05","False","7","<div class='source-info-cell' title='/home/lawrence/git/DISCO-EB/src/discoeb/spline_interpolation.py:67:21
/home/lawrence/git/DISCO-EB/src/discoeb/spline_interpolation.py:71:21
/home/lawrence/git/DISCO-EB/src/discoeb/background.py:248:40
/home/lawrence/git/DISCO-EB/src/discoeb/cmb.py:987:12
/home/lawrence/git/DISCO-EB/scripts/profile_CMB.py:38:0
'>/home/lawrence/git/DISCO-EB/src/discoeb/spline_interpolation.py:67</div>"
"Total","94.0","loop fusion","loop_dynamic_update_slice_fusion.75","1021.0","1144.532","1.1209911851126346","1144.532","1.1209911851126346","0.00014870029164841398","0.7904663898316744","1.8546086959560764","1.8546086959560764","0.03987853265505496","0.03987853265505496","0.0","43.3125","43.3125","0.0","43.3125","HBM","1144.532","0.00014870029164841398","21831.579","8.495073562732573e-05","1.3067397580408412e-05","8.495073562732573e-05","False","7","<div class='source-info-cell' title='/home/lawrence/git/DISCO-EB/src/discoeb/spline_interpolation.py:67:21
/home/lawrence/git/DISCO-EB/src/discoeb/spline_interpolation.py:71:21
/home/lawrence/git/DISCO-EB/src/discoeb/background.py:248:40
/home/lawrence/git/DISCO-EB/src/discoeb/cmb.py:987:12
/home/lawrence/git/DISCO-EB/scripts/profile_CMB.py:38:0
'>/home/lawrence/git/DISCO-EB/src/discoeb/spline_interpolation.py:67</div>"
"Total","95.0","loop fusion","loop_dynamic_update_slice_fusion.61","1021.0","1144.107","1.1205749265426053","1144.107","1.1205749265426053","0.00014864507464797138","0.7906150349063223","1.855297625134712","1.855297625134712","0.039893346283831295","0.039893346283831295","0.0","43.3125","43.3125","0.0","43.3125","HBM","1144.107","0.00014864507464797138","21831.578999999998","8.498229217111195e-05","1.3072251710285839e-05","8.498229217111195e-05","False","7","<div class='source-info-cell' title='/home/lawrence/git/DISCO-EB/src/discoeb/spline_interpolation.py:67:21
/home/lawrence/git/DISCO-EB/src/discoeb/spline_interpolation.py:71:21
/home/lawrence/git/DISCO-EB/src/discoeb/background.py:248:40
/home/lawrence/git/DISCO-EB/src/discoeb/cmb.py:987:12
/home/lawrence/git/DISCO-EB/scripts/profile_CMB.py:38:0
'>/home/lawrence/git/DISCO-EB/src/discoeb/spline_interpolation.py:67</div>"
"Total","96.0","loop fusion","loop_dynamic_update_slice_fusion.81","1021.0","1143.755","1.1202301665034282","1143.755","1.1202301665034282","0.0001485993419793695","0.7907636342483018","1.8558686082246636","1.8558686082246636","0.039905623788971736","0.039905623788971736","0.0","43.3125","43.3125","0.0","43.3125","HBM","1143.755","0.0001485993419793695","21831.579000000005","8.500844616986537e-05","1.307627480317026e-05","8.500844616986537e-05","False","7","<div class='source-info-cell' title='/home/lawrence/git/DISCO-EB/src/discoeb/spline_interpolation.py:67:21
/home/lawrence/git/DISCO-EB/src/discoeb/spline_interpolation.py:71:21
/home/lawrence/git/DISCO-EB/src/discoeb/background.py:248:40
/home/lawrence/git/DISCO-EB/src/discoeb/cmb.py:987:12
/home/lawrence/git/DISCO-EB/scripts/profile_CMB.py:38:0
'>/home/lawrence/git/DISCO-EB/src/discoeb/spline_interpolation.py:67</div>"
"Total","97.0","loop fusion","loop_dynamic_update_slice_fusion.15","1021.0","1143.727","1.1202027424094025","1143.727","1.1202027424094025","0.000148595704153458","0.7909122299524552","1.8559140424244598","1.8559140424244598","0.03990660073317791","0.03990660073317791","0.0","43.3125","43.3125","0.0","43.3125","HBM","1143.727","0.000148595704153458","21831.579","8.501052729280184e-05","1.3076594928247738e-05","8.501052729280184e-05","False","7","<div class='source-info-cell' title='/home/lawrence/git/DISCO-EB/src/discoeb/spline_interpolation.py:67:21
/home/lawrence/git/DISCO-EB/src/discoeb/spline_interpolation.py:71:21
/home/lawrence/git/DISCO-EB/src/discoeb/background.py:248:40
/home/lawrence/git/DISCO-EB/src/discoeb/cmb.py:987:12
/home/lawrence/git/DISCO-EB/scripts/profile_CMB.py:38:0
'>/home/lawrence/git/DISCO-EB/src/discoeb/spline_interpolation.py:67</div>"
"Total","98.0","loop fusion","loop_dynamic_update_slice_fusion.63","1021.0","1143.431","1.1199128305582762","1143.431","1.1199128305582762","0.00014855724713667916","0.7910607871995919","1.8563944829202637","1.8563944829202637","0.039916931355504066","0.039916931355504066","0.0","43.3125","43.3125","0.0","43.3125","HBM","1143.431","0.00014855724713667916","21831.578999999998","8.503253396926826e-05","1.3079980066571574e-05","8.503253396926826e-05","False","7","<div class='source-info-cell' title='/home/lawrence/git/DISCO-EB/src/discoeb/spline_interpolation.py:67:21
/home/lawrence/git/DISCO-EB/src/discoeb/spline_interpolation.py:71:21
/home/lawrence/git/DISCO-EB/src/discoeb/background.py:248:40
/home/lawrence/git/DISCO-EB/src/discoeb/cmb.py:987:12
/home/lawrence/git/DISCO-EB/scripts/profile_CMB.py:38:0
'>/home/lawrence/git/DISCO-EB/src/discoeb/spline_interpolation.py:67</div>"
"Total","99.0","loop fusion","loop_dynamic_update_slice_fusion.73","1021.0","1143.362","1.119845249755142","1143.362","1.119845249755142","0.00014854828249425436","0.7912093354820862","1.8565065132477727","1.8565065132477727","0.03991934027609398","0.03991934027609398","0.0","43.3125","43.3125","0.0","43.3125","HBM","1143.362","0.00014854828249425434","21831.579000000005","8.503766554163455e-05","1.3080769421670478e-05","8.503766554163455e-05","False","7","<div class='source-info-cell' title='/home/lawrence/git/DISCO-EB/src/discoeb/spline_interpolation.py:67:21
/home/lawrence/git/DISCO-EB/src/discoeb/spline_interpolation.py:71:21
/home/lawrence/git/DISCO-EB/src/discoeb/background.py:248:40
/home/lawrence/git/DISCO-EB/src/discoeb/cmb.py:987:12
/home/lawrence/git/DISCO-EB/scripts/profile_CMB.py:38:0
'>/home/lawrence/git/DISCO-EB/src/discoeb/spline_interpolation.py:67</div>"
"Total","100.0","loop fusion","loop_dynamic_update_slice_fusion.83","1021.0","1143.18","1.1196669931439767","1143.18","1.1196669931439767","0.0001485246366258295","0.791357860118712","1.8568020784128483","1.8568020784128483","0.039925695635643875","0.039925695635643875","0.0","43.3125","43.3125","0.0","43.3125","HBM","1143.18","0.0001485246366258295","21831.579","8.505120396526739e-05","1.3082851945887786e-05","8.505120396526739e-05","False","7","<div class='source-info-cell' title='/home/lawrence/git/DISCO-EB/src/discoeb/spline_interpolation.py:67:21
/home/lawrence/git/DISCO-EB/src/discoeb/spline_interpolation.py:71:21
/home/lawrence/git/DISCO-EB/src/discoeb/background.py:248:40
/home/lawrence/git/DISCO-EB/src/discoeb/cmb.py:987:12
/home/lawrence/git/DISCO-EB/scripts/profile_CMB.py:38:0
'>/home/lawrence/git/DISCO-EB/src/discoeb/spline_interpolation.py:67</div>"
"Total","101.0","loop fusion","loop_dynamic_update_slice_fusion.79","1021.0","1142.81","1.1193046033300684","1142.81","1.1193046033300684","0.00014847656535485593","0.7915063366840669","1.857403242883769","1.857403242883769","0.039938622112823105","0.039938622112823105","0.0","43.3125","43.3125","0.0","43.3125","HBM","1142.81","0.00014847656535485595","21831.579","8.507874042843025e-05","1.3087087693929875e-05","8.507874042843025e-05","False","7","<div class='source-info-cell' title='/home/lawrence/git/DISCO-EB/src/discoeb/spline_interpolation.py:67:21
/home/lawrence/git/DISCO-EB/src/discoeb/spline_interpolation.py:71:21
/home/lawrence/git/DISCO-EB/src/discoeb/background.py:248:40
/home/lawrence/git/DISCO-EB/src/discoeb/cmb.py:987:12
/home/lawrence/git/DISCO-EB/scripts/profile_CMB.py:38:0
'>/home/lawrence/git/DISCO-EB/src/discoeb/spline_interpolation.py:67</div>"
"Total","102.0","loop fusion","loop_dynamic_update_slice_fusion.77","1021.0","1140.858","1.1173927522037217","1140.858","1.1173927522037217","0.0001482229569198819","0.7916545596409867","1.8605812467458702","1.8605812467458702","0.0400069568138676","0.0400069568138676","0.0","43.3125","43.3125","0.0","43.3125","HBM","1140.858","0.00014822295691988192","21831.579","8.522430955387469e-05","1.3109479608768139e-05","8.522430955387469e-05","False","7","<div class='source-info-cell' title='/home/lawrence/git/DISCO-EB/src/discoeb/spline_interpolation.py:67:21
/home/lawrence/git/DISCO-EB/src/discoeb/spline_interpolation.py:71:21
/home/lawrence/git/DISCO-EB/src/discoeb/background.py:248:40
/home/lawrence/git/DISCO-EB/src/discoeb/cmb.py:987:12
/home/lawrence/git/DISCO-EB/scripts/profile_CMB.py:38:0
'>/home/lawrence/git/DISCO-EB/src/discoeb/spline_interpolation.py:67</div>"
"Total","103.0","loop fusion","loop_select_fusion.33","587.0","1054.517","1.796451448040886","1054.517","1.796451448040886","0.00013700533095467018","0.7917915649719414","0.02671934165120145","0.02671934165120145","0.2032219961454581","0.2032219961454581","0.0","0.12244897959183673","0.12244897959183673","0.0","0.12244897959183673","HBM","1054.517","0.00013700533095467018","61.72016326530613","0.00043291106564879767","1.8826195585318483e-07","0.00043291106564879767","False","7",""
"Total","104.0","loop fusion","loop_add_subtract_fusion.12","1021.0","1009.075","0.9883202742409403","1009.075","0.9883202742409403","0.00013110139934499284","0.7919226663712864","0.23271808339320665","0.23271808339320665","0.045231778348245044","0.045231778348245044","0.0","4.791666666666667","4.791666666666667","0.0","4.791666666666667","HBM","1009.075","0.00013110139934499284","2415.2300000000005","9.635441899662004e-05","1.6397096198678094e-06","9.635441899662004e-05","False","7","<div class='source-info-cell' title='/home/lawrence/git/DISCO-EB/src/discoeb/spline_interpolation.py:66:24
/home/lawrence/git/DISCO-EB/src/discoeb/spline_interpolation.py:71:21
/home/lawrence/git/DISCO-EB/src/discoeb/background.py:248:40
/home/lawrence/git/DISCO-EB/src/discoeb/cmb.py:987:12
/home/lawrence/git/DISCO-EB/scripts/profile_CMB.py:38:0
'>/home/lawrence/git/DISCO-EB/src/discoeb/spline_interpolation.py:66</div>"
"Total","105.0","loop fusion","loop_add_subtract_fusion.10","1021.0","1008.546","0.9878021547502449","1008.546","0.9878021547502449","0.00013103267041973606","0.7920536990417061","0.23284014809438539","0.23284014809438539","0.04525550320635387","0.04525550320635387","0.0","4.791666666666667","4.791666666666667","0.0","4.791666666666667","HBM","1008.546","0.00013103267041973603","2415.23","9.64049585730491e-05","1.6405696762151749e-06","9.64049585730491e-05","False","7","<div class='source-info-cell' title='/home/lawrence/git/DISCO-EB/src/discoeb/spline_interpolation.py:66:24
/home/lawrence/git/DISCO-EB/src/discoeb/spline_interpolation.py:71:21
/home/lawrence/git/DISCO-EB/src/discoeb/background.py:248:40
/home/lawrence/git/DISCO-EB/src/discoeb/cmb.py:987:12
/home/lawrence/git/DISCO-EB/scripts/profile_CMB.py:38:0
'>/home/lawrence/git/DISCO-EB/src/discoeb/spline_interpolation.py:66</div>"
"Total","106.0","loop fusion","loop_add_subtract_fusion.9","1021.0","1008.381","0.9876405484818804","1008.381","0.9876405484818804","0.0001310112332313289","0.7921847102749374","0.23287824740846963","0.23287824740846963","0.04526290830227401","0.04526290830227401","0.0","4.791666666666667","4.791666666666667","0.0","4.791666666666667","HBM","1008.381","0.0001310112332313289","2415.2300000000005","9.642073318419761e-05","1.6408381203811951e-06","9.642073318419761e-05","False","7","<div class='source-info-cell' title='/home/lawrence/git/DISCO-EB/src/discoeb/spline_interpolation.py:66:24
/home/lawrence/git/DISCO-EB/src/discoeb/spline_interpolation.py:71:21
/home/lawrence/git/DISCO-EB/src/discoeb/background.py:248:40
/home/lawrence/git/DISCO-EB/src/discoeb/cmb.py:987:12
/home/lawrence/git/DISCO-EB/scripts/profile_CMB.py:38:0
'>/home/lawrence/git/DISCO-EB/src/discoeb/spline_interpolation.py:66</div>"
"Total","107.0","loop fusion","loop_add_subtract_fusion.7","1021.0","1007.884","0.9871537708129285","1007.884","0.9871537708129285","0.00013094666182139955","0.7923156569367589","0.2329930825372761","0.2329930825372761","0.0452852279992096","0.0452852279992096","0.0","4.791666666666667","4.791666666666667","0.0","4.791666666666667","HBM","1007.884","0.00013094666182139955","2415.23","9.646827943395706e-05","1.6416472378449402e-06","9.646827943395706e-05","False","7","<div class='source-info-cell' title='/home/lawrence/git/DISCO-EB/src/discoeb/spline_interpolation.py:66:24
/home/lawrence/git/DISCO-EB/src/discoeb/spline_interpolation.py:71:21
/home/lawrence/git/DISCO-EB/src/discoeb/background.py:248:40
/home/lawrence/git/DISCO-EB/src/discoeb/cmb.py:987:12
/home/lawrence/git/DISCO-EB/scripts/profile_CMB.py:38:0
'>/home/lawrence/git/DISCO-EB/src/discoeb/spline_interpolation.py:66</div>"
"Total","108.0","loop fusion","loop_add_subtract_fusion.1","1021.0","1007.646","0.986920666013712","1007.646","0.986920666013712","0.00013091574030115168","0.79244657267706","0.23304811411944273","0.23304811411944273","0.04529592410107852","0.04529592410107852","0.0","4.791666666666667","4.791666666666667","0.0","4.791666666666667","HBM","1007.646","0.0001309157403011517","2415.23","9.649106466855858e-05","1.6420349851714885e-06","9.649106466855858e-05","False","7","<div class='source-info-cell' title='/home/lawrence/git/DISCO-EB/src/discoeb/spline_interpolation.py:66:24
/home/lawrence/git/DISCO-EB/src/discoeb/spline_interpolation.py:71:21
/home/lawrence/git/DISCO-EB/src/discoeb/background.py:248:40
/home/lawrence/git/DISCO-EB/src/discoeb/cmb.py:987:12
/home/lawrence/git/DISCO-EB/scripts/profile_CMB.py:38:0
'>/home/lawrence/git/DISCO-EB/src/discoeb/spline_interpolation.py:66</div>"
"Total","109.0","loop fusion","loop_add_subtract_fusion.11","1021.0","1007.629","0.9869040156709109","1007.629","0.9869040156709109","0.000130913531621134","0.7925774862086811","0.23305204594151221","0.23305204594151221","0.045296688301701686","0.045296688301701686","0.0","4.791666666666667","4.791666666666667","0.0","4.791666666666667","HBM","1007.629","0.000130913531621134","2415.23","9.649269259719041e-05","1.6420626884181676e-06","9.649269259719041e-05","False","7","<div class='source-info-cell' title='/home/lawrence/git/DISCO-EB/src/discoeb/spline_interpolation.py:66:24
/home/lawrence/git/DISCO-EB/src/discoeb/spline_interpolation.py:71:21
/home/lawrence/git/DISCO-EB/src/discoeb/background.py:248:40
/home/lawrence/git/DISCO-EB/src/discoeb/cmb.py:987:12
/home/lawrence/git/DISCO-EB/scripts/profile_CMB.py:38:0
'>/home/lawrence/git/DISCO-EB/src/discoeb/spline_interpolation.py:66</div>"
"Total","110.0","loop fusion","loop_add_subtract_fusion.13","1021.0","1007.406","0.9866856023506366","1007.406","0.9866856023506366","0.00013088455893619586","0.7927083707676172","0.23310363448301877","0.23310363448301877","0.04530671520395488","0.04530671520395488","0.0","4.791666666666667","4.791666666666667","0.0","4.791666666666667","HBM","1007.406","0.00013088455893619589","2415.23","9.651405227784466e-05","1.6424261764056496e-06","9.651405227784466e-05","False","7","<div class='source-info-cell' title='/home/lawrence/git/DISCO-EB/src/discoeb/spline_interpolation.py:66:24
/home/lawrence/git/DISCO-EB/src/discoeb/spline_interpolation.py:71:21
/home/lawrence/git/DISCO-EB/src/discoeb/background.py:248:40
/home/lawrence/git/DISCO-EB/src/discoeb/cmb.py:987:12
/home/lawrence/git/DISCO-EB/scripts/profile_CMB.py:38:0
'>/home/lawrence/git/DISCO-EB/src/discoeb/spline_interpolation.py:66</div>"
"Total","111.0","loop fusion","loop_add_subtract_fusion.8","1021.0","1007.406","0.9866856023506366","1007.406","0.9866856023506366","0.00013088455893619586","0.7928392553265534","0.23310363448301877","0.23310363448301877","0.04530671520395488","0.04530671520395488","0.0","4.791666666666667","4.791666666666667","0.0","4.791666666666667","HBM","1007.406","0.00013088455893619589","2415.23","9.651405227784466e-05","1.6424261764056496e-06","9.651405227784466e-05","False","7","<div class='source-info-cell' title='/home/lawrence/git/DISCO-EB/src/discoeb/spline_interpolation.py:66:24
/home/lawrence/git/DISCO-EB/src/discoeb/spline_interpolation.py:71:21
/home/lawrence/git/DISCO-EB/src/discoeb/background.py:248:40
/home/lawrence/git/DISCO-EB/src/discoeb/cmb.py:987:12
/home/lawrence/git/DISCO-EB/scripts/profile_CMB.py:38:0
'>/home/lawrence/git/DISCO-EB/src/discoeb/spline_interpolation.py:66</div>"
"Total","112.0","loop fusion","loop_subtract_fusion.16","1021.0","1007.291","0.9865729676787464","1007.291","0.9865729676787464","0.0001308696178654879","0.7929701249444189","0.23313024736645122","0.23313024736645122","0.03775990646922899","0.03775990646922899","0.0","5.75","5.75","0.0","5.75","HBM","1007.291","0.00013086961786548787","2898.2760000000003","8.04375592132879e-05","1.6426136882669554e-06","8.04375592132879e-05","False","7","<div class='source-info-cell' title='/home/lawrence/git/DISCO-EB/src/discoeb/spline_interpolation.py:79:42
/home/lawrence/git/DISCO-EB/src/discoeb/spline_interpolation.py:82:25
/home/lawrence/git/DISCO-EB/src/discoeb/background.py:248:40
/home/lawrence/git/DISCO-EB/src/discoeb/cmb.py:987:12
/home/lawrence/git/DISCO-EB/scripts/profile_CMB.py:38:0
'>/home/lawrence/git/DISCO-EB/src/discoeb/spline_interpolation.py:79</div>"
"Total","113.0","loop fusion","loop_add_subtract_fusion.14","1021.0","1006.854","0.9861449559255632","1006.854","0.9861449559255632","0.00013081284179679748","0.7931009377862157","0.23323143176667124","0.23323143176667124","0.04533155426383107","0.04533155426383107","0.0","4.791666666666667","4.791666666666667","0.0","4.791666666666667","HBM","1006.854","0.00013081284179679748","2415.2300000000005","9.65669653683795e-05","1.6433266239873009e-06","9.65669653683795e-05","False","7","<div class='source-info-cell' title='/home/lawrence/git/DISCO-EB/src/discoeb/spline_interpolation.py:66:24
/home/lawrence/git/DISCO-EB/src/discoeb/spline_interpolation.py:71:21
/home/lawrence/git/DISCO-EB/src/discoeb/background.py:248:40
/home/lawrence/git/DISCO-EB/src/discoeb/cmb.py:987:12
/home/lawrence/git/DISCO-EB/scripts/profile_CMB.py:38:0
'>/home/lawrence/git/DISCO-EB/src/discoeb/spline_interpolation.py:66</div>"
"Total","114.0","loop fusion","loop_add_subtract_fusion.17","1021.0","1006.787","0.986079333986288","1006.787","0.986079333986288","0.00013080413699908066","0.7932317419232148","0.23324695293046097","0.23324695293046097","0.04533457100335559","0.04533457100335559","0.0","4.791666666666667","4.791666666666667","0.0","4.791666666666667","HBM","1006.787","0.00013080413699908066","2415.2300000000005","9.657339173927987e-05","1.6434359846403557e-06","9.657339173927987e-05","False","7","<div class='source-info-cell' title='/home/lawrence/git/DISCO-EB/src/discoeb/spline_interpolation.py:66:24
/home/lawrence/git/DISCO-EB/src/discoeb/spline_interpolation.py:71:21
/home/lawrence/git/DISCO-EB/src/discoeb/background.py:248:40
/home/lawrence/git/DISCO-EB/src/discoeb/cmb.py:987:12
/home/lawrence/git/DISCO-EB/scripts/profile_CMB.py:38:0
'>/home/lawrence/git/DISCO-EB/src/discoeb/spline_interpolation.py:66</div>"
"Total","115.0","loop fusion","loop_add_subtract_fusion.18","1021.0","1006.469","0.9857678746327131","1006.469","0.9857678746327131","0.0001307628216905142","0.7933625047449053","0.23332064872340827","0.23332064872340827","0.04534889473670363","0.04534889473670363","0.0","4.791666666666667","4.791666666666667","0.0","4.791666666666667","HBM","1006.469","0.0001307628216905142","2415.23","9.66039046895775e-05","1.643955238231987e-06","9.66039046895775e-05","False","7","<div class='source-info-cell' title='/home/lawrence/git/DISCO-EB/src/discoeb/spline_interpolation.py:66:24
/home/lawrence/git/DISCO-EB/src/discoeb/spline_interpolation.py:71:21
/home/lawrence/git/DISCO-EB/src/discoeb/background.py:248:40
/home/lawrence/git/DISCO-EB/src/discoeb/cmb.py:987:12
/home/lawrence/git/DISCO-EB/scripts/profile_CMB.py:38:0
'>/home/lawrence/git/DISCO-EB/src/discoeb/spline_interpolation.py:66</div>"
"Total","116.0","loop fusion","loop_add_subtract_fusion.16","1021.0","1006.117","0.9854231145935357","1006.117","0.9854231145935357","0.0001307170890219123","0.7934932218339272","0.23340227826385998","0.23340227826385998","0.04536476049679647","0.04536476049679647","0.0","4.791666666666667","4.791666666666667","0.0","4.791666666666667","HBM","1006.117","0.0001307170890219123","2415.23","9.663770252268314e-05","1.6445303922586635e-06","9.663770252268314e-05","False","7","<div class='source-info-cell' title='/home/lawrence/git/DISCO-EB/src/discoeb/spline_interpolation.py:66:24
/home/lawrence/git/DISCO-EB/src/discoeb/spline_interpolation.py:71:21
/home/lawrence/git/DISCO-EB/src/discoeb/background.py:248:40
/home/lawrence/git/DISCO-EB/src/discoeb/cmb.py:987:12
/home/lawrence/git/DISCO-EB/scripts/profile_CMB.py:38:0
'>/home/lawrence/git/DISCO-EB/src/discoeb/spline_interpolation.py:66</div>"
"Total","117.0","loop fusion","loop_subtract_fusion.12","1021.0","1005.415","0.9847355533790402","1005.415","0.9847355533790402","0.0001306258835294165","0.7936238477174566","0.23356524420264269","0.23356524420264269","0.03783036253417359","0.03783036253417359","0.0","5.75","5.75","0.0","5.75","HBM","1005.415","0.00013062588352941653","2898.2760000000007","8.058764734712727e-05","1.6456786348603409e-06","8.058764734712727e-05","False","7","<div class='source-info-cell' title='/home/lawrence/git/DISCO-EB/src/discoeb/spline_interpolation.py:79:42
/home/lawrence/git/DISCO-EB/src/discoeb/spline_interpolation.py:82:25
/home/lawrence/git/DISCO-EB/src/discoeb/background.py:248:40
/home/lawrence/git/DISCO-EB/src/discoeb/cmb.py:987:12
/home/lawrence/git/DISCO-EB/scripts/profile_CMB.py:38:0
'>/home/lawrence/git/DISCO-EB/src/discoeb/spline_interpolation.py:79</div>"
"Total","118.0","loop fusion","loop_subtract_fusion.13","1021.0","1003.628","0.9829853085210578","1003.628","0.9829853085210578","0.00013039371228284961","0.7937542414297395","0.23398111650930425","0.23398111650930425","0.03789772101545208","0.03789772101545208","0.0","5.75","5.75","0.0","5.75","HBM","1003.628","0.00013039371228284961","2898.2760000000003","8.073113689286466e-05","1.6486088318262441e-06","8.073113689286466e-05","False","7","<div class='source-info-cell' title='/home/lawrence/git/DISCO-EB/src/discoeb/spline_interpolation.py:79:42
/home/lawrence/git/DISCO-EB/src/discoeb/spline_interpolation.py:82:25
/home/lawrence/git/DISCO-EB/src/discoeb/background.py:248:40
/home/lawrence/git/DISCO-EB/src/discoeb/cmb.py:987:12
/home/lawrence/git/DISCO-EB/scripts/profile_CMB.py:38:0
'>/home/lawrence/git/DISCO-EB/src/discoeb/spline_interpolation.py:79</div>"
"Total","119.0","loop fusion","loop_add_subtract_fusion.15","1021.0","1003.443","0.9828041136141038","1003.443","0.9828041136141038","0.0001303696766473628","0.7938846111063869","0.2340242544917848","0.2340242544917848","0.04548564964502754","0.04548564964502754","0.0","4.791666666666667","4.791666666666667","0.0","4.791666666666667","HBM","1003.443","0.00013036967664736284","2415.23","9.689522508903283e-05","1.648912777973547e-06","9.689522508903283e-05","False","7","<div class='source-info-cell' title='/home/lawrence/git/DISCO-EB/src/discoeb/spline_interpolation.py:66:24
/home/lawrence/git/DISCO-EB/src/discoeb/spline_interpolation.py:71:21
/home/lawrence/git/DISCO-EB/src/discoeb/background.py:248:40
/home/lawrence/git/DISCO-EB/src/discoeb/cmb.py:987:12
/home/lawrence/git/DISCO-EB/scripts/profile_CMB.py:38:0
'>/home/lawrence/git/DISCO-EB/src/discoeb/spline_interpolation.py:66</div>"
"Total","120.0","loop fusion","loop_subtract_fusion.17","1021.0","1003.322","0.9826856023506366","1003.322","0.9826856023506366","0.00013035395604253094","0.7940149650624294","0.23405247766918297","0.23405247766918297","0.03790927932139048","0.03790927932139048","0.0","5.75","5.75","0.0","5.75","HBM","1003.322","0.00013035395604253094","2898.2760000000003","8.075575882668971e-05","1.6491116358139357e-06","8.075575882668971e-05","False","7","<div class='source-info-cell' title='/home/lawrence/git/DISCO-EB/src/discoeb/spline_interpolation.py:79:42
/home/lawrence/git/DISCO-EB/src/discoeb/spline_interpolation.py:82:25
/home/lawrence/git/DISCO-EB/src/discoeb/background.py:248:40
/home/lawrence/git/DISCO-EB/src/discoeb/cmb.py:987:12
/home/lawrence/git/DISCO-EB/scripts/profile_CMB.py:38:0
'>/home/lawrence/git/DISCO-EB/src/discoeb/spline_interpolation.py:79</div>"
"Total","121.0","loop fusion","loop_subtract_fusion.14","1021.0","1001.908","0.9813006856023506","1001.908","0.9813006856023506","0.00013017024583399954","0.7941451353082634","0.23438279762213696","0.23438279762213696","0.037962780961222124","0.037962780961222124","0.0","5.75","5.75","0.0","5.75","HBM","1001.908","0.00013017024583399954","2898.2760000000003","8.086973001264784e-05","1.6514390389817325e-06","8.086973001264784e-05","False","7","<div class='source-info-cell' title='/home/lawrence/git/DISCO-EB/src/discoeb/spline_interpolation.py:79:42
/home/lawrence/git/DISCO-EB/src/discoeb/spline_interpolation.py:82:25
/home/lawrence/git/DISCO-EB/src/discoeb/background.py:248:40
/home/lawrence/git/DISCO-EB/src/discoeb/cmb.py:987:12
/home/lawrence/git/DISCO-EB/scripts/profile_CMB.py:38:0
'>/home/lawrence/git/DISCO-EB/src/discoeb/spline_interpolation.py:79</div>"
"Total","122.0","loop fusion","loop_subtract_fusion.15","1021.0","1001.596","0.9809951028403526","1001.596","0.9809951028403526","0.00013012971005955696","0.7942752650183229","0.23445580852958678","0.23445580852958678","0.037974606475361466","0.037974606475361466","0.0","5.75","5.75","0.0","5.75","HBM","1001.596","0.00013012971005955698","2898.2760000000003","8.08949211633353e-05","1.6519534669348817e-06","8.08949211633353e-05","False","7","<div class='source-info-cell' title='/home/lawrence/git/DISCO-EB/src/discoeb/spline_interpolation.py:79:42
/home/lawrence/git/DISCO-EB/src/discoeb/spline_interpolation.py:82:25
/home/lawrence/git/DISCO-EB/src/discoeb/background.py:248:40
/home/lawrence/git/DISCO-EB/src/discoeb/cmb.py:987:12
/home/lawrence/git/DISCO-EB/scripts/profile_CMB.py:38:0
'>/home/lawrence/git/DISCO-EB/src/discoeb/spline_interpolation.py:79</div>"
"Total","123.0","loop fusion","loop_subtract_fusion.8","1021.0","1001.506","0.9809069539666992","1001.506","0.9809069539666992","0.00013011801704769852","0.7944053830353706","0.23447687782200008","0.23447687782200008","0.037978019050605924","0.037978019050605924","0.0","5.75","5.75","0.0","5.75","HBM","1001.506","0.00013011801704769854","2898.2760000000007","8.090219075823007e-05","1.6521019191778281e-06","8.090219075823007e-05","False","7","<div class='source-info-cell' title='/home/lawrence/git/DISCO-EB/src/discoeb/spline_interpolation.py:79:42
/home/lawrence/git/DISCO-EB/src/discoeb/spline_interpolation.py:82:25
/home/lawrence/git/DISCO-EB/src/discoeb/background.py:248:40
/home/lawrence/git/DISCO-EB/src/discoeb/cmb.py:987:12
/home/lawrence/git/DISCO-EB/scripts/profile_CMB.py:38:0
'>/home/lawrence/git/DISCO-EB/src/discoeb/spline_interpolation.py:79</div>"
"Total","124.0","loop fusion","loop_subtract_fusion.1","1021.0","1001.195","0.9806023506366308","1001.195","0.9806023506366308","0.00013007761119560995","0.7945354606465662","0.23454971309285405","0.23454971309285405","0.037989816117036286","0.037989816117036286","0.0","5.75","5.75","0.0","5.75","HBM","1001.195","0.00013007761119560995","2898.2760000000003","8.092732130854827e-05","1.6526151096121233e-06","8.092732130854827e-05","False","7","<div class='source-info-cell' title='/home/lawrence/git/DISCO-EB/src/discoeb/spline_interpolation.py:79:42
/home/lawrence/git/DISCO-EB/src/discoeb/spline_interpolation.py:82:25
/home/lawrence/git/DISCO-EB/src/discoeb/background.py:248:40
/home/lawrence/git/DISCO-EB/src/discoeb/cmb.py:987:12
/home/lawrence/git/DISCO-EB/scripts/profile_CMB.py:38:0
'>/home/lawrence/git/DISCO-EB/src/discoeb/spline_interpolation.py:79</div>"
"Total","125.0","loop fusion","loop_subtract_fusion.11","1021.0","1001.157","0.9805651322233105","1001.157","0.9805651322233105","0.0001300726741461586","0.7946655333207123","0.2345586156816563","0.2345586156816563","0.037991258061718734","0.037991258061718734","0.0","5.75","5.75","0.0","5.75","HBM","1001.157","0.0001300726741461586","2898.276","8.093039299281929e-05","1.6526778364113816e-06","8.093039299281929e-05","False","7","<div class='source-info-cell' title='/home/lawrence/git/DISCO-EB/src/discoeb/spline_interpolation.py:79:42
/home/lawrence/git/DISCO-EB/src/discoeb/spline_interpolation.py:82:25
/home/lawrence/git/DISCO-EB/src/discoeb/background.py:248:40
/home/lawrence/git/DISCO-EB/src/discoeb/cmb.py:987:12
/home/lawrence/git/DISCO-EB/scripts/profile_CMB.py:38:0
'>/home/lawrence/git/DISCO-EB/src/discoeb/spline_interpolation.py:79</div>"
"Total","126.0","loop fusion","loop_subtract_fusion.7","1021.0","999.829","0.9792644466209598","999.829","0.9792644466209598","0.0001299001372600697","0.7947954334579724","0.23487016279783843","0.23487016279783843","0.038041719081259036","0.038041719081259036","0.0","5.75","5.75","0.0","5.75","HBM","999.829","0.00012990013726006972","2898.276","8.103788693617807e-05","1.6548729679456283e-06","8.103788693617807e-05","False","7","<div class='source-info-cell' title='/home/lawrence/git/DISCO-EB/src/discoeb/spline_interpolation.py:79:42
/home/lawrence/git/DISCO-EB/src/discoeb/spline_interpolation.py:82:25
/home/lawrence/git/DISCO-EB/src/discoeb/background.py:248:40
/home/lawrence/git/DISCO-EB/src/discoeb/cmb.py:987:12
/home/lawrence/git/DISCO-EB/scripts/profile_CMB.py:38:0
'>/home/lawrence/git/DISCO-EB/src/discoeb/spline_interpolation.py:79</div>"
"Total","127.0","loop fusion","loop_subtract_fusion.10","1021.0","998.295","0.9777619980411361","998.295","0.9777619980411361","0.0001297008363690604","0.7949251342943415","0.23523106897259827","0.23523106897259827","0.03810017474523677","0.03810017474523677","0.0","5.75","5.75","0.0","5.75","HBM","998.295","0.00012970083636906042","2898.276","8.116241136889594e-05","1.6574158787413637e-06","8.116241136889594e-05","False","7","<div class='source-info-cell' title='/home/lawrence/git/DISCO-EB/src/discoeb/spline_interpolation.py:79:42
/home/lawrence/git/DISCO-EB/src/discoeb/spline_interpolation.py:82:25
/home/lawrence/git/DISCO-EB/src/discoeb/background.py:248:40
/home/lawrence/git/DISCO-EB/src/discoeb/cmb.py:987:12
/home/lawrence/git/DISCO-EB/scripts/profile_CMB.py:38:0
'>/home/lawrence/git/DISCO-EB/src/discoeb/spline_interpolation.py:79</div>"
"Total","128.0","loop fusion","loop_subtract_fusion.9","1021.0","998.022","0.9774946131243879","998.022","0.9774946131243879","0.00012966536756642315","0.795054799661908","0.23529541432954384","0.23529541432954384","0.03811059670758374","0.03811059670758374","0.0","5.75","5.75","0.0","5.75","HBM","998.022","0.00012966536756642315","2898.2760000000007","8.118461262127686e-05","1.6578692500446982e-06","8.118461262127686e-05","False","7","<div class='source-info-cell' title='/home/lawrence/git/DISCO-EB/src/discoeb/spline_interpolation.py:79:42
/home/lawrence/git/DISCO-EB/src/discoeb/spline_interpolation.py:82:25
/home/lawrence/git/DISCO-EB/src/discoeb/background.py:248:40
/home/lawrence/git/DISCO-EB/src/discoeb/cmb.py:987:12
/home/lawrence/git/DISCO-EB/scripts/profile_CMB.py:38:0
'>/home/lawrence/git/DISCO-EB/src/discoeb/spline_interpolation.py:79</div>"
"Total","129.0","loop fusion","loop_subtract_fusion.6","1021.0","996.938","0.9764329089128305","996.938","0.9764329089128305","0.00012952453173470602","0.7951843241936427","0.23555125795184856","0.23555125795184856","0.0381520354799357","0.0381520354799357","0.0","5.75","5.75","0.0","5.75","HBM","996.938","0.00012952453173470602","2898.2760000000003","8.127288703762118e-05","1.6596719000259894e-06","8.127288703762118e-05","False","7","<div class='source-info-cell' title='/home/lawrence/git/DISCO-EB/src/discoeb/spline_interpolation.py:79:42
/home/lawrence/git/DISCO-EB/src/discoeb/spline_interpolation.py:82:25
/home/lawrence/git/DISCO-EB/src/discoeb/background.py:248:40
/home/lawrence/git/DISCO-EB/src/discoeb/cmb.py:987:12
/home/lawrence/git/DISCO-EB/scripts/profile_CMB.py:38:0
'>/home/lawrence/git/DISCO-EB/src/discoeb/spline_interpolation.py:79</div>"
"Total","130.0","loop fusion","loop_select_fusion.23","1024.0","991.285","0.9680517578125","991.285","0.9680517578125","0.00012879008066764237","0.7953131142743104","0.10639926963486787","0.10639926963486787","0.030785877043433524","0.030785877043433524","0.0","3.21875","3.21875","0.0","3.21875","HBM","991.285","0.00012879008066764237","1622.4044999999999","6.558122196706671e-05","7.496791973506541e-07","6.558122196706671e-05","False","7","<div class='source-info-cell' title='/home/lawrence/git/DISCO-EB/src/discoeb/spline_interpolation.py:34:17
/home/lawrence/git/DISCO-EB/src/discoeb/spline_interpolation.py:39:40
/home/lawrence/git/DISCO-EB/src/discoeb/spline_interpolation.py:39:15
/home/lawrence/git/DISCO-EB/src/discoeb/background.py:166:43
/home/lawrence/git/DISCO-EB/src/discoeb/background.py:233:12
/home/lawrence/git/DISCO-EB/src/discoeb/cmb.py:987:12
/home/lawrence/git/DISCO-EB/scripts/profile_CMB.py:38:0
'>/home/lawrence/git/DISCO-EB/src/discoeb/spline_interpolation.py:34</div>"
"Total","131.0","loop fusion","loop_select_fusion.8","1024.0","989.286","0.966099609375","989.286","0.966099609375","0.00012853036588203115","0.7954416446401924","0.10661426523775733","0.10661426523775733","0.030848084502358264","0.030848084502358264","0.0","3.21875","3.21875","0.0","3.21875","HBM","989.286","0.00012853036588203115","1622.4044999999999","6.571373861312474e-05","7.51194036047961e-07","6.571373861312474e-05","False","7","<div class='source-info-cell' title='/home/lawrence/git/DISCO-EB/src/discoeb/spline_interpolation.py:34:17
/home/lawrence/git/DISCO-EB/src/discoeb/spline_interpolation.py:39:40
/home/lawrence/git/DISCO-EB/src/discoeb/spline_interpolation.py:39:15
/home/lawrence/git/DISCO-EB/src/discoeb/background.py:166:43
/home/lawrence/git/DISCO-EB/src/discoeb/background.py:233:12
/home/lawrence/git/DISCO-EB/src/discoeb/cmb.py:987:12
/home/lawrence/git/DISCO-EB/scripts/profile_CMB.py:38:0
'>/home/lawrence/git/DISCO-EB/src/discoeb/spline_interpolation.py:34</div>"
"Total","132.0","loop fusion","loop_select_fusion.21","1024.0","987.235","0.9640966796875","987.235","0.9640966796875","0.00012826389513401283","0.7955699085353264","0.10683575845669978","0.10683575845669978","0.030912172000587497","0.030912172000587497","0.0","3.21875","3.21875","0.0","3.21875","HBM","987.235","0.00012826389513401285","1622.4045","6.585026018893548e-05","7.527546563338448e-07","6.585026018893548e-05","False","7","<div class='source-info-cell' title='/home/lawrence/git/DISCO-EB/src/discoeb/spline_interpolation.py:34:17
/home/lawrence/git/DISCO-EB/src/discoeb/spline_interpolation.py:39:40
/home/lawrence/git/DISCO-EB/src/discoeb/spline_interpolation.py:39:15
/home/lawrence/git/DISCO-EB/src/discoeb/background.py:166:43
/home/lawrence/git/DISCO-EB/src/discoeb/background.py:233:12
/home/lawrence/git/DISCO-EB/src/discoeb/cmb.py:987:12
/home/lawrence/git/DISCO-EB/scripts/profile_CMB.py:38:0
'>/home/lawrence/git/DISCO-EB/src/discoeb/spline_interpolation.py:34</div>"
"Total","133.0","loop fusion","loop_select_fusion.22","1024.0","980.24","0.957265625","980.24","0.957265625","0.00012735508826790454","0.7956972636235943","0.10759813923120869","0.10759813923120869","0.03113276149208357","0.03113276149208357","0.0","3.21875","3.21875","0.0","3.21875","HBM","980.24","0.00012735508826790454","1622.4045","6.632016814007153e-05","7.581263192134e-07","6.632016814007153e-05","False","7","<div class='source-info-cell' title='/home/lawrence/git/DISCO-EB/src/discoeb/spline_interpolation.py:34:17
/home/lawrence/git/DISCO-EB/src/discoeb/spline_interpolation.py:39:40
/home/lawrence/git/DISCO-EB/src/discoeb/spline_interpolation.py:39:15
/home/lawrence/git/DISCO-EB/src/discoeb/background.py:166:43
/home/lawrence/git/DISCO-EB/src/discoeb/background.py:233:12
/home/lawrence/git/DISCO-EB/src/discoeb/cmb.py:987:12
/home/lawrence/git/DISCO-EB/scripts/profile_CMB.py:38:0
'>/home/lawrence/git/DISCO-EB/src/discoeb/spline_interpolation.py:34</div>"
"Total","134.0","loop fusion","loop_dynamic_update_slice_fusion.50","1024.0","977.206","0.954302734375","977.206","0.954302734375","0.00012696090384592133","0.7958242245274402","0.04401119108969859","0.04401119108969859","0.14931567183393904","0.14931567183393904","0.0","0.27450980392156865","0.27450980392156865","0.0","0.27450980392156865","HBM","977.206","0.00012696090384592133","138.36611764705881","0.0003180778057382613","3.100986926301138e-07","0.0003180778057382613","False","7","<div class='source-info-cell' title='/home/lawrence/git/DISCO-EB/src/discoeb/thermodynamics_recfast.py:450:11
/home/lawrence/git/DISCO-EB/src/discoeb/thermodynamics_recfast.py:452:12
/home/lawrence/git/DISCO-EB/src/discoeb/thermodynamics_recfast.py:461:11
/home/lawrence/git/DISCO-EB/src/discoeb/background.py:237:82
/home/lawrence/git/DISCO-EB/src/discoeb/cmb.py:987:12
/home/lawrence/git/DISCO-EB/scripts/profile_CMB.py:38:0
'>/home/lawrence/git/DISCO-EB/src/discoeb/thermodynamics_recfast.py:450</div>"
"Total","135.0","loop fusion","loop_select_fusion.18","1024.0","964.302","0.941701171875","964.302","0.941701171875","0.00012528438579012985","0.7959495089132304","0.006371447948879085","0.006371447948879085","0.031647324308152425","0.031647324308152425","0.0","0.1875","0.1875","0.0","0.1875","HBM","964.302","0.00012528438579012985","94.509","6.741630901690934e-05","4.489262004023977e-08","6.741630901690934e-05","False","7","<div class='source-info-cell' title='/home/lawrence/git/DISCO-EB/src/discoeb/spline_interpolation.py:34:17
/home/lawrence/git/DISCO-EB/src/discoeb/spline_interpolation.py:39:40
/home/lawrence/git/DISCO-EB/src/discoeb/spline_interpolation.py:39:15
/home/lawrence/git/DISCO-EB/src/discoeb/background.py:166:43
/home/lawrence/git/DISCO-EB/src/discoeb/background.py:233:12
/home/lawrence/git/DISCO-EB/src/discoeb/cmb.py:987:12
/home/lawrence/git/DISCO-EB/scripts/profile_CMB.py:38:0
'>/home/lawrence/git/DISCO-EB/src/discoeb/spline_interpolation.py:34</div>"
"Total","136.0","loop fusion","loop_select_fusion.17","1024.0","962.994","0.940423828125","962.994","0.940423828125","0.00012511444735112062","0.7960746233605814","0.006380102056710634","0.006380102056710634","0.03169030972674804","0.03169030972674804","0.0","0.1875","0.1875","0.0","0.1875","HBM","962.994","0.00012511444735112062","94.50900000000001","6.750787815669019e-05","4.495359606606406e-08","6.750787815669019e-05","False","7","<div class='source-info-cell' title='/home/lawrence/git/DISCO-EB/src/discoeb/spline_interpolation.py:34:17
/home/lawrence/git/DISCO-EB/src/discoeb/spline_interpolation.py:39:40
/home/lawrence/git/DISCO-EB/src/discoeb/spline_interpolation.py:39:15
/home/lawrence/git/DISCO-EB/src/discoeb/background.py:166:43
/home/lawrence/git/DISCO-EB/src/discoeb/background.py:233:12
/home/lawrence/git/DISCO-EB/src/discoeb/cmb.py:987:12
/home/lawrence/git/DISCO-EB/scripts/profile_CMB.py:38:0
'>/home/lawrence/git/DISCO-EB/src/discoeb/spline_interpolation.py:34</div>"
"Total","137.0","loop fusion","loop_select_fusion.19","1024.0","962.11","0.939560546875","962.11","0.939560546875","0.0001249995959902","0.7961996229565717","0.00638596418288969","0.00638596418288969","0.03171942722245897","0.03171942722245897","0.0","0.1875","0.1875","0.0","0.1875","HBM","962.11","0.0001249995959902","94.50900000000001","6.756990533060015e-05","4.4994900053053487e-08","6.756990533060015e-05","False","7","<div class='source-info-cell' title='/home/lawrence/git/DISCO-EB/src/discoeb/spline_interpolation.py:34:17
/home/lawrence/git/DISCO-EB/src/discoeb/spline_interpolation.py:39:40
/home/lawrence/git/DISCO-EB/src/discoeb/spline_interpolation.py:39:15
/home/lawrence/git/DISCO-EB/src/discoeb/background.py:166:43
/home/lawrence/git/DISCO-EB/src/discoeb/background.py:233:12
/home/lawrence/git/DISCO-EB/src/discoeb/cmb.py:987:12
/home/lawrence/git/DISCO-EB/scripts/profile_CMB.py:38:0
'>/home/lawrence/git/DISCO-EB/src/discoeb/spline_interpolation.py:34</div>"
"Total","138.0","loop fusion","loop_select_fusion.7","1024.0","961.842","0.939298828125","961.842","0.939298828125","0.00012496477679933265","0.796324587733371","0.006387743517126514","0.006387743517126514","0.03172826527121918","0.03172826527121918","0.0","0.1875","0.1875","0.0","0.1875","HBM","961.842","0.00012496477679933265","94.50900000000001","6.758873247126213e-05","4.500743707390953e-08","6.758873247126213e-05","False","7","<div class='source-info-cell' title='/home/lawrence/git/DISCO-EB/src/discoeb/spline_interpolation.py:34:17
/home/lawrence/git/DISCO-EB/src/discoeb/spline_interpolation.py:39:40
/home/lawrence/git/DISCO-EB/src/discoeb/spline_interpolation.py:39:15
/home/lawrence/git/DISCO-EB/src/discoeb/background.py:166:43
/home/lawrence/git/DISCO-EB/src/discoeb/background.py:233:12
/home/lawrence/git/DISCO-EB/src/discoeb/cmb.py:987:12
/home/lawrence/git/DISCO-EB/scripts/profile_CMB.py:38:0
'>/home/lawrence/git/DISCO-EB/src/discoeb/spline_interpolation.py:34</div>"
"Total","139.0","loop fusion","loop_select_fusion.20","1024.0","961.191","0.9386630859375","961.191","0.9386630859375","0.00012488019734688998","0.7964494679307179","0.006392069838356789","0.006392069838356789","0.031749754341228745","0.031749754341228745","0.0","0.1875","0.1875","0.0","0.1875","HBM","961.191","0.00012488019734688998","94.509","6.76345092886052e-05","4.50379199243889e-08","6.76345092886052e-05","False","7","<div class='source-info-cell' title='/home/lawrence/git/DISCO-EB/src/discoeb/spline_interpolation.py:34:17
/home/lawrence/git/DISCO-EB/src/discoeb/spline_interpolation.py:39:40
/home/lawrence/git/DISCO-EB/src/discoeb/spline_interpolation.py:39:15
/home/lawrence/git/DISCO-EB/src/discoeb/background.py:166:43
/home/lawrence/git/DISCO-EB/src/discoeb/background.py:233:12
/home/lawrence/git/DISCO-EB/src/discoeb/cmb.py:987:12
/home/lawrence/git/DISCO-EB/scripts/profile_CMB.py:38:0
'>/home/lawrence/git/DISCO-EB/src/discoeb/spline_interpolation.py:34</div>"
"Total","140.0","loop fusion","loop_select_fusion.16","1024.0","960.667","0.9381513671875","960.667","0.9381513671875","0.0001248121180334031","0.7965742800487513","0.0063955564206952045","0.0063955564206952045","0.031767072383042196","0.031767072383042196","0.0","0.1875","0.1875","0.0","0.1875","HBM","960.667","0.00012481211803340312","94.50900000000001","6.767140082632558e-05","4.506248605400549e-08","6.767140082632558e-05","False","7","<div class='source-info-cell' title='/home/lawrence/git/DISCO-EB/src/discoeb/spline_interpolation.py:34:17
/home/lawrence/git/DISCO-EB/src/discoeb/spline_interpolation.py:39:40
/home/lawrence/git/DISCO-EB/src/discoeb/spline_interpolation.py:39:15
/home/lawrence/git/DISCO-EB/src/discoeb/background.py:166:43
/home/lawrence/git/DISCO-EB/src/discoeb/background.py:233:12
/home/lawrence/git/DISCO-EB/src/discoeb/cmb.py:987:12
/home/lawrence/git/DISCO-EB/scripts/profile_CMB.py:38:0
'>/home/lawrence/git/DISCO-EB/src/discoeb/spline_interpolation.py:34</div>"
"Total","141.0","loop fusion","loop_select_fusion.15","1024.0","960.126","0.937623046875","960.126","0.937623046875","0.0001247418300398985","0.7966990218787912","0.006399160110235532","0.006399160110235532","0.031784972102619866","0.031784972102619866","0.0","0.1875","0.1875","0.0","0.1875","HBM","960.126","0.0001247418300398985","94.50899999999999","6.77095314756852e-05","4.508787730989817e-08","6.77095314756852e-05","False","7","<div class='source-info-cell' title='/home/lawrence/git/DISCO-EB/src/discoeb/spline_interpolation.py:34:17
/home/lawrence/git/DISCO-EB/src/discoeb/spline_interpolation.py:39:40
/home/lawrence/git/DISCO-EB/src/discoeb/spline_interpolation.py:39:15
/home/lawrence/git/DISCO-EB/src/discoeb/background.py:166:43
/home/lawrence/git/DISCO-EB/src/discoeb/background.py:233:12
/home/lawrence/git/DISCO-EB/src/discoeb/cmb.py:987:12
/home/lawrence/git/DISCO-EB/scripts/profile_CMB.py:38:0
'>/home/lawrence/git/DISCO-EB/src/discoeb/spline_interpolation.py:34</div>"
"Total","142.0","loop fusion","loop_select_fusion.12","1024.0","957.776","0.935328125","957.776","0.935328125","0.00012443651250803938","0.7968234583912992","0.006414861094869781","0.006414861094869781","0.03186295973693222","0.03186295973693222","0.0","0.1875","0.1875","0.0","0.1875","HBM","957.776","0.0001244365125080394","94.50900000000001","6.787566363912199e-05","4.5198504963627496e-08","6.787566363912199e-05","False","7","<div class='source-info-cell' title='/home/lawrence/git/DISCO-EB/src/discoeb/spline_interpolation.py:34:17
/home/lawrence/git/DISCO-EB/src/discoeb/spline_interpolation.py:39:40
/home/lawrence/git/DISCO-EB/src/discoeb/spline_interpolation.py:39:15
/home/lawrence/git/DISCO-EB/src/discoeb/background.py:166:43
/home/lawrence/git/DISCO-EB/src/discoeb/background.py:233:12
/home/lawrence/git/DISCO-EB/src/discoeb/cmb.py:987:12
/home/lawrence/git/DISCO-EB/scripts/profile_CMB.py:38:0
'>/home/lawrence/git/DISCO-EB/src/discoeb/spline_interpolation.py:34</div>"
"Total","143.0","loop fusion","loop_select_fusion.14","1024.0","957.65","0.935205078125","957.65","0.935205078125","0.0001244201422914376","0.7969478785335906","0.006415705111470788","0.006415705111470788","0.031867152012739514","0.031867152012739514","0.0","0.1875","0.1875","0.0","0.1875","HBM","957.65","0.0001244201422914376","94.50900000000001","6.788459418119742e-05","4.520445182482462e-08","6.788459418119742e-05","False","7","<div class='source-info-cell' title='/home/lawrence/git/DISCO-EB/src/discoeb/spline_interpolation.py:34:17
/home/lawrence/git/DISCO-EB/src/discoeb/spline_interpolation.py:39:40
/home/lawrence/git/DISCO-EB/src/discoeb/spline_interpolation.py:39:15
/home/lawrence/git/DISCO-EB/src/discoeb/background.py:166:43
/home/lawrence/git/DISCO-EB/src/discoeb/background.py:233:12
/home/lawrence/git/DISCO-EB/src/discoeb/cmb.py:987:12
/home/lawrence/git/DISCO-EB/scripts/profile_CMB.py:38:0
'>/home/lawrence/git/DISCO-EB/src/discoeb/spline_interpolation.py:34</div>"
"Total","144.0","loop fusion","loop_select_fusion.13","1024.0","955.943","0.9335380859375","955.943","0.9335380859375","0.0001241983648331893","0.7970720768984239","0.006427161452094947","0.006427161452094947","0.031924056272183594","0.031924056272183594","0.0","0.1875","0.1875","0.0","0.1875","HBM","955.943","0.0001241983648331893","94.509","6.800581375419216e-05","4.5285172118048136e-08","6.800581375419216e-05","False","7","<div class='source-info-cell' title='/home/lawrence/git/DISCO-EB/src/discoeb/spline_interpolation.py:34:17
/home/lawrence/git/DISCO-EB/src/discoeb/spline_interpolation.py:39:40
/home/lawrence/git/DISCO-EB/src/discoeb/spline_interpolation.py:39:15
/home/lawrence/git/DISCO-EB/src/discoeb/background.py:166:43
/home/lawrence/git/DISCO-EB/src/discoeb/background.py:233:12
/home/lawrence/git/DISCO-EB/src/discoeb/cmb.py:987:12
/home/lawrence/git/DISCO-EB/scripts/profile_CMB.py:38:0
'>/home/lawrence/git/DISCO-EB/src/discoeb/spline_interpolation.py:34</div>"
"Total","145.0","loop fusion","loop_dynamic_update_slice_fusion.94","1021.0","949.207","0.9296836434867777","949.207","0.9296836434867777","0.00012332320785676248","0.7971954001062806","0.06131117869969353","0.06131117869969353","0.0320564125189099","0.0320564125189099","0.0","1.78125","1.78125","0.0","1.78125","HBM","949.207","0.0001233232078567625","897.8355000000001","6.828776396087426e-05","4.3199277019422416e-07","6.828776396087426e-05","False","7","<div class='source-info-cell' title='/home/lawrence/git/DISCO-EB/src/discoeb/spline_interpolation.py:79:24
/home/lawrence/git/DISCO-EB/src/discoeb/spline_interpolation.py:82:25
/home/lawrence/git/DISCO-EB/src/discoeb/background.py:248:40
/home/lawrence/git/DISCO-EB/src/discoeb/cmb.py:987:12
/home/lawrence/git/DISCO-EB/scripts/profile_CMB.py:38:0
'>/home/lawrence/git/DISCO-EB/src/discoeb/spline_interpolation.py:79</div>"
"Total","146.0","loop fusion","loop_dynamic_update_slice_fusion.90","1021.0","947.622","0.9281312438785504","947.622","0.9281312438785504","0.00012311728092570005","0.7973185173872064","0.061413728258736075","0.061413728258736075","0.03211003032626608","0.03211003032626608","0.0","1.78125","1.78125","0.0","1.78125","HBM","947.622","0.00012311728092570008","897.8354999999999","6.840198261122008e-05","4.327153246946028e-07","6.840198261122008e-05","False","7","<div class='source-info-cell' title='/home/lawrence/git/DISCO-EB/src/discoeb/spline_interpolation.py:79:24
/home/lawrence/git/DISCO-EB/src/discoeb/spline_interpolation.py:82:25
/home/lawrence/git/DISCO-EB/src/discoeb/background.py:248:40
/home/lawrence/git/DISCO-EB/src/discoeb/cmb.py:987:12
/home/lawrence/git/DISCO-EB/scripts/profile_CMB.py:38:0
'>/home/lawrence/git/DISCO-EB/src/discoeb/spline_interpolation.py:79</div>"
"Total","147.0","loop fusion","loop_dynamic_update_slice_fusion.91","1021.0","946.365","0.926900097943193","946.365","0.926900097943193","0.00012295396852674394","0.7974414713557332","0.061495300439048356","0.061495300439048356","0.03215268015811754","0.03215268015811754","0.0","1.78125","1.78125","0.0","1.78125","HBM","946.365","0.00012295396852674394","897.8355000000003","6.849283687161885e-05","4.332900745671585e-07","6.849283687161885e-05","False","7","<div class='source-info-cell' title='/home/lawrence/git/DISCO-EB/src/discoeb/spline_interpolation.py:79:24
/home/lawrence/git/DISCO-EB/src/discoeb/spline_interpolation.py:82:25
/home/lawrence/git/DISCO-EB/src/discoeb/background.py:248:40
/home/lawrence/git/DISCO-EB/src/discoeb/cmb.py:987:12
/home/lawrence/git/DISCO-EB/scripts/profile_CMB.py:38:0
'>/home/lawrence/git/DISCO-EB/src/discoeb/spline_interpolation.py:79</div>"
"Total","148.0","loop fusion","loop_dynamic_update_slice_fusion.95","1021.0","945.653","0.9262027424094026","945.653","0.9262027424094026","0.00012286146381070833","0.7975643328195439","0.0615416014119344","0.0615416014119344","0.03217688851813182","0.03217688851813182","0.0","1.78125","1.78125","0.0","1.78125","HBM","945.653","0.00012286146381070833","897.8355","6.854440642181601e-05","4.3361630684590325e-07","6.854440642181601e-05","False","7","<div class='source-info-cell' title='/home/lawrence/git/DISCO-EB/src/discoeb/spline_interpolation.py:79:24
/home/lawrence/git/DISCO-EB/src/discoeb/spline_interpolation.py:82:25
/home/lawrence/git/DISCO-EB/src/discoeb/background.py:248:40
/home/lawrence/git/DISCO-EB/src/discoeb/cmb.py:987:12
/home/lawrence/git/DISCO-EB/scripts/profile_CMB.py:38:0
'>/home/lawrence/git/DISCO-EB/src/discoeb/spline_interpolation.py:79</div>"
"Total","149.0","loop fusion","loop_dynamic_update_slice_fusion.16","1021.0","944.279","0.9248570029382958","944.279","0.9248570029382958","0.00012268295049633625","0.7976870157700402","0.0616311492683836","0.0616311492683836","0.032223708414395445","0.032223708414395445","0.0","1.78125","1.78125","0.0","1.78125","HBM","944.279","0.00012268295049633625","897.8354999999998","6.8644143908749e-05","4.342472525786859e-07","6.8644143908749e-05","False","7","<div class='source-info-cell' title='/home/lawrence/git/DISCO-EB/src/discoeb/spline_interpolation.py:79:24
/home/lawrence/git/DISCO-EB/src/discoeb/spline_interpolation.py:82:25
/home/lawrence/git/DISCO-EB/src/discoeb/background.py:248:40
/home/lawrence/git/DISCO-EB/src/discoeb/cmb.py:987:12
/home/lawrence/git/DISCO-EB/scripts/profile_CMB.py:38:0
'>/home/lawrence/git/DISCO-EB/src/discoeb/spline_interpolation.py:79</div>"
"Total","150.0","loop fusion","loop_dynamic_update_slice_fusion.92","1021.0","943.738","0.9243271302644467","943.738","0.9243271302644467","0.00012261266250283164","0.797809628432543","0.0616664794678184","0.0616664794678184","0.03224218073007224","0.03224218073007224","0.0","1.78125","1.78125","0.0","1.78125","HBM","943.738","0.00012261266250283164","897.8354999999999","6.86834943236466e-05","4.344961858246133e-07","6.86834943236466e-05","False","7","<div class='source-info-cell' title='/home/lawrence/git/DISCO-EB/src/discoeb/spline_interpolation.py:79:24
/home/lawrence/git/DISCO-EB/src/discoeb/spline_interpolation.py:82:25
/home/lawrence/git/DISCO-EB/src/discoeb/background.py:248:40
/home/lawrence/git/DISCO-EB/src/discoeb/cmb.py:987:12
/home/lawrence/git/DISCO-EB/scripts/profile_CMB.py:38:0
'>/home/lawrence/git/DISCO-EB/src/discoeb/spline_interpolation.py:79</div>"
"Total","151.0","loop fusion","loop_dynamic_update_slice_fusion.93","1021.0","943.233","0.9238325171400588","943.233","0.9238325171400588","0.00012254705171407042","0.7979321754842571","0.061699495246667575","0.061699495246667575","0.03225944295612739","0.03225944295612739","0.0","1.78125","1.78125","0.0","1.78125","HBM","943.233","0.00012254705171407045","897.8355000000001","6.872026696055966e-05","4.3472881188184563e-07","6.872026696055966e-05","False","7","<div class='source-info-cell' title='/home/lawrence/git/DISCO-EB/src/discoeb/spline_interpolation.py:79:24
/home/lawrence/git/DISCO-EB/src/discoeb/spline_interpolation.py:82:25
/home/lawrence/git/DISCO-EB/src/discoeb/background.py:248:40
/home/lawrence/git/DISCO-EB/src/discoeb/cmb.py:987:12
/home/lawrence/git/DISCO-EB/scripts/profile_CMB.py:38:0
'>/home/lawrence/git/DISCO-EB/src/discoeb/spline_interpolation.py:79</div>"
"Total","152.0","loop fusion","loop_dynamic_update_slice_fusion.86","1021.0","942.765","0.9233741429970617","942.765","0.9233741429970617","0.00012248624805240657","0.7980546617323095","0.06173012362571797","0.06173012362571797","0.0322754569355427","0.0322754569355427","0.0","1.78125","1.78125","0.0","1.78125","HBM","942.765","0.0001224862480524066","897.8354999999999","6.87543805359868e-05","4.349446165457446e-07","6.87543805359868e-05","False","7","<div class='source-info-cell' title='/home/lawrence/git/DISCO-EB/src/discoeb/spline_interpolation.py:79:24
/home/lawrence/git/DISCO-EB/src/discoeb/spline_interpolation.py:82:25
/home/lawrence/git/DISCO-EB/src/discoeb/background.py:248:40
/home/lawrence/git/DISCO-EB/src/discoeb/cmb.py:987:12
/home/lawrence/git/DISCO-EB/scripts/profile_CMB.py:38:0
'>/home/lawrence/git/DISCO-EB/src/discoeb/spline_interpolation.py:79</div>"
"Total","153.0","loop fusion","loop_dynamic_update_slice_fusion.89","1021.0","942.713","0.9233232125367287","942.713","0.9233232125367287","0.0001224794920899995","0.7981771412243995","0.06173352865612334","0.06173352865612334","0.03227723724806692","0.03227723724806692","0.0","1.78125","1.78125","0.0","1.78125","HBM","942.713","0.0001224794920899995","897.8355000000001","6.875817302403762e-05","4.34968608068149e-07","6.875817302403762e-05","False","7","<div class='source-info-cell' title='/home/lawrence/git/DISCO-EB/src/discoeb/spline_interpolation.py:79:24
/home/lawrence/git/DISCO-EB/src/discoeb/spline_interpolation.py:82:25
/home/lawrence/git/DISCO-EB/src/discoeb/background.py:248:40
/home/lawrence/git/DISCO-EB/src/discoeb/cmb.py:987:12
/home/lawrence/git/DISCO-EB/scripts/profile_CMB.py:38:0
'>/home/lawrence/git/DISCO-EB/src/discoeb/spline_interpolation.py:79</div>"
"Total","154.0","loop fusion","loop_dynamic_update_slice_fusion.85","1021.0","941.906","0.9225328109696376","941.906","0.9225328109696376","0.00012237464475033552","0.7982995158691498","0.061786420300964214","0.061786420300964214","0.03230489152615751","0.03230489152615751","0.0","1.78125","1.78125","0.0","1.78125","HBM","941.906","0.00012237464475033552","897.8355","6.88170831972719e-05","4.3534127759855965e-07","6.88170831972719e-05","False","7","<div class='source-info-cell' title='/home/lawrence/git/DISCO-EB/src/discoeb/spline_interpolation.py:79:24
/home/lawrence/git/DISCO-EB/src/discoeb/spline_interpolation.py:82:25
/home/lawrence/git/DISCO-EB/src/discoeb/background.py:248:40
/home/lawrence/git/DISCO-EB/src/discoeb/cmb.py:987:12
/home/lawrence/git/DISCO-EB/scripts/profile_CMB.py:38:0
'>/home/lawrence/git/DISCO-EB/src/discoeb/spline_interpolation.py:79</div>"
"Total","155.0","loop fusion","loop_dynamic_update_slice_fusion.88","1021.0","940.684","0.9213359451518119","940.684","0.9213359451518119","0.00012221587963376877","0.7984217317487836","0.061866684242529904","0.061866684242529904","0.03234685734830922","0.03234685734830922","0.0","1.78125","1.78125","0.0","1.78125","HBM","940.684","0.0001222158796337688","897.8355","6.89064803547308e-05","4.359068097445571e-07","6.89064803547308e-05","False","7","<div class='source-info-cell' title='/home/lawrence/git/DISCO-EB/src/discoeb/spline_interpolation.py:79:24
/home/lawrence/git/DISCO-EB/src/discoeb/spline_interpolation.py:82:25
/home/lawrence/git/DISCO-EB/src/discoeb/background.py:248:40
/home/lawrence/git/DISCO-EB/src/discoeb/cmb.py:987:12
/home/lawrence/git/DISCO-EB/scripts/profile_CMB.py:38:0
'>/home/lawrence/git/DISCO-EB/src/discoeb/spline_interpolation.py:79</div>"
"Total","156.0","loop fusion","loop_dynamic_update_slice_fusion.84","1021.0","939.127","0.9198109696376101","939.127","0.9198109696376101","0.00012201359052861787","0.7985437453393123","0.06196925442458794","0.06196925442458794","0.03240048593836287","0.03240048593836287","0.0","1.78125","1.78125","0.0","1.78125","HBM","939.127","0.00012201359052861788","897.8355","6.902072197478039e-05","4.366295095527537e-07","6.902072197478039e-05","False","7","<div class='source-info-cell' title='/home/lawrence/git/DISCO-EB/src/discoeb/spline_interpolation.py:79:24
/home/lawrence/git/DISCO-EB/src/discoeb/spline_interpolation.py:82:25
/home/lawrence/git/DISCO-EB/src/discoeb/background.py:248:40
/home/lawrence/git/DISCO-EB/src/discoeb/cmb.py:987:12
/home/lawrence/git/DISCO-EB/scripts/profile_CMB.py:38:0
'>/home/lawrence/git/DISCO-EB/src/discoeb/spline_interpolation.py:79</div>"
"Total","157.0","loop fusion","loop_dynamic_update_slice_fusion.87","1021.0","938.913","0.9196013712047013","938.913","0.9196013712047013","0.00012198578714486561","0.7986657311264571","0.06198337865169616","0.06198337865169616","0.03240787075888491","0.03240787075888491","0.0","1.78125","1.78125","0.0","1.78125","HBM","938.913","0.00012198578714486561","897.8355","6.903645339452067e-05","4.3672902752198436e-07","6.903645339452067e-05","False","7","<div class='source-info-cell' title='/home/lawrence/git/DISCO-EB/src/discoeb/spline_interpolation.py:79:24
/home/lawrence/git/DISCO-EB/src/discoeb/spline_interpolation.py:82:25
/home/lawrence/git/DISCO-EB/src/discoeb/background.py:248:40
/home/lawrence/git/DISCO-EB/src/discoeb/cmb.py:987:12
/home/lawrence/git/DISCO-EB/scripts/profile_CMB.py:38:0
'>/home/lawrence/git/DISCO-EB/src/discoeb/spline_interpolation.py:79</div>"
"Total","158.0","loop fusion","loop_minimum_multiply_select_fusion","877.0","868.211","0.9899783352337514","868.211","0.9899783352337514","0.00011280001687358776","0.7987785311433308","0.40404924609340354","0.40404924609340354","0.05268202578004123","0.05268202578004123","0.0","7.142857142857143","7.142857142857143","0.0","7.142857142857143","HBM","868.211","0.00011280001687358776","3600.342857142857","0.00011222521357703333","2.8468927986153636e-06","0.00011222521357703333","False","7","<div class='source-info-cell' title='/home/lawrence/git/DISCO-EB/.venv/lib/python3.13/site-packages/diffrax/_integrate.py:1238:12
/home/lawrence/git/DISCO-EB/.venv/lib/python3.13/site-packages/equinox/_jit.py:55:14
/home/lawrence/git/DISCO-EB/.venv/lib/python3.13/site-packages/equinox/_jit.py:263:37
/home/lawrence/git/DISCO-EB/.venv/lib/python3.13/site-packages/equinox/_jit.py:209:19
/home/lawrence/git/DISCO-EB/src/discoeb/thermodynamics_recfast.py:284:7
/home/lawrence/git/DISCO-EB/src/discoeb/thermodynamics_recfast.py:432:14
/home/lawrence/git/DISCO-EB/src/discoeb/thermodynamics_recfast.py:446:16
/home/lawrence/git/DISCO-EB/src/discoeb/thermodynamics_recfast.py:443:14
/home/lawrence/git/DISCO-EB/src/discoeb/thermodynamics_recfast.py:440:14
/home/lawrence/git/DISCO-EB/src/discoeb/thermodynamics_recfast.py:452:12
'>/home/lawrence/git/DISCO-EB/.venv/lib/python3.13/site-packages/diffrax/_integrate.py:1238</div>"
"Total","159.0","loop fusion","loop_add_fusion.19","1024.0","838.354","0.818705078125","838.354","0.818705078125","0.00010892092515072927","0.7988874520684814","0.0036643231856709696","0.0036643231856709696","0.018200890152012154","0.018200890152012154","0.0","0.1875","0.1875","0.0","0.1875","HBM","838.354","0.00010892092515072925","94.50900000000003","3.877221413485455e-05","2.5818474826888934e-08","3.877221413485455e-05","False","7","<div class='source-info-cell' title='/home/lawrence/git/DISCO-EB/src/discoeb/spline_interpolation.py:39:15
/home/lawrence/git/DISCO-EB/src/discoeb/background.py:248:40
/home/lawrence/git/DISCO-EB/src/discoeb/cmb.py:987:12
/home/lawrence/git/DISCO-EB/scripts/profile_CMB.py:38:0
'>/home/lawrence/git/DISCO-EB/src/discoeb/spline_interpolation.py:39</div>"
"Total","160.0","loop fusion","loop_add_fusion.18","1024.0","837.606","0.817974609375","837.606","0.817974609375","0.00010882374322995027","0.7989962758117114","0.0036675955043301983","0.0036675955043301983","0.018217143934618422","0.018217143934618422","0.0","0.1875","0.1875","0.0","0.1875","HBM","837.606","0.00010882374322995028","94.50900000000001","3.880683854797107e-05","2.5841531274873444e-08","3.880683854797107e-05","False","7","<div class='source-info-cell' title='/home/lawrence/git/DISCO-EB/src/discoeb/spline_interpolation.py:39:15
/home/lawrence/git/DISCO-EB/src/discoeb/background.py:248:40
/home/lawrence/git/DISCO-EB/src/discoeb/cmb.py:987:12
/home/lawrence/git/DISCO-EB/scripts/profile_CMB.py:38:0
'>/home/lawrence/git/DISCO-EB/src/discoeb/spline_interpolation.py:39</div>"
"Total","161.0","loop fusion","loop_add_fusion.49","1021.0","836.799","0.8195876591576885","836.799","0.8195876591576885","0.00010871889589028631","0.7991049947076017","0.0036603772232041386","0.0036603772232041386","0.018181290344417782","0.018181290344417782","0.0","0.1875","0.1875","0.0","0.1875","HBM","836.799","0.00010871889589028631","94.509","3.873046189467816e-05","2.579067194830658e-08","3.873046189467816e-05","False","7","<div class='source-info-cell' title='/home/lawrence/git/DISCO-EB/src/discoeb/spline_interpolation.py:82:25
/home/lawrence/git/DISCO-EB/src/discoeb/background.py:248:40
/home/lawrence/git/DISCO-EB/src/discoeb/cmb.py:987:12
/home/lawrence/git/DISCO-EB/scripts/profile_CMB.py:38:0
'>/home/lawrence/git/DISCO-EB/src/discoeb/spline_interpolation.py:82</div>"
"Total","162.0","loop fusion","loop_add_fusion.20","1024.0","836.185","0.8165869140625","836.185","0.8165869140625","0.00010863912356494098","0.7992136338311666","0.0036738281600363558","0.0036738281600363558","0.01824810187039949","0.01824810187039949","0.0","0.1875","0.1875","0.0","0.1875","HBM","836.185","0.000108639123564941","94.50900000000001","3.887278629586976e-05","2.5885445977889637e-08","3.887278629586976e-05","False","7","<div class='source-info-cell' title='/home/lawrence/git/DISCO-EB/src/discoeb/spline_interpolation.py:39:15
/home/lawrence/git/DISCO-EB/src/discoeb/background.py:248:40
/home/lawrence/git/DISCO-EB/src/discoeb/cmb.py:987:12
/home/lawrence/git/DISCO-EB/scripts/profile_CMB.py:38:0
'>/home/lawrence/git/DISCO-EB/src/discoeb/spline_interpolation.py:39</div>"
"Total","163.0","loop fusion","loop_add_fusion.53","1021.0","835.39","0.81820763956905","835.39","0.81820763956905","0.00010853583529352482","0.7993221696664602","0.0036665509522498473","0.0036665509522498473","0.018211955588310198","0.018211955588310198","0.0","0.1875","0.1875","0.0","0.1875","HBM","835.39","0.00010853583529352484","94.50900000000001","3.8795786139413675e-05","2.5834171459642796e-08","3.8795786139413675e-05","False","7","<div class='source-info-cell' title='/home/lawrence/git/DISCO-EB/src/discoeb/spline_interpolation.py:82:25
/home/lawrence/git/DISCO-EB/src/discoeb/background.py:248:40
/home/lawrence/git/DISCO-EB/src/discoeb/cmb.py:987:12
/home/lawrence/git/DISCO-EB/scripts/profile_CMB.py:38:0
'>/home/lawrence/git/DISCO-EB/src/discoeb/spline_interpolation.py:82</div>"
"Total","164.0","loop fusion","loop_add_fusion.21","1024.0","834.248","0.8146953125","834.248","0.8146953125","0.0001083874639652767","0.7994305571304254","0.0036823582435918335","0.0036823582435918335","0.01829047125375188","0.01829047125375188","0.0","0.1875","0.1875","0.0","0.1875","HBM","834.248","0.0001083874639652767","94.509","3.896304313442988e-05","2.5945548140387086e-08","3.896304313442988e-05","False","7","<div class='source-info-cell' title='/home/lawrence/git/DISCO-EB/src/discoeb/spline_interpolation.py:39:15
/home/lawrence/git/DISCO-EB/src/discoeb/background.py:248:40
/home/lawrence/git/DISCO-EB/src/discoeb/cmb.py:987:12
/home/lawrence/git/DISCO-EB/scripts/profile_CMB.py:38:0
'>/home/lawrence/git/DISCO-EB/src/discoeb/spline_interpolation.py:39</div>"
"Total","165.0","loop fusion","loop_add_fusion.17","1024.0","833.994","0.814447265625","833.994","0.814447265625","0.00010835446368736512","0.7995389115941128","0.003683479737264297","0.003683479737264297","0.0182960417730823","0.0182960417730823","0.0","0.1875","0.1875","0.0","0.1875","HBM","833.994","0.00010835446368736512","94.50900000000001","3.897490966219404e-05","2.59534500788035e-08","3.897490966219404e-05","False","7","<div class='source-info-cell' title='/home/lawrence/git/DISCO-EB/src/discoeb/spline_interpolation.py:39:15
/home/lawrence/git/DISCO-EB/src/discoeb/background.py:248:40
/home/lawrence/git/DISCO-EB/src/discoeb/cmb.py:987:12
/home/lawrence/git/DISCO-EB/scripts/profile_CMB.py:38:0
'>/home/lawrence/git/DISCO-EB/src/discoeb/spline_interpolation.py:39</div>"
"Total","166.0","loop fusion","loop_add_fusion.7","1024.0","833.454","0.813919921875","833.454","0.813919921875","0.0001082843056162145","0.7996471958997291","0.0036858662865617057","0.0036858662865617057","0.018307895891674884","0.018307895891674884","0.0","0.1875","0.1875","0.0","0.1875","HBM","833.454","0.00010828430561621451","94.509","3.900016174715324e-05","2.597026547958453e-08","3.900016174715324e-05","False","7","<div class='source-info-cell' title='/home/lawrence/git/DISCO-EB/src/discoeb/spline_interpolation.py:39:15
/home/lawrence/git/DISCO-EB/src/discoeb/background.py:248:40
/home/lawrence/git/DISCO-EB/src/discoeb/cmb.py:987:12
/home/lawrence/git/DISCO-EB/scripts/profile_CMB.py:38:0
'>/home/lawrence/git/DISCO-EB/src/discoeb/spline_interpolation.py:39</div>"
"Total","167.0","loop fusion","loop_add_fusion.16","1024.0","832.969","0.8134462890625","832.969","0.8134462890625","0.00010822129327453296","0.7997554171930036","0.003688012399020852","0.003688012399020852","0.018318555747572837","0.018318555747572837","0.0","0.1875","0.1875","0.0","0.1875","HBM","832.969","0.00010822129327453296","94.50900000000001","3.902286976923734e-05","2.5985386785128432e-08","3.902286976923734e-05","False","7","<div class='source-info-cell' title='/home/lawrence/git/DISCO-EB/src/discoeb/spline_interpolation.py:39:15
/home/lawrence/git/DISCO-EB/src/discoeb/background.py:248:40
/home/lawrence/git/DISCO-EB/src/discoeb/cmb.py:987:12
/home/lawrence/git/DISCO-EB/scripts/profile_CMB.py:38:0
'>/home/lawrence/git/DISCO-EB/src/discoeb/spline_interpolation.py:39</div>"
"Total","168.0","loop fusion","loop_add_fusion.50","1021.0","832.563","0.8154387855044074","832.563","0.8154387855044074","0.00010816854479881602","0.7998635857378024","0.0036790008684027516","0.0036790008684027516","0.018273794990791636","0.018273794990791636","0.0","0.1875","0.1875","0.0","0.1875","HBM","832.563","0.00010816854479881602","94.509","3.892751873792709e-05","2.5921892392132484e-08","3.892751873792709e-05","False","7","<div class='source-info-cell' title='/home/lawrence/git/DISCO-EB/src/discoeb/spline_interpolation.py:82:25
/home/lawrence/git/DISCO-EB/src/discoeb/background.py:248:40
/home/lawrence/git/DISCO-EB/src/discoeb/cmb.py:987:12
/home/lawrence/git/DISCO-EB/scripts/profile_CMB.py:38:0
'>/home/lawrence/git/DISCO-EB/src/discoeb/spline_interpolation.py:82</div>"
"Total","169.0","loop fusion","loop_add_fusion.24","1024.0","832.486","0.812974609375","832.486","0.812974609375","0.00010815854077755935","0.79997174427858","0.0036901521467027675","0.0036901521467027675","0.0183291839892803","0.0183291839892803","0.0","0.1875","0.1875","0.0","0.1875","HBM","832.486","0.00010815854077755936","94.50900000000001","3.904551044559531e-05","2.6000463245053547e-08","3.904551044559531e-05","False","7","<div class='source-info-cell' title='/home/lawrence/git/DISCO-EB/src/discoeb/spline_interpolation.py:40:15
/home/lawrence/git/DISCO-EB/src/discoeb/background.py:248:40
/home/lawrence/git/DISCO-EB/src/discoeb/cmb.py:987:12
/home/lawrence/git/DISCO-EB/scripts/profile_CMB.py:38:0
'>/home/lawrence/git/DISCO-EB/src/discoeb/spline_interpolation.py:40</div>"
"Total","170.0","loop fusion","loop_add_fusion.52","1021.0","832.468","0.8153457394711067","832.468","0.8153457394711067","0.00010815620217518766","0.8000799004807552","0.0036794207104657475","0.0036794207104657475","0.01827588036887719","0.01827588036887719","0.0","0.1875","0.1875","0.0","0.1875","HBM","832.468","0.00010815620217518767","94.50899999999999","3.893196108799953e-05","2.592485055962631e-08","3.893196108799953e-05","False","7","<div class='source-info-cell' title='/home/lawrence/git/DISCO-EB/src/discoeb/spline_interpolation.py:82:25
/home/lawrence/git/DISCO-EB/src/discoeb/background.py:248:40
/home/lawrence/git/DISCO-EB/src/discoeb/cmb.py:987:12
/home/lawrence/git/DISCO-EB/scripts/profile_CMB.py:38:0
'>/home/lawrence/git/DISCO-EB/src/discoeb/spline_interpolation.py:82</div>"
"Total","171.0","loop fusion","loop_add_fusion.51","1021.0","831.949","0.8148374142997061","831.949","0.8148374142997061","0.00010808877247347069","0.8001879892532286","0.003681716066730052","0.003681716066730052","0.018287281526774425","0.018287281526774425","0.0","0.1875","0.1875","0.0","0.1875","HBM","831.949","0.0001080887724734707","94.509","3.895624825921396e-05","2.5941023422915343e-08","3.895624825921396e-05","False","7","<div class='source-info-cell' title='/home/lawrence/git/DISCO-EB/src/discoeb/spline_interpolation.py:82:25
/home/lawrence/git/DISCO-EB/src/discoeb/background.py:248:40
/home/lawrence/git/DISCO-EB/src/discoeb/cmb.py:987:12
/home/lawrence/git/DISCO-EB/scripts/profile_CMB.py:38:0
'>/home/lawrence/git/DISCO-EB/src/discoeb/spline_interpolation.py:82</div>"
"Total","172.0","loop fusion","loop_add_fusion.54","1021.0","831.687","0.8145808031341822","831.687","0.8145808031341822","0.00010805473281672726","0.8002960439860454","0.0036828758896075087","0.0036828758896075087","0.018293042429325522","0.018293042429325522","0.0","0.1875","0.1875","0.0","0.1875","HBM","831.687","0.00010805473281672726","94.50900000000001","3.896852034840606e-05","2.5949195425287393e-08","3.896852034840606e-05","False","7","<div class='source-info-cell' title='/home/lawrence/git/DISCO-EB/src/discoeb/spline_interpolation.py:82:25
/home/lawrence/git/DISCO-EB/src/discoeb/background.py:248:40
/home/lawrence/git/DISCO-EB/src/discoeb/cmb.py:987:12
/home/lawrence/git/DISCO-EB/scripts/profile_CMB.py:38:0
'>/home/lawrence/git/DISCO-EB/src/discoeb/spline_interpolation.py:82</div>"
"Total","173.0","loop fusion","loop_add_fusion.8","1024.0","830.954","0.811478515625","830.954","0.811478515625","0.000107959499731258","0.8004040034857767","0.0036969555474791623","0.0036969555474791623","0.0183629768464921","0.0183629768464921","0.0","0.1875","0.1875","0.0","0.1875","HBM","830.954","0.00010795949973125802","94.509","3.911749724871877e-05","2.6048399363889752e-08","3.911749724871877e-05","False","7","<div class='source-info-cell' title='/home/lawrence/git/DISCO-EB/src/discoeb/spline_interpolation.py:40:15
/home/lawrence/git/DISCO-EB/src/discoeb/background.py:248:40
/home/lawrence/git/DISCO-EB/src/discoeb/cmb.py:987:12
/home/lawrence/git/DISCO-EB/scripts/profile_CMB.py:38:0
'>/home/lawrence/git/DISCO-EB/src/discoeb/spline_interpolation.py:40</div>"
"Total","174.0","loop fusion","loop_add_fusion.10","1021.0","830.677","0.8135915768854065","830.677","0.8135915768854065","0.00010792351123920484","0.8005119269970159","0.0036873538090015736","0.0036873538090015736","0.018315284495560195","0.018315284495560195","0.0","0.1875","0.1875","0.0","0.1875","HBM","830.677","0.00010792351123920484","94.509","3.901590122635488e-05","2.5980746422100285e-08","3.901590122635488e-05","False","7","<div class='source-info-cell' title='/home/lawrence/git/DISCO-EB/src/discoeb/spline_interpolation.py:82:25
/home/lawrence/git/DISCO-EB/src/discoeb/background.py:248:40
/home/lawrence/git/DISCO-EB/src/discoeb/cmb.py:987:12
/home/lawrence/git/DISCO-EB/scripts/profile_CMB.py:38:0
'>/home/lawrence/git/DISCO-EB/src/discoeb/spline_interpolation.py:82</div>"
"Total","175.0","loop fusion","loop_add_fusion.15","1024.0","829.57","0.810126953125","829.57","0.810126953125","0.00010777968719334609","0.8006197066842092","0.0037031233048446786","0.0037031233048446786","0.018393612428728136","0.018393612428728136","0.0","0.1875","0.1875","0.0","0.1875","HBM","829.57","0.00010777968719334609","94.509","3.918275830708904e-05","2.6091856799331758e-08","3.918275830708904e-05","False","7","<div class='source-info-cell' title='/home/lawrence/git/DISCO-EB/src/discoeb/spline_interpolation.py:39:15
/home/lawrence/git/DISCO-EB/src/discoeb/background.py:248:40
/home/lawrence/git/DISCO-EB/src/discoeb/cmb.py:987:12
/home/lawrence/git/DISCO-EB/scripts/profile_CMB.py:38:0
'>/home/lawrence/git/DISCO-EB/src/discoeb/spline_interpolation.py:39</div>"
"Total","176.0","loop fusion","loop_add_fusion.23","1024.0","829.529","0.8100869140625","829.529","0.8100869140625","0.0001077743603768328","0.800727481044586","0.003703306334076325","0.003703306334076325","0.01839452154475612","0.01839452154475612","0.0","0.1875","0.1875","0.0","0.1875","HBM","829.529","0.0001077743603768328","94.509","3.9184694939913926e-05","2.609314640599864e-08","3.9184694939913926e-05","False","7","<div class='source-info-cell' title='/home/lawrence/git/DISCO-EB/src/discoeb/spline_interpolation.py:40:15
/home/lawrence/git/DISCO-EB/src/discoeb/background.py:248:40
/home/lawrence/git/DISCO-EB/src/discoeb/cmb.py:987:12
/home/lawrence/git/DISCO-EB/scripts/profile_CMB.py:38:0
'>/home/lawrence/git/DISCO-EB/src/discoeb/spline_interpolation.py:40</div>"
"Total","177.0","loop fusion","loop_add_fusion.14","1024.0","828.493","0.8090751953125","828.493","0.8090751953125","0.00010763976081810684","0.8008351208054041","0.0037079371823298445","0.0037079371823298445","0.018417523216852767","0.018417523216852767","0.0","0.1875","0.1875","0.0","0.1875","HBM","828.493","0.00010763976081810683","94.509","3.923369395856315e-05","2.612577492510093e-08","3.923369395856315e-05","False","7","<div class='source-info-cell' title='/home/lawrence/git/DISCO-EB/src/discoeb/spline_interpolation.py:39:15
/home/lawrence/git/DISCO-EB/src/discoeb/background.py:248:40
/home/lawrence/git/DISCO-EB/src/discoeb/cmb.py:987:12
/home/lawrence/git/DISCO-EB/scripts/profile_CMB.py:38:0
'>/home/lawrence/git/DISCO-EB/src/discoeb/spline_interpolation.py:39</div>"
"Total","178.0","loop fusion","loop_add_fusion.45","1021.0","828.187","0.811152791380999","828.187","0.811152791380999","0.00010760000457778815","0.8009427208099819","0.0036984400865987996","0.0036984400865987996","0.018370350632065532","0.018370350632065532","0.0","0.1875","0.1875","0.0","0.1875","HBM","828.187","0.00010760000457778815","94.509","3.9133205161400495e-05","2.6058859286213134e-08","3.9133205161400495e-05","False","7","<div class='source-info-cell' title='/home/lawrence/git/DISCO-EB/src/discoeb/spline_interpolation.py:82:25
/home/lawrence/git/DISCO-EB/src/discoeb/background.py:248:40
/home/lawrence/git/DISCO-EB/src/discoeb/cmb.py:987:12
/home/lawrence/git/DISCO-EB/scripts/profile_CMB.py:38:0
'>/home/lawrence/git/DISCO-EB/src/discoeb/spline_interpolation.py:82</div>"
"Total","179.0","loop fusion","loop_add_fusion.48","1021.0","828.011","0.8109804113614103","828.011","0.8109804113614103","0.00010757713824348722","0.8010502979482254","0.003699226218009181","0.003699226218009181","0.018374255389020745","0.018374255389020745","0.0","0.1875","0.1875","0.0","0.1875","HBM","828.011","0.00010757713824348722","94.509","3.9141523220107936e-05","2.6064398293828217e-08","3.9141523220107936e-05","False","7","<div class='source-info-cell' title='/home/lawrence/git/DISCO-EB/src/discoeb/spline_interpolation.py:82:25
/home/lawrence/git/DISCO-EB/src/discoeb/background.py:248:40
/home/lawrence/git/DISCO-EB/src/discoeb/cmb.py:987:12
/home/lawrence/git/DISCO-EB/scripts/profile_CMB.py:38:0
'>/home/lawrence/git/DISCO-EB/src/discoeb/spline_interpolation.py:82</div>"
"Total","180.0","loop fusion","loop_add_fusion.13","1024.0","827.939","0.8085341796875","827.939","0.8085341796875","0.00010756778383400047","0.8011578657320594","0.0037104182796075555","0.0037104182796075555","0.018429846960343697","0.018429846960343697","0.0","0.1875","0.1875","0.0","0.1875","HBM","827.939","0.00010756778383400047","94.509","3.9259946455973034e-05","2.6143256502014815e-08","3.9259946455973034e-05","False","7","<div class='source-info-cell' title='/home/lawrence/git/DISCO-EB/src/discoeb/spline_interpolation.py:39:15
/home/lawrence/git/DISCO-EB/src/discoeb/background.py:248:40
/home/lawrence/git/DISCO-EB/src/discoeb/cmb.py:987:12
/home/lawrence/git/DISCO-EB/scripts/profile_CMB.py:38:0
'>/home/lawrence/git/DISCO-EB/src/discoeb/spline_interpolation.py:39</div>"
"Total","181.0","loop fusion","loop_add_fusion.22","1024.0","827.527","0.8081318359375","827.527","0.8081318359375","0.00010751425582415964","0.8012653799878835","0.0037122655816668217","0.0037122655816668217","0.01843902260892998","0.01843902260892998","0.0","0.1875","0.1875","0.0","0.1875","HBM","827.527","0.00010751425582415964","94.509","3.927949276435918e-05","2.6156272417723705e-08","3.927949276435918e-05","False","7","<div class='source-info-cell' title='/home/lawrence/git/DISCO-EB/src/discoeb/spline_interpolation.py:40:15
/home/lawrence/git/DISCO-EB/src/discoeb/background.py:248:40
/home/lawrence/git/DISCO-EB/src/discoeb/cmb.py:987:12
/home/lawrence/git/DISCO-EB/scripts/profile_CMB.py:38:0
'>/home/lawrence/git/DISCO-EB/src/discoeb/spline_interpolation.py:40</div>"
"Total","182.0","loop fusion","loop_add_fusion.44","1021.0","826.568","0.8095670910871694","826.568","0.8095670910871694","0.00010738966028669033","0.8013727696481702","0.003705684226827073","0.003705684226827073","0.018406332665816313","0.018406332665816313","0.0","0.1875","0.1875","0.0","0.1875","HBM","826.568","0.00010738966028669033","94.509","3.920985542992808e-05","2.6109900813570085e-08","3.920985542992808e-05","False","7","<div class='source-info-cell' title='/home/lawrence/git/DISCO-EB/src/discoeb/spline_interpolation.py:82:25
/home/lawrence/git/DISCO-EB/src/discoeb/background.py:248:40
/home/lawrence/git/DISCO-EB/src/discoeb/cmb.py:987:12
/home/lawrence/git/DISCO-EB/scripts/profile_CMB.py:38:0
'>/home/lawrence/git/DISCO-EB/src/discoeb/spline_interpolation.py:82</div>"
"Total","183.0","loop fusion","loop_add_fusion.47","1021.0","825.298","0.8083232125367287","825.298","0.8083232125367287","0.00010722465889713241","0.8014799943070673","0.0037113866748738032","0.0037113866748738032","0.01843465703166427","0.01843465703166427","0.0","0.1875","0.1875","0.0","0.1875","HBM","825.298","0.00010722465889713243","94.509","3.927019304906203e-05","2.6150079723531376e-08","3.927019304906203e-05","False","7","<div class='source-info-cell' title='/home/lawrence/git/DISCO-EB/src/discoeb/spline_interpolation.py:82:25
/home/lawrence/git/DISCO-EB/src/discoeb/background.py:248:40
/home/lawrence/git/DISCO-EB/src/discoeb/cmb.py:987:12
/home/lawrence/git/DISCO-EB/scripts/profile_CMB.py:38:0
'>/home/lawrence/git/DISCO-EB/src/discoeb/spline_interpolation.py:82</div>"
"Total","184.0","loop fusion","loop_add_fusion.43","1021.0","825.171","0.8081988246816847","825.171","0.8081988246816847","0.00010720815875817663","0.8015872024658255","0.003711957885092908","0.003711957885092908","0.018437494263514417","0.018437494263514417","0.0","0.1875","0.1875","0.0","0.1875","HBM","825.171","0.00010720815875817663","94.50900000000001","3.927623702602829e-05","2.615410441674634e-08","3.927623702602829e-05","False","7","<div class='source-info-cell' title='/home/lawrence/git/DISCO-EB/src/discoeb/spline_interpolation.py:82:25
/home/lawrence/git/DISCO-EB/src/discoeb/background.py:248:40
/home/lawrence/git/DISCO-EB/src/discoeb/cmb.py:987:12
/home/lawrence/git/DISCO-EB/scripts/profile_CMB.py:38:0
'>/home/lawrence/git/DISCO-EB/src/discoeb/spline_interpolation.py:82</div>"
"Total","185.0","loop fusion","loop_add_fusion.46","1021.0","824.922","0.8079549461312439","824.922","0.8079549461312439","0.00010717580809203497","0.8016943782739175","0.0037130783274055","0.0037130783274055","0.01844305956068387","0.01844305956068387","0.0","0.1875","0.1875","0.0","0.1875","HBM","824.922","0.00010717580809203497","94.509","3.9288092429350646e-05","2.6161998947380476e-08","3.9288092429350646e-05","False","7","<div class='source-info-cell' title='/home/lawrence/git/DISCO-EB/src/discoeb/spline_interpolation.py:82:25
/home/lawrence/git/DISCO-EB/src/discoeb/background.py:248:40
/home/lawrence/git/DISCO-EB/src/discoeb/cmb.py:987:12
/home/lawrence/git/DISCO-EB/scripts/profile_CMB.py:38:0
'>/home/lawrence/git/DISCO-EB/src/discoeb/spline_interpolation.py:82</div>"
"Total","186.0","loop fusion","loop_dynamic_update_slice_fusion.23","1024.0","819.048","0.7998515625","819.048","0.7998515625","0.00010641264418474116","0.8018007909181023","0.0","0.0","0.027944862320340196","0.027944862320340196","0.0","0.0","0.0","0.0","0.0","HBM","819.048","0.00010641264418474116","0.0","5.952918658395818e-05","0.0","5.952918658395818e-05","False","7","<div class='source-info-cell' title='/home/lawrence/git/DISCO-EB/src/discoeb/spline_interpolation.py:39:15
/home/lawrence/git/DISCO-EB/src/discoeb/background.py:248:40
/home/lawrence/git/DISCO-EB/src/discoeb/cmb.py:987:12
/home/lawrence/git/DISCO-EB/scripts/profile_CMB.py:38:0
'>/home/lawrence/git/DISCO-EB/src/discoeb/spline_interpolation.py:39</div>"
"Total","187.0","loop fusion","loop_dynamic_update_slice_fusion.22","1024.0","818.734","0.799544921875","818.734","0.799544921875","0.00010637184856559064","0.8019071627666678","0.0","0.0","0.027955579704458344","0.027955579704458344","0.0","0.0","0.0","0.0","0.0","HBM","818.734","0.00010637184856559064","0.0","5.9552017154799704e-05","0.0","5.9552017154799704e-05","False","7","<div class='source-info-cell' title='/home/lawrence/git/DISCO-EB/src/discoeb/spline_interpolation.py:39:15
/home/lawrence/git/DISCO-EB/src/discoeb/background.py:248:40
/home/lawrence/git/DISCO-EB/src/discoeb/cmb.py:987:12
/home/lawrence/git/DISCO-EB/scripts/profile_CMB.py:38:0
'>/home/lawrence/git/DISCO-EB/src/discoeb/spline_interpolation.py:39</div>"
"Total","188.0","loop fusion","loop_dynamic_update_slice_fusion.30","1024.0","818.574","0.799388671875","818.574","0.799388671875","0.0001063510609889534","0.8020135138276568","0.0","0.0","0.02796104395418129","0.02796104395418129","0.0","0.0","0.0","0.0","0.0","HBM","818.574","0.00010635106098895342","0.0","5.9563657303087785e-05","0.0","5.9563657303087785e-05","False","7","<div class='source-info-cell' title='/home/lawrence/git/DISCO-EB/src/discoeb/spline_interpolation.py:40:15
/home/lawrence/git/DISCO-EB/src/discoeb/background.py:248:40
/home/lawrence/git/DISCO-EB/src/discoeb/cmb.py:987:12
/home/lawrence/git/DISCO-EB/scripts/profile_CMB.py:38:0
'>/home/lawrence/git/DISCO-EB/src/discoeb/spline_interpolation.py:40</div>"
"Total","189.0","loop fusion","loop_dynamic_update_slice_fusion.21","1024.0","818.551","0.7993662109375","818.551","0.7993662109375","0.00010634807277481182","0.8021198619004316","0.0","0.0","0.02796182961568674","0.02796182961568674","0.0","0.0","0.0","0.0","0.0","HBM","818.551","0.00010634807277481182","0.0","5.9565330948490424e-05","0.0","5.9565330948490424e-05","False","7","<div class='source-info-cell' title='/home/lawrence/git/DISCO-EB/src/discoeb/spline_interpolation.py:39:15
/home/lawrence/git/DISCO-EB/src/discoeb/background.py:248:40
/home/lawrence/git/DISCO-EB/src/discoeb/cmb.py:987:12
/home/lawrence/git/DISCO-EB/scripts/profile_CMB.py:38:0
'>/home/lawrence/git/DISCO-EB/src/discoeb/spline_interpolation.py:39</div>"
"Total","190.0","loop fusion","loop_dynamic_update_slice_fusion.19","1024.0","818.528","0.79934375","818.528","0.79934375","0.00010634508456067022","0.8022262069849923","0.0","0.0","0.027962615321345145","0.027962615321345145","0.0","0.0","0.0","0.0","0.0","HBM","818.528","0.00010634508456067022","0.0","5.956700468794932e-05","0.0","5.956700468794932e-05","False","7","<div class='source-info-cell' title='/home/lawrence/git/DISCO-EB/src/discoeb/spline_interpolation.py:39:15
/home/lawrence/git/DISCO-EB/src/discoeb/background.py:248:40
/home/lawrence/git/DISCO-EB/src/discoeb/cmb.py:987:12
/home/lawrence/git/DISCO-EB/scripts/profile_CMB.py:38:0
'>/home/lawrence/git/DISCO-EB/src/discoeb/spline_interpolation.py:39</div>"
"Total","191.0","loop fusion","loop_dynamic_update_slice_fusion.25","1024.0","818.413","0.7992314453125","818.413","0.7992314453125","0.00010633014348996222","0.8023325371284822","0.0","0.0","0.027966544512061757","0.027966544512061757","0.0","0.0","0.0","0.0","0.0","HBM","818.413","0.00010633014348996222","0.0","5.957537479636539e-05","0.0","5.957537479636539e-05","False","7","<div class='source-info-cell' title='/home/lawrence/git/DISCO-EB/src/discoeb/spline_interpolation.py:39:15
/home/lawrence/git/DISCO-EB/src/discoeb/background.py:248:40
/home/lawrence/git/DISCO-EB/src/discoeb/cmb.py:987:12
/home/lawrence/git/DISCO-EB/scripts/profile_CMB.py:38:0
'>/home/lawrence/git/DISCO-EB/src/discoeb/spline_interpolation.py:39</div>"
"Total","192.0","loop fusion","loop_dynamic_update_slice_fusion.28","1024.0","818.377","0.7991962890625","818.377","0.7991962890625","0.00010632546628521883","0.8024388625947674","0.0","0.0","0.027967774746541017","0.027967774746541017","0.0","0.0","0.0","0.0","0.0","HBM","818.377","0.00010632546628521885","0.0","5.957799548767596e-05","0.0","5.957799548767596e-05","False","7","<div class='source-info-cell' title='/home/lawrence/git/DISCO-EB/src/discoeb/spline_interpolation.py:40:15
/home/lawrence/git/DISCO-EB/src/discoeb/background.py:248:40
/home/lawrence/git/DISCO-EB/src/discoeb/cmb.py:987:12
/home/lawrence/git/DISCO-EB/scripts/profile_CMB.py:38:0
'>/home/lawrence/git/DISCO-EB/src/discoeb/spline_interpolation.py:40</div>"
"Total","193.0","loop fusion","loop_dynamic_update_slice_fusion.7","1024.0","818.241","0.7990634765625","818.241","0.7990634765625","0.00010630779684507721","0.8025451703916124","0.0","0.0","0.02797242327596637","0.02797242327596637","0.0","0.0","0.0","0.0","0.0","HBM","818.241","0.00010630779684507721","0.0","5.9587897958202767e-05","0.0","5.9587897958202767e-05","False","7","<div class='source-info-cell' title='/home/lawrence/git/DISCO-EB/src/discoeb/spline_interpolation.py:39:15
/home/lawrence/git/DISCO-EB/src/discoeb/background.py:248:40
/home/lawrence/git/DISCO-EB/src/discoeb/cmb.py:987:12
/home/lawrence/git/DISCO-EB/scripts/profile_CMB.py:38:0
'>/home/lawrence/git/DISCO-EB/src/discoeb/spline_interpolation.py:39</div>"
"Total","194.0","loop fusion","loop_dynamic_update_slice_fusion.8","1024.0","818.081","0.7989072265625","818.081","0.7989072265625","0.00010628700926843999","0.8026514574008808","0.0","0.0","0.02797789411286902","0.02797789411286902","0.0","0.0","0.0","0.0","0.0","HBM","818.081","0.00010628700926844","0.0","5.9599552138746395e-05","0.0","5.9599552138746395e-05","False","7","<div class='source-info-cell' title='/home/lawrence/git/DISCO-EB/src/discoeb/spline_interpolation.py:40:15
/home/lawrence/git/DISCO-EB/src/discoeb/background.py:248:40
/home/lawrence/git/DISCO-EB/src/discoeb/cmb.py:987:12
/home/lawrence/git/DISCO-EB/scripts/profile_CMB.py:38:0
'>/home/lawrence/git/DISCO-EB/src/discoeb/spline_interpolation.py:40</div>"
"Total","195.0","loop fusion","loop_dynamic_update_slice_fusion.20","1024.0","814.257","0.7951728515625","814.257","0.7951728515625","0.00010579018618681052","0.8027572475870677","0.0","0.0","0.028109286863668346","0.028109286863668346","0.0","0.0","0.0","0.0","0.0","HBM","814.257","0.00010579018618681053","0.0","5.987944987051727e-05","0.0","5.987944987051727e-05","False","7","<div class='source-info-cell' title='/home/lawrence/git/DISCO-EB/src/discoeb/spline_interpolation.py:39:15
/home/lawrence/git/DISCO-EB/src/discoeb/background.py:248:40
/home/lawrence/git/DISCO-EB/src/discoeb/cmb.py:987:12
/home/lawrence/git/DISCO-EB/scripts/profile_CMB.py:38:0
'>/home/lawrence/git/DISCO-EB/src/discoeb/spline_interpolation.py:39</div>"
"Total","196.0","data formatting","copy.1239","1021.0","813.502","0.7967698334965719","813.502","0.7967698334965719","0.00010569209480955366","0.8028629396818773","0.0","0.0","0.01870196456667403","0.01870196456667403","0.0","0.0","0.0","0.0","0.0","HBM","813.502","0.00010569209480955367","0.0","3.9839621516609414e-05","0.0","3.9839621516609414e-05","False","7","<div class='source-info-cell' title='/home/lawrence/git/DISCO-EB/src/discoeb/spline_interpolation.py:66:46
/home/lawrence/git/DISCO-EB/src/discoeb/spline_interpolation.py:71:21
/home/lawrence/git/DISCO-EB/src/discoeb/background.py:248:40
/home/lawrence/git/DISCO-EB/src/discoeb/cmb.py:987:12
/home/lawrence/git/DISCO-EB/scripts/profile_CMB.py:38:0
'>/home/lawrence/git/DISCO-EB/src/discoeb/spline_interpolation.py:66</div>"
"Total","197.0","loop fusion","loop_dynamic_slice_fusion.17","1021.0","813.465","0.7967335945151812","813.465","0.7967335945151812","0.00010568728768245631","0.8029686269695597","0.011296122144161088","0.011296122144161088","0.028054222822589396","0.028054222822589396","0.0","0.375","0.375","0.0","0.375","HBM","813.465","0.00010568728768245631","189.01800000000003","5.976215039922699e-05","7.959140895676272e-08","5.976215039922699e-05","False","7","<div class='source-info-cell' title='/home/lawrence/git/DISCO-EB/src/discoeb/spline_interpolation.py:68:49
/home/lawrence/git/DISCO-EB/src/discoeb/spline_interpolation.py:71:21
/home/lawrence/git/DISCO-EB/src/discoeb/background.py:248:40
/home/lawrence/git/DISCO-EB/src/discoeb/cmb.py:987:12
/home/lawrence/git/DISCO-EB/scripts/profile_CMB.py:38:0
'>/home/lawrence/git/DISCO-EB/src/discoeb/spline_interpolation.py:68</div>"
"Total","198.0","data formatting","copy.1284","1021.0","813.068","0.7963447600391773","813.068","0.7963447600391773","0.00010563570850792521","0.8030742626780677","0.0","0.0","0.018711947314269478","0.018711947314269478","0.0","0.0","0.0","0.0","0.0","HBM","813.068","0.00010563570850792522","0.0","3.9860887137367095e-05","0.0","3.9860887137367095e-05","False","7","<div class='source-info-cell' title='/home/lawrence/git/DISCO-EB/src/discoeb/spline_interpolation.py:66:46
/home/lawrence/git/DISCO-EB/src/discoeb/spline_interpolation.py:71:21
/home/lawrence/git/DISCO-EB/src/discoeb/background.py:248:40
/home/lawrence/git/DISCO-EB/src/discoeb/cmb.py:987:12
/home/lawrence/git/DISCO-EB/scripts/profile_CMB.py:38:0
'>/home/lawrence/git/DISCO-EB/src/discoeb/spline_interpolation.py:66</div>"
"Total","199.0","data formatting","copy.921","1021.0","812.934","0.7962135161606269","812.934","0.7962135161606269","0.00010561829891249154","0.8031798809769802","0.0","0.0","0.018715031698659984","0.018715031698659984","0.0","0.0","0.0","0.0","0.0","HBM","812.934","0.00010561829891249155","0.0","3.986745760788058e-05","0.0","3.986745760788058e-05","False","7","<div class='source-info-cell' title='/home/lawrence/git/DISCO-EB/src/discoeb/spline_interpolation.py:66:46
/home/lawrence/git/DISCO-EB/src/discoeb/spline_interpolation.py:71:21
/home/lawrence/git/DISCO-EB/src/discoeb/background.py:248:40
/home/lawrence/git/DISCO-EB/src/discoeb/cmb.py:987:12
/home/lawrence/git/DISCO-EB/scripts/profile_CMB.py:38:0
'>/home/lawrence/git/DISCO-EB/src/discoeb/spline_interpolation.py:66</div>"
"Total","200.0","data formatting","copy.1001","1021.0","812.877","0.7961576885406464","812.877","0.7961576885406464","0.00010561089333831452","0.8032854918703185","0.0","0.0","0.01871634402119688","0.01871634402119688","0.0","0.0","0.0","0.0","0.0","HBM","812.877","0.00010561089333831454","0.0","3.987025316622907e-05","0.0","3.987025316622907e-05","False","7","<div class='source-info-cell' title='/home/lawrence/git/DISCO-EB/src/discoeb/spline_interpolation.py:66:46
/home/lawrence/git/DISCO-EB/src/discoeb/spline_interpolation.py:71:21
/home/lawrence/git/DISCO-EB/src/discoeb/background.py:248:40
/home/lawrence/git/DISCO-EB/src/discoeb/cmb.py:987:12
/home/lawrence/git/DISCO-EB/scripts/profile_CMB.py:38:0
'>/home/lawrence/git/DISCO-EB/src/discoeb/spline_interpolation.py:66</div>"
"Total","201.0","data formatting","copy.1025","1021.0","812.725","0.7960088148873653","812.725","0.7960088148873653","0.00010559114514050919","0.803391083015459","0.0","0.0","0.018719844447898683","0.018719844447898683","0.0","0.0","0.0","0.0","0.0","HBM","812.725","0.00010559114514050919","0.0","3.987770990557051e-05","0.0","3.987770990557051e-05","False","7","<div class='source-info-cell' title='/home/lawrence/git/DISCO-EB/src/discoeb/spline_interpolation.py:66:46
/home/lawrence/git/DISCO-EB/src/discoeb/spline_interpolation.py:71:21
/home/lawrence/git/DISCO-EB/src/discoeb/background.py:248:40
/home/lawrence/git/DISCO-EB/src/discoeb/cmb.py:987:12
/home/lawrence/git/DISCO-EB/scripts/profile_CMB.py:38:0
'>/home/lawrence/git/DISCO-EB/src/discoeb/spline_interpolation.py:66</div>"
"Total","202.0","data formatting","copy.936","1021.0","812.669","0.7959539666993144","812.669","0.7959539666993144","0.00010558386948868615","0.8034966668849477","0.0","0.0","0.01872113440886567","0.01872113440886567","0.0","0.0","0.0","0.0","0.0","HBM","812.669","0.00010558386948868616","0.0","3.988045782846988e-05","0.0","3.988045782846988e-05","False","7","<div class='source-info-cell' title='/home/lawrence/git/DISCO-EB/src/discoeb/spline_interpolation.py:66:46
/home/lawrence/git/DISCO-EB/src/discoeb/spline_interpolation.py:71:21
/home/lawrence/git/DISCO-EB/src/discoeb/background.py:248:40
/home/lawrence/git/DISCO-EB/src/discoeb/cmb.py:987:12
/home/lawrence/git/DISCO-EB/scripts/profile_CMB.py:38:0
'>/home/lawrence/git/DISCO-EB/src/discoeb/spline_interpolation.py:66</div>"
"Total","203.0","data formatting","copy.837","1021.0","812.354","0.795645445641528","812.354","0.795645445641528","0.00010554294394718164","0.8036022098288949","0.0","0.0","0.018728393753115583","0.018728393753115583","0.0","0.0","0.0","0.0","0.0","HBM","812.354","0.00010554294394718164","0.0","3.989592195398163e-05","0.0","3.989592195398163e-05","False","7","<div class='source-info-cell' title='/home/lawrence/git/DISCO-EB/src/discoeb/spline_interpolation.py:66:46
/home/lawrence/git/DISCO-EB/src/discoeb/spline_interpolation.py:71:21
/home/lawrence/git/DISCO-EB/src/discoeb/background.py:248:40
/home/lawrence/git/DISCO-EB/src/discoeb/cmb.py:987:12
/home/lawrence/git/DISCO-EB/scripts/profile_CMB.py:38:0
'>/home/lawrence/git/DISCO-EB/src/discoeb/spline_interpolation.py:66</div>"
"Total","204.0","data formatting","copy.966","1021.0","812.211","0.7955053868756121","812.211","0.7955053868756121","0.00010552436505056213","0.8037077341939454","0.0","0.0","0.01873169112326533","0.01873169112326533","0.0","0.0","0.0","0.0","0.0","HBM","812.211","0.00010552436505056213","0.0","3.990294613469258e-05","0.0","3.990294613469258e-05","False","7","<div class='source-info-cell' title='/home/lawrence/git/DISCO-EB/src/discoeb/spline_interpolation.py:66:46
/home/lawrence/git/DISCO-EB/src/discoeb/spline_interpolation.py:71:21
/home/lawrence/git/DISCO-EB/src/discoeb/background.py:248:40
/home/lawrence/git/DISCO-EB/src/discoeb/cmb.py:987:12
/home/lawrence/git/DISCO-EB/scripts/profile_CMB.py:38:0
'>/home/lawrence/git/DISCO-EB/src/discoeb/spline_interpolation.py:66</div>"
"Total","205.0","data formatting","copy.1254","1021.0","812.154","0.7954495592556318","812.154","0.7954495592556318","0.00010551695947638511","0.8038132511534217","0.0","0.0","0.018733005783285506","0.018733005783285506","0.0","0.0","0.0","0.0","0.0","HBM","812.154","0.00010551695947638513","0.0","3.990574667243502e-05","0.0","3.990574667243502e-05","False","7","<div class='source-info-cell' title='/home/lawrence/git/DISCO-EB/src/discoeb/spline_interpolation.py:66:46
/home/lawrence/git/DISCO-EB/src/discoeb/spline_interpolation.py:71:21
/home/lawrence/git/DISCO-EB/src/discoeb/background.py:248:40
/home/lawrence/git/DISCO-EB/src/discoeb/cmb.py:987:12
/home/lawrence/git/DISCO-EB/scripts/profile_CMB.py:38:0
'>/home/lawrence/git/DISCO-EB/src/discoeb/spline_interpolation.py:66</div>"
"Total","206.0","loop fusion","loop_dynamic_slice_fusion.19","1021.0","812.143","0.7954387855044075","812.143","0.7954387855044075","0.00010551553033049131","0.8039187666837522","0.011314509883111718","0.011314509883111718","0.02809988926627168","0.02809988926627168","0.0","0.375","0.375","0.0","0.375","HBM","812.143","0.00010551553033049131","189.01800000000003","5.985943075850827e-05","7.972096722746239e-08","5.985943075850827e-05","False","7","<div class='source-info-cell' title='/home/lawrence/git/DISCO-EB/src/discoeb/spline_interpolation.py:68:49
/home/lawrence/git/DISCO-EB/src/discoeb/spline_interpolation.py:71:21
/home/lawrence/git/DISCO-EB/src/discoeb/background.py:248:40
/home/lawrence/git/DISCO-EB/src/discoeb/cmb.py:987:12
/home/lawrence/git/DISCO-EB/scripts/profile_CMB.py:38:0
'>/home/lawrence/git/DISCO-EB/src/discoeb/spline_interpolation.py:68</div>"
"Total","207.0","loop fusion","loop_dynamic_slice_fusion.8","1021.0","812.142","0.795437806072478","812.142","0.795437806072478","0.00010551540040813733","0.8040242820841603","0.01131452381480086","0.01131452381480086","0.02809992386599595","0.02809992386599595","0.0","0.375","0.375","0.0","0.375","HBM","812.142","0.00010551540040813733","189.01800000000003","5.985950446412965e-05","7.972106538882731e-08","5.985950446412965e-05","False","7","<div class='source-info-cell' title='/home/lawrence/git/DISCO-EB/src/discoeb/spline_interpolation.py:68:49
/home/lawrence/git/DISCO-EB/src/discoeb/spline_interpolation.py:71:21
/home/lawrence/git/DISCO-EB/src/discoeb/background.py:248:40
/home/lawrence/git/DISCO-EB/src/discoeb/cmb.py:987:12
/home/lawrence/git/DISCO-EB/scripts/profile_CMB.py:38:0
'>/home/lawrence/git/DISCO-EB/src/discoeb/spline_interpolation.py:68</div>"
"Total","208.0","loop fusion","loop_dynamic_slice_fusion.9","1021.0","811.709","0.7950137120470127","811.709","0.7950137120470127","0.00010545914402886285","0.8041297412281891","0.011320559461580443","0.011320559461580443","0.028114913556924567","0.028114913556924567","0.0","0.375","0.375","0.0","0.375","HBM","811.709","0.00010545914402886286","189.018","5.9891436062070506e-05","7.976359198556747e-08","5.9891436062070506e-05","False","7","<div class='source-info-cell' title='/home/lawrence/git/DISCO-EB/src/discoeb/spline_interpolation.py:68:49
/home/lawrence/git/DISCO-EB/src/discoeb/spline_interpolation.py:71:21
/home/lawrence/git/DISCO-EB/src/discoeb/background.py:248:40
/home/lawrence/git/DISCO-EB/src/discoeb/cmb.py:987:12
/home/lawrence/git/DISCO-EB/scripts/profile_CMB.py:38:0
'>/home/lawrence/git/DISCO-EB/src/discoeb/spline_interpolation.py:68</div>"
"Total","209.0","loop fusion","loop_dynamic_slice_fusion.18","1021.0","811.545","0.7948530852105778","811.545","0.7948530852105778","0.0001054378367628097","0.8042351790649519","0.011322847161894904","0.011322847161894904","0.02812059512211607","0.02812059512211607","0.0","0.375","0.375","0.0","0.375","HBM","811.545","0.00010543783676280972","189.018","5.99035391438641e-05","7.977971090575753e-08","5.99035391438641e-05","False","7","<div class='source-info-cell' title='/home/lawrence/git/DISCO-EB/src/discoeb/spline_interpolation.py:68:49
/home/lawrence/git/DISCO-EB/src/discoeb/spline_interpolation.py:71:21
/home/lawrence/git/DISCO-EB/src/discoeb/background.py:248:40
/home/lawrence/git/DISCO-EB/src/discoeb/cmb.py:987:12
/home/lawrence/git/DISCO-EB/scripts/profile_CMB.py:38:0
'>/home/lawrence/git/DISCO-EB/src/discoeb/spline_interpolation.py:68</div>"
"Total","210.0","loop fusion","loop_dynamic_slice_fusion.16","1021.0","811.502","0.7948109696376101","811.502","0.7948109696376101","0.00010543225010158845","0.8043406113150535","0.011323447138762443","0.011323447138762443","0.028122085180785364","0.028122085180785364","0.0","0.375","0.375","0.0","0.375","HBM","811.502","0.00010543225010158846","189.01800000000003","5.990671332234201e-05","7.978393828605843e-08","5.990671332234201e-05","False","7","<div class='source-info-cell' title='/home/lawrence/git/DISCO-EB/src/discoeb/spline_interpolation.py:68:49
/home/lawrence/git/DISCO-EB/src/discoeb/spline_interpolation.py:71:21
/home/lawrence/git/DISCO-EB/src/discoeb/background.py:248:40
/home/lawrence/git/DISCO-EB/src/discoeb/cmb.py:987:12
/home/lawrence/git/DISCO-EB/scripts/profile_CMB.py:38:0
'>/home/lawrence/git/DISCO-EB/src/discoeb/spline_interpolation.py:68</div>"
"Total","211.0","data formatting","copy.951","1021.0","811.478","0.7947874632713026","811.478","0.7947874632713026","0.00010542913196509288","0.8044460404470186","0.0","0.0","0.01874861127340292","0.01874861127340292","0.0","0.0","0.0","0.0","0.0","HBM","811.478","0.00010542913196509289","0.0","3.993899006874467e-05","0.0","3.993899006874467e-05","False","7","<div class='source-info-cell' title='/home/lawrence/git/DISCO-EB/src/discoeb/spline_interpolation.py:66:46
/home/lawrence/git/DISCO-EB/src/discoeb/spline_interpolation.py:71:21
/home/lawrence/git/DISCO-EB/src/discoeb/background.py:248:40
/home/lawrence/git/DISCO-EB/src/discoeb/cmb.py:987:12
/home/lawrence/git/DISCO-EB/scripts/profile_CMB.py:38:0
'>/home/lawrence/git/DISCO-EB/src/discoeb/spline_interpolation.py:66</div>"
"Total","212.0","loop fusion","loop_dynamic_update_slice_fusion.24","1024.0","811.408","0.792390625","811.408","0.792390625","0.00010542003740031409","0.804551460484419","0.0","0.0","0.028207983645404038","0.028207983645404038","0.0","0.0","0.0","0.0","0.0","HBM","811.408","0.0001054200374003141","0.0","6.008969743115398e-05","0.0","6.008969743115398e-05","False","7","<div class='source-info-cell' title='/home/lawrence/git/DISCO-EB/src/discoeb/spline_interpolation.py:39:15
/home/lawrence/git/DISCO-EB/src/discoeb/background.py:248:40
/home/lawrence/git/DISCO-EB/src/discoeb/cmb.py:987:12
/home/lawrence/git/DISCO-EB/scripts/profile_CMB.py:38:0
'>/home/lawrence/git/DISCO-EB/src/discoeb/spline_interpolation.py:39</div>"
"Total","213.0","loop fusion","loop_dynamic_slice_fusion.11","1021.0","811.261","0.7945749265426053","811.261","0.7945749265426053","0.00010540093881427865","0.8046568614232332","0.011326810976985211","0.011326810976985211","0.028130439363383282","0.028130439363383282","0.0","0.375","0.375","0.0","0.375","HBM","811.261","0.00010540093881427866","189.018","5.9924509713282396e-05","7.980763957223752e-08","5.9924509713282396e-05","False","7","<div class='source-info-cell' title='/home/lawrence/git/DISCO-EB/src/discoeb/spline_interpolation.py:68:49
/home/lawrence/git/DISCO-EB/src/discoeb/spline_interpolation.py:71:21
/home/lawrence/git/DISCO-EB/src/discoeb/background.py:248:40
/home/lawrence/git/DISCO-EB/src/discoeb/cmb.py:987:12
/home/lawrence/git/DISCO-EB/scripts/profile_CMB.py:38:0
'>/home/lawrence/git/DISCO-EB/src/discoeb/spline_interpolation.py:68</div>"
"Total","214.0","loop fusion","loop_dynamic_slice_fusion.15","1021.0","810.929","0.7942497551420176","810.929","0.7942497551420176","0.00010535780459275642","0.804762219227826","0.011331448252559719","0.011331448252559719","0.02814195616185595","0.02814195616185595","0.0","0.375","0.375","0.0","0.375","HBM","810.929","0.00010535780459275644","189.018","5.99490432263579e-05","7.984031337763601e-08","5.99490432263579e-05","False","7","<div class='source-info-cell' title='/home/lawrence/git/DISCO-EB/src/discoeb/spline_interpolation.py:68:49
/home/lawrence/git/DISCO-EB/src/discoeb/spline_interpolation.py:71:21
/home/lawrence/git/DISCO-EB/src/discoeb/background.py:248:40
/home/lawrence/git/DISCO-EB/src/discoeb/cmb.py:987:12
/home/lawrence/git/DISCO-EB/scripts/profile_CMB.py:38:0
'>/home/lawrence/git/DISCO-EB/src/discoeb/spline_interpolation.py:68</div>"
"Total","215.0","loop fusion","loop_dynamic_slice_fusion.1","1021.0","810.748","0.7940724779627817","810.748","0.7940724779627817","0.00010533428864668559","0.8048675535164727","0.011333978005496159","0.011333978005496159","0.028148238871237036","0.028148238871237036","0.0","0.375","0.375","0.0","0.375","HBM","810.748","0.00010533428864668558","189.018","5.9962426887895116e-05","7.985813777772254e-08","5.9962426887895116e-05","False","7","<div class='source-info-cell' title='/home/lawrence/git/DISCO-EB/src/discoeb/spline_interpolation.py:68:49
/home/lawrence/git/DISCO-EB/src/discoeb/spline_interpolation.py:71:21
/home/lawrence/git/DISCO-EB/src/discoeb/background.py:248:40
/home/lawrence/git/DISCO-EB/src/discoeb/cmb.py:987:12
/home/lawrence/git/DISCO-EB/scripts/profile_CMB.py:38:0
'>/home/lawrence/git/DISCO-EB/src/discoeb/spline_interpolation.py:68</div>"
"Total","216.0","data formatting","copy.1224","1021.0","810.439","0.7937698334965719","810.439","0.7937698334965719","0.00010529414263930495","0.8049728476591119","0.0","0.0","0.018772647391004697","0.018772647391004697","0.0","0.0","0.0","0.0","0.0","HBM","810.439","0.00010529414263930496","0.0","3.999019270173917e-05","0.0","3.999019270173917e-05","False","7","<div class='source-info-cell' title='/home/lawrence/git/DISCO-EB/src/discoeb/spline_interpolation.py:66:46
/home/lawrence/git/DISCO-EB/src/discoeb/spline_interpolation.py:71:21
/home/lawrence/git/DISCO-EB/src/discoeb/background.py:248:40
/home/lawrence/git/DISCO-EB/src/discoeb/cmb.py:987:12
/home/lawrence/git/DISCO-EB/scripts/profile_CMB.py:38:0
'>/home/lawrence/git/DISCO-EB/src/discoeb/spline_interpolation.py:66</div>"
"Total","217.0","loop fusion","loop_dynamic_slice_fusion.14","1021.0","809.958","0.7932987267384917","809.958","0.7932987267384917","0.00010523164998703933","0.8050780793090989","0.011345032705399539","0.011345032705399539","0.028175693515438683","0.028175693515438683","0.0","0.375","0.375","0.0","0.375","HBM","809.958","0.00010523164998703933","189.018","6.0020911793583356e-05","7.993602814838917e-08","6.0020911793583356e-05","False","7","<div class='source-info-cell' title='/home/lawrence/git/DISCO-EB/src/discoeb/spline_interpolation.py:68:49
/home/lawrence/git/DISCO-EB/src/discoeb/spline_interpolation.py:71:21
/home/lawrence/git/DISCO-EB/src/discoeb/background.py:248:40
/home/lawrence/git/DISCO-EB/src/discoeb/cmb.py:987:12
/home/lawrence/git/DISCO-EB/scripts/profile_CMB.py:38:0
'>/home/lawrence/git/DISCO-EB/src/discoeb/spline_interpolation.py:68</div>"
"Total","218.0","loop fusion","loop_dynamic_update_slice_fusion.26","1024.0","809.925","0.7909423828125","809.925","0.7909423828125","0.0001052273625493579","0.8051833066716483","0.0","0.0","0.02825963341513103","0.02825963341513103","0.0","0.0","0.0","0.0","0.0","HBM","809.925","0.0001052273625493579","0.0","6.0199723694438114e-05","0.0","6.0199723694438114e-05","False","7","<div class='source-info-cell' title='/home/lawrence/git/DISCO-EB/src/discoeb/spline_interpolation.py:39:15
/home/lawrence/git/DISCO-EB/src/discoeb/background.py:248:40
/home/lawrence/git/DISCO-EB/src/discoeb/cmb.py:987:12
/home/lawrence/git/DISCO-EB/scripts/profile_CMB.py:38:0
'>/home/lawrence/git/DISCO-EB/src/discoeb/spline_interpolation.py:39</div>"
"Total","219.0","loop fusion","loop_dynamic_slice_fusion.13","1021.0","809.736","0.793081292850147","809.736","0.793081292850147","0.00010520280722445518","0.8052885094788728","0.01134814309849136","0.01134814309849136","0.028183418260244925","0.028183418260244925","0.0","0.375","0.375","0.0","0.375","HBM","809.736","0.0001052028072244552","189.01800000000003","6.0037367332695086e-05","7.995794368413038e-08","6.0037367332695086e-05","False","7","<div class='source-info-cell' title='/home/lawrence/git/DISCO-EB/src/discoeb/spline_interpolation.py:68:49
/home/lawrence/git/DISCO-EB/src/discoeb/spline_interpolation.py:71:21
/home/lawrence/git/DISCO-EB/src/discoeb/background.py:248:40
/home/lawrence/git/DISCO-EB/src/discoeb/cmb.py:987:12
/home/lawrence/git/DISCO-EB/scripts/profile_CMB.py:38:0
'>/home/lawrence/git/DISCO-EB/src/discoeb/spline_interpolation.py:68</div>"
"Total","220.0","loop fusion","loop_dynamic_slice_fusion.12","1021.0","809.528","0.792877571008815","809.528","0.792877571008815","0.00010517578337482681","0.8053936852622476","0.01135105888863634","0.01135105888863634","0.028190659703404557","0.028190659703404557","0.0","0.375","0.375","0.0","0.375","HBM","809.528","0.00010517578337482681","189.018","6.005279332463755e-05","7.997848806590135e-08","6.005279332463755e-05","False","7","<div class='source-info-cell' title='/home/lawrence/git/DISCO-EB/src/discoeb/spline_interpolation.py:68:49
/home/lawrence/git/DISCO-EB/src/discoeb/spline_interpolation.py:71:21
/home/lawrence/git/DISCO-EB/src/discoeb/background.py:248:40
/home/lawrence/git/DISCO-EB/src/discoeb/cmb.py:987:12
/home/lawrence/git/DISCO-EB/scripts/profile_CMB.py:38:0
'>/home/lawrence/git/DISCO-EB/src/discoeb/spline_interpolation.py:68</div>"
"Total","221.0","data formatting","copy.906","1021.0","809.367","0.7927198824681684","809.367","0.7927198824681684","0.00010515486587583561","0.8054988401281235","0.0","0.0","0.01879751160958929","0.01879751160958929","0.0","0.0","0.0","0.0","0.0","HBM","809.367","0.00010515486587583561","0.0","4.0043159386291745e-05","0.0","4.0043159386291745e-05","False","7","<div class='source-info-cell' title='/home/lawrence/git/DISCO-EB/src/discoeb/spline_interpolation.py:66:46
/home/lawrence/git/DISCO-EB/src/discoeb/spline_interpolation.py:71:21
/home/lawrence/git/DISCO-EB/src/discoeb/background.py:248:40
/home/lawrence/git/DISCO-EB/src/discoeb/cmb.py:987:12
/home/lawrence/git/DISCO-EB/scripts/profile_CMB.py:38:0
'>/home/lawrence/git/DISCO-EB/src/discoeb/spline_interpolation.py:66</div>"
"Total","222.0","data formatting","copy.1269","1021.0","809.167","0.7925239960822723","809.167","0.7925239960822723","0.0001051288814050391","0.8056039690095285","0.0","0.0","0.01880215774854691","0.01880215774854691","0.0","0.0","0.0","0.0","0.0","HBM","809.167","0.0001051288814050391","0.0","4.0053056764555144e-05","0.0","4.0053056764555144e-05","False","7","<div class='source-info-cell' title='/home/lawrence/git/DISCO-EB/src/discoeb/spline_interpolation.py:66:46
/home/lawrence/git/DISCO-EB/src/discoeb/spline_interpolation.py:71:21
/home/lawrence/git/DISCO-EB/src/discoeb/background.py:248:40
/home/lawrence/git/DISCO-EB/src/discoeb/cmb.py:987:12
/home/lawrence/git/DISCO-EB/scripts/profile_CMB.py:38:0
'>/home/lawrence/git/DISCO-EB/src/discoeb/spline_interpolation.py:66</div>"
"Total","223.0","loop fusion","loop_dynamic_slice_fusion.10","1021.0","809.071","0.7924299706170421","809.071","0.7924299706170421","0.00010511640885905676","0.8057090854183875","0.01135747048157702","0.01135747048157702","0.028206583066724283","0.028206583066724283","0.0","0.375","0.375","0.0","0.375","HBM","809.071","0.00010511640885905676","189.01800000000006","6.008671386628266e-05","8.002366354375944e-08","6.008671386628266e-05","False","7","<div class='source-info-cell' title='/home/lawrence/git/DISCO-EB/src/discoeb/spline_interpolation.py:68:49
/home/lawrence/git/DISCO-EB/src/discoeb/spline_interpolation.py:71:21
/home/lawrence/git/DISCO-EB/src/discoeb/background.py:248:40
/home/lawrence/git/DISCO-EB/src/discoeb/cmb.py:987:12
/home/lawrence/git/DISCO-EB/scripts/profile_CMB.py:38:0
'>/home/lawrence/git/DISCO-EB/src/discoeb/spline_interpolation.py:68</div>"
"Total","224.0","loop fusion","loop_dynamic_update_slice_fusion.27","1024.0","808.606","0.789654296875","808.606","0.789654296875","0.00010505599496445485","0.805814141413352","0.0","0.0","0.028305730595308467","0.028305730595308467","0.0","0.0","0.0","0.0","0.0","HBM","808.606","0.00010505599496445485","0.0","6.029792162464511e-05","0.0","6.029792162464511e-05","False","7","<div class='source-info-cell' title='/home/lawrence/git/DISCO-EB/src/discoeb/spline_interpolation.py:39:15
/home/lawrence/git/DISCO-EB/src/discoeb/background.py:248:40
/home/lawrence/git/DISCO-EB/src/discoeb/cmb.py:987:12
/home/lawrence/git/DISCO-EB/scripts/profile_CMB.py:38:0
'>/home/lawrence/git/DISCO-EB/src/discoeb/spline_interpolation.py:39</div>"
"Total","225.0","loop fusion","loop_dynamic_update_slice_fusion.29","1024.0","807.841","0.7889072265625","807.841","0.7889072265625","0.00010495660436365816","0.8059190980177156","0.0","0.0","0.028332535231252187","0.028332535231252187","0.0","0.0","0.0","0.0","0.0","HBM","807.841","0.00010495660436365816","0.0","6.03550218585313e-05","0.0","6.03550218585313e-05","False","7","<div class='source-info-cell' title='/home/lawrence/git/DISCO-EB/src/discoeb/spline_interpolation.py:40:15
/home/lawrence/git/DISCO-EB/src/discoeb/background.py:248:40
/home/lawrence/git/DISCO-EB/src/discoeb/cmb.py:987:12
/home/lawrence/git/DISCO-EB/scripts/profile_CMB.py:38:0
'>/home/lawrence/git/DISCO-EB/src/discoeb/spline_interpolation.py:40</div>"
"Total","226.0","conditional","conditional.5.clone.4","1024.0","773.087","0.7549677734375","773.087","0.7549677734375","0.00010044128287334685","0.8060195393005889","1703.3323080067314","1703.3323080067314","10.987608297941199","0.9165592191950501","0.0","144.37644549230941","1730.7685060565275","0.0","144.37644549230941","Compute","773.087","0.00010044128287334685","141926.4","0.012001518449046348","0.012001518449046348","0.0019524885880362762","False","7","<div class='source-info-cell' title='/home/lawrence/git/DISCO-EB/src/discoeb/thermodynamics_recfast.py:440:14
/home/lawrence/git/DISCO-EB/src/discoeb/thermodynamics_recfast.py:452:12
/home/lawrence/git/DISCO-EB/src/discoeb/thermodynamics_recfast.py:461:11
/home/lawrence/git/DISCO-EB/src/discoeb/background.py:237:82
/home/lawrence/git/DISCO-EB/src/discoeb/cmb.py:987:12
/home/lawrence/git/DISCO-EB/scripts/profile_CMB.py:38:0
'>/home/lawrence/git/DISCO-EB/src/discoeb/thermodynamics_recfast.py:440</div>"
"Total","227.0","loop fusion","wrapped_convert","919.0","762.465","0.8296681175190425","762.465","0.8296681175190425","9.906124762934367e-05","0.8061186005482183","0.0036159036808246937","0.0036159036808246937","0.005612621209312065","0.005612621209312065","0.0","0.6","0.6","0.0","0.6","HBM","762.465","9.906124762934367e-05","302.4288","1.1956214754761099e-05","2.547731557218878e-08","1.1956214754761099e-05","False","7","<div class='source-info-cell' title='/home/lawrence/git/DISCO-EB/src/discoeb/thermodynamics_recfast.py:443:14
/home/lawrence/git/DISCO-EB/src/discoeb/thermodynamics_recfast.py:440:14
/home/lawrence/git/DISCO-EB/src/discoeb/thermodynamics_recfast.py:452:12
/home/lawrence/git/DISCO-EB/src/discoeb/thermodynamics_recfast.py:461:11
/home/lawrence/git/DISCO-EB/src/discoeb/background.py:237:82
/home/lawrence/git/DISCO-EB/src/discoeb/cmb.py:987:12
/home/lawrence/git/DISCO-EB/scripts/profile_CMB.py:38:0
'>/home/lawrence/git/DISCO-EB/src/discoeb/thermodynamics_recfast.py:443</div>"
"Total","228.0","loop fusion","wrapped_convert.1","907.0","733.886","0.8091356119073869","733.886","0.8091356119073869","9.534819667487492e-05","0.8062139487448932","0.0037076603178150284","0.0037076603178150284","0.005755046254978559","0.005755046254978559","0.0","0.6","0.6","0.0","0.6","HBM","733.886","9.534819667487492e-05","302.4288","1.225961389198062e-05","2.6123824163897828e-08","1.225961389198062e-05","False","7","<div class='source-info-cell' title='/home/lawrence/git/DISCO-EB/src/discoeb/thermodynamics_recfast.py:446:16
/home/lawrence/git/DISCO-EB/src/discoeb/thermodynamics_recfast.py:443:14
/home/lawrence/git/DISCO-EB/src/discoeb/thermodynamics_recfast.py:440:14
/home/lawrence/git/DISCO-EB/src/discoeb/thermodynamics_recfast.py:452:12
/home/lawrence/git/DISCO-EB/src/discoeb/thermodynamics_recfast.py:461:11
/home/lawrence/git/DISCO-EB/src/discoeb/background.py:237:82
/home/lawrence/git/DISCO-EB/src/discoeb/cmb.py:987:12
/home/lawrence/git/DISCO-EB/scripts/profile_CMB.py:38:0
'>/home/lawrence/git/DISCO-EB/src/discoeb/thermodynamics_recfast.py:446</div>"
"Total","229.0","input fusion","input_concatenate_fusion.19","30.0","716.23","23.874333333333333","716.23","23.874333333333333","9.305428759295812e-05","0.8063070030324861","7.592672744788685","7.592672744788685","0.004681123757194927","0.004681123757194927","0.0","1510.5833333333333","1510.5833333333333","0.0","1510.5833333333333","Compute","716.23","9.305428759295812e-05","141926.4","5.349725452620996e-05","5.349725452620996e-05","9.971904186546152e-06","False","7","<div class='source-info-cell' title='/home/lawrence/git/DISCO-EB/src/discoeb/thermodynamics_recfast.py:301:9
/home/lawrence/git/DISCO-EB/src/discoeb/thermodynamics_recfast.py:432:14
/home/lawrence/git/DISCO-EB/src/discoeb/thermodynamics_recfast.py:446:16
/home/lawrence/git/DISCO-EB/src/discoeb/thermodynamics_recfast.py:443:14
/home/lawrence/git/DISCO-EB/src/discoeb/thermodynamics_recfast.py:440:14
/home/lawrence/git/DISCO-EB/src/discoeb/thermodynamics_recfast.py:452:12
/home/lawrence/git/DISCO-EB/src/discoeb/thermodynamics_recfast.py:461:11
/home/lawrence/git/DISCO-EB/src/discoeb/background.py:237:82
/home/lawrence/git/DISCO-EB/src/discoeb/cmb.py:987:12
/home/lawrence/git/DISCO-EB/scripts/profile_CMB.py:38:0
'>/home/lawrence/git/DISCO-EB/src/discoeb/thermodynamics_recfast.py:301</div>"
"Total","230.0","call","call.624","750.0","705.158","0.9402106666666666","705.158","0.9402106666666666","9.161578728966277e-05","0.8063986188197758","755.7508388191015","755.7508388191015","15.446585263749865","10.334373737123403","0.0","45.56656406310119","68.10744752228506","0.0","68.10744752228506","HBM","705.158","9.161578728966277e-05","34329.42270871274","0.022014667861784156","0.005324948979323801","0.022014667861784156","False","7",""
"Total","231.0","conditional","conditional.8303.clone","907.0","690.164","0.7609305402425579","690.164","0.7609305402425579","8.966773151404765e-05","0.8064882865512899","1689.976853327615","1689.976853327615","10.115747327927298","0.9069290707796887","0.0","155.59044162129462","1735.4318488529016","0.0","155.59044162129462","Compute","690.164","8.966773151404765e-05","141926.4","0.011907417177689386","0.011907417177689386","0.0019319740871853632","False","7","<div class='source-info-cell' title='/home/lawrence/git/DISCO-EB/src/discoeb/thermodynamics_recfast.py:446:16
/home/lawrence/git/DISCO-EB/src/discoeb/thermodynamics_recfast.py:443:14
/home/lawrence/git/DISCO-EB/src/discoeb/thermodynamics_recfast.py:440:14
/home/lawrence/git/DISCO-EB/src/discoeb/thermodynamics_recfast.py:452:12
/home/lawrence/git/DISCO-EB/src/discoeb/thermodynamics_recfast.py:461:11
/home/lawrence/git/DISCO-EB/src/discoeb/background.py:237:82
/home/lawrence/git/DISCO-EB/src/discoeb/cmb.py:987:12
/home/lawrence/git/DISCO-EB/scripts/profile_CMB.py:38:0
'>/home/lawrence/git/DISCO-EB/src/discoeb/thermodynamics_recfast.py:446</div>"
"Total","232.0","conditional","conditional.8447.clone","919.0","688.558","0.7492470076169749","688.558","0.7492470076169749","8.94590762135516e-05","0.8065777456275035","1716.3338484194505","1716.3338484194505","10.747076595922591","0.9223144615052697","0.0","148.73444367337498","1733.0970350404314","0.0","148.73444367337498","Compute","688.558","8.94590762135516e-05","141926.4","0.012093126073933043","0.012093126073933043","0.001964748619572434","False","7","<div class='source-info-cell' title='/home/lawrence/git/DISCO-EB/src/discoeb/thermodynamics_recfast.py:443:14
/home/lawrence/git/DISCO-EB/src/discoeb/thermodynamics_recfast.py:440:14
/home/lawrence/git/DISCO-EB/src/discoeb/thermodynamics_recfast.py:452:12
/home/lawrence/git/DISCO-EB/src/discoeb/thermodynamics_recfast.py:461:11
/home/lawrence/git/DISCO-EB/src/discoeb/background.py:237:82
/home/lawrence/git/DISCO-EB/src/discoeb/cmb.py:987:12
/home/lawrence/git/DISCO-EB/scripts/profile_CMB.py:38:0
'>/home/lawrence/git/DISCO-EB/src/discoeb/thermodynamics_recfast.py:443</div>"
"Total","233.0","conditional","conditional.2.clone","877.0","663.629","0.7567035347776511","663.629","0.7567035347776511","8.622024185111934e-05","0.8066639658693546","0.0","0.0","0.007384576906112674","0.007384576906112674","0.0","0.0","0.0","0.0","0.0","HBM","663.629","8.622024185111934e-05","0.0","1.5730900780556018e-05","0.0","1.5730900780556018e-05","False","7","<div class='source-info-cell' title='/home/lawrence/git/DISCO-EB/.venv/lib/python3.13/site-packages/equinox/_errors.py:118:15
/home/lawrence/git/DISCO-EB/.venv/lib/python3.13/site-packages/equinox/_ad.py:776:19
/home/lawrence/git/DISCO-EB/.venv/lib/python3.13/site-packages/equinox/_ad.py:819:15
/home/lawrence/git/DISCO-EB/.venv/lib/python3.13/site-packages/equinox/_errors.py:336:16
/home/lawrence/git/DISCO-EB/.venv/lib/python3.13/site-packages/equinox/_jit.py:55:14
/home/lawrence/git/DISCO-EB/.venv/lib/python3.13/site-packages/equinox/_jit.py:263:37
/home/lawrence/git/DISCO-EB/.venv/lib/python3.13/site-packages/equinox/_jit.py:209:19
/home/lawrence/git/DISCO-EB/.venv/lib/python3.13/site-packages/equinox/_errors.py:267:15
/home/lawrence/git/DISCO-EB/.venv/lib/python3.13/site-packages/equinox/_errors.py:246:11
/home/lawrence/git/DISCO-EB/.venv/lib/python3.13/site-packages/diffrax/_integrate.py:1021:14
'>/home/lawrence/git/DISCO-EB/.venv/lib/python3.13/site-packages/equinox/_errors.py:118</div>"
"Total","234.0","conditional","conditional.9","592.0","657.958","1.1114155405405406","657.958","1.1114155405405406","8.5483452181684e-05","0.8067494493215364","1675395.5690545598","1675395.5690545598","281188.6222180055","130078.68831340075","0.0","5.549064192439233","11.995306341896063","0.0","11.995306341896063","HBM","657.958","8.548345218168402e-05","6046.210171020027","277.0984669181475","11.804678826874774","277.0984669181475","False","7","<div class='source-info-cell' title='/home/lawrence/git/DISCO-EB/.venv/lib/python3.13/site-packages/equinox/internal/_loop/bounded.py:72:19
/home/lawrence/git/DISCO-EB/.venv/lib/python3.13/site-packages/equinox/internal/_loop/bounded.py:78:15
/home/lawrence/git/DISCO-EB/.venv/lib/python3.13/site-packages/equinox/internal/_loop/bounded.py:69:19
/home/lawrence/git/DISCO-EB/.venv/lib/python3.13/site-packages/equinox/internal/_loop/bounded.py:72:19
/home/lawrence/git/DISCO-EB/.venv/lib/python3.13/site-packages/equinox/internal/_loop/bounded.py:78:15
/home/lawrence/git/DISCO-EB/.venv/lib/python3.13/site-packages/equinox/internal/_loop/bounded.py:69:19
/home/lawrence/git/DISCO-EB/.venv/lib/python3.13/site-packages/equinox/internal/_loop/bounded.py:72:19
/home/lawrence/git/DISCO-EB/.venv/lib/python3.13/site-packages/equinox/internal/_loop/bounded.py:78:15
/home/lawrence/git/DISCO-EB/.venv/lib/python3.13/site-packages/equinox/internal/_loop/bounded.py:59:19
/home/lawrence/git/DISCO-EB/.venv/lib/python3.13/site-packages/equinox/internal/_loop/loop.py:119:15
'>/home/lawrence/git/DISCO-EB/.venv/lib/python3.13/site-packages/equinox/internal/_loop/bounded.py:72</div>"
"Total","235.0","input fusion","input_reduce_fusion.21","592.0","610.535","1.0313091216216215","610.535","1.0313091216216215","7.932214438876713e-05","0.8068287714659251","0.06690525522697306","0.06690525522697306","0.11739635785402511","0.11739635785402511","0.0","0.5307692307692308","0.5307692307692308","0.0","0.5307692307692308","HBM","610.535","7.932214438876715e-05","267.53316923076926","0.0002500820941916993","4.714081046723729e-07","0.0002500820941916993","False","7","<div class='source-info-cell' title='/home/lawrence/git/DISCO-EB/.venv/lib/python3.13/site-packages/equinox/_unvmap.py:50:23
/home/lawrence/git/DISCO-EB/.venv/lib/python3.13/site-packages/equinox/internal/_loop/common.py:475:14
/home/lawrence/git/DISCO-EB/.venv/lib/python3.13/site-packages/equinox/internal/_loop/bounded.py:72:28
/home/lawrence/git/DISCO-EB/.venv/lib/python3.13/site-packages/equinox/internal/_loop/bounded.py:78:15
/home/lawrence/git/DISCO-EB/.venv/lib/python3.13/site-packages/equinox/internal/_loop/bounded.py:69:19
/home/lawrence/git/DISCO-EB/.venv/lib/python3.13/site-packages/equinox/internal/_loop/bounded.py:72:19
/home/lawrence/git/DISCO-EB/.venv/lib/python3.13/site-packages/equinox/internal/_loop/bounded.py:78:15
/home/lawrence/git/DISCO-EB/.venv/lib/python3.13/site-packages/equinox/internal/_loop/bounded.py:69:19
/home/lawrence/git/DISCO-EB/.venv/lib/python3.13/site-packages/equinox/internal/_loop/bounded.py:72:19
/home/lawrence/git/DISCO-EB/.venv/lib/python3.13/site-packages/equinox/internal/_loop/bounded.py:78:15
'>/home/lawrence/git/DISCO-EB/.venv/lib/python3.13/site-packages/equinox/_unvmap.py:50</div>"
"Total","236.0","call","call.598","224.0","608.572","2.716839285714286","608.572","2.716839285714286","7.90671068078993e-05","0.8069078385727331","0.0","0.0","16240.17150945701","8120.066558133235","0.0","0.0","0.0","0.0","0.0","HBM","608.572","7.90671068078993e-05","0.0","17.29766823225443","0.0","17.29766823225443","False","7",""
"Total","237.0","loop fusion","loop_dynamic_update_slice_fusion.32","509.0","603.694","1.1860392927308447","603.694","1.1860392927308447","7.843334556517217e-05","0.8069862719182982","1.9189920721425093","1.9189920721425093","0.05025520245467708","0.05025520245467708","0.0","35.5625","35.5625","0.0","35.5625","HBM","603.694","7.843334556517217e-05","17925.207000000002","0.0001070555041368565","1.3521036763720559e-05","0.0001070555041368565","False","7","<div class='source-info-cell' title='/home/lawrence/git/DISCO-EB/src/discoeb/spline_interpolation.py:68:21
/home/lawrence/git/DISCO-EB/src/discoeb/spline_interpolation.py:71:21
/home/lawrence/git/DISCO-EB/src/discoeb/background.py:166:43
/home/lawrence/git/DISCO-EB/src/discoeb/background.py:233:12
/home/lawrence/git/DISCO-EB/src/discoeb/cmb.py:987:12
/home/lawrence/git/DISCO-EB/scripts/profile_CMB.py:38:0
'>/home/lawrence/git/DISCO-EB/src/discoeb/spline_interpolation.py:68</div>"
"Total","238.0","loop fusion","loop_dynamic_update_slice_fusion.34","509.0","601.407","1.1815461689587428","601.407","1.1815461689587428","7.813621314161396e-05","0.8070644081314398","1.9262895177475488","1.9262895177475488","0.0504463103865998","0.0504463103865998","0.0","35.5625","35.5625","0.0","35.5625","HBM","601.407","7.813621314161396e-05","17925.207000000002","0.00010746260937168249","1.3572453875723958e-05","0.00010746260937168249","False","7","<div class='source-info-cell' title='/home/lawrence/git/DISCO-EB/src/discoeb/spline_interpolation.py:68:21
/home/lawrence/git/DISCO-EB/src/discoeb/spline_interpolation.py:71:21
/home/lawrence/git/DISCO-EB/src/discoeb/background.py:166:43
/home/lawrence/git/DISCO-EB/src/discoeb/background.py:233:12
/home/lawrence/git/DISCO-EB/src/discoeb/cmb.py:987:12
/home/lawrence/git/DISCO-EB/scripts/profile_CMB.py:38:0
'>/home/lawrence/git/DISCO-EB/src/discoeb/spline_interpolation.py:68</div>"
"Total","239.0","loop fusion","loop_dynamic_update_slice_fusion.9","509.0","601.301","1.1813379174852654","601.301","1.1813379174852654","7.812244137209181e-05","0.8071425305728118","1.9266290925842464","1.9266290925842464","0.050455203285332685","0.050455203285332685","0.0","35.5625","35.5625","0.0","35.5625","HBM","601.301","7.812244137209181e-05","17925.207","0.00010748155335579928","1.3574846487927873e-05","0.00010748155335579928","False","7","<div class='source-info-cell' title='/home/lawrence/git/DISCO-EB/src/discoeb/spline_interpolation.py:68:21
/home/lawrence/git/DISCO-EB/src/discoeb/spline_interpolation.py:71:21
/home/lawrence/git/DISCO-EB/src/discoeb/background.py:166:43
/home/lawrence/git/DISCO-EB/src/discoeb/background.py:233:12
/home/lawrence/git/DISCO-EB/src/discoeb/cmb.py:987:12
/home/lawrence/git/DISCO-EB/scripts/profile_CMB.py:38:0
'>/home/lawrence/git/DISCO-EB/src/discoeb/spline_interpolation.py:68</div>"
"Total","240.0","data formatting","copy.590","592.0","580.697","0.9809070945945946","580.697","0.9809070945945946","7.54455211906343e-05","0.8072179760940025","0.0","0.0","0.015191205442352572","0.015191205442352572","0.0","0.0","0.0","0.0","0.0","HBM","580.697","7.54455211906343e-05","0.0","3.2360871663870066e-05","0.0","3.2360871663870066e-05","False","7",""
"Total","241.0","loop fusion","loop_convert_fusion.3","592.0","571.667","0.9656537162162163","571.667","0.9656537162162163","7.427232233417142e-05","0.8072922484163366","0.00932011118360864","0.00932011118360864","0.012537821029096874","0.012537821029096874","0.0","0.6923076923076923","0.6923076923076923","0.0","0.6923076923076923","HBM","571.667","7.427232233417142e-05","348.9563076923077","2.670853335549002e-05","6.566862249453689e-08","2.670853335549002e-05","False","7","<div class='source-info-cell' title='/home/lawrence/git/DISCO-EB/.venv/lib/python3.13/site-packages/equinox/internal/_loop/bounded.py:72:19
/home/lawrence/git/DISCO-EB/.venv/lib/python3.13/site-packages/equinox/internal/_loop/bounded.py:78:15
/home/lawrence/git/DISCO-EB/.venv/lib/python3.13/site-packages/equinox/internal/_loop/bounded.py:69:19
/home/lawrence/git/DISCO-EB/.venv/lib/python3.13/site-packages/equinox/internal/_loop/bounded.py:72:19
/home/lawrence/git/DISCO-EB/.venv/lib/python3.13/site-packages/equinox/internal/_loop/bounded.py:78:15
/home/lawrence/git/DISCO-EB/.venv/lib/python3.13/site-packages/equinox/internal/_loop/bounded.py:69:19
/home/lawrence/git/DISCO-EB/.venv/lib/python3.13/site-packages/equinox/internal/_loop/bounded.py:72:19
/home/lawrence/git/DISCO-EB/.venv/lib/python3.13/site-packages/equinox/internal/_loop/bounded.py:78:15
/home/lawrence/git/DISCO-EB/.venv/lib/python3.13/site-packages/equinox/internal/_loop/bounded.py:59:19
/home/lawrence/git/DISCO-EB/.venv/lib/python3.13/site-packages/equinox/internal/_loop/loop.py:119:15
'>/home/lawrence/git/DISCO-EB/.venv/lib/python3.13/site-packages/equinox/internal/_loop/bounded.py:72</div>"
"Total","242.0","loop fusion","loop_dynamic_update_slice_fusion.33","509.0","571.242","1.1222829076620824","571.242","1.1222829076620824","7.42171053337288e-05","0.8073664655216704","1.8524740827880304","1.8524740827880304","0.03983263335504982","0.03983263335504982","0.0","43.3125","43.3125","0.0","43.3125","HBM","571.242","7.421710533372881e-05","21831.579","8.485295922883225e-05","1.3052357297782728e-05","8.485295922883225e-05","False","7","<div class='source-info-cell' title='/home/lawrence/git/DISCO-EB/src/discoeb/spline_interpolation.py:67:21
/home/lawrence/git/DISCO-EB/src/discoeb/spline_interpolation.py:71:21
/home/lawrence/git/DISCO-EB/src/discoeb/background.py:166:43
/home/lawrence/git/DISCO-EB/src/discoeb/background.py:233:12
/home/lawrence/git/DISCO-EB/src/discoeb/cmb.py:987:12
/home/lawrence/git/DISCO-EB/scripts/profile_CMB.py:38:0
'>/home/lawrence/git/DISCO-EB/src/discoeb/spline_interpolation.py:67</div>"
"Total","243.0","loop fusion","loop_dynamic_update_slice_fusion.35","509.0","570.144","1.1201257367387034","570.144","1.1201257367387034","7.407445058905592e-05","0.8074405399722594","1.8560416315878094","1.8560416315878094","0.039909344206034564","0.039909344206034564","0.0","43.3125","43.3125","0.0","43.3125","HBM","570.144","7.407445058905592e-05","21831.579","8.50163715408679e-05","1.3077493909433408e-05","8.50163715408679e-05","False","7","<div class='source-info-cell' title='/home/lawrence/git/DISCO-EB/src/discoeb/spline_interpolation.py:67:21
/home/lawrence/git/DISCO-EB/src/discoeb/spline_interpolation.py:71:21
/home/lawrence/git/DISCO-EB/src/discoeb/background.py:166:43
/home/lawrence/git/DISCO-EB/src/discoeb/background.py:233:12
/home/lawrence/git/DISCO-EB/src/discoeb/cmb.py:987:12
/home/lawrence/git/DISCO-EB/scripts/profile_CMB.py:38:0
'>/home/lawrence/git/DISCO-EB/src/discoeb/spline_interpolation.py:67</div>"
"Total","244.0","loop fusion","loop_dynamic_update_slice_fusion.10","509.0","569.531","1.1189214145383104","569.531","1.1189214145383104","7.399480818606458e-05","0.8075145347804454","1.8580393341187749","1.8580393341187749","0.039952299599153286","0.039952299599153286","0.0","43.3125","43.3125","0.0","43.3125","HBM","569.531","7.399480818606458e-05","21831.579","8.510787671925951e-05","1.309156953265055e-05","8.510787671925951e-05","False","7","<div class='source-info-cell' title='/home/lawrence/git/DISCO-EB/src/discoeb/spline_interpolation.py:67:21
/home/lawrence/git/DISCO-EB/src/discoeb/spline_interpolation.py:71:21
/home/lawrence/git/DISCO-EB/src/discoeb/background.py:166:43
/home/lawrence/git/DISCO-EB/src/discoeb/background.py:233:12
/home/lawrence/git/DISCO-EB/src/discoeb/cmb.py:987:12
/home/lawrence/git/DISCO-EB/scripts/profile_CMB.py:38:0
'>/home/lawrence/git/DISCO-EB/src/discoeb/spline_interpolation.py:67</div>"
"Total","245.0","data formatting","copy.593","592.0","559.907","0.9457888513513514","559.907","0.9457888513513514","7.274443545133603e-05","0.8075872792158968","0.0","0.0","0.1260421809587351","0.1260421809587351","0.0","0.0","0.0","0.0","0.0","HBM","559.907","7.274443545133603e-05","0.0","0.0002684997486024551","0.0","0.0002684997486024551","False","7",""
"Total","246.0","loop fusion","loop_add_fusion.66","592.0","550.251","0.9294780405405405","550.251","0.9294780405405405","7.148990520128003e-05","0.807658769121098","0.003227617941630274","0.003227617941630274","0.016031751740129163","0.016031751740129163","0.0","0.1875","0.1875","0.0","0.1875","HBM","550.251","7.148990520128004e-05","94.509","3.415143469542873e-05","2.2741490953270667e-08","3.415143469542873e-05","False","7","<div class='source-info-cell' title='/home/lawrence/git/DISCO-EB/.venv/lib/python3.13/site-packages/equinox/internal/_loop/bounded.py:78:15
/home/lawrence/git/DISCO-EB/.venv/lib/python3.13/site-packages/equinox/internal/_loop/bounded.py:69:19
/home/lawrence/git/DISCO-EB/.venv/lib/python3.13/site-packages/equinox/internal/_loop/bounded.py:72:19
/home/lawrence/git/DISCO-EB/.venv/lib/python3.13/site-packages/equinox/internal/_loop/bounded.py:78:15
/home/lawrence/git/DISCO-EB/.venv/lib/python3.13/site-packages/equinox/internal/_loop/bounded.py:69:19
/home/lawrence/git/DISCO-EB/.venv/lib/python3.13/site-packages/equinox/internal/_loop/bounded.py:72:19
/home/lawrence/git/DISCO-EB/.venv/lib/python3.13/site-packages/equinox/internal/_loop/bounded.py:78:15
/home/lawrence/git/DISCO-EB/.venv/lib/python3.13/site-packages/equinox/internal/_loop/bounded.py:59:19
/home/lawrence/git/DISCO-EB/.venv/lib/python3.13/site-packages/equinox/internal/_loop/loop.py:119:15
/home/lawrence/git/DISCO-EB/.venv/lib/python3.13/site-packages/diffrax/_integrate.py:638:18
'>/home/lawrence/git/DISCO-EB/.venv/lib/python3.13/site-packages/equinox/internal/_loop/bounded.py:78</div>"
"Total","247.0","loop fusion","loop_add_fusion.64","587.0","531.37","0.9052299829642249","531.37","0.9052299829642249","6.903684123573455e-05","0.8077278059623337","30.54251463198901","30.54251463198901","75.85315563278647","75.85315563278647","0.0","0.375","0.375","0.0","0.375","HBM","531.37","6.903684123573455e-05","189.01800000000003","0.16158521745013177","0.0002151996713225236","0.16158521745013177","False","7","<div class='source-info-cell' title='/home/lawrence/git/DISCO-EB/src/discoeb/ode_integrators_stiff.py:996:22
/home/lawrence/git/DISCO-EB/src/discoeb/ode_integrators_stiff.py:1002:21
/home/lawrence/git/DISCO-EB/.venv/lib/python3.13/site-packages/equinox/_module/_prebuilt.py:33:15
/home/lawrence/git/DISCO-EB/.venv/lib/python3.13/site-packages/diffrax/_integrate.py:349:64
/home/lawrence/git/DISCO-EB/.venv/lib/python3.13/site-packages/equinox/_eval_shape.py:33:15
/home/lawrence/git/DISCO-EB/.venv/lib/python3.13/site-packages/equinox/_eval_shape.py:38:30
/home/lawrence/git/DISCO-EB/.venv/lib/python3.13/site-packages/diffrax/_integrate.py:619:36
/home/lawrence/git/DISCO-EB/.venv/lib/python3.13/site-packages/diffrax/_adjoint.py:393:22
/home/lawrence/git/DISCO-EB/.venv/lib/python3.13/site-packages/equinox/_module/_prebuilt.py:33:15
/home/lawrence/git/DISCO-EB/.venv/lib/python3.13/site-packages/diffrax/_integrate.py:1416:29
'>/home/lawrence/git/DISCO-EB/src/discoeb/ode_integrators_stiff.py:996</div>"
"Total","248.0","loop fusion","loop_add_subtract_fusion.2","509.0","502.961","0.9881355599214146","502.961","0.9881355599214146","6.534587708144285e-05","0.8077931518394151","0.23276158588836907","0.23276158588836907","0.04524023362249831","0.04524023362249831","0.0","4.791666666666667","4.791666666666667","0.0","4.791666666666667","HBM","502.961","6.534587708144285e-05","2415.23","9.637243073677003e-05","1.640016134337016e-06","9.637243073677003e-05","False","7","<div class='source-info-cell' title='/home/lawrence/git/DISCO-EB/src/discoeb/spline_interpolation.py:66:24
/home/lawrence/git/DISCO-EB/src/discoeb/spline_interpolation.py:71:21
/home/lawrence/git/DISCO-EB/src/discoeb/background.py:166:43
/home/lawrence/git/DISCO-EB/src/discoeb/background.py:233:12
/home/lawrence/git/DISCO-EB/src/discoeb/cmb.py:987:12
/home/lawrence/git/DISCO-EB/scripts/profile_CMB.py:38:0
'>/home/lawrence/git/DISCO-EB/src/discoeb/spline_interpolation.py:66</div>"
"Total","249.0","loop fusion","loop_add_subtract_fusion.3","509.0","500.969","0.9842220039292731","500.969","0.9842220039292731","6.50870717523095e-05","0.8078582389111675","0.2336871143723464","0.2336871143723464","0.04542012208940148","0.04542012208940148","0.0","4.791666666666667","4.791666666666667","0.0","4.791666666666667","HBM","500.969","6.50870717523095e-05","2415.2300000000005","9.67556358493172e-05","1.64653732055732e-06","9.67556358493172e-05","False","7","<div class='source-info-cell' title='/home/lawrence/git/DISCO-EB/src/discoeb/spline_interpolation.py:66:24
/home/lawrence/git/DISCO-EB/src/discoeb/spline_interpolation.py:71:21
/home/lawrence/git/DISCO-EB/src/discoeb/background.py:166:43
/home/lawrence/git/DISCO-EB/src/discoeb/background.py:233:12
/home/lawrence/git/DISCO-EB/src/discoeb/cmb.py:987:12
/home/lawrence/git/DISCO-EB/scripts/profile_CMB.py:38:0
'>/home/lawrence/git/DISCO-EB/src/discoeb/spline_interpolation.py:66</div>"
"Total","250.0","loop fusion","loop_add_subtract_fusion","509.0","500.897","0.9840805500982318","500.897","0.9840805500982318","6.507771734282276e-05","0.8079233166285104","0.2337207050551311","0.2337207050551311","0.04542665087434217","0.04542665087434217","0.0","4.791666666666667","4.791666666666667","0.0","4.791666666666667","HBM","500.897","6.507771734282276e-05","2415.2300000000005","9.676954371017711e-05","1.646773997333344e-06","9.676954371017711e-05","False","7","<div class='source-info-cell' title='/home/lawrence/git/DISCO-EB/src/discoeb/spline_interpolation.py:66:24
/home/lawrence/git/DISCO-EB/src/discoeb/spline_interpolation.py:71:21
/home/lawrence/git/DISCO-EB/src/discoeb/background.py:166:43
/home/lawrence/git/DISCO-EB/src/discoeb/background.py:233:12
/home/lawrence/git/DISCO-EB/src/discoeb/cmb.py:987:12
/home/lawrence/git/DISCO-EB/scripts/profile_CMB.py:38:0
'>/home/lawrence/git/DISCO-EB/src/discoeb/spline_interpolation.py:66</div>"
"Total","251.0","loop fusion","loop_subtract_fusion.3","509.0","500.444","0.9831905697445973","500.444","0.9831905697445973","6.501886251646864e-05","0.8079883354910268","0.23393226814588644","0.23393226814588644","0.03788980908787225","0.03788980908787225","0.0","5.75","5.75","0.0","5.75","HBM","500.444","6.501886251646864e-05","2898.2760000000003","8.07142826100366e-05","1.6482646508745832e-06","8.07142826100366e-05","False","7","<div class='source-info-cell' title='/home/lawrence/git/DISCO-EB/src/discoeb/spline_interpolation.py:79:42
/home/lawrence/git/DISCO-EB/src/discoeb/spline_interpolation.py:82:25
/home/lawrence/git/DISCO-EB/src/discoeb/background.py:166:43
/home/lawrence/git/DISCO-EB/src/discoeb/background.py:233:12
/home/lawrence/git/DISCO-EB/src/discoeb/cmb.py:987:12
/home/lawrence/git/DISCO-EB/scripts/profile_CMB.py:38:0
'>/home/lawrence/git/DISCO-EB/src/discoeb/spline_interpolation.py:79</div>"
"Total","252.0","loop fusion","loop_subtract_fusion","509.0","499.016","0.980385068762279","499.016","0.980385068762279","6.483333339498148e-05","0.8080531688244218","0.23460169613799958","0.23460169613799958","0.03799823576633042","0.03799823576633042","0.0","5.75","5.75","0.0","5.75","HBM","499.016","6.483333339498148e-05","2898.276","8.09452571590834e-05","1.6529813772349582e-06","8.09452571590834e-05","False","7","<div class='source-info-cell' title='/home/lawrence/git/DISCO-EB/src/discoeb/spline_interpolation.py:79:42
/home/lawrence/git/DISCO-EB/src/discoeb/spline_interpolation.py:82:25
/home/lawrence/git/DISCO-EB/src/discoeb/background.py:166:43
/home/lawrence/git/DISCO-EB/src/discoeb/background.py:233:12
/home/lawrence/git/DISCO-EB/src/discoeb/cmb.py:987:12
/home/lawrence/git/DISCO-EB/scripts/profile_CMB.py:38:0
'>/home/lawrence/git/DISCO-EB/src/discoeb/spline_interpolation.py:79</div>"
"Total","253.0","loop fusion","loop_subtract_fusion.2","509.0","498.731","0.9798251473477406","498.731","0.9798251473477406","6.479630552409644e-05","0.8081179651299459","0.2347357593572487","0.2347357593572487","0.03801994987111518","0.03801994987111518","0.0","5.75","5.75","0.0","5.75","HBM","498.731","6.479630552409645e-05","2898.276","8.099151335388648e-05","1.6539259740065886e-06","8.099151335388648e-05","False","7","<div class='source-info-cell' title='/home/lawrence/git/DISCO-EB/src/discoeb/spline_interpolation.py:79:42
/home/lawrence/git/DISCO-EB/src/discoeb/spline_interpolation.py:82:25
/home/lawrence/git/DISCO-EB/src/discoeb/background.py:166:43
/home/lawrence/git/DISCO-EB/src/discoeb/background.py:233:12
/home/lawrence/git/DISCO-EB/src/discoeb/cmb.py:987:12
/home/lawrence/git/DISCO-EB/scripts/profile_CMB.py:38:0
'>/home/lawrence/git/DISCO-EB/src/discoeb/spline_interpolation.py:79</div>"
"Total","254.0","loop fusion","loop_select_fusion.6","512.0","494.627","0.966068359375","494.627","0.966068359375","6.426310418335185e-05","0.8081822282341293","0.10661771395415132","0.10661771395415132","0.03084908236408445","0.03084908236408445","0.0","3.21875","3.21875","0.0","3.21875","HBM","494.627","6.426310418335185e-05","1622.4045000000003","6.571586429534145e-05","7.512183353777121e-07","6.571586429534145e-05","False","7","<div class='source-info-cell' title='/home/lawrence/git/DISCO-EB/src/discoeb/spline_interpolation.py:34:17
/home/lawrence/git/DISCO-EB/src/discoeb/spline_interpolation.py:39:40
/home/lawrence/git/DISCO-EB/src/discoeb/spline_interpolation.py:39:15
/home/lawrence/git/DISCO-EB/src/discoeb/background.py:166:43
/home/lawrence/git/DISCO-EB/src/discoeb/background.py:233:12
/home/lawrence/git/DISCO-EB/src/discoeb/cmb.py:987:12
/home/lawrence/git/DISCO-EB/scripts/profile_CMB.py:38:0
'>/home/lawrence/git/DISCO-EB/src/discoeb/spline_interpolation.py:34</div>"
"Total","255.0","call","call.632","182.0","492.037","2.7035","492.037","2.7035","6.392660528653691e-05","0.8082461548394159","0.0","0.0","16320.301817507183","8160.131617440783","0.0","0.0","0.0","0.0","0.0","HBM","492.037","6.392660528653691e-05","0.0","17.383016313904502","0.0","17.383016313904502","False","7",""
"Total","256.0","loop fusion","loop_select_fusion.11","512.0","481.481","0.940392578125","481.481","0.940392578125","6.255514491789658e-05","0.8083087099843338","0.006380314072621765","0.006380314072621765","0.03169136282117051","0.03169136282117051","0.0","0.1875","0.1875","0.0","0.1875","HBM","481.481","6.255514491789658e-05","94.50900000000001","6.751012149765381e-05","4.495508991013487e-08","6.751012149765381e-05","False","7","<div class='source-info-cell' title='/home/lawrence/git/DISCO-EB/src/discoeb/spline_interpolation.py:34:17
/home/lawrence/git/DISCO-EB/src/discoeb/spline_interpolation.py:39:40
/home/lawrence/git/DISCO-EB/src/discoeb/spline_interpolation.py:39:15
/home/lawrence/git/DISCO-EB/src/discoeb/background.py:166:43
/home/lawrence/git/DISCO-EB/src/discoeb/background.py:233:12
/home/lawrence/git/DISCO-EB/src/discoeb/cmb.py:987:12
/home/lawrence/git/DISCO-EB/scripts/profile_CMB.py:38:0
'>/home/lawrence/git/DISCO-EB/src/discoeb/spline_interpolation.py:34</div>"
"Total","257.0","loop fusion","loop_select_fusion","512.0","480.504","0.938484375","480.504","0.938484375","6.242821077805558e-05","0.8083711381951119","0.006393287048598971","0.006393287048598971","0.031755800289903935","0.031755800289903935","0.0","0.1875","0.1875","0.0","0.1875","HBM","480.504","6.242821077805559e-05","94.509","6.764738859366802e-05","4.5046496272708753e-08","6.764738859366802e-05","False","7","<div class='source-info-cell' title='/home/lawrence/git/DISCO-EB/src/discoeb/spline_interpolation.py:34:17
/home/lawrence/git/DISCO-EB/src/discoeb/spline_interpolation.py:39:40
/home/lawrence/git/DISCO-EB/src/discoeb/spline_interpolation.py:39:15
/home/lawrence/git/DISCO-EB/src/discoeb/background.py:166:43
/home/lawrence/git/DISCO-EB/src/discoeb/background.py:233:12
/home/lawrence/git/DISCO-EB/src/discoeb/cmb.py:987:12
/home/lawrence/git/DISCO-EB/scripts/profile_CMB.py:38:0
'>/home/lawrence/git/DISCO-EB/src/discoeb/spline_interpolation.py:34</div>"
"Total","258.0","loop fusion","loop_select_fusion.10","512.0","480.309","0.938103515625","480.309","0.938103515625","6.240287591902898e-05","0.8084335410710309","0.006395882650543712","0.006395882650543712","0.03176869278422849","0.03176869278422849","0.0","0.1875","0.1875","0.0","0.1875","HBM","480.309","6.240287591902898e-05","94.50899999999999","6.76748526652881e-05","4.506478463868394e-08","6.76748526652881e-05","False","7","<div class='source-info-cell' title='/home/lawrence/git/DISCO-EB/src/discoeb/spline_interpolation.py:34:17
/home/lawrence/git/DISCO-EB/src/discoeb/spline_interpolation.py:39:40
/home/lawrence/git/DISCO-EB/src/discoeb/spline_interpolation.py:39:15
/home/lawrence/git/DISCO-EB/src/discoeb/background.py:166:43
/home/lawrence/git/DISCO-EB/src/discoeb/background.py:233:12
/home/lawrence/git/DISCO-EB/src/discoeb/cmb.py:987:12
/home/lawrence/git/DISCO-EB/scripts/profile_CMB.py:38:0
'>/home/lawrence/git/DISCO-EB/src/discoeb/spline_interpolation.py:34</div>"
"Total","259.0","loop fusion","loop_dynamic_update_slice_fusion.206","587.0","479.466","0.8168074957410563","479.466","0.8168074957410563","6.229335137462164e-05","0.8084958344224056","0.0","0.0","2.335126260174731","2.335126260174731","0.0","0.0","0.0","0.0","0.0","HBM","479.466","6.229335137462164e-05","0.0","0.004974372936447152","0.0","0.004974372936447152","False","7","<div class='source-info-cell' title='/home/lawrence/git/DISCO-EB/src/discoeb/perturbations.py:255:8
/home/lawrence/git/DISCO-EB/src/discoeb/perturbations.py:826:15
/home/lawrence/git/DISCO-EB/src/discoeb/perturbations.py:856:19
/home/lawrence/git/DISCO-EB/.venv/lib/python3.13/site-packages/diffrax/_term.py:194:14
/home/lawrence/git/DISCO-EB/.venv/lib/python3.13/site-packages/equinox/_module/_prebuilt.py:33:15
/home/lawrence/git/DISCO-EB/.venv/lib/python3.13/site-packages/diffrax/_term.py:743:15
/home/lawrence/git/DISCO-EB/.venv/lib/python3.13/site-packages/equinox/_module/_prebuilt.py:33:15
/home/lawrence/git/DISCO-EB/src/discoeb/ode_integrators_stiff.py:1006:14
/home/lawrence/git/DISCO-EB/.venv/lib/python3.13/site-packages/equinox/_module/_prebuilt.py:33:15
/home/lawrence/git/DISCO-EB/.venv/lib/python3.13/site-packages/diffrax/_integrate.py:349:64
'>/home/lawrence/git/DISCO-EB/src/discoeb/perturbations.py:255</div>"
"Total","260.0","loop fusion","loop_dynamic_update_slice_fusion.59","317.0","479.057","1.5112208201892745","479.057","1.5112208201892745","6.224021313184275e-05","0.8085580746355374","1067.9299665801773","1067.9299665801773","161.56239658820266","161.56239658820266","0.0","6.156056774272298","6.156056774272298","0.0","6.156056774272298","HBM","479.057","6.224021313184277e-05","3102.9481049584033","0.3441662349665669","0.007524533607420306","0.3441662349665669","False","7","<div class='source-info-cell' title='/home/lawrence/git/DISCO-EB/src/discoeb/spline_interpolation.py:79:24
/home/lawrence/git/DISCO-EB/src/discoeb/spline_interpolation.py:82:25
/home/lawrence/git/DISCO-EB/src/discoeb/cmb.py:766:17
/home/lawrence/git/DISCO-EB/src/discoeb/cmb.py:770:15
/home/lawrence/git/DISCO-EB/src/discoeb/cmb.py:1063:24
/home/lawrence/git/DISCO-EB/scripts/profile_CMB.py:38:0
'>/home/lawrence/git/DISCO-EB/src/discoeb/spline_interpolation.py:79</div>"
"Total","261.0","data formatting","copy.592","592.0","472.498","0.7981385135135135","472.498","0.7981385135135135","6.138805241207087e-05","0.8086194626879495","0.0","0.0","0.1493591494864793","0.1493591494864793","0.0","0.0","0.0","0.0","0.0","HBM","472.498","6.138805241207089e-05","0.0","0.00031817042345312537","0.0","0.00031817042345312537","False","7",""
"Total","262.0","loop fusion","loop_dynamic_update_slice_fusion.37","509.0","471.242","0.925819253438114","471.242","0.925819253438114","6.122486993546874e-05","0.8086806875578849","0.061567092916166216","0.061567092916166216","0.03219021669404873","0.03219021669404873","0.0","1.78125","1.78125","0.0","1.78125","HBM","471.242","6.122486993546874e-05","897.8355000000003","6.857279859859206e-05","4.3379591757535046e-07","6.857279859859206e-05","False","7","<div class='source-info-cell' title='/home/lawrence/git/DISCO-EB/src/discoeb/spline_interpolation.py:79:24
/home/lawrence/git/DISCO-EB/src/discoeb/spline_interpolation.py:82:25
/home/lawrence/git/DISCO-EB/src/discoeb/background.py:166:43
/home/lawrence/git/DISCO-EB/src/discoeb/background.py:233:12
/home/lawrence/git/DISCO-EB/src/discoeb/cmb.py:987:12
/home/lawrence/git/DISCO-EB/scripts/profile_CMB.py:38:0
'>/home/lawrence/git/DISCO-EB/src/discoeb/spline_interpolation.py:79</div>"
"Total","263.0","loop fusion","loop_dynamic_update_slice_fusion.11","509.0","469.557","0.9225088408644401","469.557","0.9225088408644401","6.1005950769008055e-05","0.8087416935086539","0.06178802573489481","0.06178802573489481","0.03230573092369385","0.03230573092369385","0.0","1.78125","1.78125","0.0","1.78125","HBM","469.557","6.1005950769008055e-05","897.8355000000003","6.881887131316905e-05","4.353525893342945e-07","6.881887131316905e-05","False","7","<div class='source-info-cell' title='/home/lawrence/git/DISCO-EB/src/discoeb/spline_interpolation.py:79:24
/home/lawrence/git/DISCO-EB/src/discoeb/spline_interpolation.py:82:25
/home/lawrence/git/DISCO-EB/src/discoeb/background.py:166:43
/home/lawrence/git/DISCO-EB/src/discoeb/background.py:233:12
/home/lawrence/git/DISCO-EB/src/discoeb/cmb.py:987:12
/home/lawrence/git/DISCO-EB/scripts/profile_CMB.py:38:0
'>/home/lawrence/git/DISCO-EB/src/discoeb/spline_interpolation.py:79</div>"
"Total","264.0","loop fusion","loop_dynamic_update_slice_fusion.36","509.0","468.472","0.92037721021611","468.472","0.92037721021611","6.086498501493693e-05","0.8088025584936688","0.06193112928840998","0.06193112928840998","0.032380552296267254","0.032380552296267254","0.0","1.78125","1.78125","0.0","1.78125","HBM","468.472","6.086498501493693e-05","897.8355000000001","6.897825858791501e-05","4.3636088344670183e-07","6.897825858791501e-05","False","7","<div class='source-info-cell' title='/home/lawrence/git/DISCO-EB/src/discoeb/spline_interpolation.py:79:24
/home/lawrence/git/DISCO-EB/src/discoeb/spline_interpolation.py:82:25
/home/lawrence/git/DISCO-EB/src/discoeb/background.py:166:43
/home/lawrence/git/DISCO-EB/src/discoeb/background.py:233:12
/home/lawrence/git/DISCO-EB/src/discoeb/cmb.py:987:12
/home/lawrence/git/DISCO-EB/scripts/profile_CMB.py:38:0
'>/home/lawrence/git/DISCO-EB/src/discoeb/spline_interpolation.py:79</div>"
"Total","265.0","loop fusion","loop_dynamic_update_slice_fusion.192","587.0","467.691","0.796747870528109","467.691","0.796747870528109","6.076351565647652e-05","0.8088633220093252","0.0","0.0","2.393917452892909","2.393917452892909","0.0","0.0","0.0","0.0","0.0","HBM","467.691","6.0763515656476524e-05","0.0","0.00509961212498545","0.0","0.00509961212498545","False","7","<div class='source-info-cell' title='/home/lawrence/git/DISCO-EB/src/discoeb/perturbations.py:255:8
/home/lawrence/git/DISCO-EB/src/discoeb/perturbations.py:826:15
/home/lawrence/git/DISCO-EB/src/discoeb/perturbations.py:856:19
/home/lawrence/git/DISCO-EB/.venv/lib/python3.13/site-packages/diffrax/_term.py:194:14
/home/lawrence/git/DISCO-EB/.venv/lib/python3.13/site-packages/equinox/_module/_prebuilt.py:33:15
/home/lawrence/git/DISCO-EB/.venv/lib/python3.13/site-packages/diffrax/_term.py:743:15
/home/lawrence/git/DISCO-EB/.venv/lib/python3.13/site-packages/equinox/_module/_prebuilt.py:33:15
/home/lawrence/git/DISCO-EB/src/discoeb/ode_integrators_stiff.py:1011:13
/home/lawrence/git/DISCO-EB/.venv/lib/python3.13/site-packages/equinox/_module/_prebuilt.py:33:15
/home/lawrence/git/DISCO-EB/.venv/lib/python3.13/site-packages/diffrax/_integrate.py:349:64
'>/home/lawrence/git/DISCO-EB/src/discoeb/perturbations.py:255</div>"
"Total","266.0","loop fusion","loop_dynamic_update_slice_fusion.178","587.0","467.314","0.7961056218057923","467.314","0.7961056218057923","6.071453492902508e-05","0.8089240365442543","0.0","0.0","2.395848717267057","2.395848717267057","0.0","0.0","0.0","0.0","0.0","HBM","467.314","6.071453492902508e-05","0.0","0.00510372617628954","0.0","0.00510372617628954","False","7","<div class='source-info-cell' title='/home/lawrence/git/DISCO-EB/src/discoeb/perturbations.py:255:8
/home/lawrence/git/DISCO-EB/src/discoeb/perturbations.py:826:15
/home/lawrence/git/DISCO-EB/src/discoeb/perturbations.py:856:19
/home/lawrence/git/DISCO-EB/.venv/lib/python3.13/site-packages/diffrax/_term.py:194:14
/home/lawrence/git/DISCO-EB/.venv/lib/python3.13/site-packages/equinox/_module/_prebuilt.py:33:15
/home/lawrence/git/DISCO-EB/.venv/lib/python3.13/site-packages/diffrax/_term.py:743:15
/home/lawrence/git/DISCO-EB/.venv/lib/python3.13/site-packages/equinox/_module/_prebuilt.py:33:15
/home/lawrence/git/DISCO-EB/src/discoeb/ode_integrators_stiff.py:1016:13
/home/lawrence/git/DISCO-EB/.venv/lib/python3.13/site-packages/equinox/_module/_prebuilt.py:33:15
/home/lawrence/git/DISCO-EB/.venv/lib/python3.13/site-packages/diffrax/_integrate.py:349:64
'>/home/lawrence/git/DISCO-EB/src/discoeb/perturbations.py:255</div>"
"Total","267.0","loop fusion","loop_dynamic_update_slice_fusion.122","587.0","466.676","0.7950187393526406","466.676","0.7950187393526406","6.063164446718418e-05","0.8089846681887215","0.0","0.0","2.3991241192196244","2.3991241192196244","0.0","0.0","0.0","0.0","0.0","HBM","466.676","6.0631644467184184e-05","0.0","0.0051107035595286026","0.0","0.0051107035595286026","False","7","<div class='source-info-cell' title='/home/lawrence/git/DISCO-EB/src/discoeb/perturbations.py:255:8
/home/lawrence/git/DISCO-EB/src/discoeb/perturbations.py:826:15
/home/lawrence/git/DISCO-EB/src/discoeb/perturbations.py:856:19
/home/lawrence/git/DISCO-EB/.venv/lib/python3.13/site-packages/diffrax/_term.py:194:14
/home/lawrence/git/DISCO-EB/.venv/lib/python3.13/site-packages/equinox/_module/_prebuilt.py:33:15
/home/lawrence/git/DISCO-EB/.venv/lib/python3.13/site-packages/diffrax/_term.py:743:15
/home/lawrence/git/DISCO-EB/.venv/lib/python3.13/site-packages/equinox/_module/_prebuilt.py:33:15
/home/lawrence/git/DISCO-EB/src/discoeb/ode_integrators_stiff.py:1036:13
/home/lawrence/git/DISCO-EB/.venv/lib/python3.13/site-packages/equinox/_module/_prebuilt.py:33:15
/home/lawrence/git/DISCO-EB/.venv/lib/python3.13/site-packages/diffrax/_integrate.py:349:64
'>/home/lawrence/git/DISCO-EB/src/discoeb/perturbations.py:255</div>"
"Total","268.0","loop fusion","loop_dynamic_update_slice_fusion.150","587.0","466.411","0.7945672913117547","466.411","0.7945672913117547","6.059721504337879e-05","0.8090452654037649","0.0","0.0","2.4004872257749867","2.4004872257749867","0.0","0.0","0.0","0.0","0.0","HBM","466.411","6.059721504337879e-05","0.0","0.005113607299884801","0.0","0.005113607299884801","False","7","<div class='source-info-cell' title='/home/lawrence/git/DISCO-EB/src/discoeb/perturbations.py:255:8
/home/lawrence/git/DISCO-EB/src/discoeb/perturbations.py:826:15
/home/lawrence/git/DISCO-EB/src/discoeb/perturbations.py:856:19
/home/lawrence/git/DISCO-EB/.venv/lib/python3.13/site-packages/diffrax/_term.py:194:14
/home/lawrence/git/DISCO-EB/.venv/lib/python3.13/site-packages/equinox/_module/_prebuilt.py:33:15
/home/lawrence/git/DISCO-EB/.venv/lib/python3.13/site-packages/diffrax/_term.py:743:15
/home/lawrence/git/DISCO-EB/.venv/lib/python3.13/site-packages/equinox/_module/_prebuilt.py:33:15
/home/lawrence/git/DISCO-EB/src/discoeb/ode_integrators_stiff.py:1026:13
/home/lawrence/git/DISCO-EB/.venv/lib/python3.13/site-packages/equinox/_module/_prebuilt.py:33:15
/home/lawrence/git/DISCO-EB/.venv/lib/python3.13/site-packages/diffrax/_integrate.py:349:64
'>/home/lawrence/git/DISCO-EB/src/discoeb/perturbations.py:255</div>"
"Total","269.0","loop fusion","loop_dynamic_update_slice_fusion.108","587.0","466.373","0.7945025553662691","466.373","0.7945025553662691","6.059227799392745e-05","0.8091058576817588","0.0","0.0","2.400682817103343","2.400682817103343","0.0","0.0","0.0","0.0","0.0","HBM","466.373","6.059227799392746e-05","0.0","0.005114023955817703","0.0","0.005114023955817703","False","7","<div class='source-info-cell' title='/home/lawrence/git/DISCO-EB/src/discoeb/perturbations.py:255:8
/home/lawrence/git/DISCO-EB/src/discoeb/perturbations.py:826:15
/home/lawrence/git/DISCO-EB/src/discoeb/perturbations.py:856:19
/home/lawrence/git/DISCO-EB/.venv/lib/python3.13/site-packages/diffrax/_term.py:194:14
/home/lawrence/git/DISCO-EB/.venv/lib/python3.13/site-packages/equinox/_module/_prebuilt.py:33:15
/home/lawrence/git/DISCO-EB/.venv/lib/python3.13/site-packages/diffrax/_term.py:743:15
/home/lawrence/git/DISCO-EB/.venv/lib/python3.13/site-packages/equinox/_module/_prebuilt.py:33:15
/home/lawrence/git/DISCO-EB/src/discoeb/ode_integrators_stiff.py:1043:13
/home/lawrence/git/DISCO-EB/.venv/lib/python3.13/site-packages/equinox/_module/_prebuilt.py:33:15
/home/lawrence/git/DISCO-EB/.venv/lib/python3.13/site-packages/diffrax/_integrate.py:349:64
'>/home/lawrence/git/DISCO-EB/src/discoeb/perturbations.py:255</div>"
"Total","270.0","loop fusion","loop_dynamic_update_slice_fusion.136","587.0","465.668","0.7933015332197615","465.668","0.7933015332197615","6.050068273436972e-05","0.8091663583644931","0.0","0.0","2.4043173408113447","2.4043173408113447","0.0","0.0","0.0","0.0","0.0","HBM","465.668","6.0500682734369724e-05","0.0","0.005121766353596489","0.0","0.005121766353596489","False","7","<div class='source-info-cell' title='/home/lawrence/git/DISCO-EB/src/discoeb/perturbations.py:255:8
/home/lawrence/git/DISCO-EB/src/discoeb/perturbations.py:826:15
/home/lawrence/git/DISCO-EB/src/discoeb/perturbations.py:856:19
/home/lawrence/git/DISCO-EB/.venv/lib/python3.13/site-packages/diffrax/_term.py:194:14
/home/lawrence/git/DISCO-EB/.venv/lib/python3.13/site-packages/equinox/_module/_prebuilt.py:33:15
/home/lawrence/git/DISCO-EB/.venv/lib/python3.13/site-packages/diffrax/_term.py:743:15
/home/lawrence/git/DISCO-EB/.venv/lib/python3.13/site-packages/equinox/_module/_prebuilt.py:33:15
/home/lawrence/git/DISCO-EB/src/discoeb/ode_integrators_stiff.py:1031:13
/home/lawrence/git/DISCO-EB/.venv/lib/python3.13/site-packages/equinox/_module/_prebuilt.py:33:15
/home/lawrence/git/DISCO-EB/.venv/lib/python3.13/site-packages/diffrax/_integrate.py:349:64
'>/home/lawrence/git/DISCO-EB/src/discoeb/perturbations.py:255</div>"
"Total","271.0","loop fusion","loop_dynamic_update_slice_fusion.164","587.0","465.309","0.7926899488926746","465.309","0.7926899488926746","6.0454040609289966e-05","0.8092268124051024","0.0","0.0","2.4061723445300593","2.4061723445300593","0.0","0.0","0.0","0.0","0.0","HBM","465.309","6.0454040609289966e-05","0.0","0.005125717951611875","0.0","0.005125717951611875","False","7","<div class='source-info-cell' title='/home/lawrence/git/DISCO-EB/src/discoeb/perturbations.py:255:8
/home/lawrence/git/DISCO-EB/src/discoeb/perturbations.py:826:15
/home/lawrence/git/DISCO-EB/src/discoeb/perturbations.py:856:19
/home/lawrence/git/DISCO-EB/.venv/lib/python3.13/site-packages/diffrax/_term.py:194:14
/home/lawrence/git/DISCO-EB/.venv/lib/python3.13/site-packages/equinox/_module/_prebuilt.py:33:15
/home/lawrence/git/DISCO-EB/.venv/lib/python3.13/site-packages/diffrax/_term.py:743:15
/home/lawrence/git/DISCO-EB/.venv/lib/python3.13/site-packages/equinox/_module/_prebuilt.py:33:15
/home/lawrence/git/DISCO-EB/src/discoeb/ode_integrators_stiff.py:1021:13
/home/lawrence/git/DISCO-EB/.venv/lib/python3.13/site-packages/equinox/_module/_prebuilt.py:33:15
/home/lawrence/git/DISCO-EB/.venv/lib/python3.13/site-packages/diffrax/_integrate.py:349:64
'>/home/lawrence/git/DISCO-EB/src/discoeb/perturbations.py:255</div>"
"Total","272.0","call","call.633","154.0","428.375","2.781655844155844","428.375","2.781655844155844","5.565548838729659e-05","0.8092824678934897","0.0","0.0","15861.752292732126","7930.857397078911","0.0","0.0","0.0","0.0","0.0","HBM","428.375","5.565548838729659e-05","0.0","16.894607829856287","0.0","16.894607829856287","False","7",""
"Total","273.0","loop fusion","loop_add_fusion.6","512.0","418.615","0.817607421875","418.615","0.817607421875","5.438744621242641e-05","0.8093368553397021","0.0036692426215018574","0.0036692426215018574","0.01822532525411177","0.01822532525411177","0.0","0.1875","0.1875","0.0","0.1875","HBM","418.615","5.438744621242641e-05","94.50900000000003","3.882426669948742e-05","2.585313670678505e-08","3.882426669948742e-05","False","7","<div class='source-info-cell' title='/home/lawrence/git/DISCO-EB/src/discoeb/spline_interpolation.py:40:15
/home/lawrence/git/DISCO-EB/src/discoeb/background.py:166:43
/home/lawrence/git/DISCO-EB/src/discoeb/background.py:233:12
/home/lawrence/git/DISCO-EB/src/discoeb/cmb.py:987:12
/home/lawrence/git/DISCO-EB/scripts/profile_CMB.py:38:0
'>/home/lawrence/git/DISCO-EB/src/discoeb/spline_interpolation.py:40</div>"
"Total","274.0","loop fusion","loop_add_fusion.11","512.0","418.553","0.817486328125","418.553","0.817486328125","5.437939102647948e-05","0.8093912347307286","0.0036697861441681223","0.0036697861441681223","0.01822802496039928","0.01822802496039928","0.0","0.1875","0.1875","0.0","0.1875","HBM","418.553","5.437939102647949e-05","94.509","3.88300177143777e-05","2.585696631611964e-08","3.88300177143777e-05","False","7","<div class='source-info-cell' title='/home/lawrence/git/DISCO-EB/src/discoeb/spline_interpolation.py:39:15
/home/lawrence/git/DISCO-EB/src/discoeb/background.py:166:43
/home/lawrence/git/DISCO-EB/src/discoeb/background.py:233:12
/home/lawrence/git/DISCO-EB/src/discoeb/cmb.py:987:12
/home/lawrence/git/DISCO-EB/scripts/profile_CMB.py:38:0
'>/home/lawrence/git/DISCO-EB/src/discoeb/spline_interpolation.py:39</div>"
"Total","275.0","loop fusion","loop_add_fusion.12","512.0","418.428","0.8172421875","418.428","0.8172421875","5.4363150732231656e-05","0.8094455978814609","0.0036708824457254295","0.0036708824457254295","0.018233470349140114","0.018233470349140114","0.0","0.1875","0.1875","0.0","0.1875","HBM","418.428","5.436315073223166e-05","94.50900000000001","3.884161768429916e-05","2.5864690753273736e-08","3.884161768429916e-05","False","7","<div class='source-info-cell' title='/home/lawrence/git/DISCO-EB/src/discoeb/spline_interpolation.py:39:15
/home/lawrence/git/DISCO-EB/src/discoeb/background.py:166:43
/home/lawrence/git/DISCO-EB/src/discoeb/background.py:233:12
/home/lawrence/git/DISCO-EB/src/discoeb/cmb.py:987:12
/home/lawrence/git/DISCO-EB/scripts/profile_CMB.py:38:0
'>/home/lawrence/git/DISCO-EB/src/discoeb/spline_interpolation.py:39</div>"
"Total","276.0","loop fusion","loop_add_fusion","512.0","417.489","0.815408203125","417.489","0.815408203125","5.4241153641842e-05","0.8094998390351027","0.0036791388515625563","0.0036791388515625563","0.018274480360560397","0.018274480360560397","0.0","0.1875","0.1875","0.0","0.1875","HBM","417.489","5.4241153641842e-05","94.50900000000001","3.892897873813664e-05","2.592286460843477e-08","3.892897873813664e-05","False","7","<div class='source-info-cell' title='/home/lawrence/git/DISCO-EB/src/discoeb/spline_interpolation.py:39:15
/home/lawrence/git/DISCO-EB/src/discoeb/background.py:166:43
/home/lawrence/git/DISCO-EB/src/discoeb/background.py:233:12
/home/lawrence/git/DISCO-EB/src/discoeb/cmb.py:987:12
/home/lawrence/git/DISCO-EB/scripts/profile_CMB.py:38:0
'>/home/lawrence/git/DISCO-EB/src/discoeb/spline_interpolation.py:39</div>"
"Total","277.0","custom-call","custom-call.19","53.0","415.443","7.838547169811321","415.443","7.838547169811321","5.397533250559359e-05","0.8095538143676083","0.0","0.0","0.0","0.0","0.0","0.0","0.0","0.0","0.0","Unknown","415.443","5.39753325055936e-05","0.0","0.0","0.0","0.0","False","7","<div class='source-info-cell' title='/home/lawrence/git/DISCO-EB/src/discoeb/util.py:115:15
/home/lawrence/git/DISCO-EB/src/discoeb/background.py:42:15
/home/lawrence/git/DISCO-EB/src/discoeb/background.py:64:11
/home/lawrence/git/DISCO-EB/src/discoeb/background.py:164:48
/home/lawrence/git/DISCO-EB/src/discoeb/background.py:164:26
/home/lawrence/git/DISCO-EB/src/discoeb/background.py:233:12
/home/lawrence/git/DISCO-EB/src/discoeb/cmb.py:987:12
/home/lawrence/git/DISCO-EB/scripts/profile_CMB.py:38:0
'>/home/lawrence/git/DISCO-EB/src/discoeb/util.py:115</div>"
"Total","278.0","loop fusion","loop_add_fusion.9","509.0","414.889","0.815106090373281","414.889","0.815106090373281","5.390335552148724e-05","0.8096077177231298","0.0036805024958482873","0.0036805024958482873","0.018281253654997977","0.018281253654997977","0.0","0.1875","0.1875","0.0","0.1875","HBM","414.889","5.390335552148724e-05","94.50900000000001","3.894340746223414e-05","2.5932472717185015e-08","3.894340746223414e-05","False","7","<div class='source-info-cell' title='/home/lawrence/git/DISCO-EB/src/discoeb/spline_interpolation.py:82:25
/home/lawrence/git/DISCO-EB/src/discoeb/background.py:166:43
/home/lawrence/git/DISCO-EB/src/discoeb/background.py:233:12
/home/lawrence/git/DISCO-EB/src/discoeb/cmb.py:987:12
/home/lawrence/git/DISCO-EB/scripts/profile_CMB.py:38:0
'>/home/lawrence/git/DISCO-EB/src/discoeb/spline_interpolation.py:82</div>"
"Total","279.0","loop fusion","loop_add_fusion.39","509.0","414.627","0.8145913555992141","414.627","0.8145913555992141","5.386931586474379e-05","0.8096615870389945","0.0036828281805092286","0.0036828281805092286","0.018292805455670896","0.018292805455670896","0.0","0.1875","0.1875","0.0","0.1875","HBM","414.627","5.386931586474379e-05","94.509","3.896801553830036e-05","2.5948859271490214e-08","3.896801553830036e-05","False","7","<div class='source-info-cell' title='/home/lawrence/git/DISCO-EB/src/discoeb/spline_interpolation.py:82:25
/home/lawrence/git/DISCO-EB/src/discoeb/background.py:166:43
/home/lawrence/git/DISCO-EB/src/discoeb/background.py:233:12
/home/lawrence/git/DISCO-EB/src/discoeb/cmb.py:987:12
/home/lawrence/git/DISCO-EB/scripts/profile_CMB.py:38:0
'>/home/lawrence/git/DISCO-EB/src/discoeb/spline_interpolation.py:82</div>"
"Total","280.0","loop fusion","loop_add_fusion.38","509.0","412.497","0.8104066797642436","412.497","0.8104066797642436","5.359258125076086e-05","0.8097151796202452","0.0037018451043280315","0.0037018451043280315","0.018387263538082597","0.018387263538082597","0.0","0.1875","0.1875","0.0","0.1875","HBM","412.497","5.359258125076086e-05","94.509","3.9169233663757225e-05","2.6082850719302623e-08","3.9169233663757225e-05","False","7","<div class='source-info-cell' title='/home/lawrence/git/DISCO-EB/src/discoeb/spline_interpolation.py:82:25
/home/lawrence/git/DISCO-EB/src/discoeb/background.py:166:43
/home/lawrence/git/DISCO-EB/src/discoeb/background.py:233:12
/home/lawrence/git/DISCO-EB/src/discoeb/cmb.py:987:12
/home/lawrence/git/DISCO-EB/scripts/profile_CMB.py:38:0
'>/home/lawrence/git/DISCO-EB/src/discoeb/spline_interpolation.py:82</div>"
"Total","281.0","loop fusion","loop_dynamic_update_slice_fusion","512.0","407.538","0.79597265625","407.538","0.79597265625","5.294829629736114e-05","0.8097681279165425","0.0","0.0","0.028081042250968007","0.028081042250968007","0.0","0.0","0.0","0.0","0.0","HBM","407.538","5.294829629736114e-05","0.0","5.9819282144508966e-05","0.0","5.9819282144508966e-05","False","7","<div class='source-info-cell' title='/home/lawrence/git/DISCO-EB/src/discoeb/spline_interpolation.py:39:15
/home/lawrence/git/DISCO-EB/src/discoeb/background.py:166:43
/home/lawrence/git/DISCO-EB/src/discoeb/background.py:233:12
/home/lawrence/git/DISCO-EB/src/discoeb/cmb.py:987:12
/home/lawrence/git/DISCO-EB/scripts/profile_CMB.py:38:0
'>/home/lawrence/git/DISCO-EB/src/discoeb/spline_interpolation.py:39</div>"
"Total","282.0","loop fusion","loop_dynamic_update_slice_fusion.17","512.0","407.31","0.79552734375","407.31","0.79552734375","5.2918674000653104e-05","0.8098210465905432","0.0","0.0","0.02809676118159387","0.02809676118159387","0.0","0.0","0.0","0.0","0.0","HBM","407.31","5.2918674000653104e-05","0.0","5.985276719601506e-05","0.0","5.985276719601506e-05","False","7","<div class='source-info-cell' title='/home/lawrence/git/DISCO-EB/src/discoeb/spline_interpolation.py:39:15
/home/lawrence/git/DISCO-EB/src/discoeb/background.py:166:43
/home/lawrence/git/DISCO-EB/src/discoeb/background.py:233:12
/home/lawrence/git/DISCO-EB/src/discoeb/cmb.py:987:12
/home/lawrence/git/DISCO-EB/scripts/profile_CMB.py:38:0
'>/home/lawrence/git/DISCO-EB/src/discoeb/spline_interpolation.py:39</div>"
"Total","283.0","data formatting","copy.744","509.0","406.759","0.7991335952848724","406.759","0.7991335952848724","5.284708678360869e-05","0.8098738936773269","0.0","0.0","0.018646645919742296","0.018646645919742296","0.0","0.0","0.0","0.0","0.0","HBM","406.759","5.284708678360869e-05","0.0","3.972177967444817e-05","0.0","3.972177967444817e-05","False","7","<div class='source-info-cell' title='/home/lawrence/git/DISCO-EB/src/discoeb/spline_interpolation.py:66:46
/home/lawrence/git/DISCO-EB/src/discoeb/spline_interpolation.py:71:21
/home/lawrence/git/DISCO-EB/src/discoeb/background.py:166:43
/home/lawrence/git/DISCO-EB/src/discoeb/background.py:233:12
/home/lawrence/git/DISCO-EB/src/discoeb/cmb.py:987:12
/home/lawrence/git/DISCO-EB/scripts/profile_CMB.py:38:0
'>/home/lawrence/git/DISCO-EB/src/discoeb/spline_interpolation.py:66</div>"
"Total","284.0","data formatting","copy.1371","509.0","406.67","0.798958742632613","406.67","0.798958742632613","5.283552369410424e-05","0.8099267292010209","0.0","0.0","0.018650726750604807","0.018650726750604807","0.0","0.0","0.0","0.0","0.0","HBM","406.67","5.283552369410424e-05","0.0","3.97304728123512e-05","0.0","3.97304728123512e-05","False","7","<div class='source-info-cell' title='/home/lawrence/git/DISCO-EB/src/discoeb/spline_interpolation.py:66:46
/home/lawrence/git/DISCO-EB/src/discoeb/spline_interpolation.py:71:21
/home/lawrence/git/DISCO-EB/src/discoeb/background.py:166:43
/home/lawrence/git/DISCO-EB/src/discoeb/background.py:233:12
/home/lawrence/git/DISCO-EB/src/discoeb/cmb.py:987:12
/home/lawrence/git/DISCO-EB/scripts/profile_CMB.py:38:0
'>/home/lawrence/git/DISCO-EB/src/discoeb/spline_interpolation.py:66</div>"
"Total","285.0","loop fusion","loop_dynamic_update_slice_fusion.18","512.0","405.912","0.792796875","405.912","0.792796875","5.2737042549785425e-05","0.8099794662435708","0.0","0.0","0.028193529131622125","0.028193529131622125","0.0","0.0","0.0","0.0","0.0","HBM","405.912","5.273704254978543e-05","0.0","6.0058905887504916e-05","0.0","6.0058905887504916e-05","False","7","<div class='source-info-cell' title='/home/lawrence/git/DISCO-EB/src/discoeb/spline_interpolation.py:39:15
/home/lawrence/git/DISCO-EB/src/discoeb/background.py:166:43
/home/lawrence/git/DISCO-EB/src/discoeb/background.py:233:12
/home/lawrence/git/DISCO-EB/src/discoeb/cmb.py:987:12
/home/lawrence/git/DISCO-EB/scripts/profile_CMB.py:38:0
'>/home/lawrence/git/DISCO-EB/src/discoeb/spline_interpolation.py:39</div>"
"Total","286.0","loop fusion","loop_dynamic_update_slice_fusion.6","512.0","405.858","0.79269140625","405.858","0.79269140625","5.2730026742670366e-05","0.8100321962703134","0.0","0.0","0.028197280321873658","0.028197280321873658","0.0","0.0","0.0","0.0","0.0","HBM","405.858","5.273002674267037e-05","0.0","6.006689681270024e-05","0.0","6.006689681270024e-05","False","7","<div class='source-info-cell' title='/home/lawrence/git/DISCO-EB/src/discoeb/spline_interpolation.py:40:15
/home/lawrence/git/DISCO-EB/src/discoeb/background.py:166:43
/home/lawrence/git/DISCO-EB/src/discoeb/background.py:233:12
/home/lawrence/git/DISCO-EB/src/discoeb/cmb.py:987:12
/home/lawrence/git/DISCO-EB/scripts/profile_CMB.py:38:0
'>/home/lawrence/git/DISCO-EB/src/discoeb/spline_interpolation.py:40</div>"
"Total","287.0","data formatting","copy.1356","509.0","405.652","0.7969587426326129","405.652","0.7969587426326129","5.270326273774995e-05","0.8100848995330512","0.0","0.0","0.018697531499089017","0.018697531499089017","0.0","0.0","0.0","0.0","0.0","HBM","405.652","5.270326273774995e-05","0.0","3.983017803092026e-05","0.0","3.983017803092026e-05","False","7","<div class='source-info-cell' title='/home/lawrence/git/DISCO-EB/src/discoeb/spline_interpolation.py:66:46
/home/lawrence/git/DISCO-EB/src/discoeb/spline_interpolation.py:71:21
/home/lawrence/git/DISCO-EB/src/discoeb/background.py:166:43
/home/lawrence/git/DISCO-EB/src/discoeb/background.py:233:12
/home/lawrence/git/DISCO-EB/src/discoeb/cmb.py:987:12
/home/lawrence/git/DISCO-EB/scripts/profile_CMB.py:38:0
'>/home/lawrence/git/DISCO-EB/src/discoeb/spline_interpolation.py:66</div>"
"Total","288.0","loop fusion","loop_dynamic_slice_fusion.2","509.0","404.767","0.7952200392927309","404.767","0.7952200392927309","5.258828145447535e-05","0.8101374878145057","0.011317622236990664","0.011317622236990664","0.02810761888074543","0.02810761888074543","0.0","0.375","0.375","0.0","0.375","HBM","404.767","5.258828145447535e-05","189.018","5.9875896671167104e-05","7.974289657872436e-08","5.9875896671167104e-05","False","7","<div class='source-info-cell' title='/home/lawrence/git/DISCO-EB/src/discoeb/spline_interpolation.py:68:49
/home/lawrence/git/DISCO-EB/src/discoeb/spline_interpolation.py:71:21
/home/lawrence/git/DISCO-EB/src/discoeb/background.py:166:43
/home/lawrence/git/DISCO-EB/src/discoeb/background.py:233:12
/home/lawrence/git/DISCO-EB/src/discoeb/cmb.py:987:12
/home/lawrence/git/DISCO-EB/scripts/profile_CMB.py:38:0
'>/home/lawrence/git/DISCO-EB/src/discoeb/spline_interpolation.py:68</div>"
"Total","289.0","loop fusion","loop_dynamic_slice_fusion.3","509.0","404.713","0.79511394891945","404.713","0.79511394891945","5.2581265647360294e-05","0.810190069080153","0.011319132323399544","0.011319132323399544","0.028111369220911325","0.028111369220911325","0.0","0.375","0.375","0.0","0.375","HBM","404.713","5.2581265647360294e-05","189.018","5.9883885785478335e-05","7.97535365048331e-08","5.9883885785478335e-05","False","7","<div class='source-info-cell' title='/home/lawrence/git/DISCO-EB/src/discoeb/spline_interpolation.py:68:49
/home/lawrence/git/DISCO-EB/src/discoeb/spline_interpolation.py:71:21
/home/lawrence/git/DISCO-EB/src/discoeb/background.py:166:43
/home/lawrence/git/DISCO-EB/src/discoeb/background.py:233:12
/home/lawrence/git/DISCO-EB/src/discoeb/cmb.py:987:12
/home/lawrence/git/DISCO-EB/scripts/profile_CMB.py:38:0
'>/home/lawrence/git/DISCO-EB/src/discoeb/spline_interpolation.py:68</div>"
"Total","290.0","loop fusion","loop_dynamic_slice_fusion","509.0","404.202","0.7941100196463654","404.202","0.7941100196463654","5.251487532447518e-05","0.8102425839554774","0.011333442189796192","0.011333442189796192","0.028146908158551132","0.028146908158551132","0.0","0.375","0.375","0.0","0.375","HBM","404.202","5.251487532447519e-05","189.01800000000003","5.9959592154166216e-05","7.985436247094404e-08","5.9959592154166216e-05","False","7","<div class='source-info-cell' title='/home/lawrence/git/DISCO-EB/src/discoeb/spline_interpolation.py:68:49
/home/lawrence/git/DISCO-EB/src/discoeb/spline_interpolation.py:71:21
/home/lawrence/git/DISCO-EB/src/discoeb/background.py:166:43
/home/lawrence/git/DISCO-EB/src/discoeb/background.py:233:12
/home/lawrence/git/DISCO-EB/src/discoeb/cmb.py:987:12
/home/lawrence/git/DISCO-EB/scripts/profile_CMB.py:38:0
'>/home/lawrence/git/DISCO-EB/src/discoeb/spline_interpolation.py:68</div>"
"Total","291.0","loop fusion","loop_dynamic_slice_fusion.7","317.0","367.458","1.159173501577287","367.458","1.159173501577287","4.7741008349738506e-05","0.8102903249638271","0.010352203517136652","0.010352203517136652","105.3144873605942","105.3144873605942","0.0","9.1547146780592e-05","9.1547146780592e-05","0.0","9.1547146780592e-05","HBM","367.458","4.7741008349738506e-05","0.04614415624046384","0.2243448436501868","7.294064752672267e-08","0.2243448436501868","False","7",""
"Total","292.0","data formatting","copy.1670","381.0","355.421","0.9328635170603674","355.421","0.9328635170603674","4.617713297484994e-05","0.810336502096802","0.0","0.0","0.015973570539883564","0.015973570539883564","0.0","0.0","0.0","0.0","0.0","HBM","355.421","4.617713297484994e-05","0.0","3.402749493557606e-05","0.0","3.402749493557606e-05","False","7",""
"Total","293.0","data formatting","copy.1669","377.0","350.618","0.9300212201591512","350.618","0.9300212201591512","4.5553115908671505e-05","0.8103820552127107","0.0","0.0","0.016022388383028156","0.016022388383028156","0.0","0.0","0.0","0.0","0.0","HBM","350.618","4.5553115908671505e-05","0.0","3.41314885233729e-05","0.0","3.41314885233729e-05","False","7",""
"Total","294.0","loop fusion","loop_select_fusion.5","320.0","339.191","1.059971875","339.191","1.059971875","4.406849316971232e-05","0.8104261237058804","46.371041684478655","46.371041684478655","172.75262075288265","172.75262075288265","0.0","0.24998982788786264","0.24998982788786264","0.0","0.24998982788786264","HBM","339.191","4.406849316971233e-05","126.00687276722137","0.36800406728720375","0.0003267259768758924","0.36800406728720375","False","7","<div class='source-info-cell' title='/home/lawrence/git/DISCO-EB/src/discoeb/spline_interpolation.py:34:17
/home/lawrence/git/DISCO-EB/src/discoeb/spline_interpolation.py:39:40
/home/lawrence/git/DISCO-EB/src/discoeb/spline_interpolation.py:39:15
/home/lawrence/git/DISCO-EB/src/discoeb/background.py:166:43
/home/lawrence/git/DISCO-EB/src/discoeb/background.py:233:12
/home/lawrence/git/DISCO-EB/src/discoeb/cmb.py:987:12
/home/lawrence/git/DISCO-EB/scripts/profile_CMB.py:38:0
'>/home/lawrence/git/DISCO-EB/src/discoeb/spline_interpolation.py:34</div>"
"Total","295.0","loop fusion","loop_dynamic_update_slice_fusion.53","317.0","335.852","1.0594700315457413","335.852","1.0594700315457413","4.363468242976442e-05","0.8104697583883101","23.851547705536962","23.851547705536962","3.615514960630658","3.615514960630658","0.0","6.1439338682227085","6.1439338682227085","0.0","6.1439338682227085","HBM","335.852","4.363468242976442e-05","3096.8375784099203","0.007701904637111645","0.00016805575076615036","0.007701904637111645","False","7","<div class='source-info-cell' title='/home/lawrence/git/DISCO-EB/src/discoeb/spline_interpolation.py:79:24
/home/lawrence/git/DISCO-EB/src/discoeb/spline_interpolation.py:82:25
/home/lawrence/git/DISCO-EB/src/discoeb/cmb.py:442:14
/home/lawrence/git/DISCO-EB/src/discoeb/cmb.py:445:9
/home/lawrence/git/DISCO-EB/src/discoeb/cmb.py:609:9
/home/lawrence/git/DISCO-EB/src/discoeb/cmb.py:1056:21
/home/lawrence/git/DISCO-EB/scripts/profile_CMB.py:38:0
'>/home/lawrence/git/DISCO-EB/src/discoeb/spline_interpolation.py:79</div>"
"Total","296.0","call","call.591","6.0","314.78","52.46333333333333","314.78","52.46333333333333","4.0896958586643056e-05","0.8105106553468968","79528.51530592795","79528.51530592795","1269.298738109027","821.3934923219622","0.0","58.35245825612829","90.17200930176267","0.0","90.17200930176267","HBM","314.78","4.089695858664306e-05","45451.020944534874","1.7497630119899568","0.5603504020811347","1.7497630119899568","False","7",""
"Total","297.0","loop fusion","loop_select_fusion.26","320.0","310.303","0.969696875","310.303","0.969696875","4.0315296207862955e-05","0.8105509706431047","0.10621876037292582","0.10621876037292582","0.0307336479636436","0.0307336479636436","0.0","3.21875","3.21875","0.0","3.21875","HBM","310.303","4.0315296207862955e-05","1622.4045","6.546996163590881e-05","7.484073461521312e-07","6.546996163590881e-05","False","7","<div class='source-info-cell' title='/home/lawrence/git/DISCO-EB/src/discoeb/spline_interpolation.py:34:17
/home/lawrence/git/DISCO-EB/src/discoeb/spline_interpolation.py:39:40
/home/lawrence/git/DISCO-EB/src/discoeb/spline_interpolation.py:39:15
/home/lawrence/git/DISCO-EB/src/discoeb/background.py:166:43
/home/lawrence/git/DISCO-EB/src/discoeb/background.py:233:12
/home/lawrence/git/DISCO-EB/src/discoeb/cmb.py:987:12
/home/lawrence/git/DISCO-EB/scripts/profile_CMB.py:38:0
'>/home/lawrence/git/DISCO-EB/src/discoeb/spline_interpolation.py:34</div>"
"Total","298.0","loop fusion","loop_select_fusion.2","320.0","308.549","0.9642156249999999","308.549","0.9642156249999999","4.008741239897747e-05","0.8105910580555037","0.10682257923376838","0.10682257923376838","0.030908358685532926","0.030908358685532926","0.0","3.21875","3.21875","0.0","3.21875","HBM","308.549","4.008741239897747e-05","1622.4045","6.584213692317074e-05","7.526617967747254e-07","6.584213692317074e-05","False","7","<div class='source-info-cell' title='/home/lawrence/git/DISCO-EB/src/discoeb/spline_interpolation.py:34:17
/home/lawrence/git/DISCO-EB/src/discoeb/spline_interpolation.py:39:40
/home/lawrence/git/DISCO-EB/src/discoeb/spline_interpolation.py:39:15
/home/lawrence/git/DISCO-EB/src/discoeb/background.py:166:43
/home/lawrence/git/DISCO-EB/src/discoeb/background.py:233:12
/home/lawrence/git/DISCO-EB/src/discoeb/cmb.py:987:12
/home/lawrence/git/DISCO-EB/scripts/profile_CMB.py:38:0
'>/home/lawrence/git/DISCO-EB/src/discoeb/spline_interpolation.py:34</div>"
"Total","299.0","loop fusion","loop_dynamic_slice_fusion.4","317.0","299.222","0.9439179810725551","299.222","0.9439179810725551","3.8875626603381754e-05","0.8106299336821071","0.012712968966185642","0.012712968966185642","2.02856524804589","2.02856524804589","0.0","0.005836575875486381","0.005836575875486381","0.0","0.005836575875486381","HBM","299.222","3.887562660338176e-05","2.9419143968871597","0.004321325249856772","8.957437774921116e-08","0.004321325249856772","False","7",""
"Total","300.0","loop fusion","loop_select_fusion.1","320.0","297.916","0.9309875","297.916","0.9309875","3.870594800908048e-05","0.8106686396301162","0.8249305173270318","0.8249305173270318","3.0811085324085163","3.0811085324085163","0.0","0.24935064935064935","0.24935064935064935","0.0","0.24935064935064935","HBM","297.916","3.870594800908048e-05","125.68469610389612","0.006563492158544987","5.812382455463056e-06","0.006563492158544987","False","7","<div class='source-info-cell' title='/home/lawrence/git/DISCO-EB/src/discoeb/spline_interpolation.py:34:17
/home/lawrence/git/DISCO-EB/src/discoeb/spline_interpolation.py:39:40
/home/lawrence/git/DISCO-EB/src/discoeb/spline_interpolation.py:39:15
/home/lawrence/git/DISCO-EB/src/discoeb/background.py:166:43
/home/lawrence/git/DISCO-EB/src/discoeb/background.py:233:12
/home/lawrence/git/DISCO-EB/src/discoeb/cmb.py:987:12
/home/lawrence/git/DISCO-EB/scripts/profile_CMB.py:38:0
'>/home/lawrence/git/DISCO-EB/src/discoeb/spline_interpolation.py:34</div>"
"Total","301.0","loop fusion","loop_dynamic_update_slice_fusion.5","320.0","282.827","0.883834375","282.827","0.883834375","3.674554960983702e-05","0.810705385179726","0.0","0.0","138.12289557146602","138.12289557146602","0.0","0.0","0.0","0.0","0.0","HBM","282.827","3.674554960983702e-05","0.0","0.2942345368438471","0.0","0.2942345368438471","False","7","<div class='source-info-cell' title='/home/lawrence/git/DISCO-EB/src/discoeb/spline_interpolation.py:39:15
/home/lawrence/git/DISCO-EB/src/discoeb/cmb.py:766:17
/home/lawrence/git/DISCO-EB/src/discoeb/cmb.py:770:15
/home/lawrence/git/DISCO-EB/src/discoeb/cmb.py:1063:24
/home/lawrence/git/DISCO-EB/scripts/profile_CMB.py:38:0
'>/home/lawrence/git/DISCO-EB/src/discoeb/spline_interpolation.py:39</div>"
"Total","302.0","input fusion","input_reduce_fusion.3","317.0","268.582","0.8472618296529968","268.582","0.8472618296529968","3.489480567735487e-05","0.8107402799854033","0.05665308918691498","0.05665308918691498","0.018686648228856784","0.018686648228856784","0.0","2.823529411764706","2.823529411764706","0.0","2.823529411764706","HBM","268.582","3.489480567735487e-05","1423.1943529411767","3.980699408329971e-05","3.991723117539442e-07","3.980699408329971e-05","False","7",""
"Total","303.0","input fusion","input_reduce_fusion.7","317.0","268.131","0.8458391167192428","268.131","0.8458391167192428","3.483621069570871e-05","0.810775116196099","0.056748380455821965","0.056748380455821965","0.018718079426111915","0.018718079426111915","0.0","2.823529411764706","2.823529411764706","0.0","2.823529411764706","HBM","268.131","3.483621069570872e-05","1423.1943529411765","3.9873949990418134e-05","3.9984372502805656e-07","3.9873949990418134e-05","False","7",""
"Total","304.0","loop fusion","loop_add_fusion.35","320.0","262.001","0.818753125","262.001","0.818753125","3.4039786665795375e-05","0.8108091559827648","0.0036641081522589608","0.0036641081522589608","0.018199822069500687","0.018199822069500687","0.0","0.1875","0.1875","0.0","0.1875","HBM","262.001","3.4039786665795375e-05","94.50900000000001","3.876993886570549e-05","2.5816959721792147e-08","3.876993886570549e-05","False","7","<div class='source-info-cell' title='/home/lawrence/git/DISCO-EB/src/discoeb/spline_interpolation.py:40:15
/home/lawrence/git/DISCO-EB/src/discoeb/cmb.py:442:14
/home/lawrence/git/DISCO-EB/src/discoeb/cmb.py:445:9
/home/lawrence/git/DISCO-EB/src/discoeb/cmb.py:609:9
/home/lawrence/git/DISCO-EB/src/discoeb/cmb.py:1056:21
/home/lawrence/git/DISCO-EB/scripts/profile_CMB.py:38:0
'>/home/lawrence/git/DISCO-EB/src/discoeb/spline_interpolation.py:40</div>"
"Total","305.0","loop fusion","loop_add_fusion.1","320.0","259.825","0.8119531249999999","259.825","0.8119531249999999","3.375707562352924e-05","0.8108429130583883","0.0036947945732704705","0.0036947945732704705","0.018352243171485615","0.018352243171485615","0.0","0.1875","0.1875","0.0","0.1875","HBM","259.825","3.375707562352924e-05","94.509","3.909463197442011e-05","2.6033173343863233e-08","3.909463197442011e-05","False","7","<div class='source-info-cell' title='/home/lawrence/git/DISCO-EB/src/discoeb/spline_interpolation.py:39:15
/home/lawrence/git/DISCO-EB/src/discoeb/cmb.py:442:14
/home/lawrence/git/DISCO-EB/src/discoeb/cmb.py:445:9
/home/lawrence/git/DISCO-EB/src/discoeb/cmb.py:609:9
/home/lawrence/git/DISCO-EB/src/discoeb/cmb.py:1056:21
/home/lawrence/git/DISCO-EB/scripts/profile_CMB.py:38:0
'>/home/lawrence/git/DISCO-EB/src/discoeb/spline_interpolation.py:39</div>"
"Total","306.0","loop fusion","loop_add_fusion.2","320.0","259.664","0.81145","259.664","0.81145","3.373615812453804e-05","0.8108766492165128","0.003697085464292316","0.003697085464292316","0.018363622150283636","0.018363622150283636","0.0","0.1875","0.1875","0.0","0.1875","HBM","259.664","3.373615812453804e-05","94.509","3.911887189889128e-05","2.6049314745475938e-08","3.911887189889128e-05","False","7","<div class='source-info-cell' title='/home/lawrence/git/DISCO-EB/src/discoeb/spline_interpolation.py:40:15
/home/lawrence/git/DISCO-EB/src/discoeb/cmb.py:442:14
/home/lawrence/git/DISCO-EB/src/discoeb/cmb.py:445:9
/home/lawrence/git/DISCO-EB/src/discoeb/cmb.py:609:9
/home/lawrence/git/DISCO-EB/src/discoeb/cmb.py:1056:21
/home/lawrence/git/DISCO-EB/scripts/profile_CMB.py:38:0
'>/home/lawrence/git/DISCO-EB/src/discoeb/spline_interpolation.py:40</div>"
"Total","307.0","loop fusion","loop_add_fusion.5","320.0","259.213","0.8100406250000001","259.213","0.8100406250000001","3.3677563142891886e-05","0.8109103267796557","0.003703517956275341","0.003703517956275341","0.018395572683589365","0.018395572683589365","0.0","0.1875","0.1875","0.0","0.1875","HBM","259.213","3.3677563142891886e-05","94.509","3.918693411500853e-05","2.6094637476011096e-08","3.918693411500853e-05","False","7","<div class='source-info-cell' title='/home/lawrence/git/DISCO-EB/src/discoeb/spline_interpolation.py:39:15
/home/lawrence/git/DISCO-EB/src/discoeb/cmb.py:766:17
/home/lawrence/git/DISCO-EB/src/discoeb/cmb.py:770:15
/home/lawrence/git/DISCO-EB/src/discoeb/cmb.py:1063:24
/home/lawrence/git/DISCO-EB/scripts/profile_CMB.py:38:0
'>/home/lawrence/git/DISCO-EB/src/discoeb/spline_interpolation.py:39</div>"
"Total","308.0","loop fusion","loop_add_fusion.42","317.0","257.626","0.8127003154574132","257.626","0.8127003154574132","3.3471376367121495e-05","0.8109437981560228","0.003691397607384348","0.003691397607384348","0.018335370259405907","0.018335370259405907","0.0","0.1875","0.1875","0.0","0.1875","HBM","257.626","3.3471376367121495e-05","94.50900000000003","3.90586886686384e-05","2.600923864329926e-08","3.90586886686384e-05","False","7","<div class='source-info-cell' title='/home/lawrence/git/DISCO-EB/src/discoeb/spline_interpolation.py:82:25
/home/lawrence/git/DISCO-EB/src/discoeb/cmb.py:766:17
/home/lawrence/git/DISCO-EB/src/discoeb/cmb.py:770:15
/home/lawrence/git/DISCO-EB/src/discoeb/cmb.py:1063:24
/home/lawrence/git/DISCO-EB/scripts/profile_CMB.py:38:0
'>/home/lawrence/git/DISCO-EB/src/discoeb/spline_interpolation.py:82</div>"
"Total","309.0","loop fusion","loop_add_fusion.40","317.0","256.841","0.810223974763407","256.841","0.810223974763407","3.3369387319245156e-05","0.810977167543342","0.0037026798680895963","0.0037026798680895963","0.018391409854539215","0.018391409854539215","0.0","0.1875","0.1875","0.0","0.1875","HBM","256.841","3.3369387319245156e-05","94.50900000000001","3.917806630151198e-05","2.608873238586758e-08","3.917806630151198e-05","False","7","<div class='source-info-cell' title='/home/lawrence/git/DISCO-EB/src/discoeb/spline_interpolation.py:82:25
/home/lawrence/git/DISCO-EB/src/discoeb/cmb.py:442:14
/home/lawrence/git/DISCO-EB/src/discoeb/cmb.py:445:9
/home/lawrence/git/DISCO-EB/src/discoeb/cmb.py:609:9
/home/lawrence/git/DISCO-EB/src/discoeb/cmb.py:1056:21
/home/lawrence/git/DISCO-EB/scripts/profile_CMB.py:38:0
'>/home/lawrence/git/DISCO-EB/src/discoeb/spline_interpolation.py:82</div>"
"Total","310.0","loop fusion","loop_dynamic_update_slice_fusion.2","320.0","254.815","0.796296875","254.815","0.796296875","3.310616463007641e-05","0.8110102737079721","0.0","0.0","0.028069608826194983","0.028069608826194983","0.0","0.0","0.0","0.0","0.0","HBM","254.815","3.310616463007641e-05","0.0","5.979492623719388e-05","0.0","5.979492623719388e-05","False","7","<div class='source-info-cell' title='/home/lawrence/git/DISCO-EB/src/discoeb/spline_interpolation.py:40:15
/home/lawrence/git/DISCO-EB/src/discoeb/cmb.py:442:14
/home/lawrence/git/DISCO-EB/src/discoeb/cmb.py:445:9
/home/lawrence/git/DISCO-EB/src/discoeb/cmb.py:609:9
/home/lawrence/git/DISCO-EB/src/discoeb/cmb.py:1056:21
/home/lawrence/git/DISCO-EB/scripts/profile_CMB.py:38:0
'>/home/lawrence/git/DISCO-EB/src/discoeb/spline_interpolation.py:40</div>"
"Total","311.0","loop fusion","loop_dynamic_update_slice_fusion.1","320.0","254.285","0.794640625","254.285","0.794640625","3.303730578246563e-05","0.8110433110137545","0.0","0.0","2.409641733845943","2.409641733845943","0.0","0.0","0.0","0.0","0.0","HBM","254.285","3.303730578246563e-05","0.0","0.005133108573957768","0.0","0.005133108573957768","False","7","<div class='source-info-cell' title='/home/lawrence/git/DISCO-EB/src/discoeb/spline_interpolation.py:39:15
/home/lawrence/git/DISCO-EB/src/discoeb/cmb.py:442:14
/home/lawrence/git/DISCO-EB/src/discoeb/cmb.py:445:9
/home/lawrence/git/DISCO-EB/src/discoeb/cmb.py:609:9
/home/lawrence/git/DISCO-EB/src/discoeb/cmb.py:1056:21
/home/lawrence/git/DISCO-EB/scripts/profile_CMB.py:38:0
'>/home/lawrence/git/DISCO-EB/src/discoeb/spline_interpolation.py:39</div>"
"Total","312.0","loop fusion","loop_dynamic_update_slice_fusion.31","320.0","254.13","0.79415625","254.13","0.79415625","3.3017167817598325e-05","0.811076328181572","0.0","0.0","0.028145269637771513","0.028145269637771513","0.0","0.0","0.0","0.0","0.0","HBM","254.13","3.3017167817598325e-05","0.0","5.995610171617109e-05","0.0","5.995610171617109e-05","False","7","<div class='source-info-cell' title='/home/lawrence/git/DISCO-EB/src/discoeb/spline_interpolation.py:40:15
/home/lawrence/git/DISCO-EB/src/discoeb/cmb.py:442:14
/home/lawrence/git/DISCO-EB/src/discoeb/cmb.py:445:9
/home/lawrence/git/DISCO-EB/src/discoeb/cmb.py:609:9
/home/lawrence/git/DISCO-EB/src/discoeb/cmb.py:1056:21
/home/lawrence/git/DISCO-EB/scripts/profile_CMB.py:38:0
'>/home/lawrence/git/DISCO-EB/src/discoeb/spline_interpolation.py:40</div>"
"Total","313.0","call","call.596","150.0","239.32","1.5954666666666666","239.32","1.5954666666666666","3.1093017755116e-05","0.8111074211993272","14.793790740431222","14.793790740431222","0.1844588418718606","0.1354254788426318","0.0","74.69303797468355","101.73706896551724","0.0","101.73706896551724","HBM","239.32","3.109301775511601e-05","51280.36613793105","0.0002884883992567392","0.00010423565129835762","0.0002884883992567392","False","7",""
"Total","314.0","call","call.593","20.0","193.283","9.66415","193.283","9.66415","2.5111782344819015e-05","0.811132532981672","158239.4114329765","158239.4114329765","17525.848055266033","10546.846657518508","0.0","8.408833375519107","13.973080376241267","0.0","13.973080376241267","HBM","193.283","2.511178234481902e-05","7043.103217483658","22.467285590841005","1.1149399367064656","22.467285590841005","False","7",""
"Total","315.0","loop fusion","loop_dynamic_update_slice_fusion.48","30.0","168.405","5.6135","168.405","5.6135","2.1879574022439877e-05","0.8111544125556944","5.251981829518126","5.251981829518126","0.006636305867038236","0.006636305867038236","0.0","737.05","737.05","0.0","737.05","Compute","168.405","2.1879574022439877e-05","141926.4","3.700496757134773e-05","3.700496757134773e-05","1.4136905942083961e-05","False","7","<div class='source-info-cell' title='/home/lawrence/git/DISCO-EB/src/discoeb/thermodynamics_recfast.py:434:14
/home/lawrence/git/DISCO-EB/src/discoeb/thermodynamics_recfast.py:446:16
/home/lawrence/git/DISCO-EB/src/discoeb/thermodynamics_recfast.py:443:14
/home/lawrence/git/DISCO-EB/src/discoeb/thermodynamics_recfast.py:440:14
/home/lawrence/git/DISCO-EB/src/discoeb/thermodynamics_recfast.py:452:12
/home/lawrence/git/DISCO-EB/src/discoeb/thermodynamics_recfast.py:461:11
/home/lawrence/git/DISCO-EB/src/discoeb/background.py:237:82
/home/lawrence/git/DISCO-EB/src/discoeb/cmb.py:987:12
/home/lawrence/git/DISCO-EB/scripts/profile_CMB.py:38:0
'>/home/lawrence/git/DISCO-EB/src/discoeb/thermodynamics_recfast.py:434</div>"
"Total","316.0","loop fusion","loop_dynamic_update_slice_fusion.56","125.0","140.471","1.123768","140.471","1.123768","1.8250322986289908e-05","0.8111726628786807","56.14504061336503","56.14504061336503","8.513747329542051","8.513747329542051","0.0","6.141730750511049","6.141730750511049","0.0","6.141730750511049","HBM","140.471","1.8250322986289908e-05","3095.7271013335926","0.018136301675034144","0.0003955926495237323","0.018136301675034144","False","7","<div class='source-info-cell' title='/home/lawrence/git/DISCO-EB/src/discoeb/spline_interpolation.py:79:24
/home/lawrence/git/DISCO-EB/src/discoeb/spline_interpolation.py:82:25
/home/lawrence/git/DISCO-EB/src/discoeb/cmb.py:735:18
/home/lawrence/git/DISCO-EB/src/discoeb/cmb.py:739:12
/home/lawrence/git/DISCO-EB/src/discoeb/cmb.py:1063:24
/home/lawrence/git/DISCO-EB/scripts/profile_CMB.py:38:0
'>/home/lawrence/git/DISCO-EB/src/discoeb/spline_interpolation.py:79</div>"
"Total","317.0","call","call.592","5.0","139.892","27.9784","139.892","27.9784","1.817509794333398e-05","0.8111908379766241","41242.778143138996","41242.778143138996","2105.5484993683513","1200.1864782746006","0.0","18.242434375691655","32.00363528489526","0.0","32.00363528489526","HBM","139.892","1.8175097943333983e-05","16131.368358080888","2.5566819396619094","0.2905927166696189","2.5566819396619094","False","7",""
"Total","318.0","call","call.584","22.0","128.233","5.828772727272727","128.233","5.828772727272727","1.666033321825084e-05","0.8112074983098423","8943.379067790662","8943.379067790662","57.64103305412045","56.79228053831046","0.0","144.50072071672506","146.66026333558406","0.0","146.66026333558406","HBM","128.233","1.666033321825084e-05","73923.81241377447","0.12098103135876974","0.06301420361392004","0.12098103135876974","False","7",""
"Total","319.0","loop fusion","loop_select_fusion.3","128.0","126.907","0.9914609375","126.907","0.9914609375","1.648805617686991e-05","0.8112239863660191","1.9365362036767082","1.9365362036767082","7.22167428168979","7.22167428168979","0.0","0.2497398543184183","0.2497398543184183","0.0","0.2497398543184183","HBM","126.907","1.648805617686991e-05","125.88087408949013","0.015383879542336215","1.3644651056298957e-05","0.015383879542336215","False","7","<div class='source-info-cell' title='/home/lawrence/git/DISCO-EB/src/discoeb/spline_interpolation.py:34:17
/home/lawrence/git/DISCO-EB/src/discoeb/spline_interpolation.py:39:40
/home/lawrence/git/DISCO-EB/src/discoeb/spline_interpolation.py:39:15
/home/lawrence/git/DISCO-EB/src/discoeb/background.py:166:43
/home/lawrence/git/DISCO-EB/src/discoeb/background.py:233:12
/home/lawrence/git/DISCO-EB/src/discoeb/cmb.py:987:12
/home/lawrence/git/DISCO-EB/scripts/profile_CMB.py:38:0
'>/home/lawrence/git/DISCO-EB/src/discoeb/spline_interpolation.py:34</div>"
"Total","320.0","loop fusion","loop_select_fusion.4","128.0","124.609","0.9735078125","124.609","0.9735078125","1.6189494607417896e-05","0.8112401758606266","0.1058029516327071","0.1058029516327071","0.030613336642016223","0.030613336642016223","0.0","3.21875","3.21875","0.0","3.21875","HBM","124.609","1.6189494607417896e-05","1622.4044999999999","6.521366997731275e-05","7.454775970693762e-07","6.521366997731275e-05","False","7","<div class='source-info-cell' title='/home/lawrence/git/DISCO-EB/src/discoeb/spline_interpolation.py:34:17
/home/lawrence/git/DISCO-EB/src/discoeb/spline_interpolation.py:39:40
/home/lawrence/git/DISCO-EB/src/discoeb/spline_interpolation.py:39:15
/home/lawrence/git/DISCO-EB/src/discoeb/background.py:166:43
/home/lawrence/git/DISCO-EB/src/discoeb/background.py:233:12
/home/lawrence/git/DISCO-EB/src/discoeb/cmb.py:987:12
/home/lawrence/git/DISCO-EB/scripts/profile_CMB.py:38:0
'>/home/lawrence/git/DISCO-EB/src/discoeb/spline_interpolation.py:34</div>"
"Total","321.0","loop fusion","loop_dynamic_slice_fusion.5","125.0","123.644","0.989152","123.644","0.989152","1.6064119535824687e-05","0.8112562399801624","0.012131603636245996","0.012131603636245996","4.835730750405497","4.835730750405497","0.0","0.002336448598130841","0.002336448598130841","0.0","0.002336448598130841","HBM","123.644","1.6064119535824687e-05","1.1776822429906542","0.010301253762168061","8.547813258312757e-08","0.010301253762168061","False","7",""
"Total","322.0","loop fusion","loop_broadcast_reverse_fusion","1.0","123.609","123.609","123.609","123.609","1.6059572253435295e-05","0.8112722995524159","18538.61747930976","18538.61747930976","323.42327293117813","323.42327293117813","0.0","53.383396946564886","53.383396946564886","0.0","53.383396946564886","HBM","123.609","1.6059572253435295e-05","26907.79446412214","0.6889683026242998","0.13062134655222538","0.6889683026242998","False","7",""
"Total","323.0","call","call.599","42.0","116.727","2.7792142857142856","116.727","2.7792142857142856","1.5165446613327036e-05","0.8112874649990292","0.0","0.0","15875.686948799235","7937.824708641091","0.0","0.0","0.0","0.0","0.0","HBM","116.727","1.5165446613327036e-05","0.0","16.909449856459215","0.0","16.909449856459215","False","7",""
"Total","324.0","loop fusion","loop_and_fusion.1","128.0","110.123","0.8603359375","110.123","0.8603359375","1.430743938762594e-05","0.8113017724384167","0.010461029939249748","0.010461029939249748","0.027062759267087993","0.027062759267087993","0.0","0.36","0.36","0.0","0.36","HBM","110.123","1.430743938762594e-05","181.45728","5.765009780401066e-05","7.370742821102873e-08","5.765009780401066e-05","False","7","<div class='source-info-cell' title='/home/lawrence/git/DISCO-EB/.venv/lib/python3.13/site-packages/equinox/internal/_loop/common.py:479:18
/home/lawrence/git/DISCO-EB/.venv/lib/python3.13/site-packages/equinox/internal/_loop/loop.py:103:29
/home/lawrence/git/DISCO-EB/.venv/lib/python3.13/site-packages/equinox/_module/_prebuilt.py:81:15
/home/lawrence/git/DISCO-EB/.venv/lib/python3.13/site-packages/diffrax/_integrate.py:638:18
/home/lawrence/git/DISCO-EB/.venv/lib/python3.13/site-packages/diffrax/_adjoint.py:904:22
/home/lawrence/git/DISCO-EB/.venv/lib/python3.13/site-packages/equinox/_module/_prebuilt.py:33:15
/home/lawrence/git/DISCO-EB/.venv/lib/python3.13/site-packages/diffrax/_integrate.py:1416:29
/home/lawrence/git/DISCO-EB/.venv/lib/python3.13/site-packages/equinox/_jit.py:55:14
/home/lawrence/git/DISCO-EB/.venv/lib/python3.13/site-packages/equinox/_jit.py:263:37
/home/lawrence/git/DISCO-EB/.venv/lib/python3.13/site-packages/equinox/_jit.py:209:19
'>/home/lawrence/git/DISCO-EB/.venv/lib/python3.13/site-packages/equinox/internal/_loop/common.py:479</div>"
"Total","325.0","loop fusion","loop_concatenate_fusion","12.0","106.995","8.91625","106.995","8.91625","1.3901042264368366e-05","0.8113156734806811","5.954969858404598","5.954969858404598","0.010027418159325494","0.010027418159325494","0.0","553.0833333333334","553.0833333333334","0.0","553.0833333333334","Compute","106.995","1.3901042264368366e-05","141926.4","4.195815477884734e-05","4.195815477884734e-05","2.1360779656709038e-05","False","7","<div class='source-info-cell' title='/home/lawrence/git/DISCO-EB/src/discoeb/thermodynamics_recfast.py:418:13
/home/lawrence/git/DISCO-EB/src/discoeb/thermodynamics_recfast.py:443:14
/home/lawrence/git/DISCO-EB/src/discoeb/thermodynamics_recfast.py:440:14
/home/lawrence/git/DISCO-EB/src/discoeb/thermodynamics_recfast.py:452:12
/home/lawrence/git/DISCO-EB/src/discoeb/thermodynamics_recfast.py:461:11
/home/lawrence/git/DISCO-EB/src/discoeb/background.py:237:82
/home/lawrence/git/DISCO-EB/src/discoeb/cmb.py:987:12
/home/lawrence/git/DISCO-EB/scripts/profile_CMB.py:38:0
'>/home/lawrence/git/DISCO-EB/src/discoeb/thermodynamics_recfast.py:418</div>"
"Total","326.0","loop fusion","loop_dynamic_update_slice_fusion.3","128.0","106.658","0.833265625","106.658","0.833265625","1.385725843107623e-05","0.8113295307391122","0.0","0.0","5.731452275651205","5.731452275651205","0.0","0.0","0.0","0.0","0.0","HBM","106.658","1.385725843107623e-05","0.0","0.01220935311840673","0.0","0.01220935311840673","False","7","<div class='source-info-cell' title='/home/lawrence/git/DISCO-EB/src/discoeb/spline_interpolation.py:39:15
/home/lawrence/git/DISCO-EB/src/discoeb/cmb.py:735:18
/home/lawrence/git/DISCO-EB/src/discoeb/cmb.py:739:12
/home/lawrence/git/DISCO-EB/src/discoeb/cmb.py:1063:24
/home/lawrence/git/DISCO-EB/scripts/profile_CMB.py:38:0
'>/home/lawrence/git/DISCO-EB/src/discoeb/spline_interpolation.py:39</div>"
"Total","327.0","input fusion","input_reduce_fusion.5","125.0","106.183","0.8494640000000001","106.183","0.8494640000000001","1.3795545312934495e-05","0.8113433262844251","0.05650622039309494","0.05650622039309494","0.018638204524809923","0.018638204524809923","0.0","2.823529411764706","2.823529411764706","0.0","2.823529411764706","HBM","106.183","1.3795545312934495e-05","1423.1943529411762","3.9703797500544514e-05","3.981374881142264e-07","3.9703797500544514e-05","False","7",""
"Total","328.0","loop fusion","loop_add_fusion.4","128.0","104.855","0.8191796875","104.855","0.8191796875","1.3623008426845601e-05","0.811356949292852","0.0036622001812026132","0.0036622001812026132","0.018190345074746078","0.018190345074746078","0.0","0.1875","0.1875","0.0","0.1875","HBM","104.855","1.3623008426845601e-05","94.509","3.8749750618487266e-05","2.580351633806405e-08","3.8749750618487266e-05","False","7","<div class='source-info-cell' title='/home/lawrence/git/DISCO-EB/src/discoeb/spline_interpolation.py:40:15
/home/lawrence/git/DISCO-EB/src/discoeb/cmb.py:735:18
/home/lawrence/git/DISCO-EB/src/discoeb/cmb.py:739:12
/home/lawrence/git/DISCO-EB/src/discoeb/cmb.py:1063:24
/home/lawrence/git/DISCO-EB/scripts/profile_CMB.py:38:0
'>/home/lawrence/git/DISCO-EB/src/discoeb/spline_interpolation.py:40</div>"
"Total","329.0","input fusion","input_transpose_fusion.16","1.0","104.735","104.735","104.735","104.735","1.3607417744367688e-05","0.8113705567105963","57381.622112951736","57381.622112951736","557.1392434203448","557.1392434203448","0.0","95.92000684383167","95.92000684383167","0.0","95.92000684383167","HBM","104.735","1.3607417744367688e-05","48348.28760961968","1.1868387682366381","0.404305485892348","1.1868387682366381","False","7","<div class='source-info-cell' title='/home/lawrence/git/DISCO-EB/src/discoeb/spline_interpolation.py:56:16
/home/lawrence/git/DISCO-EB/src/discoeb/cmb.py:766:17
/home/lawrence/git/DISCO-EB/src/discoeb/cmb.py:770:15
/home/lawrence/git/DISCO-EB/src/discoeb/cmb.py:1063:24
/home/lawrence/git/DISCO-EB/scripts/profile_CMB.py:38:0
'>/home/lawrence/git/DISCO-EB/src/discoeb/spline_interpolation.py:56</div>"
"Total","330.0","loop fusion","loop_add_fusion.3","128.0","104.389","0.8155390625","104.389","0.8155390625","1.3562464609889708e-05","0.8113841191752063","0.0036785485060686473","0.0036785485060686473","0.01827154808277213","0.01827154808277213","0.0","0.1875","0.1875","0.0","0.1875","HBM","104.389","1.3562464609889708e-05","94.50900000000001","3.8922732290772804e-05","2.591870508988213e-08","3.8922732290772804e-05","False","7","<div class='source-info-cell' title='/home/lawrence/git/DISCO-EB/src/discoeb/spline_interpolation.py:39:15
/home/lawrence/git/DISCO-EB/src/discoeb/cmb.py:735:18
/home/lawrence/git/DISCO-EB/src/discoeb/cmb.py:739:12
/home/lawrence/git/DISCO-EB/src/discoeb/cmb.py:1063:24
/home/lawrence/git/DISCO-EB/scripts/profile_CMB.py:38:0
'>/home/lawrence/git/DISCO-EB/src/discoeb/spline_interpolation.py:39</div>"
"Total","331.0","call","call.581","6.0","102.804","17.134","102.804","17.134","1.3356537678827286e-05","0.8113974757128851","3422.9202754756625","3422.9202754756625","14.535676602292007","14.499367306164824","0.0","219.31162964624934","219.86082953454894","0.0","219.86082953454894","HBM","102.804","1.3356537678827286e-05","110820.41140523033","0.03088709229709747","0.02411757273823378","0.03088709229709747","False","7",""
"Total","332.0","loop fusion","loop_dynamic_update_slice_fusion.4","128.0","102.287","0.7991171875","102.287","0.7991171875","1.3289367821818282e-05","0.811410765080707","0.0","0.0","0.027970543169892066","0.027970543169892066","0.0","0.0","0.0","0.0","0.0","HBM","102.287","1.3289367821818282e-05","0.0","5.9583892886214505e-05","0.0","5.9583892886214505e-05","False","7","<div class='source-info-cell' title='/home/lawrence/git/DISCO-EB/src/discoeb/spline_interpolation.py:40:15
/home/lawrence/git/DISCO-EB/src/discoeb/cmb.py:735:18
/home/lawrence/git/DISCO-EB/src/discoeb/cmb.py:739:12
/home/lawrence/git/DISCO-EB/src/discoeb/cmb.py:1063:24
/home/lawrence/git/DISCO-EB/scripts/profile_CMB.py:38:0
'>/home/lawrence/git/DISCO-EB/src/discoeb/spline_interpolation.py:40</div>"
"Total","333.0","loop fusion","loop_add_fusion.41","125.0","101.926","0.815408","101.926","0.815408","1.3242465852030562e-05","0.811424007546559","0.003679139768067029","0.003679139768067029","0.01827448491288736","0.01827448491288736","0.0","0.1875","0.1875","0.0","0.1875","HBM","101.926","1.3242465852030564e-05","94.50899999999999","3.8928988435673104e-05","2.5922871066038658e-08","3.8928988435673104e-05","False","7","<div class='source-info-cell' title='/home/lawrence/git/DISCO-EB/src/discoeb/spline_interpolation.py:82:25
/home/lawrence/git/DISCO-EB/src/discoeb/cmb.py:735:18
/home/lawrence/git/DISCO-EB/src/discoeb/cmb.py:739:12
/home/lawrence/git/DISCO-EB/src/discoeb/cmb.py:1063:24
/home/lawrence/git/DISCO-EB/scripts/profile_CMB.py:38:0
'>/home/lawrence/git/DISCO-EB/src/discoeb/spline_interpolation.py:82</div>"
"Total","334.0","while","while.599","128.0","98.874","0.772453125","98.874","0.772453125","1.2845942827675664e-05","0.8114368534893867","1347.5717377672593","1347.5717377672593","9.017196396932388","0.9560952992067635","0.0","139.18117395373713","1312.655737704918","0.0","139.18117395373713","Compute","98.874","1.2845942827675666e-05","141926.4","0.00949486309641659","0.00949486309641659","0.002036709818287338","False","7","<div class='source-info-cell' title='/home/lawrence/git/DISCO-EB/.venv/lib/python3.13/site-packages/equinox/internal/_loop/loop.py:103:29
/home/lawrence/git/DISCO-EB/.venv/lib/python3.13/site-packages/equinox/_module/_prebuilt.py:81:15
/home/lawrence/git/DISCO-EB/.venv/lib/python3.13/site-packages/diffrax/_integrate.py:638:18
/home/lawrence/git/DISCO-EB/.venv/lib/python3.13/site-packages/diffrax/_adjoint.py:904:22
/home/lawrence/git/DISCO-EB/.venv/lib/python3.13/site-packages/equinox/_module/_prebuilt.py:33:15
/home/lawrence/git/DISCO-EB/.venv/lib/python3.13/site-packages/diffrax/_integrate.py:1416:29
/home/lawrence/git/DISCO-EB/.venv/lib/python3.13/site-packages/equinox/_jit.py:55:14
/home/lawrence/git/DISCO-EB/.venv/lib/python3.13/site-packages/equinox/_jit.py:263:37
/home/lawrence/git/DISCO-EB/.venv/lib/python3.13/site-packages/equinox/_jit.py:209:19
/home/lawrence/git/DISCO-EB/src/discoeb/thermodynamics_recfast.py:284:7
'>/home/lawrence/git/DISCO-EB/.venv/lib/python3.13/site-packages/equinox/internal/_loop/loop.py:103</div>"
"Total","335.0","call","call.573","7.0","98.773","14.11042857142857","98.773","14.11042857142857","1.2832820669923421e-05","0.8114496863100565","71196.47223431505","71196.47223431505","67.00645900543371","68.6211424539242","0.0","989.5595560336167","966.2748163851046","0.0","989.5595560336167","Compute","98.773","1.2832820669923423e-05","141926.4","0.5016436141148867","0.5016436141148867","0.14617931360394326","False","7",""
"Total","336.0","loop fusion","loop_concatenate_fusion.1","105.0","97.557","0.9291142857142858","97.557","0.9291142857142858","1.267483508748058e-05","0.811462361145144","0.45957747778221963","0.45957747778221963","0.06415211313812454","0.06415211313812454","0.0","6.671875","6.671875","0.0","6.671875","HBM","97.557","1.267483508748058e-05","3362.9452499999998","0.00013665922089639123","3.2381394707554032e-06","0.00013665922089639123","False","7","<div class='source-info-cell' title='/home/lawrence/git/DISCO-EB/src/discoeb/thermodynamics_recfast.py:405:13
/home/lawrence/git/DISCO-EB/src/discoeb/thermodynamics_recfast.py:440:14
/home/lawrence/git/DISCO-EB/src/discoeb/thermodynamics_recfast.py:452:12
/home/lawrence/git/DISCO-EB/src/discoeb/thermodynamics_recfast.py:461:11
/home/lawrence/git/DISCO-EB/src/discoeb/background.py:237:82
/home/lawrence/git/DISCO-EB/src/discoeb/cmb.py:987:12
/home/lawrence/git/DISCO-EB/scripts/profile_CMB.py:38:0
'>/home/lawrence/git/DISCO-EB/src/discoeb/thermodynamics_recfast.py:405</div>"
"Total","337.0","input fusion","input_transpose_fusion.17","1.0","84.869","84.869","84.869","84.869","1.1026380260149341e-05","0.8114733875254042","64858.58591476275","64858.58591476275","458.8577569210173","458.8577569210173","0.0","131.64050146035424","131.64050146035424","0.0","131.64050146035424","HBM","84.869","1.1026380260149343e-05","66353.13148008865","0.977475884981037","0.45698746614275254","0.977475884981037","False","7","<div class='source-info-cell' title='/home/lawrence/git/DISCO-EB/src/discoeb/spline_interpolation.py:56:21
/home/lawrence/git/DISCO-EB/src/discoeb/cmb.py:766:17
/home/lawrence/git/DISCO-EB/src/discoeb/cmb.py:770:15
/home/lawrence/git/DISCO-EB/src/discoeb/cmb.py:1063:24
/home/lawrence/git/DISCO-EB/scripts/profile_CMB.py:38:0
'>/home/lawrence/git/DISCO-EB/src/discoeb/spline_interpolation.py:56</div>"
"Total","338.0","call","call.590","5.0","77.662","15.5324","77.662","15.5324","1.0090029854996738e-05","0.8114834775552592","13742.72926270248","13742.72926270248","1525.744826115027","103.70344383293973","0.0","8.38863339407361","123.41840855161823","0.0","123.41840855161823","HBM","77.662","1.0090029854996738e-05","62208.80199362607","0.2209129387206422","0.0968299714690324","0.2209129387206422","False","7",""
"Total","339.0","call","call.567","101.0","76.317","0.7556138613861385","76.317","0.7556138613861385","9.915284288890139e-06","0.811493392839548","78.84847412765177","78.84847412765177","4.105583095515548","8.039843450029396","0.0","17.886220354247975","9.133680821707804","0.0","9.133680821707804","HBM","76.317","9.91528428889014e-06","4603.813550820175","0.017126773979281768","0.000555558896214177","0.017126773979281768","False","7",""
"Total","340.0","loop fusion","loop_dynamic_update_slice_fusion.49","30.0","69.09","2.303","69.09","2.303","8.976335436657885e-06","0.8115023691749846","4.456795484151107","4.456795484151107","0.012940652361135611","0.012940652361135611","0.0","320.75","320.75","0.0","320.75","Compute","69.09","8.976335436657885e-06","141926.4","3.1402159740197085e-05","3.1402159740197085e-05","2.756665966335678e-05","False","7","<div class='source-info-cell' title='/home/lawrence/git/DISCO-EB/src/discoeb/thermodynamics_recfast.py:433:14
/home/lawrence/git/DISCO-EB/src/discoeb/thermodynamics_recfast.py:446:16
/home/lawrence/git/DISCO-EB/src/discoeb/thermodynamics_recfast.py:443:14
/home/lawrence/git/DISCO-EB/src/discoeb/thermodynamics_recfast.py:440:14
/home/lawrence/git/DISCO-EB/src/discoeb/thermodynamics_recfast.py:452:12
/home/lawrence/git/DISCO-EB/src/discoeb/thermodynamics_recfast.py:461:11
/home/lawrence/git/DISCO-EB/src/discoeb/background.py:237:82
/home/lawrence/git/DISCO-EB/src/discoeb/cmb.py:987:12
/home/lawrence/git/DISCO-EB/scripts/profile_CMB.py:38:0
'>/home/lawrence/git/DISCO-EB/src/discoeb/thermodynamics_recfast.py:433</div>"
"Total","341.0","loop fusion","loop_add_fusion.67","48.0","64.895","1.3519791666666665","64.895","1.3519791666666665","8.431311161700873e-06","0.8115108004861463","0.002218969103937129","0.002218969103937129","0.011021738767311618","0.011021738767311618","0.0","0.1875","0.1875","0.0","0.1875","HBM","64.895","8.431311161700875e-06","94.509","2.3478918451545664e-05","1.563464657693797e-08","2.3478918451545664e-05","False","7","<div class='source-info-cell' title='/home/lawrence/git/DISCO-EB/.venv/lib/python3.13/site-packages/equinox/internal/_loop/bounded.py:78:15
/home/lawrence/git/DISCO-EB/.venv/lib/python3.13/site-packages/equinox/internal/_loop/bounded.py:69:19
/home/lawrence/git/DISCO-EB/.venv/lib/python3.13/site-packages/equinox/internal/_loop/bounded.py:72:19
/home/lawrence/git/DISCO-EB/.venv/lib/python3.13/site-packages/equinox/internal/_loop/bounded.py:78:15
/home/lawrence/git/DISCO-EB/.venv/lib/python3.13/site-packages/equinox/internal/_loop/bounded.py:59:19
/home/lawrence/git/DISCO-EB/.venv/lib/python3.13/site-packages/equinox/internal/_loop/loop.py:119:15
/home/lawrence/git/DISCO-EB/.venv/lib/python3.13/site-packages/diffrax/_integrate.py:638:18
/home/lawrence/git/DISCO-EB/.venv/lib/python3.13/site-packages/diffrax/_adjoint.py:393:22
/home/lawrence/git/DISCO-EB/.venv/lib/python3.13/site-packages/equinox/_module/_prebuilt.py:33:15
/home/lawrence/git/DISCO-EB/.venv/lib/python3.13/site-packages/diffrax/_integrate.py:1416:29
'>/home/lawrence/git/DISCO-EB/.venv/lib/python3.13/site-packages/equinox/internal/_loop/bounded.py:78</div>"
"Total","342.0","call","call.583","11.0","59.781","5.434636363636364","59.781","5.434636363636364","7.766888243433854e-06","0.8115185673743898","3668.1703551295564","3668.1703551295564","27.071340180470717","24.15465741471722","0.0","126.19433823715595","141.43234576309666","0.0","141.43234576309666","HBM","59.781","7.766888243433854e-06","71288.69101719734","0.0514551509193045","0.025845581619272782","0.0514551509193045","False","7",""
"Total","343.0","conditional","conditional.10","48.0","56.965","1.1867708333333333","56.965","1.1867708333333333","7.401026894618851e-06","0.8115259684012844","1569014.6300359871","1569014.6300359871","300514.88950842037","140408.40526946777","0.0","4.862516952969559","10.407202774293049","0.0","10.407202774293049","HBM","56.965","7.401026894618851e-06","5245.7297439768645","299.10321473147303","11.055128785313988","299.10321473147303","False","7","<div class='source-info-cell' title='/home/lawrence/git/DISCO-EB/.venv/lib/python3.13/site-packages/equinox/internal/_loop/bounded.py:72:19
/home/lawrence/git/DISCO-EB/.venv/lib/python3.13/site-packages/equinox/internal/_loop/bounded.py:78:15
/home/lawrence/git/DISCO-EB/.venv/lib/python3.13/site-packages/equinox/internal/_loop/bounded.py:69:19
/home/lawrence/git/DISCO-EB/.venv/lib/python3.13/site-packages/equinox/internal/_loop/bounded.py:72:19
/home/lawrence/git/DISCO-EB/.venv/lib/python3.13/site-packages/equinox/internal/_loop/bounded.py:78:15
/home/lawrence/git/DISCO-EB/.venv/lib/python3.13/site-packages/equinox/internal/_loop/bounded.py:59:19
/home/lawrence/git/DISCO-EB/.venv/lib/python3.13/site-packages/equinox/internal/_loop/loop.py:119:15
/home/lawrence/git/DISCO-EB/.venv/lib/python3.13/site-packages/diffrax/_integrate.py:638:18
/home/lawrence/git/DISCO-EB/.venv/lib/python3.13/site-packages/diffrax/_adjoint.py:393:22
/home/lawrence/git/DISCO-EB/.venv/lib/python3.13/site-packages/equinox/_module/_prebuilt.py:33:15
'>/home/lawrence/git/DISCO-EB/.venv/lib/python3.13/site-packages/equinox/internal/_loop/bounded.py:72</div>"
"Total","344.0","input fusion","input_reduce_fusion.22","48.0","54.856","1.1428333333333334","54.856","1.1428333333333334","7.127020650069546e-06","0.8115330954219345","0.060376257838704976","0.060376257838704976","0.10594014994896794","0.10594014994896794","0.0","0.5307692307692308","0.5307692307692308","0.0","0.5307692307692308","HBM","54.856","7.127020650069546e-06","267.53316923076926","0.0002256776534001491","4.254054061732347e-07","0.0002256776534001491","False","7","<div class='source-info-cell' title='/home/lawrence/git/DISCO-EB/.venv/lib/python3.13/site-packages/equinox/_unvmap.py:50:23
/home/lawrence/git/DISCO-EB/.venv/lib/python3.13/site-packages/equinox/internal/_loop/common.py:475:14
/home/lawrence/git/DISCO-EB/.venv/lib/python3.13/site-packages/equinox/internal/_loop/bounded.py:72:28
/home/lawrence/git/DISCO-EB/.venv/lib/python3.13/site-packages/equinox/internal/_loop/bounded.py:78:15
/home/lawrence/git/DISCO-EB/.venv/lib/python3.13/site-packages/equinox/internal/_loop/bounded.py:69:19
/home/lawrence/git/DISCO-EB/.venv/lib/python3.13/site-packages/equinox/internal/_loop/bounded.py:72:19
/home/lawrence/git/DISCO-EB/.venv/lib/python3.13/site-packages/equinox/internal/_loop/bounded.py:78:15
/home/lawrence/git/DISCO-EB/.venv/lib/python3.13/site-packages/equinox/internal/_loop/bounded.py:59:19
/home/lawrence/git/DISCO-EB/.venv/lib/python3.13/site-packages/equinox/internal/_loop/loop.py:119:15
/home/lawrence/git/DISCO-EB/.venv/lib/python3.13/site-packages/diffrax/_integrate.py:638:18
'>/home/lawrence/git/DISCO-EB/.venv/lib/python3.13/site-packages/equinox/_unvmap.py:50</div>"
"Total","345.0","call","call.576","13.0","46.348","3.565230769230769","46.348","3.565230769230769","6.021641262385579e-06","0.8115391170631969","5077.5983861223785","5077.5983861223785","287.10254838800597","200.7754481804837","0.0","16.47105547609429","23.553089009050268","0.0","23.553089009050268","HBM","46.348","6.021641262385579e-06","11871.88740883377","0.4276993380466345","0.0357762783113105","0.4276993380466345","False","7",""
"Total","346.0","call","call.582","45.0","42.029","0.9339777777777779","42.029","0.9339777777777779","5.460506615534726e-06","0.8115445775698125","11124.962763805943","11124.962763805943","224.09709856992285","146.7575937060683","0.0","46.2341057952442","70.59892917323477","0.0","70.59892917323477","HBM","42.029","5.460506615534726e-06","35585.24905191064","0.31262849242890495","0.07838543614018212","0.31262849242890495","False","7",""
"Total","347.0","loop fusion","loop_convert_fusion.4","48.0","39.759","0.8283125","39.759","0.8283125","5.165582871994222e-06","0.8115497431526845","0.010865464423149476","0.010865464423149476","0.01461669776805399","0.01461669776805399","0.0","0.6923076923076923","0.6923076923076923","0.0","0.6923076923076923","HBM","39.759","5.165582871994223e-06","348.95630769230775","3.113703401725038e-05","7.65570353588161e-08","3.113703401725038e-05","False","7","<div class='source-info-cell' title='/home/lawrence/git/DISCO-EB/.venv/lib/python3.13/site-packages/equinox/internal/_loop/bounded.py:72:19
/home/lawrence/git/DISCO-EB/.venv/lib/python3.13/site-packages/equinox/internal/_loop/bounded.py:78:15
/home/lawrence/git/DISCO-EB/.venv/lib/python3.13/site-packages/equinox/internal/_loop/bounded.py:69:19
/home/lawrence/git/DISCO-EB/.venv/lib/python3.13/site-packages/equinox/internal/_loop/bounded.py:72:19
/home/lawrence/git/DISCO-EB/.venv/lib/python3.13/site-packages/equinox/internal/_loop/bounded.py:78:15
/home/lawrence/git/DISCO-EB/.venv/lib/python3.13/site-packages/equinox/internal/_loop/bounded.py:59:19
/home/lawrence/git/DISCO-EB/.venv/lib/python3.13/site-packages/equinox/internal/_loop/loop.py:119:15
/home/lawrence/git/DISCO-EB/.venv/lib/python3.13/site-packages/diffrax/_integrate.py:638:18
/home/lawrence/git/DISCO-EB/.venv/lib/python3.13/site-packages/diffrax/_adjoint.py:393:22
/home/lawrence/git/DISCO-EB/.venv/lib/python3.13/site-packages/equinox/_module/_prebuilt.py:33:15
'>/home/lawrence/git/DISCO-EB/.venv/lib/python3.13/site-packages/equinox/internal/_loop/bounded.py:72</div>"
"Total","348.0","call","call.585","5.0","39.535","7.906999999999999","39.535","7.906999999999999","5.1364802647021194e-06","0.8115548796329491","1249.2280257999241","1249.2280257999241","8.83242914193316","8.632666515583363","0.0","131.7230223502427","134.7711346395241","0.0","134.7711346395241","HBM","39.535","5.13648026470212e-06","67931.12087278285","0.01838962775455156","0.008801942597007492","0.01838962775455156","False","7",""
"Total","349.0","data formatting","copy.1667","37.0","34.322","0.9276216216216217","34.322","0.9276216216216217","4.459195033390822e-06","0.8115593388279826","0.0","0.0","0.0160638355623904","0.0160638355623904","0.0","0.0","0.0","0.0","0.0","HBM","34.322","4.459195033390822e-06","0.0","3.421978084864365e-05","0.0","3.421978084864365e-05","False","7",""
"Total","350.0","call","call.571","13.0","33.425","2.571153846153846","33.425","2.571153846153846","4.342654681868429e-06","0.8115636814826644","91583.19964098728","91583.19964098728","166.94271305914504","108.83108216073856","0.0","510.9147905781882","783.7237266022313","0.0","510.9147905781882","Compute","33.425","4.34265468186843e-06","141926.4","0.6452865685382514","0.6452865685382514","0.23183602487692698","False","7",""
"Total","351.0","loop fusion","loop_pad_fusion.9","1.0","32.886","32.886","32.886","32.886","4.272626533071808e-06","0.8115679541091975","502.191570881226","502.191570881226","592.0520067606457","592.0520067606457","0.0","0.7899683497439395","0.7899683497439395","0.0","0.7899683497439395","HBM","32.886","4.272626533071808e-06","398.1819667517332","1.261211237108442","0.0035383943429920443","1.261211237108442","False","7","<div class='source-info-cell' title='/home/lawrence/git/DISCO-EB/src/discoeb/spline_interpolation.py:62:17
/home/lawrence/git/DISCO-EB/src/discoeb/cmb.py:766:17
/home/lawrence/git/DISCO-EB/src/discoeb/cmb.py:770:15
/home/lawrence/git/DISCO-EB/src/discoeb/cmb.py:1063:24
/home/lawrence/git/DISCO-EB/scripts/profile_CMB.py:38:0
'>/home/lawrence/git/DISCO-EB/src/discoeb/spline_interpolation.py:62</div>"
"Total","352.0","loop fusion","loop_pad_fusion.11","1.0","32.373","32.373","32.373","32.373","4.2059763654787335e-06","0.811572160085563","0.0","0.0","601.4337516989466","601.4337516989466","0.0","0.0","0.0","0.0","0.0","HBM","32.373","4.2059763654787335e-06","0.0","1.2811965796201752","0.0","1.2811965796201752","False","7","<div class='source-info-cell' title='/home/lawrence/git/DISCO-EB/src/discoeb/spline_interpolation.py:75:25
/home/lawrence/git/DISCO-EB/src/discoeb/cmb.py:766:17
/home/lawrence/git/DISCO-EB/src/discoeb/cmb.py:770:15
/home/lawrence/git/DISCO-EB/src/discoeb/cmb.py:1063:24
/home/lawrence/git/DISCO-EB/scripts/profile_CMB.py:38:0
'>/home/lawrence/git/DISCO-EB/src/discoeb/spline_interpolation.py:75</div>"
"Total","353.0","call","call.570","11.0","32.211","2.928272727272727","32.211","2.928272727272727","4.184928944133552e-06","0.8115763450145072","361.93213498494305","361.93213498494305","4.081153768964764","4.009911683222237","0.0","82.59320448877806","84.0605964467005","0.0","84.0605964467005","HBM","32.211","4.184928944133552e-06","42370.575517766505","0.00854206322576809","0.002550139614511064","0.00854206322576809","False","7",""
"Total","354.0","call","call.568","13.0","30.131","2.3177692307692306","30.131","2.3177692307692306","3.914690447849742e-06","0.811580259704955","5863.60963791444","5863.60963791444","46.519332329128844","151.10786818654074","0.0","117.39016342466226","36.13916396319736","0.0","36.13916396319736","HBM","30.131","3.914690447849743e-06","18215.873317321704","0.3218956091629524","0.041314439300330595","0.3218956091629524","False","7",""
"Total","355.0","loop fusion","loop_minimum_multiply_select_fusion.1","30.0","29.713","0.9904333333333334","29.713","0.9904333333333334","3.8603829038850154e-06","0.8115841200878589","0.403863628714704","0.403863628714704","0.05265782402833789","0.05265782402833789","0.0","7.142857142857143","7.142857142857143","0.0","7.142857142857143","HBM","29.713","3.8603829038850154e-06","3600.342857142857","0.00011217365810410627","2.845584956108969e-06","0.00011217365810410627","False","7","<div class='source-info-cell' title='/home/lawrence/git/DISCO-EB/.venv/lib/python3.13/site-packages/diffrax/_integrate.py:1238:12
/home/lawrence/git/DISCO-EB/.venv/lib/python3.13/site-packages/equinox/_jit.py:55:14
/home/lawrence/git/DISCO-EB/.venv/lib/python3.13/site-packages/equinox/_jit.py:263:37
/home/lawrence/git/DISCO-EB/.venv/lib/python3.13/site-packages/equinox/_jit.py:209:19
/home/lawrence/git/DISCO-EB/src/discoeb/thermodynamics_recfast.py:284:7
/home/lawrence/git/DISCO-EB/src/discoeb/thermodynamics_recfast.py:432:14
/home/lawrence/git/DISCO-EB/src/discoeb/thermodynamics_recfast.py:446:16
/home/lawrence/git/DISCO-EB/src/discoeb/thermodynamics_recfast.py:443:14
/home/lawrence/git/DISCO-EB/src/discoeb/thermodynamics_recfast.py:440:14
/home/lawrence/git/DISCO-EB/src/discoeb/thermodynamics_recfast.py:452:12
'>/home/lawrence/git/DISCO-EB/.venv/lib/python3.13/site-packages/diffrax/_integrate.py:1238</div>"
"Total","356.0","call","call.569","18.0","26.26","1.458888888888889","26.26","1.458888888888889","3.4117610155830956e-06","0.8115875318488744","22234.630921553693","22234.630921553693","110.34236095919466","73.62285826102703","0.0","187.66694436730538","281.26609322974474","0.0","281.26609322974474","HBM","26.26","3.4117610155830956e-06","141771.6117602664","0.1568341549163743","0.1566631079316723","0.1568341549163743","False","7",""
"Total","357.0","input fusion","input_concatenate_fusion.22","1.0","26.199","26.199","26.199","26.199","3.4038357519901566e-06","0.8115909356846265","40023.51234779954","40023.51234779954","1486.3326725256688","1486.3326725256688","0.0","25.078369905956112","25.078369905956112","0.0","25.078369905956112","HBM","26.199","3.4038357519901566e-06","12640.702194357369","3.166241220813308","0.28200188511650787","3.166241220813308","False","7","<div class='source-info-cell' title='/home/lawrence/git/DISCO-EB/src/discoeb/spline_interpolation.py:85:21
/home/lawrence/git/DISCO-EB/src/discoeb/cmb.py:766:17
/home/lawrence/git/DISCO-EB/src/discoeb/cmb.py:770:15
/home/lawrence/git/DISCO-EB/src/discoeb/cmb.py:1063:24
/home/lawrence/git/DISCO-EB/scripts/profile_CMB.py:38:0
'>/home/lawrence/git/DISCO-EB/src/discoeb/spline_interpolation.py:85</div>"
"Total","358.0","call","call.588","13.0","25.749","1.9806923076923075","25.749","1.9806923076923075","3.3453706926979862e-06","0.8115942810553192","13084.229135112044","13084.229135112044","217.24769169022503","136.28856428081843","0.0","56.090989368701734","89.4105681520224","0.0","89.4105681520224","HBM","25.749","3.3453706926979862e-06","45067.2180558906","0.29032697600472024","0.09219024180921974","0.29032697600472024","False","7",""
"Total","359.0","call","call.572","10.0","23.51","2.351","23.51","2.351","3.0544745421309436e-06","0.8115973355298614","29018.32752020417","29018.32752020417","99.10444765078772","79.56687666821206","0.0","272.69637375287795","339.65670928426334","0.0","272.69637375287795","Compute","23.51","3.054474542130943e-06","141926.4","0.20446039299386282","0.20446039299386282","0.16949632432567743","False","7",""
"Total","360.0","conditional","conditional.4.clone","30.0","22.165","0.7388333333333333","22.165","0.7388333333333333","2.8797289760243452e-06","0.8116002152588374","0.0","0.0","0.007563188063649273","0.007563188063649273","0.0","0.0","0.0","0.0","0.0","HBM","22.165","2.8797289760243452e-06","0.0","1.6111384921114255e-05","0.0","1.6111384921114255e-05","False","7","<div class='source-info-cell' title='/home/lawrence/git/DISCO-EB/.venv/lib/python3.13/site-packages/equinox/_errors.py:118:15
/home/lawrence/git/DISCO-EB/.venv/lib/python3.13/site-packages/equinox/_ad.py:776:19
/home/lawrence/git/DISCO-EB/.venv/lib/python3.13/site-packages/equinox/_ad.py:819:15
/home/lawrence/git/DISCO-EB/.venv/lib/python3.13/site-packages/equinox/_errors.py:336:16
/home/lawrence/git/DISCO-EB/.venv/lib/python3.13/site-packages/equinox/_jit.py:55:14
/home/lawrence/git/DISCO-EB/.venv/lib/python3.13/site-packages/equinox/_jit.py:263:37
/home/lawrence/git/DISCO-EB/.venv/lib/python3.13/site-packages/equinox/_jit.py:209:19
/home/lawrence/git/DISCO-EB/.venv/lib/python3.13/site-packages/equinox/_errors.py:267:15
/home/lawrence/git/DISCO-EB/.venv/lib/python3.13/site-packages/equinox/_errors.py:246:11
/home/lawrence/git/DISCO-EB/.venv/lib/python3.13/site-packages/diffrax/_integrate.py:1021:14
'>/home/lawrence/git/DISCO-EB/.venv/lib/python3.13/site-packages/equinox/_errors.py:118</div>"
"Total","361.0","call","call.575","13.0","18.904","1.4541538461538461","18.904","1.4541538461538461","2.4560521796870843e-06","0.811602671311017","18947.95387219636","18947.95387219636","251.79683279294963","193.9149180106374","0.0","70.08291958326551","91.00206092953206","0.0","91.00206092953206","HBM","18.904","2.4560521796870843e-06","45869.406807408785","0.413084781142971","0.13350549208742252","0.413084781142971","False","7",""
"Total","362.0","conditional","conditional.41","16.0","17.627","1.1016875","17.627","1.1016875","2.290141333651303e-06","0.8116049614523507","1690189.757077211","1690189.757077211","403824.9951953036","191301.54530311012","0.0","3.898005063774133","8.228432622725222","0.0","8.228432622725222","HBM","17.627","2.2901413336513033e-06","4147.525006619403","407.5176772604595","11.908917277386104","407.5176772604595","False","7","<div class='source-info-cell' title='/home/lawrence/git/DISCO-EB/.venv/lib/python3.13/site-packages/equinox/internal/_loop/bounded.py:72:19
/home/lawrence/git/DISCO-EB/.venv/lib/python3.13/site-packages/equinox/internal/_loop/bounded.py:78:15
/home/lawrence/git/DISCO-EB/.venv/lib/python3.13/site-packages/equinox/internal/_loop/bounded.py:59:19
/home/lawrence/git/DISCO-EB/.venv/lib/python3.13/site-packages/equinox/internal/_loop/loop.py:119:15
/home/lawrence/git/DISCO-EB/.venv/lib/python3.13/site-packages/diffrax/_integrate.py:638:18
/home/lawrence/git/DISCO-EB/.venv/lib/python3.13/site-packages/diffrax/_adjoint.py:393:22
/home/lawrence/git/DISCO-EB/.venv/lib/python3.13/site-packages/equinox/_module/_prebuilt.py:33:15
/home/lawrence/git/DISCO-EB/.venv/lib/python3.13/site-packages/diffrax/_integrate.py:1416:29
/home/lawrence/git/DISCO-EB/.venv/lib/python3.13/site-packages/equinox/_jit.py:55:14
/home/lawrence/git/DISCO-EB/.venv/lib/python3.13/site-packages/equinox/_jit.py:263:37
'>/home/lawrence/git/DISCO-EB/.venv/lib/python3.13/site-packages/equinox/internal/_loop/bounded.py:72</div>"
"Total","363.0","call","call.589","5.0","17.464","3.4928","17.464","3.4928","2.268963989952139e-06","0.8116072304163406","3556.5288593678424","3556.5288593678424","237.42752901414528","115.0842515416392","0.0","13.95068056241858","28.78131081907657","0.0","28.78131081907657","HBM","17.464","2.2689639899521395e-06","14507.162155733908","0.24515675920546157","0.025058966192109733","0.24515675920546157","False","7",""
"Total","364.0","call","call.587","9.0","17.177","1.9085555555555556","17.177","1.9085555555555556","2.231676274359133e-06","0.811609462092615","19511.945508528846","19511.945508528846","296.65603344547475","291.1770785167885","0.0","61.255842720286346","62.40846779329253","0.0","62.40846779329253","HBM","17.177","2.231676274359133e-06","31456.86337427352","0.6202762582008216","0.1374793238504524","0.6202762582008216","False","7",""
"Total","365.0","call","call.586","9.0","16.953","1.8836666666666666","16.953","1.8836666666666666","2.20257366706703e-06","0.8116116646662821","1168.2980003539196","1168.2980003539196","33.430706355618575","36.87978065070842","0.0","32.546793658305724","29.502949377949378","0.0","29.502949377949378","HBM","16.953","2.20257366706703e-06","14870.90262805663","0.07856268241241224","0.008231717286945344","0.07856268241241224","False","7",""
"Total","366.0","input fusion","input_reduce_fusion.23","16.0","16.507","1.0316875","16.507","1.0316875","2.1446282971907906e-06","0.8116138092945793","0.043617859090083","0.043617859090083","0.1164505842373749","0.1164505842373749","0.0","0.3488372093023256","0.3488372093023256","0.0","0.3488372093023256","HBM","16.507","2.1446282971907906e-06","175.83069767441864","0.0002480673720060482","3.0732731253722353e-07","0.0002480673720060482","False","7","<div class='source-info-cell' title='/home/lawrence/git/DISCO-EB/.venv/lib/python3.13/site-packages/equinox/_unvmap.py:50:23
/home/lawrence/git/DISCO-EB/.venv/lib/python3.13/site-packages/equinox/internal/_loop/common.py:475:14
/home/lawrence/git/DISCO-EB/.venv/lib/python3.13/site-packages/equinox/internal/_loop/bounded.py:72:28
/home/lawrence/git/DISCO-EB/.venv/lib/python3.13/site-packages/equinox/internal/_loop/bounded.py:78:15
/home/lawrence/git/DISCO-EB/.venv/lib/python3.13/site-packages/equinox/internal/_loop/bounded.py:59:19
/home/lawrence/git/DISCO-EB/.venv/lib/python3.13/site-packages/equinox/internal/_loop/loop.py:119:15
/home/lawrence/git/DISCO-EB/.venv/lib/python3.13/site-packages/diffrax/_integrate.py:638:18
/home/lawrence/git/DISCO-EB/.venv/lib/python3.13/site-packages/diffrax/_adjoint.py:393:22
/home/lawrence/git/DISCO-EB/.venv/lib/python3.13/site-packages/equinox/_module/_prebuilt.py:33:15
/home/lawrence/git/DISCO-EB/.venv/lib/python3.13/site-packages/diffrax/_integrate.py:1416:29
'>/home/lawrence/git/DISCO-EB/.venv/lib/python3.13/site-packages/equinox/_unvmap.py:50</div>"
"Total","367.0","loop fusion","loop_add_fusion.68","16.0","15.419","0.9636875","15.419","0.9636875","2.003272776057721e-06","0.8116158125673554","0.0031130423503469744","0.0031130423503469744","0.015462648621931543","0.015462648621931543","0.0","0.1875","0.1875","0.0","0.1875","HBM","15.419","2.003272776057721e-06","94.509","3.2939110035520156e-05","2.1934202166383242e-08","3.2939110035520156e-05","False","7","<div class='source-info-cell' title='/home/lawrence/git/DISCO-EB/.venv/lib/python3.13/site-packages/equinox/internal/_loop/bounded.py:78:15
/home/lawrence/git/DISCO-EB/.venv/lib/python3.13/site-packages/equinox/internal/_loop/bounded.py:59:19
/home/lawrence/git/DISCO-EB/.venv/lib/python3.13/site-packages/equinox/internal/_loop/loop.py:119:15
/home/lawrence/git/DISCO-EB/.venv/lib/python3.13/site-packages/diffrax/_integrate.py:638:18
/home/lawrence/git/DISCO-EB/.venv/lib/python3.13/site-packages/diffrax/_adjoint.py:393:22
/home/lawrence/git/DISCO-EB/.venv/lib/python3.13/site-packages/equinox/_module/_prebuilt.py:33:15
/home/lawrence/git/DISCO-EB/.venv/lib/python3.13/site-packages/diffrax/_integrate.py:1416:29
/home/lawrence/git/DISCO-EB/.venv/lib/python3.13/site-packages/equinox/_jit.py:55:14
/home/lawrence/git/DISCO-EB/.venv/lib/python3.13/site-packages/equinox/_jit.py:263:37
/home/lawrence/git/DISCO-EB/.venv/lib/python3.13/site-packages/equinox/_jit.py:209:19
'>/home/lawrence/git/DISCO-EB/.venv/lib/python3.13/site-packages/equinox/internal/_loop/bounded.py:78</div>"
"Total","368.0","call","call.577","5.0","14.842","2.9684","14.842","2.9684","1.92830757780976e-06","0.8116177408749332","28.855612451152137","28.855612451152137","2.799866141985086","2.7584517167562614","0.0","9.598274316450022","9.742379435850774","0.0","9.742379435850774","HBM","14.842","1.92830757780976e-06","4910.626869881711","0.005876156591764672","0.00020331391799659638","0.005876156591764672","False","7",""
"Total","369.0","call","call.579","5.0","14.746","2.9492000000000003","14.746","2.9492000000000003","1.9158350318274305e-06","0.811619656709965","29.043469415434693","29.043469415434693","2.8180939427195613","2.776409899640339","0.0","9.598274316450022","9.742379435850774","0.0","9.742379435850774","HBM","14.746","1.9158350318274305e-06","4910.62686988171","0.0059144117818371944","0.00020463754041133076","0.0059144117818371944","False","7",""
"Total","370.0","call","call.578","5.0","14.745","2.949","14.745","2.949","1.9157051094734477e-06","0.8116215724150745","29.04543913190912","29.04543913190912","2.8182850647231366","2.7765981946487917","0.0","9.598274316450022","9.742379435850774","0.0","9.742379435850774","HBM","14.745","1.9157051094734477e-06","4910.626869881711","0.005914812894877671","0.00020465141884743867","0.005914812894877671","False","7",""
"Total","371.0","call","call.580","5.0","14.651","2.9302","14.651","2.9302","1.9034924081990833e-06","0.8116234759074827","29.231793051668827","29.231793051668827","2.8363670247315986","2.7944126940206426","0.0","9.598274316450022","9.742379435850774","0.0","9.742379435850774","HBM","14.651","1.9034924081990835e-06","4910.62686988171","0.005952762004980634","0.0002059644509525277","0.005952762004980634","False","7",""
"Total","372.0","loop fusion","loop_add_divide_fusion","6.0","13.467","2.2445","13.467","2.2445","1.7496643410836842e-06","0.8116252255718238","3.485854310536868","3.485854310536868","0.016597417235294783","0.016597417235294783","0.0","195.6","195.6","0.0","195.6","HBM","13.467","1.7496643410836842e-06","98591.7888","3.5356436402712556e-05","2.456100000096436e-05","3.5356436402712556e-05","False","7","<div class='source-info-cell' title='/home/lawrence/git/DISCO-EB/.venv/lib/python3.13/site-packages/jax_cosmo/scipy/integrate.py:65:11
/home/lawrence/git/DISCO-EB/.venv/lib/python3.13/site-packages/jax_cosmo/scipy/integrate.py:142:12
/home/lawrence/git/DISCO-EB/.venv/lib/python3.13/site-packages/jax_cosmo/scipy/integrate.py:150:23
/home/lawrence/git/DISCO-EB/src/discoeb/background.py:183:8
/home/lawrence/git/DISCO-EB/src/discoeb/background.py:233:12
/home/lawrence/git/DISCO-EB/src/discoeb/cmb.py:987:12
/home/lawrence/git/DISCO-EB/scripts/profile_CMB.py:38:0
'>/home/lawrence/git/DISCO-EB/.venv/lib/python3.13/site-packages/jax_cosmo/scipy/integrate.py:65</div>"
"Total","373.0","loop fusion","loop_add_divide_fusion.3","6.0","13.37","2.228333333333333","13.37","2.228333333333333","1.7370618727473717e-06","0.8116269626336966","3.5111443530291697","3.5111443530291697","0.016717832304241946","0.016717832304241946","0.0","195.6","195.6","0.0","195.6","HBM","13.37","1.737061872747372e-06","98591.78880000002","3.561294906771353e-05","2.4739191250036425e-05","3.561294906771353e-05","False","7","<div class='source-info-cell' title='/home/lawrence/git/DISCO-EB/.venv/lib/python3.13/site-packages/jax_cosmo/scipy/integrate.py:65:11
/home/lawrence/git/DISCO-EB/.venv/lib/python3.13/site-packages/jax_cosmo/scipy/integrate.py:142:12
/home/lawrence/git/DISCO-EB/.venv/lib/python3.13/site-packages/jax_cosmo/scipy/integrate.py:150:23
/home/lawrence/git/DISCO-EB/src/discoeb/background.py:183:8
/home/lawrence/git/DISCO-EB/src/discoeb/background.py:233:12
/home/lawrence/git/DISCO-EB/src/discoeb/cmb.py:987:12
/home/lawrence/git/DISCO-EB/scripts/profile_CMB.py:38:0
'>/home/lawrence/git/DISCO-EB/.venv/lib/python3.13/site-packages/jax_cosmo/scipy/integrate.py:65</div>"
"Total","374.0","loop fusion","loop_add_divide_fusion.1","6.0","13.242","2.2070000000000003","13.242","2.2070000000000003","1.720431811437599e-06","0.8116286830655081","3.545083824195741","3.545083824195741","0.016879430441603595","0.016879430441603595","0.0","195.6","195.6","0.0","195.6","HBM","13.242","1.720431811437599e-06","98591.78880000001","3.595719143900694e-05","2.4978325556032853e-05","3.595719143900694e-05","False","7","<div class='source-info-cell' title='/home/lawrence/git/DISCO-EB/.venv/lib/python3.13/site-packages/jax_cosmo/scipy/integrate.py:65:11
/home/lawrence/git/DISCO-EB/.venv/lib/python3.13/site-packages/jax_cosmo/scipy/integrate.py:142:12
/home/lawrence/git/DISCO-EB/.venv/lib/python3.13/site-packages/jax_cosmo/scipy/integrate.py:150:23
/home/lawrence/git/DISCO-EB/src/discoeb/background.py:183:8
/home/lawrence/git/DISCO-EB/src/discoeb/background.py:233:12
/home/lawrence/git/DISCO-EB/src/discoeb/cmb.py:987:12
/home/lawrence/git/DISCO-EB/scripts/profile_CMB.py:38:0
'>/home/lawrence/git/DISCO-EB/.venv/lib/python3.13/site-packages/jax_cosmo/scipy/integrate.py:65</div>"
"Total","375.0","loop fusion","loop_convert_fusion.5","16.0","13.212","0.82575","13.212","0.82575","1.716534140818121e-06","0.8116303995996489","0.010899182561307902","0.010899182561307902","0.014662056881624246","0.014662056881624246","0.0","0.6923076923076923","0.6923076923076923","0.0","0.6923076923076923","HBM","13.212","1.716534140818121e-06","348.9563076923077","3.123365969047981e-05","7.679461017335676e-08","3.123365969047981e-05","False","7","<div class='source-info-cell' title='/home/lawrence/git/DISCO-EB/.venv/lib/python3.13/site-packages/equinox/internal/_loop/bounded.py:72:19
/home/lawrence/git/DISCO-EB/.venv/lib/python3.13/site-packages/equinox/internal/_loop/bounded.py:78:15
/home/lawrence/git/DISCO-EB/.venv/lib/python3.13/site-packages/equinox/internal/_loop/bounded.py:59:19
/home/lawrence/git/DISCO-EB/.venv/lib/python3.13/site-packages/equinox/internal/_loop/loop.py:119:15
/home/lawrence/git/DISCO-EB/.venv/lib/python3.13/site-packages/diffrax/_integrate.py:638:18
/home/lawrence/git/DISCO-EB/.venv/lib/python3.13/site-packages/diffrax/_adjoint.py:393:22
/home/lawrence/git/DISCO-EB/.venv/lib/python3.13/site-packages/equinox/_module/_prebuilt.py:33:15
/home/lawrence/git/DISCO-EB/.venv/lib/python3.13/site-packages/diffrax/_integrate.py:1416:29
/home/lawrence/git/DISCO-EB/.venv/lib/python3.13/site-packages/equinox/_jit.py:55:14
/home/lawrence/git/DISCO-EB/.venv/lib/python3.13/site-packages/equinox/_jit.py:263:37
'>/home/lawrence/git/DISCO-EB/.venv/lib/python3.13/site-packages/equinox/internal/_loop/bounded.py:72</div>"
"Total","376.0","loop fusion","loop_add_divide_fusion.2","6.0","13.21","2.2016666666666667","13.21","2.2016666666666667","1.7162742961101557e-06","0.811632115873945","3.553671461014383","3.553671461014383","0.016920319296571902","0.016920319296571902","0.0","195.6","195.6","0.0","195.6","HBM","13.21","1.7162742961101557e-06","98591.78880000001","3.604429440085768e-05","2.503883323338282e-05","3.604429440085768e-05","False","7","<div class='source-info-cell' title='/home/lawrence/git/DISCO-EB/.venv/lib/python3.13/site-packages/jax_cosmo/scipy/integrate.py:65:11
/home/lawrence/git/DISCO-EB/.venv/lib/python3.13/site-packages/jax_cosmo/scipy/integrate.py:142:12
/home/lawrence/git/DISCO-EB/.venv/lib/python3.13/site-packages/jax_cosmo/scipy/integrate.py:150:23
/home/lawrence/git/DISCO-EB/src/discoeb/background.py:183:8
/home/lawrence/git/DISCO-EB/src/discoeb/background.py:233:12
/home/lawrence/git/DISCO-EB/src/discoeb/cmb.py:987:12
/home/lawrence/git/DISCO-EB/scripts/profile_CMB.py:38:0
'>/home/lawrence/git/DISCO-EB/.venv/lib/python3.13/site-packages/jax_cosmo/scipy/integrate.py:65</div>"
"Total","377.0","loop fusion","loop_add_divide_fusion.4","6.0","13.178","2.1963333333333335","13.178","2.1963333333333335","1.7121167807827126e-06","0.8116338279907258","3.5623008043709214","3.5623008043709214","0.016961406731500595","0.016961406731500595","0.0","195.6","195.6","0.0","195.6","HBM","13.178","1.7121167807827126e-06","98591.7888","3.613182038513659e-05","2.5099634771056842e-05","3.613182038513659e-05","False","7","<div class='source-info-cell' title='/home/lawrence/git/DISCO-EB/.venv/lib/python3.13/site-packages/jax_cosmo/scipy/integrate.py:65:11
/home/lawrence/git/DISCO-EB/.venv/lib/python3.13/site-packages/jax_cosmo/scipy/integrate.py:142:12
/home/lawrence/git/DISCO-EB/.venv/lib/python3.13/site-packages/jax_cosmo/scipy/integrate.py:150:23
/home/lawrence/git/DISCO-EB/src/discoeb/background.py:183:8
/home/lawrence/git/DISCO-EB/src/discoeb/background.py:233:12
/home/lawrence/git/DISCO-EB/src/discoeb/cmb.py:987:12
/home/lawrence/git/DISCO-EB/scripts/profile_CMB.py:38:0
'>/home/lawrence/git/DISCO-EB/.venv/lib/python3.13/site-packages/jax_cosmo/scipy/integrate.py:65</div>"
"Total","378.0","loop fusion","loop_add_divide_fusion.5","6.0","13.147","2.1911666666666667","13.147","2.1911666666666667","1.708089187809252e-06","0.8116355360799136","3.570700540047159","3.570700540047159","0.017001400920948873","0.017001400920948873","0.0","195.6","195.6","0.0","195.6","HBM","13.147","1.708089187809252e-06","98591.78880000001","3.621701749717273e-05","2.51588185147172e-05","3.621701749717273e-05","False","7","<div class='source-info-cell' title='/home/lawrence/git/DISCO-EB/.venv/lib/python3.13/site-packages/jax_cosmo/scipy/integrate.py:65:11
/home/lawrence/git/DISCO-EB/.venv/lib/python3.13/site-packages/jax_cosmo/scipy/integrate.py:142:12
/home/lawrence/git/DISCO-EB/.venv/lib/python3.13/site-packages/jax_cosmo/scipy/integrate.py:150:23
/home/lawrence/git/DISCO-EB/src/discoeb/background.py:183:8
/home/lawrence/git/DISCO-EB/src/discoeb/background.py:233:12
/home/lawrence/git/DISCO-EB/src/discoeb/cmb.py:987:12
/home/lawrence/git/DISCO-EB/scripts/profile_CMB.py:38:0
'>/home/lawrence/git/DISCO-EB/.venv/lib/python3.13/site-packages/jax_cosmo/scipy/integrate.py:65</div>"
"Total","379.0","loop fusion","loop_add_power_fusion","6.0","11.866","1.9776666666666667","11.866","1.9776666666666667","1.5416586523575402e-06","0.811637077738566","2.7896511039946064","2.7896511039946064","0.01130207742665","0.01130207742665","0.0","229.875","229.875","0.0","229.875","HBM","11.866","1.5416586523575404e-06","115868.034","2.4076106305511375e-05","1.9655618010423758e-05","2.4076106305511375e-05","False","7","<div class='source-info-cell' title='/home/lawrence/git/DISCO-EB/.venv/lib/python3.13/site-packages/jax_cosmo/scipy/integrate.py:64:10
/home/lawrence/git/DISCO-EB/.venv/lib/python3.13/site-packages/jax_cosmo/scipy/integrate.py:142:12
/home/lawrence/git/DISCO-EB/.venv/lib/python3.13/site-packages/jax_cosmo/scipy/integrate.py:150:23
/home/lawrence/git/DISCO-EB/src/discoeb/thermodynamics_recfast.py:488:45
/home/lawrence/git/DISCO-EB/src/discoeb/thermodynamics_recfast.py:488:21
/home/lawrence/git/DISCO-EB/src/discoeb/background.py:237:82
/home/lawrence/git/DISCO-EB/src/discoeb/cmb.py:987:12
/home/lawrence/git/DISCO-EB/scripts/profile_CMB.py:38:0
'>/home/lawrence/git/DISCO-EB/.venv/lib/python3.13/site-packages/jax_cosmo/scipy/integrate.py:64</div>"
"Total","380.0","loop fusion","loop_add_power_fusion.1","6.0","11.675","1.9458333333333335","11.675","1.9458333333333335","1.5168434827468637e-06","0.8116385945820487","2.835289079229122","2.835289079229122","0.011486976509175923","0.011486976509175923","0.0","229.875","229.875","0.0","229.875","HBM","11.675","1.5168434827468637e-06","115868.034","2.446998521808976e-05","1.9977178870380156e-05","2.446998521808976e-05","False","7","<div class='source-info-cell' title='/home/lawrence/git/DISCO-EB/.venv/lib/python3.13/site-packages/jax_cosmo/scipy/integrate.py:64:10
/home/lawrence/git/DISCO-EB/.venv/lib/python3.13/site-packages/jax_cosmo/scipy/integrate.py:142:12
/home/lawrence/git/DISCO-EB/.venv/lib/python3.13/site-packages/jax_cosmo/scipy/integrate.py:150:23
/home/lawrence/git/DISCO-EB/src/discoeb/thermodynamics_recfast.py:488:45
/home/lawrence/git/DISCO-EB/src/discoeb/thermodynamics_recfast.py:488:21
/home/lawrence/git/DISCO-EB/src/discoeb/background.py:237:82
/home/lawrence/git/DISCO-EB/src/discoeb/cmb.py:987:12
/home/lawrence/git/DISCO-EB/scripts/profile_CMB.py:38:0
'>/home/lawrence/git/DISCO-EB/.venv/lib/python3.13/site-packages/jax_cosmo/scipy/integrate.py:64</div>"
"Total","381.0","loop fusion","loop_add_power_fusion.4","6.0","11.675","1.9458333333333335","11.675","1.9458333333333335","1.5168434827468637e-06","0.8116401114255314","2.835289079229122","2.835289079229122","0.011486976509175923","0.011486976509175923","0.0","229.875","229.875","0.0","229.875","HBM","11.675","1.5168434827468637e-06","115868.034","2.446998521808976e-05","1.9977178870380156e-05","2.446998521808976e-05","False","7","<div class='source-info-cell' title='/home/lawrence/git/DISCO-EB/.venv/lib/python3.13/site-packages/jax_cosmo/scipy/integrate.py:64:10
/home/lawrence/git/DISCO-EB/.venv/lib/python3.13/site-packages/jax_cosmo/scipy/integrate.py:142:12
/home/lawrence/git/DISCO-EB/.venv/lib/python3.13/site-packages/jax_cosmo/scipy/integrate.py:150:23
/home/lawrence/git/DISCO-EB/src/discoeb/thermodynamics_recfast.py:488:45
/home/lawrence/git/DISCO-EB/src/discoeb/thermodynamics_recfast.py:488:21
/home/lawrence/git/DISCO-EB/src/discoeb/background.py:237:82
/home/lawrence/git/DISCO-EB/src/discoeb/cmb.py:987:12
/home/lawrence/git/DISCO-EB/scripts/profile_CMB.py:38:0
'>/home/lawrence/git/DISCO-EB/.venv/lib/python3.13/site-packages/jax_cosmo/scipy/integrate.py:64</div>"
"Total","382.0","loop fusion","loop_add_power_fusion.3","6.0","11.644","1.9406666666666668","11.644","1.9406666666666668","1.512815889773403e-06","0.8116416242414212","2.8428375128821712","2.8428375128821712","0.01151755846312512","0.01151755846312512","0.0","229.875","229.875","0.0","229.875","HBM","11.644","1.512815889773403e-06","115868.03400000001","2.4535132035485913e-05","2.00303644204473e-05","2.4535132035485913e-05","False","7","<div class='source-info-cell' title='/home/lawrence/git/DISCO-EB/.venv/lib/python3.13/site-packages/jax_cosmo/scipy/integrate.py:64:10
/home/lawrence/git/DISCO-EB/.venv/lib/python3.13/site-packages/jax_cosmo/scipy/integrate.py:142:12
/home/lawrence/git/DISCO-EB/.venv/lib/python3.13/site-packages/jax_cosmo/scipy/integrate.py:150:23
/home/lawrence/git/DISCO-EB/src/discoeb/thermodynamics_recfast.py:488:45
/home/lawrence/git/DISCO-EB/src/discoeb/thermodynamics_recfast.py:488:21
/home/lawrence/git/DISCO-EB/src/discoeb/background.py:237:82
/home/lawrence/git/DISCO-EB/src/discoeb/cmb.py:987:12
/home/lawrence/git/DISCO-EB/scripts/profile_CMB.py:38:0
'>/home/lawrence/git/DISCO-EB/.venv/lib/python3.13/site-packages/jax_cosmo/scipy/integrate.py:64</div>"
"Total","383.0","loop fusion","loop_add_power_fusion.5","6.0","11.644","1.9406666666666668","11.644","1.9406666666666668","1.512815889773403e-06","0.811643137057311","2.8428375128821712","2.8428375128821712","0.01151755846312512","0.01151755846312512","0.0","229.875","229.875","0.0","229.875","HBM","11.644","1.512815889773403e-06","115868.03400000001","2.4535132035485913e-05","2.00303644204473e-05","2.4535132035485913e-05","False","7","<div class='source-info-cell' title='/home/lawrence/git/DISCO-EB/.venv/lib/python3.13/site-packages/jax_cosmo/scipy/integrate.py:64:10
/home/lawrence/git/DISCO-EB/.venv/lib/python3.13/site-packages/jax_cosmo/scipy/integrate.py:142:12
/home/lawrence/git/DISCO-EB/.venv/lib/python3.13/site-packages/jax_cosmo/scipy/integrate.py:150:23
/home/lawrence/git/DISCO-EB/src/discoeb/thermodynamics_recfast.py:488:45
/home/lawrence/git/DISCO-EB/src/discoeb/thermodynamics_recfast.py:488:21
/home/lawrence/git/DISCO-EB/src/discoeb/background.py:237:82
/home/lawrence/git/DISCO-EB/src/discoeb/cmb.py:987:12
/home/lawrence/git/DISCO-EB/scripts/profile_CMB.py:38:0
'>/home/lawrence/git/DISCO-EB/.venv/lib/python3.13/site-packages/jax_cosmo/scipy/integrate.py:64</div>"
"Total","384.0","loop fusion","loop_add_power_fusion.2","6.0","11.642","1.9403333333333332","11.642","1.9403333333333332","1.5125560450654376e-06","0.811644649613356","2.8433258890225046","2.8433258890225046","0.011519537085090955","0.011519537085090955","0.0","229.875","229.875","0.0","229.875","HBM","11.642","1.5125560450654378e-06","115868.03400000001","2.4539346969695752e-05","2.0033805472572436e-05","2.4539346969695752e-05","False","7","<div class='source-info-cell' title='/home/lawrence/git/DISCO-EB/.venv/lib/python3.13/site-packages/jax_cosmo/scipy/integrate.py:64:10
/home/lawrence/git/DISCO-EB/.venv/lib/python3.13/site-packages/jax_cosmo/scipy/integrate.py:142:12
/home/lawrence/git/DISCO-EB/.venv/lib/python3.13/site-packages/jax_cosmo/scipy/integrate.py:150:23
/home/lawrence/git/DISCO-EB/src/discoeb/thermodynamics_recfast.py:488:45
/home/lawrence/git/DISCO-EB/src/discoeb/thermodynamics_recfast.py:488:21
/home/lawrence/git/DISCO-EB/src/discoeb/background.py:237:82
/home/lawrence/git/DISCO-EB/src/discoeb/cmb.py:987:12
/home/lawrence/git/DISCO-EB/scripts/profile_CMB.py:38:0
'>/home/lawrence/git/DISCO-EB/.venv/lib/python3.13/site-packages/jax_cosmo/scipy/integrate.py:64</div>"
"Total","385.0","input fusion","input_reduce_fusion.39","1.0","8.54","8.54","8.54","8.54","1.1095369030114102e-06","0.811645759150259","1104.696955503513","1104.696955503513","2.680115174912178","2.680115174912178","0.0","383.875","383.875","0.0","383.875","Compute","8.54","1.1095369030114102e-06","141926.4","0.007783590336283546","0.007783590336283546","0.005709281172507938","False","7","<div class='source-info-cell' title='/home/lawrence/git/DISCO-EB/src/discoeb/spline_interpolation.py:143:27
/home/lawrence/git/DISCO-EB/src/discoeb/spline_interpolation.py:159:14
/home/lawrence/git/DISCO-EB/src/discoeb/background.py:313:59
/home/lawrence/git/DISCO-EB/src/discoeb/cmb.py:987:12
/home/lawrence/git/DISCO-EB/scripts/profile_CMB.py:38:0
'>/home/lawrence/git/DISCO-EB/src/discoeb/spline_interpolation.py:143</div>"
"Total","386.0","loop fusion","loop_divide_fusion.38","6.0","7.004","1.1673333333333333","7.004","1.1673333333333333","9.099761672941355e-07","0.8116466691264264","1936.8306681896058","1936.8306681896058","19.600856379057458","19.600856379057458","0.0","92.02731195050472","92.02731195050472","0.0","92.02731195050472","HBM","7.004","9.099761672941356e-07","46386.182534028005","0.04175447433659332","0.013646725825425051","0.04175447433659332","False","7","<div class='source-info-cell' title='/home/lawrence/git/DISCO-EB/.venv/lib/python3.13/site-packages/jax_cosmo/scipy/integrate.py:65:11
/home/lawrence/git/DISCO-EB/.venv/lib/python3.13/site-packages/jax_cosmo/scipy/integrate.py:142:12
/home/lawrence/git/DISCO-EB/.venv/lib/python3.13/site-packages/jax_cosmo/scipy/integrate.py:150:23
/home/lawrence/git/DISCO-EB/src/discoeb/thermodynamics_recfast.py:488:45
/home/lawrence/git/DISCO-EB/src/discoeb/thermodynamics_recfast.py:488:21
/home/lawrence/git/DISCO-EB/src/discoeb/background.py:237:82
/home/lawrence/git/DISCO-EB/src/discoeb/cmb.py:987:12
/home/lawrence/git/DISCO-EB/scripts/profile_CMB.py:38:0
'>/home/lawrence/git/DISCO-EB/.venv/lib/python3.13/site-packages/jax_cosmo/scipy/integrate.py:65</div>"
"Total","387.0","loop fusion","loop_sqrt_fusion.2","1.0","6.973","6.973","6.973","6.973","9.059485743206749e-07","0.8116475750750006","5354.153449017639","5354.153449017639","7.116143234692771","7.116143234692771","0.0","700.7228228228229","700.7228228228229","0.0","700.7228228228229","Compute","6.973","9.059485743206749e-07","141926.4","0.037724859145427767","0.037724859145427767","0.015159073375282267","False","7","<div class='source-info-cell' title='/home/lawrence/git/DISCO-EB/src/discoeb/background.py:81:11
/home/lawrence/git/DISCO-EB/src/discoeb/thermodynamics_recfast.py:483:25
/home/lawrence/git/DISCO-EB/.venv/lib/python3.13/site-packages/jax_cosmo/scipy/integrate.py:130:26
/home/lawrence/git/DISCO-EB/.venv/lib/python3.13/site-packages/jax_cosmo/scipy/integrate.py:55:15
/home/lawrence/git/DISCO-EB/.venv/lib/python3.13/site-packages/jax_cosmo/scipy/integrate.py:147:26
/home/lawrence/git/DISCO-EB/src/discoeb/thermodynamics_recfast.py:488:45
/home/lawrence/git/DISCO-EB/src/discoeb/thermodynamics_recfast.py:488:21
/home/lawrence/git/DISCO-EB/src/discoeb/background.py:237:82
/home/lawrence/git/DISCO-EB/src/discoeb/cmb.py:987:12
/home/lawrence/git/DISCO-EB/scripts/profile_CMB.py:38:0
'>/home/lawrence/git/DISCO-EB/src/discoeb/background.py:81</div>"
"Total","388.0","loop fusion","loop_divide_fusion.39","6.0","6.942","1.157","6.942","1.157","9.019209813472143e-07","0.811648476995982","1954.1287813310284","1954.1287813310284","19.775914445248986","19.775914445248986","0.0","92.02731195050472","92.02731195050472","0.0","92.02731195050472","HBM","6.942","9.019209813472143e-07","46386.182534028","0.04212738954962542","0.01376860669566077","0.04212738954962542","False","7","<div class='source-info-cell' title='/home/lawrence/git/DISCO-EB/.venv/lib/python3.13/site-packages/jax_cosmo/scipy/integrate.py:65:11
/home/lawrence/git/DISCO-EB/.venv/lib/python3.13/site-packages/jax_cosmo/scipy/integrate.py:142:12
/home/lawrence/git/DISCO-EB/.venv/lib/python3.13/site-packages/jax_cosmo/scipy/integrate.py:150:23
/home/lawrence/git/DISCO-EB/src/discoeb/thermodynamics_recfast.py:488:45
/home/lawrence/git/DISCO-EB/src/discoeb/thermodynamics_recfast.py:488:21
/home/lawrence/git/DISCO-EB/src/discoeb/background.py:237:82
/home/lawrence/git/DISCO-EB/src/discoeb/cmb.py:987:12
/home/lawrence/git/DISCO-EB/scripts/profile_CMB.py:38:0
'>/home/lawrence/git/DISCO-EB/.venv/lib/python3.13/site-packages/jax_cosmo/scipy/integrate.py:65</div>"
"Total","389.0","loop fusion","loop_divide_fusion.40","6.0","6.94","1.1566666666666667","6.94","1.1566666666666667","9.016611366392491e-07","0.8116493786571186","1954.6919308357349","1954.6919308357349","19.78161355604012","19.78161355604012","0.0","92.02731195050472","92.02731195050472","0.0","92.02731195050472","HBM","6.94","9.016611366392491e-07","46386.18253402801","0.04213953000770888","0.013772574593843958","0.04213953000770888","False","7","<div class='source-info-cell' title='/home/lawrence/git/DISCO-EB/.venv/lib/python3.13/site-packages/jax_cosmo/scipy/integrate.py:65:11
/home/lawrence/git/DISCO-EB/.venv/lib/python3.13/site-packages/jax_cosmo/scipy/integrate.py:142:12
/home/lawrence/git/DISCO-EB/.venv/lib/python3.13/site-packages/jax_cosmo/scipy/integrate.py:150:23
/home/lawrence/git/DISCO-EB/src/discoeb/thermodynamics_recfast.py:488:45
/home/lawrence/git/DISCO-EB/src/discoeb/thermodynamics_recfast.py:488:21
/home/lawrence/git/DISCO-EB/src/discoeb/background.py:237:82
/home/lawrence/git/DISCO-EB/src/discoeb/cmb.py:987:12
/home/lawrence/git/DISCO-EB/scripts/profile_CMB.py:38:0
'>/home/lawrence/git/DISCO-EB/.venv/lib/python3.13/site-packages/jax_cosmo/scipy/integrate.py:65</div>"
"Total","390.0","loop fusion","loop_divide_fusion.36","6.0","6.91","1.1516666666666666","6.91","1.1516666666666666","8.977634660197711e-07","0.8116502764205846","1963.1782923299565","1963.1782923299565","19.867496104040296","19.867496104040296","0.0","92.02731195050472","92.02731195050472","0.0","92.02731195050472","HBM","6.91","8.977634660197711e-07","46386.182534028005","0.04232248021034727","0.013832368694830255","0.04232248021034727","False","7","<div class='source-info-cell' title='/home/lawrence/git/DISCO-EB/.venv/lib/python3.13/site-packages/jax_cosmo/scipy/integrate.py:65:11
/home/lawrence/git/DISCO-EB/.venv/lib/python3.13/site-packages/jax_cosmo/scipy/integrate.py:142:12
/home/lawrence/git/DISCO-EB/.venv/lib/python3.13/site-packages/jax_cosmo/scipy/integrate.py:150:23
/home/lawrence/git/DISCO-EB/src/discoeb/thermodynamics_recfast.py:488:45
/home/lawrence/git/DISCO-EB/src/discoeb/thermodynamics_recfast.py:488:21
/home/lawrence/git/DISCO-EB/src/discoeb/background.py:237:82
/home/lawrence/git/DISCO-EB/src/discoeb/cmb.py:987:12
/home/lawrence/git/DISCO-EB/scripts/profile_CMB.py:38:0
'>/home/lawrence/git/DISCO-EB/.venv/lib/python3.13/site-packages/jax_cosmo/scipy/integrate.py:65</div>"
"Total","391.0","loop fusion","loop_divide_fusion.37","6.0","6.91","1.1516666666666666","6.91","1.1516666666666666","8.977634660197711e-07","0.8116511741840506","1963.1782923299565","1963.1782923299565","19.867496104040296","19.867496104040296","0.0","92.02731195050472","92.02731195050472","0.0","92.02731195050472","HBM","6.91","8.977634660197711e-07","46386.182534028005","0.04232248021034727","0.013832368694830255","0.04232248021034727","False","7","<div class='source-info-cell' title='/home/lawrence/git/DISCO-EB/.venv/lib/python3.13/site-packages/jax_cosmo/scipy/integrate.py:65:11
/home/lawrence/git/DISCO-EB/.venv/lib/python3.13/site-packages/jax_cosmo/scipy/integrate.py:142:12
/home/lawrence/git/DISCO-EB/.venv/lib/python3.13/site-packages/jax_cosmo/scipy/integrate.py:150:23
/home/lawrence/git/DISCO-EB/src/discoeb/thermodynamics_recfast.py:488:45
/home/lawrence/git/DISCO-EB/src/discoeb/thermodynamics_recfast.py:488:21
/home/lawrence/git/DISCO-EB/src/discoeb/background.py:237:82
/home/lawrence/git/DISCO-EB/src/discoeb/cmb.py:987:12
/home/lawrence/git/DISCO-EB/scripts/profile_CMB.py:38:0
'>/home/lawrence/git/DISCO-EB/.venv/lib/python3.13/site-packages/jax_cosmo/scipy/integrate.py:65</div>"
"Total","392.0","loop fusion","loop_divide_fusion","6.0","6.906","1.151","6.906","1.151","8.972437766038406e-07","0.8116520714278272","1964.3153779322329","1964.3153779322329","19.87900348666644","19.87900348666644","0.0","92.02731195050472","92.02731195050472","0.0","92.02731195050472","HBM","6.906","8.972437766038407e-07","46386.182534028005","0.0423469936654358","0.013840380492510435","0.0423469936654358","False","7","<div class='source-info-cell' title='/home/lawrence/git/DISCO-EB/.venv/lib/python3.13/site-packages/jax_cosmo/scipy/integrate.py:65:11
/home/lawrence/git/DISCO-EB/.venv/lib/python3.13/site-packages/jax_cosmo/scipy/integrate.py:142:12
/home/lawrence/git/DISCO-EB/.venv/lib/python3.13/site-packages/jax_cosmo/scipy/integrate.py:150:23
/home/lawrence/git/DISCO-EB/src/discoeb/thermodynamics_recfast.py:488:45
/home/lawrence/git/DISCO-EB/src/discoeb/thermodynamics_recfast.py:488:21
/home/lawrence/git/DISCO-EB/src/discoeb/background.py:237:82
/home/lawrence/git/DISCO-EB/src/discoeb/cmb.py:987:12
/home/lawrence/git/DISCO-EB/scripts/profile_CMB.py:38:0
'>/home/lawrence/git/DISCO-EB/.venv/lib/python3.13/site-packages/jax_cosmo/scipy/integrate.py:65</div>"
"Total","393.0","input fusion","input_add_broadcast_clamp_compare_minimum_multiply_reduce_select_fusion","1.0","5.949","5.949","5.949","5.949","7.729080838424917e-07","0.8116528443359111","31.45318540931249","31.45318540931249","0.2730251420624297","0.2730251420624297","0.0","107.29071100917432","107.29071100917432","0.0","107.29071100917432","HBM","5.949","7.729080838424918e-07","54079.668302752296","0.0005816083270560986","0.00022161617154604422","0.0005816083270560986","False","7","<div class='source-info-cell' title='/home/lawrence/git/DISCO-EB/.venv/lib/python3.13/site-packages/diffrax/_integrate.py:1238:12
/home/lawrence/git/DISCO-EB/.venv/lib/python3.13/site-packages/equinox/_jit.py:55:14
/home/lawrence/git/DISCO-EB/.venv/lib/python3.13/site-packages/equinox/_jit.py:263:37
/home/lawrence/git/DISCO-EB/.venv/lib/python3.13/site-packages/equinox/_jit.py:209:19
/home/lawrence/git/DISCO-EB/src/discoeb/perturbations.py:879:15
/home/lawrence/git/DISCO-EB/src/discoeb/perturbations.py:904:9
/home/lawrence/git/DISCO-EB/src/discoeb/perturbations.py:1103:9
/home/lawrence/git/DISCO-EB/src/discoeb/cmb.py:1009:26
/home/lawrence/git/DISCO-EB/scripts/profile_CMB.py:38:0
'>/home/lawrence/git/DISCO-EB/.venv/lib/python3.13/site-packages/diffrax/_integrate.py:1238</div>"
"Total","394.0","loop fusion","loop_dynamic_update_slice_fusion.13","6.0","5.088","0.848","5.088","0.848","6.610449370634726e-07","0.8116535053808481","0.0","0.0","17.985068964508343","17.985068964508343","0.0","0.0","0.0","0.0","0.0","HBM","5.088","6.610449370634726e-07","0.0","0.03831246380248901","0.0","0.03831246380248901","False","7","<div class='source-info-cell' title='/home/lawrence/git/DISCO-EB/.venv/lib/python3.13/site-packages/jax_cosmo/scipy/integrate.py:150:23
/home/lawrence/git/DISCO-EB/src/discoeb/thermodynamics_recfast.py:488:45
/home/lawrence/git/DISCO-EB/src/discoeb/thermodynamics_recfast.py:488:21
/home/lawrence/git/DISCO-EB/src/discoeb/background.py:237:82
/home/lawrence/git/DISCO-EB/src/discoeb/cmb.py:987:12
/home/lawrence/git/DISCO-EB/scripts/profile_CMB.py:38:0
'>/home/lawrence/git/DISCO-EB/.venv/lib/python3.13/site-packages/jax_cosmo/scipy/integrate.py:150</div>"
"Total","395.0","loop fusion","loop_dynamic_update_slice_fusion.45","6.0","5.023","0.8371666666666666","5.023","0.8371666666666666","6.525999840546034e-07","0.8116541579808322","0.0","0.0","18.21780427860212","18.21780427860212","0.0","0.0","0.0","0.0","0.0","HBM","5.023","6.525999840546035e-07","0.0","0.03880824523732114","0.0","0.03880824523732114","False","7","<div class='source-info-cell' title='/home/lawrence/git/DISCO-EB/.venv/lib/python3.13/site-packages/jax_cosmo/scipy/integrate.py:150:23
/home/lawrence/git/DISCO-EB/src/discoeb/thermodynamics_recfast.py:488:45
/home/lawrence/git/DISCO-EB/src/discoeb/thermodynamics_recfast.py:488:21
/home/lawrence/git/DISCO-EB/src/discoeb/background.py:237:82
/home/lawrence/git/DISCO-EB/src/discoeb/cmb.py:987:12
/home/lawrence/git/DISCO-EB/scripts/profile_CMB.py:38:0
'>/home/lawrence/git/DISCO-EB/.venv/lib/python3.13/site-packages/jax_cosmo/scipy/integrate.py:150</div>"
"Total","396.0","loop fusion","loop_dynamic_update_slice_fusion.43","6.0","5.022","0.8370000000000001","5.022","0.8370000000000001","6.524700617006209e-07","0.8116548104508938","0.0","0.0","18.2214318780204","18.2214318780204","0.0","0.0","0.0","0.0","0.0","HBM","5.022","6.524700617006209e-07","0.0","0.038815972884720044","0.0","0.038815972884720044","False","7","<div class='source-info-cell' title='/home/lawrence/git/DISCO-EB/.venv/lib/python3.13/site-packages/jax_cosmo/scipy/integrate.py:150:23
/home/lawrence/git/DISCO-EB/src/discoeb/thermodynamics_recfast.py:488:45
/home/lawrence/git/DISCO-EB/src/discoeb/thermodynamics_recfast.py:488:21
/home/lawrence/git/DISCO-EB/src/discoeb/background.py:237:82
/home/lawrence/git/DISCO-EB/src/discoeb/cmb.py:987:12
/home/lawrence/git/DISCO-EB/scripts/profile_CMB.py:38:0
'>/home/lawrence/git/DISCO-EB/.venv/lib/python3.13/site-packages/jax_cosmo/scipy/integrate.py:150</div>"
"Total","397.0","loop fusion","loop_dynamic_update_slice_fusion.44","6.0","5.021","0.8368333333333333","5.021","0.8368333333333333","6.523401393466383e-07","0.8116554627910332","0.0","0.0","18.22506092240957","18.22506092240957","0.0","0.0","0.0","0.0","0.0","HBM","5.021","6.523401393466383e-07","0.0","0.03882370361024976","0.0","0.03882370361024976","False","7","<div class='source-info-cell' title='/home/lawrence/git/DISCO-EB/.venv/lib/python3.13/site-packages/jax_cosmo/scipy/integrate.py:150:23
/home/lawrence/git/DISCO-EB/src/discoeb/thermodynamics_recfast.py:488:45
/home/lawrence/git/DISCO-EB/src/discoeb/thermodynamics_recfast.py:488:21
/home/lawrence/git/DISCO-EB/src/discoeb/background.py:237:82
/home/lawrence/git/DISCO-EB/src/discoeb/cmb.py:987:12
/home/lawrence/git/DISCO-EB/scripts/profile_CMB.py:38:0
'>/home/lawrence/git/DISCO-EB/.venv/lib/python3.13/site-packages/jax_cosmo/scipy/integrate.py:150</div>"
"Total","398.0","loop fusion","loop_dynamic_update_slice_fusion.47","6.0","4.99","0.8316666666666667","4.99","0.8316666666666667","6.483125463731777e-07","0.8116561111035796","0.0","0.0","18.33828274377123","18.33828274377123","0.0","0.0","0.0","0.0","0.0","HBM","4.99","6.483125463731777e-07","0.0","0.03906489295131544","0.0","0.03906489295131544","False","7","<div class='source-info-cell' title='/home/lawrence/git/DISCO-EB/.venv/lib/python3.13/site-packages/jax_cosmo/scipy/integrate.py:150:23
/home/lawrence/git/DISCO-EB/src/discoeb/thermodynamics_recfast.py:488:45
/home/lawrence/git/DISCO-EB/src/discoeb/thermodynamics_recfast.py:488:21
/home/lawrence/git/DISCO-EB/src/discoeb/background.py:237:82
/home/lawrence/git/DISCO-EB/src/discoeb/cmb.py:987:12
/home/lawrence/git/DISCO-EB/scripts/profile_CMB.py:38:0
'>/home/lawrence/git/DISCO-EB/.venv/lib/python3.13/site-packages/jax_cosmo/scipy/integrate.py:150</div>"
"Total","399.0","loop fusion","loop_dynamic_update_slice_fusion.46","6.0","4.989","0.8315","4.989","0.8315","6.48182624019195e-07","0.8116567592862036","0.0","0.0","18.34195848695499","18.34195848695499","0.0","0.0","0.0","0.0","0.0","HBM","4.989","6.481826240191951e-07","0.0","0.0390727231563568","0.0","0.0390727231563568","False","7","<div class='source-info-cell' title='/home/lawrence/git/DISCO-EB/.venv/lib/python3.13/site-packages/jax_cosmo/scipy/integrate.py:150:23
/home/lawrence/git/DISCO-EB/src/discoeb/thermodynamics_recfast.py:488:45
/home/lawrence/git/DISCO-EB/src/discoeb/thermodynamics_recfast.py:488:21
/home/lawrence/git/DISCO-EB/src/discoeb/background.py:237:82
/home/lawrence/git/DISCO-EB/src/discoeb/cmb.py:987:12
/home/lawrence/git/DISCO-EB/scripts/profile_CMB.py:38:0
'>/home/lawrence/git/DISCO-EB/.venv/lib/python3.13/site-packages/jax_cosmo/scipy/integrate.py:150</div>"
"Total","400.0","data formatting","copy.1386","6.0","4.926","0.8210000000000001","4.926","0.8210000000000001","6.399975157182912e-07","0.8116573992837194","0.0","0.0","0.0181500136344064","0.0181500136344064","0.0","0.0","0.0","0.0","0.0","HBM","4.926","6.399975157182912e-07","0.0","3.866383508204059e-05","0.0","3.866383508204059e-05","False","7",""
"Total","401.0","data formatting","copy.1422","6.0","4.894","0.8156666666666667","4.894","0.8156666666666667","6.35840000390848e-07","0.8116580351237198","0.0","0.0","0.018268689653266435","0.018268689653266435","0.0","0.0","0.0","0.0","0.0","HBM","4.894","6.358400003908481e-07","0.0","3.8916643157771146e-05","0.0","3.8916643157771146e-05","False","7",""
"Total","402.0","data formatting","copy.1431","6.0","4.894","0.8156666666666667","4.894","0.8156666666666667","6.35840000390848e-07","0.8116586709637202","0.0","0.0","0.018268689653266435","0.018268689653266435","0.0","0.0","0.0","0.0","0.0","HBM","4.894","6.358400003908481e-07","0.0","3.8916643157771146e-05","0.0","3.8916643157771146e-05","False","7",""
"Total","403.0","data formatting","copy.1413","6.0","4.892","0.8153333333333334","4.892","0.8153333333333334","6.355801556828828e-07","0.811659306543876","0.0","0.0","0.0182761584552506","0.0182761584552506","0.0","0.0","0.0","0.0","0.0","HBM","4.892","6.355801556828828e-07","0.0","3.8932553477950116e-05","0.0","3.8932553477950116e-05","False","7",""
"Total","404.0","data formatting","copy.774","6.0","4.863","0.8105000000000001","4.863","0.8105000000000001","6.318124074173874e-07","0.8116599383562834","0.0","0.0","0.01838514644521611","0.01838514644521611","0.0","0.0","0.0","0.0","0.0","HBM","4.863","6.318124074173874e-07","0.0","3.916472375367715e-05","0.0","3.916472375367715e-05","False","7",""
"Total","405.0","data formatting","copy.810","6.0","4.863","0.8105000000000001","4.863","0.8105000000000001","6.318124074173874e-07","0.8116605701686908","0.0","0.0","0.01838514644521611","0.01838514644521611","0.0","0.0","0.0","0.0","0.0","HBM","4.863","6.318124074173874e-07","0.0","3.916472375367715e-05","0.0","3.916472375367715e-05","False","7",""
"Total","406.0","data formatting","copy.1395","6.0","4.862","0.8103333333333333","4.862","0.8103333333333333","6.316824850634048e-07","0.8116612018511759","0.0","0.0","0.018388927841029603","0.018388927841029603","0.0","0.0","0.0","0.0","0.0","HBM","4.862","6.316824850634048e-07","0.0","3.917277902388564e-05","0.0","3.917277902388564e-05","False","7",""
"Total","407.0","data formatting","copy.1404","6.0","4.862","0.8103333333333333","4.862","0.8103333333333333","6.316824850634048e-07","0.811661833533661","0.0","0.0","0.018388927841029603","0.018388927841029603","0.0","0.0","0.0","0.0","0.0","HBM","4.862","6.316824850634048e-07","0.0","3.917277902388564e-05","0.0","3.917277902388564e-05","False","7",""
"Total","408.0","data formatting","copy.783","6.0","4.862","0.8103333333333333","4.862","0.8103333333333333","6.316824850634048e-07","0.811662465216146","0.0","0.0","0.018388927841029603","0.018388927841029603","0.0","0.0","0.0","0.0","0.0","HBM","4.862","6.316824850634048e-07","0.0","3.917277902388564e-05","0.0","3.917277902388564e-05","False","7",""
"Total","409.0","data formatting","copy.801","6.0","4.862","0.8103333333333333","4.862","0.8103333333333333","6.316824850634048e-07","0.8116630968986311","0.0","0.0","0.018388927841029603","0.018388927841029603","0.0","0.0","0.0","0.0","0.0","HBM","4.862","6.316824850634048e-07","0.0","3.917277902388564e-05","0.0","3.917277902388564e-05","False","7",""
"Total","410.0","loop fusion","loop_multiply_pad_slice_fusion.5","1.0","4.862","4.862","4.862","4.862","6.316824850634048e-07","0.8116637285811162","1436.4730563554092","1436.4730563554092","10.953671350639969","10.953671350639969","0.0","122.13437325125909","122.13437325125909","0.0","122.13437325125909","HBM","4.862","6.316824850634048e-07","61561.586568550636","0.02333391870522788","0.010121253384538812","0.02333391870522788","False","7","<div class='source-info-cell' title='/home/lawrence/git/DISCO-EB/src/discoeb/spline_interpolation.py:62:17
/home/lawrence/git/DISCO-EB/src/discoeb/background.py:168:43
/home/lawrence/git/DISCO-EB/src/discoeb/background.py:233:12
/home/lawrence/git/DISCO-EB/src/discoeb/cmb.py:987:12
/home/lawrence/git/DISCO-EB/scripts/profile_CMB.py:38:0
'>/home/lawrence/git/DISCO-EB/src/discoeb/spline_interpolation.py:62</div>"
"Total","411.0","data formatting","copy.819","6.0","4.832","0.8053333333333333","4.832","0.8053333333333333","6.277848144439267e-07","0.8116643563659307","0.0","0.0","0.01850309750891679","0.01850309750891679","0.0","0.0","0.0","0.0","0.0","HBM","4.832","6.277848144439268e-07","0.0","3.941598750292466e-05","0.0","3.941598750292466e-05","False","7",""
"Total","412.0","data formatting","copy.792","6.0","4.829","0.8048333333333333","4.829","0.8048333333333333","6.273950473819789e-07","0.8116649837609781","0.0","0.0","0.01851459249597969","0.01851459249597969","0.0","0.0","0.0","0.0","0.0","HBM","4.829","6.27395047381979e-07","0.0","3.9440474552522666e-05","0.0","3.9440474552522666e-05","False","7",""
"Total","413.0","loop fusion","loop_dynamic_update_slice_fusion.38","6.0","4.797","0.7995","4.797","0.7995","6.232375320545357e-07","0.8116656069985101","0.0","0.0","0.02795715045750029","0.02795715045750029","0.0","0.0","0.0","0.0","0.0","HBM","4.797","6.232375320545357e-07","0.0","5.955536323143589e-05","0.0","5.955536323143589e-05","False","7","<div class='source-info-cell' title='/home/lawrence/git/DISCO-EB/.venv/lib/python3.13/site-packages/jax_cosmo/scipy/integrate.py:150:23
/home/lawrence/git/DISCO-EB/src/discoeb/background.py:183:8
/home/lawrence/git/DISCO-EB/src/discoeb/background.py:233:12
/home/lawrence/git/DISCO-EB/src/discoeb/cmb.py:987:12
/home/lawrence/git/DISCO-EB/scripts/profile_CMB.py:38:0
'>/home/lawrence/git/DISCO-EB/.venv/lib/python3.13/site-packages/jax_cosmo/scipy/integrate.py:150</div>"
"Total","414.0","loop fusion","loop_dynamic_update_slice_fusion.12","6.0","4.767","0.7945000000000001","4.767","0.7945000000000001","6.193398614350577e-07","0.8116662263383715","0.0","0.0","0.028133092247667066","0.028133092247667066","0.0","0.0","0.0","0.0","0.0","HBM","4.767","6.193398614350577e-07","0.0","5.993016098619634e-05","0.0","5.993016098619634e-05","False","7","<div class='source-info-cell' title='/home/lawrence/git/DISCO-EB/.venv/lib/python3.13/site-packages/jax_cosmo/scipy/integrate.py:150:23
/home/lawrence/git/DISCO-EB/src/discoeb/background.py:183:8
/home/lawrence/git/DISCO-EB/src/discoeb/background.py:233:12
/home/lawrence/git/DISCO-EB/src/discoeb/cmb.py:987:12
/home/lawrence/git/DISCO-EB/scripts/profile_CMB.py:38:0
'>/home/lawrence/git/DISCO-EB/.venv/lib/python3.13/site-packages/jax_cosmo/scipy/integrate.py:150</div>"
"Total","415.0","loop fusion","loop_dynamic_update_slice_fusion.39","6.0","4.767","0.7945000000000001","4.767","0.7945000000000001","6.193398614350577e-07","0.8116668456782329","0.0","0.0","0.028133092247667066","0.028133092247667066","0.0","0.0","0.0","0.0","0.0","HBM","4.767","6.193398614350577e-07","0.0","5.993016098619634e-05","0.0","5.993016098619634e-05","False","7","<div class='source-info-cell' title='/home/lawrence/git/DISCO-EB/.venv/lib/python3.13/site-packages/jax_cosmo/scipy/integrate.py:150:23
/home/lawrence/git/DISCO-EB/src/discoeb/background.py:183:8
/home/lawrence/git/DISCO-EB/src/discoeb/background.py:233:12
/home/lawrence/git/DISCO-EB/src/discoeb/cmb.py:987:12
/home/lawrence/git/DISCO-EB/scripts/profile_CMB.py:38:0
'>/home/lawrence/git/DISCO-EB/.venv/lib/python3.13/site-packages/jax_cosmo/scipy/integrate.py:150</div>"
"Total","416.0","loop fusion","loop_dynamic_update_slice_fusion.41","6.0","4.765","0.7941666666666666","4.765","0.7941666666666666","6.190800167270924e-07","0.8116674647582496","0.0","0.0","0.028144900471065878","0.028144900471065878","0.0","0.0","0.0","0.0","0.0","HBM","4.765","6.190800167270925e-07","0.0","5.99553153035043e-05","0.0","5.99553153035043e-05","False","7","<div class='source-info-cell' title='/home/lawrence/git/DISCO-EB/.venv/lib/python3.13/site-packages/jax_cosmo/scipy/integrate.py:150:23
/home/lawrence/git/DISCO-EB/src/discoeb/background.py:183:8
/home/lawrence/git/DISCO-EB/src/discoeb/background.py:233:12
/home/lawrence/git/DISCO-EB/src/discoeb/cmb.py:987:12
/home/lawrence/git/DISCO-EB/scripts/profile_CMB.py:38:0
'>/home/lawrence/git/DISCO-EB/.venv/lib/python3.13/site-packages/jax_cosmo/scipy/integrate.py:150</div>"
"Total","417.0","loop fusion","loop_dynamic_update_slice_fusion.40","6.0","4.764","0.794","4.764","0.794","6.189500943731099e-07","0.811668083708344","0.0","0.0","0.02815080830071975","0.02815080830071975","0.0","0.0","0.0","0.0","0.0","HBM","4.764","6.189500943731099e-07","0.0","5.996790038228336e-05","0.0","5.996790038228336e-05","False","7","<div class='source-info-cell' title='/home/lawrence/git/DISCO-EB/.venv/lib/python3.13/site-packages/jax_cosmo/scipy/integrate.py:150:23
/home/lawrence/git/DISCO-EB/src/discoeb/background.py:183:8
/home/lawrence/git/DISCO-EB/src/discoeb/background.py:233:12
/home/lawrence/git/DISCO-EB/src/discoeb/cmb.py:987:12
/home/lawrence/git/DISCO-EB/scripts/profile_CMB.py:38:0
'>/home/lawrence/git/DISCO-EB/.venv/lib/python3.13/site-packages/jax_cosmo/scipy/integrate.py:150</div>"
"Total","418.0","loop fusion","loop_dynamic_update_slice_fusion.42","6.0","4.735","0.7891666666666667","4.735","0.7891666666666667","6.151823461076146e-07","0.81166869889069","0.0","0.0","0.028323220854198288","0.028323220854198288","0.0","0.0","0.0","0.0","0.0","HBM","4.735","6.151823461076146e-07","0.0","6.033518002559619e-05","0.0","6.033518002559619e-05","False","7","<div class='source-info-cell' title='/home/lawrence/git/DISCO-EB/.venv/lib/python3.13/site-packages/jax_cosmo/scipy/integrate.py:150:23
/home/lawrence/git/DISCO-EB/src/discoeb/background.py:183:8
/home/lawrence/git/DISCO-EB/src/discoeb/background.py:233:12
/home/lawrence/git/DISCO-EB/src/discoeb/cmb.py:987:12
/home/lawrence/git/DISCO-EB/scripts/profile_CMB.py:38:0
'>/home/lawrence/git/DISCO-EB/.venv/lib/python3.13/site-packages/jax_cosmo/scipy/integrate.py:150</div>"
"Total","419.0","call","call.574","5.0","4.734","0.9468","4.734","0.9468","6.150524237536318e-07","0.8116693139431138","1902.4767638360795","1902.4767638360795","49.90661401108039","33.278945230662096","0.0","35.502700252286346","53.241457791440055","0.0","53.241457791440055","HBM","4.734","6.150524237536319e-07","26836.250316859776","0.0708920486794258","0.013404671462364152","0.0708920486794258","False","7",""
"Total","420.0","loop fusion","loop_multiply_fusion.22","1.0","4.67","4.67","4.67","4.67","6.067373930987454e-07","0.8116699206805069","38524.98501070664","38524.98501070664","131.30252315349702","131.30252315349702","0.0","273.25589307411906","273.25589307411906","0.0","273.25589307411906","HBM","4.67","6.067373930987455e-07","137734.08639222354","0.2797055254789983","0.27144340313505194","0.2797055254789983","False","7","<div class='source-info-cell' title='/home/lawrence/git/DISCO-EB/src/discoeb/spline_interpolation.py:56:16
/home/lawrence/git/DISCO-EB/src/discoeb/cmb.py:442:14
/home/lawrence/git/DISCO-EB/src/discoeb/cmb.py:445:9
/home/lawrence/git/DISCO-EB/src/discoeb/cmb.py:609:9
/home/lawrence/git/DISCO-EB/src/discoeb/cmb.py:1056:21
/home/lawrence/git/DISCO-EB/scripts/profile_CMB.py:38:0
'>/home/lawrence/git/DISCO-EB/src/discoeb/spline_interpolation.py:56</div>"
"Total","421.0","loop fusion","loop_multiply_fusion.23","1.0","4.415","4.415","4.415","4.415","5.736071928331822e-07","0.8116704942876998","40365.66251415628","40365.66251415628","137.59020095773351","137.59020095773351","0.0","273.22768974145123","273.22768974145123","0.0","273.22768974145123","HBM","4.415","5.736071928331823e-07","137719.870558799","0.29309977093626666","0.28441264284978895","0.29309977093626666","False","7","<div class='source-info-cell' title='/home/lawrence/git/DISCO-EB/src/discoeb/spline_interpolation.py:56:16
/home/lawrence/git/DISCO-EB/src/discoeb/cmb.py:735:18
/home/lawrence/git/DISCO-EB/src/discoeb/cmb.py:739:12
/home/lawrence/git/DISCO-EB/src/discoeb/cmb.py:1063:24
/home/lawrence/git/DISCO-EB/scripts/profile_CMB.py:38:0
'>/home/lawrence/git/DISCO-EB/src/discoeb/spline_interpolation.py:56</div>"
"Total","422.0","data formatting","copy.533","5.0","4.0","0.8","4.0","0.8","5.196894159304029e-07","0.8116710139771157","0.0","0.0","0.14901161193847656","0.14901161193847656","0.0","0.0","0.0","0.0","0.0","HBM","4.0","5.196894159304029e-07","0.0","0.0003174300860235533","0.0","0.0003174300860235533","False","7",""
"Total","423.0","data formatting","copy.534","5.0","3.999","0.7998000000000001","3.999","0.7998000000000001","5.195594935764203e-07","0.8116715335366093","0.0","0.0","0.14904887415701581","0.14904887415701581","0.0","0.0","0.0","0.0","0.0","HBM","3.999","5.195594935764203e-07","0.0","0.00031750946338940063","0.0","0.00031750946338940063","False","7",""
"Total","424.0","data formatting","copy.531","5.0","3.997","0.7994","3.997","0.7994","5.192996488684551e-07","0.8116720528362581","0.0","0.0","0.018640431816171695","0.018640431816171695","0.0","0.0","0.0","0.0","0.0","HBM","3.997","5.192996488684552e-07","0.0","3.9708542159563825e-05","0.0","3.9708542159563825e-05","False","7",""
"Total","425.0","loop fusion","loop_clamp_fusion.2","1.0","3.103","3.103","3.103","3.103","4.031490644080101e-07","0.8116724559853224","2746.5797615211086","2746.5797615211086","14.74268928943355","14.74268928943355","0.0","173.5064535830619","173.5064535830619","0.0","173.5064535830619","HBM","3.103","4.031490644080101e-07","87455.58091563519","0.03140542584893034","0.019352141402312104","0.03140542584893034","False","7","<div class='source-info-cell' title='/home/lawrence/git/DISCO-EB/src/discoeb/spline_interpolation.py:139:18
/home/lawrence/git/DISCO-EB/src/discoeb/spline_interpolation.py:159:14
/home/lawrence/git/DISCO-EB/src/discoeb/background.py:75:20
/home/lawrence/git/DISCO-EB/src/discoeb/background.py:183:25
/home/lawrence/git/DISCO-EB/.venv/lib/python3.13/site-packages/jax_cosmo/scipy/integrate.py:130:26
/home/lawrence/git/DISCO-EB/.venv/lib/python3.13/site-packages/jax_cosmo/scipy/integrate.py:55:15
/home/lawrence/git/DISCO-EB/.venv/lib/python3.13/site-packages/jax_cosmo/scipy/integrate.py:147:26
/home/lawrence/git/DISCO-EB/src/discoeb/background.py:183:8
/home/lawrence/git/DISCO-EB/src/discoeb/background.py:233:12
/home/lawrence/git/DISCO-EB/src/discoeb/cmb.py:987:12
'>/home/lawrence/git/DISCO-EB/src/discoeb/spline_interpolation.py:139</div>"
"Total","426.0","data formatting","copy.1666","3.0","2.782","0.9273333333333333","2.782","0.9273333333333333","3.6144398877959525e-07","0.8116728174293112","0.0","0.0","0.01606882946856325","0.01606882946856325","0.0","0.0","0.0","0.0","0.0","HBM","2.782","3.6144398877959525e-07","0.0","3.423041905358231e-05","0.0","3.423041905358231e-05","False","7",""
"Total","427.0","loop fusion","loop_multiply_pad_slice_fusion.4","1.0","2.623","2.623","2.623","2.623","3.4078633449636174e-07","0.8116731582156457","1876.971025543271","1876.971025543271","23.235131255370533","23.235131255370533","0.0","75.23372555012224","75.23372555012224","0.0","75.23372555012224","HBM","2.623","3.4078633449636174e-07","37921.40889608802","0.049496342044846854","0.013224960441068547","0.049496342044846854","False","7","<div class='source-info-cell' title='/home/lawrence/git/DISCO-EB/src/discoeb/spline_interpolation.py:62:17
/home/lawrence/git/DISCO-EB/src/discoeb/background.py:248:40
/home/lawrence/git/DISCO-EB/src/discoeb/cmb.py:987:12
/home/lawrence/git/DISCO-EB/scripts/profile_CMB.py:38:0
'>/home/lawrence/git/DISCO-EB/src/discoeb/spline_interpolation.py:62</div>"
"Total","428.0","loop fusion","loop_dynamic_update_slice_fusion.235","1.0","2.495","2.495","2.495","2.495","3.2415627318658886e-07","0.8116734823719188","0.0","0.0","244.62988476953905","244.62988476953905","0.0","0.0","0.0","0.0","0.0","HBM","2.495","3.2415627318658886e-07","0.0","0.5211196923256409","0.0","0.5211196923256409","False","7","<div class='source-info-cell' title='/home/lawrence/git/DISCO-EB/src/discoeb/perturbations.py:255:8
/home/lawrence/git/DISCO-EB/src/discoeb/perturbations.py:1173:25
/home/lawrence/git/DISCO-EB/src/discoeb/perturbations.py:1172:19
/home/lawrence/git/DISCO-EB/src/discoeb/perturbations.py:1171:13
/home/lawrence/git/DISCO-EB/src/discoeb/cmb.py:1030:13
/home/lawrence/git/DISCO-EB/scripts/profile_CMB.py:38:0
'>/home/lawrence/git/DISCO-EB/src/discoeb/perturbations.py:255</div>"
"Total","429.0","loop fusion","loop_multiply_slice_subtract_fusion","1.0","2.143","2.143","2.143","2.143","2.7842360458471333e-07","0.8116737607955234","5724.2697153523095","5724.2697153523095","285.256760063652","285.256760063652","0.0","18.688922947542903","18.688922947542903","0.0","18.688922947542903","HBM","2.143","2.784236045847134e-07","9420.114233863103","0.6076645753163906","0.04033266337589279","0.6076645753163906","False","7","<div class='source-info-cell' title='/home/lawrence/git/DISCO-EB/src/discoeb/spline_interpolation.py:39:64
/home/lawrence/git/DISCO-EB/src/discoeb/cmb.py:766:17
/home/lawrence/git/DISCO-EB/src/discoeb/cmb.py:770:15
/home/lawrence/git/DISCO-EB/src/discoeb/cmb.py:1063:24
/home/lawrence/git/DISCO-EB/scripts/profile_CMB.py:38:0
'>/home/lawrence/git/DISCO-EB/src/discoeb/spline_interpolation.py:39</div>"
"Total","430.0","loop fusion","loop_multiply_pad_fusion","1.0","2.079","2.079","2.079","2.079","2.7010857392982696e-07","0.8116740309040974","2175.8903318903317","2175.8903318903317","18.323626066412473","18.323626066412473","0.0","110.59250929004499","110.59250929004499","0.0","110.59250929004499","HBM","2.079","2.701085739298269e-07","55743.933122628594","0.03903367075128494","0.015331117620755065","0.03903367075128494","False","7","<div class='source-info-cell' title='/home/lawrence/git/DISCO-EB/src/discoeb/spline_interpolation.py:62:17
/home/lawrence/git/DISCO-EB/src/discoeb/background.py:320:17
/home/lawrence/git/DISCO-EB/src/discoeb/cmb.py:987:12
/home/lawrence/git/DISCO-EB/scripts/profile_CMB.py:38:0
'>/home/lawrence/git/DISCO-EB/src/discoeb/spline_interpolation.py:62</div>"
"Total","431.0","input fusion","input_reduce_fusion.55","1.0","2.047","2.047","2.047","2.047","2.6595105860238373e-07","0.811674296855156","15.007327796775769","15.007327796775769","9.377831415717754","9.377831415717754","0.0","1.4903939452745973","1.4903939452745973","0.0","1.4903939452745973","HBM","2.047","2.6595105860238373e-07","751.2300873277702","0.019977005780158406","0.00010574021321456593","0.019977005780158406","False","7","<div class='source-info-cell' title='/home/lawrence/git/DISCO-EB/.venv/lib/python3.13/site-packages/equinox/_errors.py:118:15
/home/lawrence/git/DISCO-EB/.venv/lib/python3.13/site-packages/equinox/_ad.py:776:19
/home/lawrence/git/DISCO-EB/.venv/lib/python3.13/site-packages/equinox/_ad.py:819:15
/home/lawrence/git/DISCO-EB/.venv/lib/python3.13/site-packages/equinox/_errors.py:336:16
/home/lawrence/git/DISCO-EB/.venv/lib/python3.13/site-packages/equinox/_jit.py:55:14
/home/lawrence/git/DISCO-EB/.venv/lib/python3.13/site-packages/equinox/_jit.py:263:37
/home/lawrence/git/DISCO-EB/.venv/lib/python3.13/site-packages/equinox/_jit.py:209:19
/home/lawrence/git/DISCO-EB/.venv/lib/python3.13/site-packages/equinox/_errors.py:267:15
/home/lawrence/git/DISCO-EB/.venv/lib/python3.13/site-packages/equinox/_errors.py:246:11
/home/lawrence/git/DISCO-EB/.venv/lib/python3.13/site-packages/diffrax/_integrate.py:1201:13
'>/home/lawrence/git/DISCO-EB/.venv/lib/python3.13/site-packages/equinox/_errors.py:118</div>"
"Total","432.0","input fusion","input_reduce_fusion.52","1.0","1.887","1.887","1.887","1.887","2.451634819651676e-07","0.811674542018638","14.647058823529411","14.647058823529411","4.054979476969143","4.054979476969143","0.0","3.36404576436222","3.36404576436222","0.0","3.36404576436222","HBM","1.887","2.451634819651676e-07","1695.640539435248","0.008638068318658964","0.00010320179208046855","0.008638068318658964","False","7","<div class='source-info-cell' title='/home/lawrence/git/DISCO-EB/src/discoeb/spline_interpolation.py:143:27
/home/lawrence/git/DISCO-EB/src/discoeb/spline_interpolation.py:159:14
/home/lawrence/git/DISCO-EB/src/discoeb/perturbations.py:637:11
/home/lawrence/git/DISCO-EB/src/discoeb/perturbations.py:784:20
/home/lawrence/git/DISCO-EB/src/discoeb/perturbations.py:790:26
/home/lawrence/git/DISCO-EB/src/discoeb/perturbations.py:864:24
/home/lawrence/git/DISCO-EB/src/discoeb/perturbations.py:1103:9
/home/lawrence/git/DISCO-EB/src/discoeb/cmb.py:1009:26
/home/lawrence/git/DISCO-EB/scripts/profile_CMB.py:38:0
'>/home/lawrence/git/DISCO-EB/src/discoeb/spline_interpolation.py:143</div>"
"Total","433.0","input fusion","input_reduce_fusion.60","1.0","1.536","1.536","1.536","1.536","1.9956073571727474e-07","0.8116747415793737","0.185546875","0.185546875","0.16249638671676317","0.16249638671676317","0.0","1.0634328358208955","1.0634328358208955","0.0","1.0634328358208955","HBM","1.536","1.9956073571727474e-07","536.0211940298508","0.00034615585552698683","1.307345743991252e-06","0.00034615585552698683","False","7","<div class='source-info-cell' title='/home/lawrence/git/DISCO-EB/.venv/lib/python3.13/site-packages/equinox/_unvmap.py:81:23
/home/lawrence/git/DISCO-EB/.venv/lib/python3.13/site-packages/equinox/_errors.py:291:20
/home/lawrence/git/DISCO-EB/.venv/lib/python3.13/site-packages/equinox/_jit.py:55:14
/home/lawrence/git/DISCO-EB/.venv/lib/python3.13/site-packages/equinox/_jit.py:263:37
/home/lawrence/git/DISCO-EB/.venv/lib/python3.13/site-packages/equinox/_jit.py:209:19
/home/lawrence/git/DISCO-EB/.venv/lib/python3.13/site-packages/equinox/_errors.py:267:15
/home/lawrence/git/DISCO-EB/.venv/lib/python3.13/site-packages/equinox/_enum.py:197:15
/home/lawrence/git/DISCO-EB/.venv/lib/python3.13/site-packages/equinox/_module/_prebuilt.py:33:15
/home/lawrence/git/DISCO-EB/.venv/lib/python3.13/site-packages/diffrax/_integrate.py:1502:14
/home/lawrence/git/DISCO-EB/.venv/lib/python3.13/site-packages/equinox/_jit.py:55:14
'>/home/lawrence/git/DISCO-EB/.venv/lib/python3.13/site-packages/equinox/_unvmap.py:81</div>"
"Total","434.0","input fusion","input_reduce_fusion.54","1.0","1.535","1.535","1.535","1.535","1.994308133632921e-07","0.811674941010187","9.975244299674268","9.975244299674268","12.428150891481081","12.428150891481081","0.0","0.7475102519039251","0.7475102519039251","0.0","0.7475102519039251","HBM","1.535","1.9943081336329213e-07","376.7810474516696","0.026474909943430235","7.028462850938422e-05","0.026474909943430235","False","7","<div class='source-info-cell' title='/home/lawrence/git/DISCO-EB/.venv/lib/python3.13/site-packages/equinox/_errors.py:118:15
/home/lawrence/git/DISCO-EB/.venv/lib/python3.13/site-packages/equinox/_ad.py:776:19
/home/lawrence/git/DISCO-EB/.venv/lib/python3.13/site-packages/equinox/_ad.py:819:15
/home/lawrence/git/DISCO-EB/.venv/lib/python3.13/site-packages/equinox/_errors.py:336:16
/home/lawrence/git/DISCO-EB/.venv/lib/python3.13/site-packages/equinox/_jit.py:55:14
/home/lawrence/git/DISCO-EB/.venv/lib/python3.13/site-packages/equinox/_jit.py:263:37
/home/lawrence/git/DISCO-EB/.venv/lib/python3.13/site-packages/equinox/_jit.py:209:19
/home/lawrence/git/DISCO-EB/.venv/lib/python3.13/site-packages/equinox/_errors.py:267:15
/home/lawrence/git/DISCO-EB/.venv/lib/python3.13/site-packages/equinox/_errors.py:246:11
/home/lawrence/git/DISCO-EB/.venv/lib/python3.13/site-packages/diffrax/_integrate.py:1196:13
'>/home/lawrence/git/DISCO-EB/.venv/lib/python3.13/site-packages/equinox/_errors.py:118</div>"
"Total","435.0","input fusion","input_slice_fusion.2","1.0","1.504","1.504","1.504","1.504","1.954032203898315e-07","0.8116751364134074","0.43882978723404253","0.43882978723404253","0.09907686963994451","0.09907686963994451","0.0","4.125","4.125","0.0","4.125","HBM","1.504","1.954032203898315e-07","2079.1980000000003","0.0002110572380475753","3.091953204154002e-06","0.0002110572380475753","False","7","<div class='source-info-cell' title='/home/lawrence/git/DISCO-EB/.venv/lib/python3.13/site-packages/jax_cosmo/scipy/integrate.py:149:12
/home/lawrence/git/DISCO-EB/src/discoeb/background.py:183:8
/home/lawrence/git/DISCO-EB/src/discoeb/background.py:233:12
/home/lawrence/git/DISCO-EB/src/discoeb/cmb.py:987:12
/home/lawrence/git/DISCO-EB/scripts/profile_CMB.py:38:0
'>/home/lawrence/git/DISCO-EB/.venv/lib/python3.13/site-packages/jax_cosmo/scipy/integrate.py:149</div>"
"Total","436.0","loop fusion","loop_pad_fusion.10","1.0","1.375","1.375","1.375","1.375","1.78643236726076e-07","0.8116753150566441","469.1781818181818","469.1781818181818","220.22290663285688","220.22290663285688","0.0","1.98415432311402","1.98415432311402","0.0","1.98415432311402","HBM","1.375","1.78643236726076e-07","1000.1090182569756","0.46912703840615466","0.0033057851239669425","0.46912703840615466","False","7","<div class='source-info-cell' title='/home/lawrence/git/DISCO-EB/src/discoeb/spline_interpolation.py:62:17
/home/lawrence/git/DISCO-EB/src/discoeb/cmb.py:735:18
/home/lawrence/git/DISCO-EB/src/discoeb/cmb.py:739:12
/home/lawrence/git/DISCO-EB/src/discoeb/cmb.py:1063:24
/home/lawrence/git/DISCO-EB/scripts/profile_CMB.py:38:0
'>/home/lawrence/git/DISCO-EB/src/discoeb/spline_interpolation.py:62</div>"
"Total","437.0","loop fusion","loop_pad_fusion.8","1.0","1.248","1.248","1.248","1.248","1.621430977702857e-07","0.8116754771997419","206.76923076923077","206.76923076923077","243.77368390560147","243.77368390560147","0.0","0.789949305708618","0.789949305708618","0.0","0.789949305708618","HBM","1.248","1.6214309777028573e-07","398.17236764381755","0.5192957813541567","0.001456876456876457","0.5192957813541567","False","7","<div class='source-info-cell' title='/home/lawrence/git/DISCO-EB/src/discoeb/spline_interpolation.py:62:17
/home/lawrence/git/DISCO-EB/src/discoeb/cmb.py:442:14
/home/lawrence/git/DISCO-EB/src/discoeb/cmb.py:445:9
/home/lawrence/git/DISCO-EB/src/discoeb/cmb.py:609:9
/home/lawrence/git/DISCO-EB/src/discoeb/cmb.py:1056:21
/home/lawrence/git/DISCO-EB/scripts/profile_CMB.py:38:0
'>/home/lawrence/git/DISCO-EB/src/discoeb/spline_interpolation.py:62</div>"
"Total","438.0","loop fusion","loop_multiply_fusion.26","1.0","1.247","1.247","1.247","1.247","1.6201317541630312e-07","0.8116756392129173","0.38893344025661586","0.38893344025661586","0.04182362805009366","0.04182362805009366","0.0","8.660714285714286","8.660714285714286","0.0","8.660714285714286","HBM","1.247","1.6201317541630312e-07","4365.415714285715","8.90942502872844e-05","2.7403882593838486e-06","8.90942502872844e-05","False","7","<div class='source-info-cell' title='/home/lawrence/git/DISCO-EB/.venv/lib/python3.13/site-packages/jax_cosmo/scipy/integrate.py:149:12
/home/lawrence/git/DISCO-EB/src/discoeb/background.py:183:8
/home/lawrence/git/DISCO-EB/src/discoeb/background.py:233:12
/home/lawrence/git/DISCO-EB/src/discoeb/cmb.py:987:12
/home/lawrence/git/DISCO-EB/scripts/profile_CMB.py:38:0
'>/home/lawrence/git/DISCO-EB/.venv/lib/python3.13/site-packages/jax_cosmo/scipy/integrate.py:149</div>"
"Total","439.0","loop fusion","loop_dynamic_update_slice_fusion.241","1.0","1.216","1.216","1.216","1.216","1.579855824428425e-07","0.8116757971984997","43.71052631578947","43.71052631578947","1.715594216396934","1.715594216396934","0.0","23.728571428571428","23.728571428571428","0.0","23.728571428571428","HBM","1.216","1.579855824428425e-07","11960.338971428571","0.0036546227009290676","0.00030798023705096075","0.0036546227009290676","False","7","<div class='source-info-cell' title='/home/lawrence/git/DISCO-EB/src/discoeb/perturbations.py:593:8
/home/lawrence/git/DISCO-EB/src/discoeb/perturbations.py:801:15
/home/lawrence/git/DISCO-EB/src/discoeb/perturbations.py:810:11
/home/lawrence/git/DISCO-EB/src/discoeb/perturbations.py:867:17
/home/lawrence/git/DISCO-EB/src/discoeb/perturbations.py:1103:9
/home/lawrence/git/DISCO-EB/src/discoeb/cmb.py:1009:26
/home/lawrence/git/DISCO-EB/scripts/profile_CMB.py:38:0
'>/home/lawrence/git/DISCO-EB/src/discoeb/perturbations.py:593</div>"
"Total","440.0","loop fusion","loop_dynamic_update_slice_fusion.242","1.0","1.216","1.216","1.216","1.216","1.579855824428425e-07","0.8116759551840821","43.71052631578947","43.71052631578947","1.715594216396934","1.715594216396934","0.0","23.728571428571428","23.728571428571428","0.0","23.728571428571428","HBM","1.216","1.579855824428425e-07","11960.338971428571","0.0036546227009290676","0.00030798023705096075","0.0036546227009290676","False","7","<div class='source-info-cell' title='/home/lawrence/git/DISCO-EB/src/discoeb/perturbations.py:598:8
/home/lawrence/git/DISCO-EB/src/discoeb/perturbations.py:801:15
/home/lawrence/git/DISCO-EB/src/discoeb/perturbations.py:810:11
/home/lawrence/git/DISCO-EB/src/discoeb/perturbations.py:867:17
/home/lawrence/git/DISCO-EB/src/discoeb/perturbations.py:1103:9
/home/lawrence/git/DISCO-EB/src/discoeb/cmb.py:1009:26
/home/lawrence/git/DISCO-EB/scripts/profile_CMB.py:38:0
'>/home/lawrence/git/DISCO-EB/src/discoeb/perturbations.py:598</div>"
"Total","441.0","loop fusion","loop_exponential_multiply_fusion.1","1.0","1.152","1.152","1.152","1.152","1.4967055178795603e-07","0.8116761048546339","1.6024305555555556","1.6024305555555556","0.025870071517096624","0.025870071517096624","0.0","57.6875","57.6875","0.0","57.6875","HBM","1.152","1.4967055178795606e-07","29077.269","5.510938993464467e-05","1.1290574238165384e-05","5.510938993464467e-05","False","7","<div class='source-info-cell' title='/home/lawrence/git/DISCO-EB/src/discoeb/perturbations.py:659:38
/home/lawrence/git/DISCO-EB/src/discoeb/util.py:272:37
/home/lawrence/git/DISCO-EB/src/discoeb/perturbations.py:672:21
/home/lawrence/git/DISCO-EB/src/discoeb/perturbations.py:784:20
/home/lawrence/git/DISCO-EB/src/discoeb/perturbations.py:790:26
/home/lawrence/git/DISCO-EB/src/discoeb/perturbations.py:864:24
/home/lawrence/git/DISCO-EB/src/discoeb/perturbations.py:1103:9
/home/lawrence/git/DISCO-EB/src/discoeb/cmb.py:1009:26
/home/lawrence/git/DISCO-EB/scripts/profile_CMB.py:38:0
'>/home/lawrence/git/DISCO-EB/src/discoeb/perturbations.py:659</div>"
"Total","442.0","conditional","conditional.29.clone","1.0","1.151","1.151","1.151","1.151","1.4954062943397345e-07","0.8116762543952634","0.0","0.0","18.647489187305226","2.069785530726667","0.0","0.0","0.0","0.0","0.0","HBM","1.151","1.4954062943397345e-07","0.0","0.004409134231365385","0.0","0.004409134231365385","False","7","<div class='source-info-cell' title='/home/lawrence/git/DISCO-EB/.venv/lib/python3.13/site-packages/equinox/_errors.py:118:15
/home/lawrence/git/DISCO-EB/.venv/lib/python3.13/site-packages/equinox/_ad.py:776:19
/home/lawrence/git/DISCO-EB/.venv/lib/python3.13/site-packages/equinox/_ad.py:819:15
/home/lawrence/git/DISCO-EB/.venv/lib/python3.13/site-packages/equinox/_errors.py:336:16
/home/lawrence/git/DISCO-EB/.venv/lib/python3.13/site-packages/equinox/_jit.py:55:14
/home/lawrence/git/DISCO-EB/.venv/lib/python3.13/site-packages/equinox/_jit.py:263:37
/home/lawrence/git/DISCO-EB/.venv/lib/python3.13/site-packages/equinox/_jit.py:209:19
/home/lawrence/git/DISCO-EB/.venv/lib/python3.13/site-packages/equinox/_errors.py:267:15
/home/lawrence/git/DISCO-EB/.venv/lib/python3.13/site-packages/equinox/_errors.py:246:11
/home/lawrence/git/DISCO-EB/.venv/lib/python3.13/site-packages/diffrax/_integrate.py:1196:13
'>/home/lawrence/git/DISCO-EB/.venv/lib/python3.13/site-packages/equinox/_errors.py:118</div>"
"Total","443.0","loop fusion","loop_multiply_fusion.29","1.0","1.12","1.12","1.12","1.12","1.4551303646051285e-07","0.8116763999082999","0.3464285714285714","0.3464285714285714","0.03991382462637765","0.03991382462637765","0.0","8.083333333333334","8.083333333333334","0.0","8.083333333333334","HBM","1.12","1.4551303646051282e-07","4074.3879999999995","8.502591589916607e-05","2.4409029710369e-06","8.502591589916607e-05","False","7","<div class='source-info-cell' title='/home/lawrence/git/DISCO-EB/.venv/lib/python3.13/site-packages/jax_cosmo/scipy/integrate.py:149:12
/home/lawrence/git/DISCO-EB/src/discoeb/background.py:183:8
/home/lawrence/git/DISCO-EB/src/discoeb/background.py:233:12
/home/lawrence/git/DISCO-EB/src/discoeb/cmb.py:987:12
/home/lawrence/git/DISCO-EB/scripts/profile_CMB.py:38:0
'>/home/lawrence/git/DISCO-EB/.venv/lib/python3.13/site-packages/jax_cosmo/scipy/integrate.py:149</div>"
"Total","444.0","input fusion","input_concatenate_fusion.25","1.0","1.119","1.119","1.119","1.119","1.453831141065302e-07","0.811676545291414","14641.644325290437","14641.644325290437","541.1824762448335","541.1824762448335","0.0","25.19685039370079","25.19685039370079","0.0","25.19685039370079","HBM","1.119","1.4538311410653024e-07","12700.422047244094","1.152847068453727","0.10316364203763667","1.152847068453727","False","7","<div class='source-info-cell' title='/home/lawrence/git/DISCO-EB/src/discoeb/spline_interpolation.py:85:21
/home/lawrence/git/DISCO-EB/src/discoeb/cmb.py:735:18
/home/lawrence/git/DISCO-EB/src/discoeb/cmb.py:739:12
/home/lawrence/git/DISCO-EB/src/discoeb/cmb.py:1063:24
/home/lawrence/git/DISCO-EB/scripts/profile_CMB.py:38:0
'>/home/lawrence/git/DISCO-EB/src/discoeb/spline_interpolation.py:85</div>"
"Total","445.0","loop fusion","wrapped_exponential.5","1.0","1.119","1.119","1.119","1.119","1.453831141065302e-07","0.8116766906745281","1.4763181411974977","1.4763181411974977","0.013316497939095312","0.013316497939095312","0.0","103.25","103.25","0.0","103.25","HBM","1.119","1.4538311410653024e-07","52042.956000000006","2.8367299912739345e-05","1.040199808631444e-05","2.8367299912739345e-05","False","7","<div class='source-info-cell' title='/home/lawrence/git/DISCO-EB/src/discoeb/perturbations.py:659:38
/home/lawrence/git/DISCO-EB/src/discoeb/util.py:272:57
/home/lawrence/git/DISCO-EB/src/discoeb/perturbations.py:672:21
/home/lawrence/git/DISCO-EB/src/discoeb/perturbations.py:784:20
/home/lawrence/git/DISCO-EB/src/discoeb/perturbations.py:790:26
/home/lawrence/git/DISCO-EB/src/discoeb/perturbations.py:864:24
/home/lawrence/git/DISCO-EB/src/discoeb/perturbations.py:1103:9
/home/lawrence/git/DISCO-EB/src/discoeb/cmb.py:1009:26
/home/lawrence/git/DISCO-EB/scripts/profile_CMB.py:38:0
'>/home/lawrence/git/DISCO-EB/src/discoeb/perturbations.py:659</div>"
"Total","446.0","loop fusion","loop_pad_fusion.13","1.0","1.056","1.056","1.056","1.056","1.3719800580562638e-07","0.8116768278725339","0.0","0.0","286.7415208708156","286.7415208708156","0.0","0.0","0.0","0.0","0.0","HBM","1.056","1.3719800580562638e-07","0.0","0.6108274680910619","0.0","0.6108274680910619","False","7","<div class='source-info-cell' title='/home/lawrence/git/DISCO-EB/src/discoeb/spline_interpolation.py:75:25
/home/lawrence/git/DISCO-EB/src/discoeb/cmb.py:735:18
/home/lawrence/git/DISCO-EB/src/discoeb/cmb.py:739:12
/home/lawrence/git/DISCO-EB/src/discoeb/cmb.py:1063:24
/home/lawrence/git/DISCO-EB/scripts/profile_CMB.py:38:0
'>/home/lawrence/git/DISCO-EB/src/discoeb/spline_interpolation.py:75</div>"
"Total","447.0","loop fusion","loop_pad_fusion.14","1.0","1.056","1.056","1.056","1.056","1.3719800580562638e-07","0.8116769650705398","0.0","0.0","288.089116414388","288.089116414388","0.0","0.0","0.0","0.0","0.0","HBM","1.056","1.3719800580562638e-07","0.0","0.613698166312203","0.0","0.613698166312203","False","7","<div class='source-info-cell' title='/home/lawrence/git/DISCO-EB/src/discoeb/spline_interpolation.py:75:25
/home/lawrence/git/DISCO-EB/src/discoeb/cmb.py:442:14
/home/lawrence/git/DISCO-EB/src/discoeb/cmb.py:445:9
/home/lawrence/git/DISCO-EB/src/discoeb/cmb.py:609:9
/home/lawrence/git/DISCO-EB/src/discoeb/cmb.py:1056:21
/home/lawrence/git/DISCO-EB/scripts/profile_CMB.py:38:0
'>/home/lawrence/git/DISCO-EB/src/discoeb/spline_interpolation.py:75</div>"
"Total","448.0","conditional","conditional.31","1.0","1.023","1.023","1.023","1.023","1.3291056812420053e-07","0.8116770979811079","8648.516129032258","8648.516129032258","43158.79541874398","21545.82639826591","0.0","0.1866261147871541","0.3738338070217662","0.0","0.3738338070217662","HBM","1.023","1.3291056812420056e-07","188.43018276170721","45.8977219162885","0.060936627216869155","45.8977219162885","False","7","<div class='source-info-cell' title='/home/lawrence/git/DISCO-EB/.venv/lib/python3.13/site-packages/diffrax/_integrate.py:831:17
/home/lawrence/git/DISCO-EB/.venv/lib/python3.13/site-packages/diffrax/_adjoint.py:393:22
/home/lawrence/git/DISCO-EB/.venv/lib/python3.13/site-packages/equinox/_module/_prebuilt.py:33:15
/home/lawrence/git/DISCO-EB/.venv/lib/python3.13/site-packages/diffrax/_integrate.py:1416:29
/home/lawrence/git/DISCO-EB/.venv/lib/python3.13/site-packages/equinox/_jit.py:55:14
/home/lawrence/git/DISCO-EB/.venv/lib/python3.13/site-packages/equinox/_jit.py:263:37
/home/lawrence/git/DISCO-EB/.venv/lib/python3.13/site-packages/equinox/_jit.py:209:19
/home/lawrence/git/DISCO-EB/src/discoeb/perturbations.py:879:15
/home/lawrence/git/DISCO-EB/src/discoeb/perturbations.py:904:9
/home/lawrence/git/DISCO-EB/src/discoeb/perturbations.py:1103:9
'>/home/lawrence/git/DISCO-EB/.venv/lib/python3.13/site-packages/diffrax/_integrate.py:831</div>"
"Total","449.0","input fusion","copy_fusion.15","1.0","0.991","0.991","0.991","0.991","1.2875305279675732e-07","0.8116772267341607","80.53077699293642","80.53077699293642","107.68382027218969","107.68382027218969","0.0","0.6964846749982545","0.6964846749982545","0.0","0.6964846749982545","HBM","0.991","1.2875305279675732e-07","351.06170746352024","0.22939208486959403","0.000567412243197435","0.22939208486959403","False","7","<div class='source-info-cell' title='/home/lawrence/git/DISCO-EB/.venv/lib/python3.13/site-packages/jax_cosmo/scipy/integrate.py:150:53
/home/lawrence/git/DISCO-EB/src/discoeb/thermodynamics_recfast.py:488:45
/home/lawrence/git/DISCO-EB/src/discoeb/thermodynamics_recfast.py:488:21
/home/lawrence/git/DISCO-EB/src/discoeb/background.py:237:82
/home/lawrence/git/DISCO-EB/src/discoeb/cmb.py:987:12
/home/lawrence/git/DISCO-EB/scripts/profile_CMB.py:38:0
'>/home/lawrence/git/DISCO-EB/.venv/lib/python3.13/site-packages/jax_cosmo/scipy/integrate.py:150</div>"
"Total","450.0","loop fusion","loop_divide_fusion.45","1.0","0.991","0.991","0.991","0.991","1.2875305279675732e-07","0.8116773554872134","2864.406659939455","2864.406659939455","11.548024012991926","11.548024012991926","0.0","231.008056640625","231.008056640625","0.0","231.008056640625","HBM","0.991","1.2875305279675732e-07","116439.14893359377","0.02460003088457002","0.02018233859197059","0.02460003088457002","False","7","<div class='source-info-cell' title='/home/lawrence/git/DISCO-EB/src/discoeb/perturbations.py:301:29
/home/lawrence/git/DISCO-EB/src/discoeb/perturbations.py:1173:25
/home/lawrence/git/DISCO-EB/src/discoeb/perturbations.py:1172:19
/home/lawrence/git/DISCO-EB/src/discoeb/perturbations.py:1171:13
/home/lawrence/git/DISCO-EB/src/discoeb/cmb.py:1030:13
/home/lawrence/git/DISCO-EB/scripts/profile_CMB.py:38:0
'>/home/lawrence/git/DISCO-EB/src/discoeb/perturbations.py:301</div>"
"Total","451.0","conditional","conditional.27","1.0","0.96","0.96","0.96","0.96","1.247254598232967e-07","0.8116774802126733","0.0","0.0","0.046566128730773926","0.015522042910257975","0.0","0.0","0.0","0.0","0.0","HBM","0.96","1.247254598232967e-07","0.0","3.30656339607868e-05","0.0","3.30656339607868e-05","False","7","<div class='source-info-cell' title='/home/lawrence/git/DISCO-EB/src/discoeb/util.py:272:24
/home/lawrence/git/DISCO-EB/src/discoeb/perturbations.py:672:21
/home/lawrence/git/DISCO-EB/src/discoeb/perturbations.py:784:20
/home/lawrence/git/DISCO-EB/src/discoeb/perturbations.py:790:26
/home/lawrence/git/DISCO-EB/src/discoeb/perturbations.py:864:24
/home/lawrence/git/DISCO-EB/src/discoeb/perturbations.py:1103:9
/home/lawrence/git/DISCO-EB/src/discoeb/cmb.py:1009:26
/home/lawrence/git/DISCO-EB/scripts/profile_CMB.py:38:0
'>/home/lawrence/git/DISCO-EB/src/discoeb/util.py:272</div>"
"Total","452.0","loop fusion","loop_broadcast_multiply_fusion.1","1.0","0.96","0.96","0.96","0.96","1.247254598232967e-07","0.8116776049381331","259.525","259.525","42.28204488754272","42.28204488754272","0.0","5.716409691629956","5.716409691629956","0.0","5.716409691629956","HBM","0.96","1.247254598232967e-07","2881.344872246696","0.09007078690918324","0.001828588620580808","0.09007078690918324","False","7","<div class='source-info-cell' title='/home/lawrence/git/DISCO-EB/.venv/lib/python3.13/site-packages/diffrax/_integrate.py:1139:57
/home/lawrence/git/DISCO-EB/.venv/lib/python3.13/site-packages/equinox/_tree.py:210:23
/home/lawrence/git/DISCO-EB/.venv/lib/python3.13/site-packages/equinox/_tree.py:229:15
/home/lawrence/git/DISCO-EB/.venv/lib/python3.13/site-packages/equinox/_tree.py:231:10
/home/lawrence/git/DISCO-EB/.venv/lib/python3.13/site-packages/diffrax/_integrate.py:1138:13
/home/lawrence/git/DISCO-EB/.venv/lib/python3.13/site-packages/equinox/_jit.py:55:14
/home/lawrence/git/DISCO-EB/.venv/lib/python3.13/site-packages/equinox/_jit.py:263:37
/home/lawrence/git/DISCO-EB/.venv/lib/python3.13/site-packages/equinox/_jit.py:209:19
/home/lawrence/git/DISCO-EB/src/discoeb/perturbations.py:879:15
/home/lawrence/git/DISCO-EB/src/discoeb/perturbations.py:904:9
'>/home/lawrence/git/DISCO-EB/.venv/lib/python3.13/site-packages/diffrax/_integrate.py:1139</div>"
"Total","453.0","data formatting","copy.981","1.0","0.959","0.959","0.959","0.959","1.245955374693141e-07","0.8116777295336706","0.0","0.0","0.015538228565013197","0.015538228565013197","0.0","0.0","0.0","0.0","0.0","HBM","0.959","1.2459553746931412e-07","0.0","3.310011324541744e-05","0.0","3.310011324541744e-05","False","7",""
"Total","454.0","input fusion","copy_fusion.17","1.0","0.959","0.959","0.959","0.959","1.245955374693141e-07","0.811677854129208","6.412930135557873","6.412930135557873","15.926684279138525","15.926684279138525","0.0","0.375","0.375","0.0","0.375","HBM","0.959","1.2459553746931412e-07","189.01800000000003","0.033927616076552876","4.518489960682349e-05","0.033927616076552876","False","7",""
"Total","455.0","loop fusion","loop_slice_fusion.7","1.0","0.959","0.959","0.959","0.959","1.245955374693141e-07","0.8116779787247455","0.03753910323253389","0.03753910323253389","0.10099848567258578","0.10099848567258578","0.0","0.34615384615384615","0.34615384615384615","0.0","0.34615384615384615","HBM","0.959","1.2459553746931412e-07","174.47815384615387","0.0002151507360952134","2.644969733082351e-07","0.0002151507360952134","False","7","<div class='source-info-cell' title='/home/lawrence/git/DISCO-EB/.venv/lib/python3.13/site-packages/jax_cosmo/scipy/integrate.py:150:53
/home/lawrence/git/DISCO-EB/src/discoeb/background.py:183:8
/home/lawrence/git/DISCO-EB/src/discoeb/background.py:233:12
/home/lawrence/git/DISCO-EB/src/discoeb/cmb.py:987:12
/home/lawrence/git/DISCO-EB/scripts/profile_CMB.py:38:0
'>/home/lawrence/git/DISCO-EB/.venv/lib/python3.13/site-packages/jax_cosmo/scipy/integrate.py:150</div>"
"Total","456.0","loop fusion","loop_slice_fusion.8","1.0","0.959","0.959","0.959","0.959","1.245955374693141e-07","0.8116781033202829","0.03753910323253389","0.03753910323253389","0.10099848567258578","0.10099848567258578","0.0","0.34615384615384615","0.34615384615384615","0.0","0.34615384615384615","HBM","0.959","1.2459553746931412e-07","174.47815384615387","0.0002151507360952134","2.644969733082351e-07","0.0002151507360952134","False","7","<div class='source-info-cell' title='/home/lawrence/git/DISCO-EB/.venv/lib/python3.13/site-packages/jax_cosmo/scipy/integrate.py:150:53
/home/lawrence/git/DISCO-EB/src/discoeb/background.py:183:8
/home/lawrence/git/DISCO-EB/src/discoeb/background.py:233:12
/home/lawrence/git/DISCO-EB/src/discoeb/cmb.py:987:12
/home/lawrence/git/DISCO-EB/scripts/profile_CMB.py:38:0
'>/home/lawrence/git/DISCO-EB/.venv/lib/python3.13/site-packages/jax_cosmo/scipy/integrate.py:150</div>"
"Total","457.0","data formatting","copy.1051","1.0","0.928","0.928","0.928","0.928","1.205679444958535e-07","0.8116782238882274","0.0","0.0","0.016057285769232387","0.016057285769232387","0.0","0.0","0.0","0.0","0.0","HBM","0.928","1.205679444958535e-07","0.0","3.420582823529669e-05","0.0","3.420582823529669e-05","False","7",""
"Total","458.0","input fusion","copy_fusion.13","1.0","0.928","0.928","0.928","0.928","1.205679444958535e-07","0.8116783444561719","85.9978448275862","85.9978448275862","114.99425203635774","114.99425203635774","0.0","0.6964846749982545","0.6964846749982545","0.0","0.6964846749982545","HBM","0.928","1.205679444958535e-07","351.06170746352024","0.24496503890707724","0.0006059326864317436","0.24496503890707724","False","7","<div class='source-info-cell' title='/home/lawrence/git/DISCO-EB/.venv/lib/python3.13/site-packages/jax_cosmo/scipy/integrate.py:150:53
/home/lawrence/git/DISCO-EB/src/discoeb/thermodynamics_recfast.py:488:45
/home/lawrence/git/DISCO-EB/src/discoeb/thermodynamics_recfast.py:488:21
/home/lawrence/git/DISCO-EB/src/discoeb/background.py:237:82
/home/lawrence/git/DISCO-EB/src/discoeb/cmb.py:987:12
/home/lawrence/git/DISCO-EB/scripts/profile_CMB.py:38:0
'>/home/lawrence/git/DISCO-EB/.venv/lib/python3.13/site-packages/jax_cosmo/scipy/integrate.py:150</div>"
"Total","459.0","input fusion","copy_fusion.14","1.0","0.928","0.928","0.928","0.928","1.205679444958535e-07","0.8116784650241164","85.9978448275862","85.9978448275862","114.99425203635774","114.99425203635774","0.0","0.6964846749982545","0.6964846749982545","0.0","0.6964846749982545","HBM","0.928","1.205679444958535e-07","351.06170746352024","0.24496503890707724","0.0006059326864317436","0.24496503890707724","False","7","<div class='source-info-cell' title='/home/lawrence/git/DISCO-EB/.venv/lib/python3.13/site-packages/jax_cosmo/scipy/integrate.py:150:53
/home/lawrence/git/DISCO-EB/src/discoeb/thermodynamics_recfast.py:488:45
/home/lawrence/git/DISCO-EB/src/discoeb/thermodynamics_recfast.py:488:21
/home/lawrence/git/DISCO-EB/src/discoeb/background.py:237:82
/home/lawrence/git/DISCO-EB/src/discoeb/cmb.py:987:12
/home/lawrence/git/DISCO-EB/scripts/profile_CMB.py:38:0
'>/home/lawrence/git/DISCO-EB/.venv/lib/python3.13/site-packages/jax_cosmo/scipy/integrate.py:150</div>"
"Total","460.0","input fusion","input_reduce_fusion.61","1.0","0.928","0.928","0.928","0.928","1.205679444958535e-07","0.811678585592061","106.92995689655173","106.92995689655173","24.639905012887098","24.639905012887098","0.0","4.041666666666667","4.041666666666667","0.0","4.041666666666667","HBM","0.928","1.205679444958535e-07","2037.1940000000002","0.052488843427062774","0.0007534183696377259","0.052488843427062774","False","7","<div class='source-info-cell' title='/home/lawrence/git/DISCO-EB/.venv/lib/python3.13/site-packages/jax_cosmo/scipy/integrate.py:55:8
/home/lawrence/git/DISCO-EB/.venv/lib/python3.13/site-packages/jax_cosmo/scipy/integrate.py:147:26
/home/lawrence/git/DISCO-EB/src/discoeb/thermodynamics_recfast.py:488:45
/home/lawrence/git/DISCO-EB/src/discoeb/thermodynamics_recfast.py:488:21
/home/lawrence/git/DISCO-EB/src/discoeb/background.py:237:82
/home/lawrence/git/DISCO-EB/src/discoeb/cmb.py:987:12
/home/lawrence/git/DISCO-EB/scripts/profile_CMB.py:38:0
'>/home/lawrence/git/DISCO-EB/.venv/lib/python3.13/site-packages/jax_cosmo/scipy/integrate.py:55</div>"
"Total","461.0","loop fusion","loop_slice_fusion.10","1.0","0.928","0.928","0.928","0.928","1.205679444958535e-07","0.8116787061600055","0.03879310344827586","0.03879310344827586","0.10437235750001052","0.10437235750001052","0.0","0.34615384615384615","0.34615384615384615","0.0","0.34615384615384615","HBM","0.928","1.205679444958535e-07","174.47815384615387","0.0002223378835294285","2.733325403045231e-07","0.0002223378835294285","False","7","<div class='source-info-cell' title='/home/lawrence/git/DISCO-EB/.venv/lib/python3.13/site-packages/jax_cosmo/scipy/integrate.py:150:53
/home/lawrence/git/DISCO-EB/src/discoeb/background.py:183:8
/home/lawrence/git/DISCO-EB/src/discoeb/background.py:233:12
/home/lawrence/git/DISCO-EB/src/discoeb/cmb.py:987:12
/home/lawrence/git/DISCO-EB/scripts/profile_CMB.py:38:0
'>/home/lawrence/git/DISCO-EB/.venv/lib/python3.13/site-packages/jax_cosmo/scipy/integrate.py:150</div>"
"Total","462.0","loop fusion","loop_slice_fusion.9","1.0","0.928","0.928","0.928","0.928","1.205679444958535e-07","0.81167882672795","0.03879310344827586","0.03879310344827586","0.10437235750001052","0.10437235750001052","0.0","0.34615384615384615","0.34615384615384615","0.0","0.34615384615384615","HBM","0.928","1.205679444958535e-07","174.47815384615387","0.0002223378835294285","2.733325403045231e-07","0.0002223378835294285","False","7","<div class='source-info-cell' title='/home/lawrence/git/DISCO-EB/.venv/lib/python3.13/site-packages/jax_cosmo/scipy/integrate.py:150:53
/home/lawrence/git/DISCO-EB/src/discoeb/background.py:183:8
/home/lawrence/git/DISCO-EB/src/discoeb/background.py:233:12
/home/lawrence/git/DISCO-EB/src/discoeb/cmb.py:987:12
/home/lawrence/git/DISCO-EB/scripts/profile_CMB.py:38:0
'>/home/lawrence/git/DISCO-EB/.venv/lib/python3.13/site-packages/jax_cosmo/scipy/integrate.py:150</div>"
"Total","463.0","data formatting","copy.980","1.0","0.927","0.927","0.927","0.927","1.2043802214187088e-07","0.8116789471659721","0.0","0.0","0.016074607544603724","0.016074607544603724","0.0","0.0","0.0","0.0","0.0","HBM","0.927","1.2043802214187088e-07","0.0","3.4242727726381144e-05","0.0","3.4242727726381144e-05","False","7",""
"Total","464.0","input fusion","copy_fusion.12","1.0","0.927","0.927","0.927","0.927","1.2043802214187088e-07","0.8116790676039942","86.09061488673139","86.09061488673139","115.11830193067959","115.11830193067959","0.0","0.6964846749982545","0.6964846749982545","0.0","0.6964846749982545","HBM","0.927","1.2043802214187088e-07","351.0617074635202","0.24522929461247864","0.0006065863355001704","0.24522929461247864","False","7","<div class='source-info-cell' title='/home/lawrence/git/DISCO-EB/.venv/lib/python3.13/site-packages/jax_cosmo/scipy/integrate.py:150:53
/home/lawrence/git/DISCO-EB/src/discoeb/thermodynamics_recfast.py:488:45
/home/lawrence/git/DISCO-EB/src/discoeb/thermodynamics_recfast.py:488:21
/home/lawrence/git/DISCO-EB/src/discoeb/background.py:237:82
/home/lawrence/git/DISCO-EB/src/discoeb/cmb.py:987:12
/home/lawrence/git/DISCO-EB/scripts/profile_CMB.py:38:0
'>/home/lawrence/git/DISCO-EB/.venv/lib/python3.13/site-packages/jax_cosmo/scipy/integrate.py:150</div>"
"Total","465.0","loop fusion","loop_pad_fusion.28","1.0","0.896","0.896","0.896","0.896","1.1641042916841026e-07","0.8116791840144234","0.0","0.0","4.249159246683121","4.249159246683121","0.0","0.0","0.0","0.0","0.0","HBM","0.896","1.1641042916841026e-07","0.0","0.009051717296765387","0.0","0.009051717296765387","False","7","<div class='source-info-cell' title='/home/lawrence/git/DISCO-EB/src/discoeb/spline_interpolation.py:75:25
/home/lawrence/git/DISCO-EB/src/discoeb/background.py:168:43
/home/lawrence/git/DISCO-EB/src/discoeb/background.py:233:12
/home/lawrence/git/DISCO-EB/src/discoeb/cmb.py:987:12
/home/lawrence/git/DISCO-EB/scripts/profile_CMB.py:38:0
'>/home/lawrence/git/DISCO-EB/src/discoeb/spline_interpolation.py:75</div>"
"Total","466.0","loop fusion","loop_slice_fusion.2","1.0","0.896","0.896","0.896","0.896","1.1641042916841026e-07","0.8116793004248526","41.10267857142857","41.10267857142857","102.08792186209133","102.08792186209133","0.0","0.37496945507860224","0.37496945507860224","0.0","0.37496945507860224","HBM","0.896","1.1641042916841026e-07","189.0026038934593","0.2174714936445962","0.00028960558832908165","0.2174714936445962","False","7","<div class='source-info-cell' title='/home/lawrence/git/DISCO-EB/.venv/lib/python3.13/site-packages/jax_cosmo/scipy/integrate.py:150:53
/home/lawrence/git/DISCO-EB/src/discoeb/thermodynamics_recfast.py:488:45
/home/lawrence/git/DISCO-EB/src/discoeb/thermodynamics_recfast.py:488:21
/home/lawrence/git/DISCO-EB/src/discoeb/background.py:237:82
/home/lawrence/git/DISCO-EB/src/discoeb/cmb.py:987:12
/home/lawrence/git/DISCO-EB/scripts/profile_CMB.py:38:0
'>/home/lawrence/git/DISCO-EB/.venv/lib/python3.13/site-packages/jax_cosmo/scipy/integrate.py:150</div>"
"Total","467.0","conditional","conditional.26","1.0","0.864","0.864","0.864","0.864","1.1225291384096703e-07","0.8116794126777664","0.0","0.0","0.05174014303419325","0.01724671434473108","0.0","0.0","0.0","0.0","0.0","HBM","0.864","1.1225291384096703e-07","0.0","3.673959328976311e-05","0.0","3.673959328976311e-05","False","7","<div class='source-info-cell' title='/home/lawrence/git/DISCO-EB/src/discoeb/util.py:272:24
/home/lawrence/git/DISCO-EB/src/discoeb/perturbations.py:672:21
/home/lawrence/git/DISCO-EB/src/discoeb/perturbations.py:784:20
/home/lawrence/git/DISCO-EB/src/discoeb/perturbations.py:790:26
/home/lawrence/git/DISCO-EB/src/discoeb/perturbations.py:864:24
/home/lawrence/git/DISCO-EB/src/discoeb/perturbations.py:1103:9
/home/lawrence/git/DISCO-EB/src/discoeb/cmb.py:1009:26
/home/lawrence/git/DISCO-EB/scripts/profile_CMB.py:38:0
'>/home/lawrence/git/DISCO-EB/src/discoeb/util.py:272</div>"
"Total","468.0","conditional","conditional.32.clone","1.0","0.864","0.864","0.864","0.864","1.1225291384096703e-07","0.8116795249306803","0.0","0.0","28610.235959705376","3178.9122321815403","0.0","0.0","0.0","0.0","0.0","HBM","0.864","1.1225291384096703e-07","0.0","6.771837242719976","0.0","6.771837242719976","False","7","<div class='source-info-cell' title='/home/lawrence/git/DISCO-EB/.venv/lib/python3.13/site-packages/equinox/_errors.py:118:15
/home/lawrence/git/DISCO-EB/.venv/lib/python3.13/site-packages/equinox/_ad.py:776:19
/home/lawrence/git/DISCO-EB/.venv/lib/python3.13/site-packages/equinox/_ad.py:819:15
/home/lawrence/git/DISCO-EB/.venv/lib/python3.13/site-packages/equinox/_errors.py:336:16
/home/lawrence/git/DISCO-EB/.venv/lib/python3.13/site-packages/equinox/_jit.py:55:14
/home/lawrence/git/DISCO-EB/.venv/lib/python3.13/site-packages/equinox/_jit.py:263:37
/home/lawrence/git/DISCO-EB/.venv/lib/python3.13/site-packages/equinox/_jit.py:209:19
/home/lawrence/git/DISCO-EB/.venv/lib/python3.13/site-packages/equinox/_errors.py:267:15
/home/lawrence/git/DISCO-EB/.venv/lib/python3.13/site-packages/equinox/_enum.py:197:15
/home/lawrence/git/DISCO-EB/.venv/lib/python3.13/site-packages/equinox/_module/_prebuilt.py:33:15
'>/home/lawrence/git/DISCO-EB/.venv/lib/python3.13/site-packages/equinox/_errors.py:118</div>"
"Total","469.0","data formatting","copy.1369","1.0","0.864","0.864","0.864","0.864","1.1225291384096703e-07","0.8116796371835941","0.0","0.0","8.795824315812853","8.795824315812853","0.0","0.0","0.0","0.0","0.0","HBM","0.864","1.1225291384096703e-07","0.0","0.01873719257777919","0.0","0.01873719257777919","False","7",""
"Total","470.0","data formatting","copy.851","1.0","0.864","0.864","0.864","0.864","1.1225291384096703e-07","0.811679749436508","0.0","0.0","17.660635489004626","17.660635489004626","0.0","0.0","0.0","0.0","0.0","HBM","0.864","1.1225291384096703e-07","0.0","0.037621343528717426","0.0","0.037621343528717426","False","7",""
"Total","471.0","input fusion","copy_fusion.9","1.0","0.864","0.864","0.864","0.864","1.1225291384096703e-07","0.8116798616894219","7.118055555555555","7.118055555555555","17.67788220334936","17.67788220334936","0.0","0.375","0.375","0.0","0.375","HBM","0.864","1.1225291384096703e-07","189.018","0.03765808312200719","5.0153146670073756e-05","0.03765808312200719","False","7",""
"Total","472.0","loop fusion","loop_pad_fusion.15","1.0","0.864","0.864","0.864","0.864","1.1225291384096703e-07","0.8116799739423357","0.0","0.0","8.821694387329948","8.821694387329948","0.0","0.0","0.0","0.0","0.0","HBM","0.864","1.1225291384096703e-07","0.0","0.01879230196771383","0.0","0.01879230196771383","False","7","<div class='source-info-cell' title='/home/lawrence/git/DISCO-EB/src/discoeb/spline_interpolation.py:75:25
/home/lawrence/git/DISCO-EB/src/discoeb/cmb.py:155:27
/home/lawrence/git/DISCO-EB/src/discoeb/cmb.py:1043:27
/home/lawrence/git/DISCO-EB/scripts/profile_CMB.py:38:0
'>/home/lawrence/git/DISCO-EB/src/discoeb/spline_interpolation.py:75</div>"
"Total","473.0","loop fusion","loop_pad_fusion.29","1.0","0.864","0.864","0.864","0.864","1.1225291384096703e-07","0.8116800861952496","0.0","0.0","4.406535515078792","4.406535515078792","0.0","0.0","0.0","0.0","0.0","HBM","0.864","1.1225291384096703e-07","0.0","0.009386966085534475","0.0","0.009386966085534475","False","7","<div class='source-info-cell' title='/home/lawrence/git/DISCO-EB/src/discoeb/spline_interpolation.py:75:25
/home/lawrence/git/DISCO-EB/src/discoeb/background.py:167:43
/home/lawrence/git/DISCO-EB/src/discoeb/background.py:233:12
/home/lawrence/git/DISCO-EB/src/discoeb/cmb.py:987:12
/home/lawrence/git/DISCO-EB/scripts/profile_CMB.py:38:0
'>/home/lawrence/git/DISCO-EB/src/discoeb/spline_interpolation.py:75</div>"
"Total","474.0","data formatting","copy.1187","1.0","0.863","0.863","0.863","0.863","1.1212299148698443e-07","0.811680198318241","0.0","0.0","17.681099724797217","17.681099724797217","0.0","0.0","0.0","0.0","0.0","HBM","0.863","1.1212299148698444e-07","0.0","0.03766493720603923","0.0","0.03766493720603923","False","7",""
"Total","475.0","data formatting","copy.1354","1.0","0.863","0.863","0.863","0.863","1.1212299148698443e-07","0.8116803104412325","0.0","0.0","8.806016464498615","8.806016464498615","0.0","0.0","0.0","0.0","0.0","HBM","0.863","1.1212299148698444e-07","0.0","0.01875890427253907","0.0","0.01875890427253907","False","7",""
"Total","476.0","loop fusion","loop_pad_fusion.22","1.0","0.863","0.863","0.863","0.863","1.1212299148698443e-07","0.8116804225642239","0.0","0.0","8.83191651292361","8.83191651292361","0.0","0.0","0.0","0.0","0.0","HBM","0.863","1.1212299148698444e-07","0.0","0.01881407752039948","0.0","0.01881407752039948","False","7","<div class='source-info-cell' title='/home/lawrence/git/DISCO-EB/src/discoeb/spline_interpolation.py:75:25
/home/lawrence/git/DISCO-EB/src/discoeb/background.py:255:40
/home/lawrence/git/DISCO-EB/src/discoeb/cmb.py:987:12
/home/lawrence/git/DISCO-EB/scripts/profile_CMB.py:38:0
'>/home/lawrence/git/DISCO-EB/src/discoeb/spline_interpolation.py:75</div>"
"Total","477.0","loop fusion","loop_pad_fusion.26","1.0","0.863","0.863","0.863","0.863","1.1212299148698443e-07","0.8116805346872153","0.0","0.0","8.83191651292361","8.83191651292361","0.0","0.0","0.0","0.0","0.0","HBM","0.863","1.1212299148698444e-07","0.0","0.01881407752039948","0.0","0.01881407752039948","False","7","<div class='source-info-cell' title='/home/lawrence/git/DISCO-EB/src/discoeb/spline_interpolation.py:75:25
/home/lawrence/git/DISCO-EB/src/discoeb/background.py:249:40
/home/lawrence/git/DISCO-EB/src/discoeb/cmb.py:987:12
/home/lawrence/git/DISCO-EB/scripts/profile_CMB.py:38:0
'>/home/lawrence/git/DISCO-EB/src/discoeb/spline_interpolation.py:75</div>"
"Total","478.0","loop fusion","loop_pad_fusion.27","1.0","0.863","0.863","0.863","0.863","1.1212299148698443e-07","0.8116806468102068","0.0","0.0","8.83191651292361","8.83191651292361","0.0","0.0","0.0","0.0","0.0","HBM","0.863","1.1212299148698444e-07","0.0","0.01881407752039948","0.0","0.01881407752039948","False","7","<div class='source-info-cell' title='/home/lawrence/git/DISCO-EB/src/discoeb/spline_interpolation.py:75:25
/home/lawrence/git/DISCO-EB/src/discoeb/background.py:248:40
/home/lawrence/git/DISCO-EB/src/discoeb/cmb.py:987:12
/home/lawrence/git/DISCO-EB/scripts/profile_CMB.py:38:0
'>/home/lawrence/git/DISCO-EB/src/discoeb/spline_interpolation.py:75</div>"
"Total","479.0","data formatting","copy.1214","1.0","0.832","0.832","0.832","0.832","1.080953985135238e-07","0.8116807549056053","0.0","0.0","18.339890700120193","18.339890700120193","0.0","0.0","0.0","0.0","0.0","HBM","0.832","1.0809539851352381e-07","0.0","0.03906831827982195","0.0","0.03906831827982195","False","7",""
"Total","480.0","data formatting","copy.860","1.0","0.832","0.832","0.832","0.832","1.080953985135238e-07","0.8116808630010038","0.0","0.0","18.339890700120193","18.339890700120193","0.0","0.0","0.0","0.0","0.0","HBM","0.832","1.0809539851352381e-07","0.0","0.03906831827982195","0.0","0.03906831827982195","False","7",""
"Total","481.0","input fusion","copy_fusion.10","1.0","0.832","0.832","0.832","0.832","1.080953985135238e-07","0.8116809710964024","7.391826923076923","7.391826923076923","18.357800749632027","18.357800749632027","0.0","0.375","0.375","0.0","0.375","HBM","0.832","1.0809539851352381e-07","189.01800000000003","0.03910647093439208","5.2082113849691976e-05","0.03910647093439208","False","7",""
"Total","482.0","input fusion","input_concatenate_fusion.33","1.0","0.832","0.832","0.832","0.832","1.080953985135238e-07","0.8116810791918009","7.384615384615385","7.384615384615385","18.321980650608356","18.321980650608356","0.0","0.375366568914956","0.375366568914956","0.0","0.375366568914956","HBM","0.832","1.0809539851352381e-07","189.20276832844576","0.03903016562525181","5.203130203130204e-05","0.03903016562525181","False","7","<div class='source-info-cell' title='/home/lawrence/git/DISCO-EB/src/discoeb/spline_interpolation.py:85:21
/home/lawrence/git/DISCO-EB/src/discoeb/background.py:250:40
/home/lawrence/git/DISCO-EB/src/discoeb/cmb.py:987:12
/home/lawrence/git/DISCO-EB/scripts/profile_CMB.py:38:0
'>/home/lawrence/git/DISCO-EB/src/discoeb/spline_interpolation.py:85</div>"
"Total","483.0","input fusion","input_concatenate_fusion.34","1.0","0.832","0.832","0.832","0.832","1.080953985135238e-07","0.8116811872871994","7.384615384615385","7.384615384615385","18.321980650608356","18.321980650608356","0.0","0.375366568914956","0.375366568914956","0.0","0.375366568914956","HBM","0.832","1.0809539851352381e-07","189.20276832844576","0.03903016562525181","5.203130203130204e-05","0.03903016562525181","False","7","<div class='source-info-cell' title='/home/lawrence/git/DISCO-EB/src/discoeb/spline_interpolation.py:85:21
/home/lawrence/git/DISCO-EB/src/discoeb/background.py:249:40
/home/lawrence/git/DISCO-EB/src/discoeb/cmb.py:987:12
/home/lawrence/git/DISCO-EB/scripts/profile_CMB.py:38:0
'>/home/lawrence/git/DISCO-EB/src/discoeb/spline_interpolation.py:85</div>"
"Total","484.0","loop fusion","loop_pad_fusion.16","1.0","0.832","0.832","0.832","0.832","1.080953985135238e-07","0.8116812953825979","0.0","0.0","9.160990325304178","9.160990325304178","0.0","0.0","0.0","0.0","0.0","HBM","0.832","1.0809539851352381e-07","0.0","0.019515082812625904","0.0","0.019515082812625904","False","7","<div class='source-info-cell' title='/home/lawrence/git/DISCO-EB/src/discoeb/spline_interpolation.py:75:25
/home/lawrence/git/DISCO-EB/src/discoeb/cmb.py:148:24
/home/lawrence/git/DISCO-EB/src/discoeb/cmb.py:1043:27
/home/lawrence/git/DISCO-EB/scripts/profile_CMB.py:38:0
'>/home/lawrence/git/DISCO-EB/src/discoeb/spline_interpolation.py:75</div>"
"Total","485.0","loop fusion","loop_pad_fusion.17","1.0","0.832","0.832","0.832","0.832","1.080953985135238e-07","0.8116814034779964","0.0","0.0","9.160990325304178","9.160990325304178","0.0","0.0","0.0","0.0","0.0","HBM","0.832","1.0809539851352381e-07","0.0","0.019515082812625904","0.0","0.019515082812625904","False","7","<div class='source-info-cell' title='/home/lawrence/git/DISCO-EB/src/discoeb/spline_interpolation.py:75:25
/home/lawrence/git/DISCO-EB/src/discoeb/cmb.py:147:23
/home/lawrence/git/DISCO-EB/src/discoeb/cmb.py:1043:27
/home/lawrence/git/DISCO-EB/scripts/profile_CMB.py:38:0
'>/home/lawrence/git/DISCO-EB/src/discoeb/spline_interpolation.py:75</div>"
"Total","486.0","loop fusion","loop_pad_fusion.21","1.0","0.832","0.832","0.832","0.832","1.080953985135238e-07","0.811681511573395","0.0","0.0","9.160990325304178","9.160990325304178","0.0","0.0","0.0","0.0","0.0","HBM","0.832","1.0809539851352381e-07","0.0","0.019515082812625904","0.0","0.019515082812625904","False","7","<div class='source-info-cell' title='/home/lawrence/git/DISCO-EB/src/discoeb/spline_interpolation.py:75:25
/home/lawrence/git/DISCO-EB/src/discoeb/background.py:256:40
/home/lawrence/git/DISCO-EB/src/discoeb/cmb.py:987:12
/home/lawrence/git/DISCO-EB/scripts/profile_CMB.py:38:0
'>/home/lawrence/git/DISCO-EB/src/discoeb/spline_interpolation.py:75</div>"
"Total","487.0","loop fusion","loop_pad_fusion.23","1.0","0.832","0.832","0.832","0.832","1.080953985135238e-07","0.8116816196687935","0.0","0.0","9.160990325304178","9.160990325304178","0.0","0.0","0.0","0.0","0.0","HBM","0.832","1.0809539851352381e-07","0.0","0.019515082812625904","0.0","0.019515082812625904","False","7","<div class='source-info-cell' title='/home/lawrence/git/DISCO-EB/src/discoeb/spline_interpolation.py:75:25
/home/lawrence/git/DISCO-EB/src/discoeb/background.py:252:40
/home/lawrence/git/DISCO-EB/src/discoeb/cmb.py:987:12
/home/lawrence/git/DISCO-EB/scripts/profile_CMB.py:38:0
'>/home/lawrence/git/DISCO-EB/src/discoeb/spline_interpolation.py:75</div>"
"Total","488.0","loop fusion","loop_pad_fusion.25","1.0","0.832","0.832","0.832","0.832","1.080953985135238e-07","0.811681727764192","0.0","0.0","9.160990325304178","9.160990325304178","0.0","0.0","0.0","0.0","0.0","HBM","0.832","1.0809539851352381e-07","0.0","0.019515082812625904","0.0","0.019515082812625904","False","7","<div class='source-info-cell' title='/home/lawrence/git/DISCO-EB/src/discoeb/spline_interpolation.py:75:25
/home/lawrence/git/DISCO-EB/src/discoeb/background.py:250:40
/home/lawrence/git/DISCO-EB/src/discoeb/cmb.py:987:12
/home/lawrence/git/DISCO-EB/scripts/profile_CMB.py:38:0
'>/home/lawrence/git/DISCO-EB/src/discoeb/spline_interpolation.py:75</div>"
"Total","489.0","loop fusion","wrapped_slice.22","1.0","0.832","0.832","0.832","0.832","1.080953985135238e-07","0.8116818358595905","0.0","0.0","0.017910049511836126","0.017910049511836126","0.0","0.0","0.0","0.0","0.0","HBM","0.832","1.0809539851352381e-07","0.0","3.815265457013862e-05","0.0","3.815265457013862e-05","False","7","<div class='source-info-cell' title='/home/lawrence/git/DISCO-EB/src/discoeb/spline_interpolation.py:115:20
/home/lawrence/git/DISCO-EB/src/discoeb/background.py:249:40
/home/lawrence/git/DISCO-EB/src/discoeb/cmb.py:987:12
/home/lawrence/git/DISCO-EB/scripts/profile_CMB.py:38:0
'>/home/lawrence/git/DISCO-EB/src/discoeb/spline_interpolation.py:115</div>"
"Total","490.0","loop fusion","wrapped_slice.23","1.0","0.832","0.832","0.832","0.832","1.080953985135238e-07","0.811681943954989","0.0","0.0","0.017910049511836126","0.017910049511836126","0.0","0.0","0.0","0.0","0.0","HBM","0.832","1.0809539851352381e-07","0.0","3.815265457013862e-05","0.0","3.815265457013862e-05","False","7","<div class='source-info-cell' title='/home/lawrence/git/DISCO-EB/src/discoeb/spline_interpolation.py:115:20
/home/lawrence/git/DISCO-EB/src/discoeb/background.py:256:40
/home/lawrence/git/DISCO-EB/src/discoeb/cmb.py:987:12
/home/lawrence/git/DISCO-EB/scripts/profile_CMB.py:38:0
'>/home/lawrence/git/DISCO-EB/src/discoeb/spline_interpolation.py:115</div>"
"Total","491.0","loop fusion","wrapped_slice.25","1.0","0.832","0.832","0.832","0.832","1.080953985135238e-07","0.8116820520503876","0.0","0.0","0.017910049511836126","0.017910049511836126","0.0","0.0","0.0","0.0","0.0","HBM","0.832","1.0809539851352381e-07","0.0","3.815265457013862e-05","0.0","3.815265457013862e-05","False","7","<div class='source-info-cell' title='/home/lawrence/git/DISCO-EB/src/discoeb/spline_interpolation.py:115:20
/home/lawrence/git/DISCO-EB/src/discoeb/background.py:248:40
/home/lawrence/git/DISCO-EB/src/discoeb/cmb.py:987:12
/home/lawrence/git/DISCO-EB/scripts/profile_CMB.py:38:0
'>/home/lawrence/git/DISCO-EB/src/discoeb/spline_interpolation.py:115</div>"
"Total","492.0","conditional","conditional.28.clone","1.0","0.831","0.831","0.831","0.831","1.079654761595412e-07","0.8116821600158637","0.0","0.0","0.08741655935018931","0.006724350719245332","0.0","0.0","0.0","0.0","0.0","HBM","0.831","1.0796547615954122e-07","0.0","1.4324462365683814e-05","0.0","1.4324462365683814e-05","False","7","<div class='source-info-cell' title='/home/lawrence/git/DISCO-EB/.venv/lib/python3.13/site-packages/equinox/_errors.py:118:15
/home/lawrence/git/DISCO-EB/.venv/lib/python3.13/site-packages/equinox/_ad.py:776:19
/home/lawrence/git/DISCO-EB/.venv/lib/python3.13/site-packages/equinox/_ad.py:819:15
/home/lawrence/git/DISCO-EB/.venv/lib/python3.13/site-packages/equinox/_errors.py:336:16
/home/lawrence/git/DISCO-EB/.venv/lib/python3.13/site-packages/equinox/_jit.py:55:14
/home/lawrence/git/DISCO-EB/.venv/lib/python3.13/site-packages/equinox/_jit.py:263:37
/home/lawrence/git/DISCO-EB/.venv/lib/python3.13/site-packages/equinox/_jit.py:209:19
/home/lawrence/git/DISCO-EB/.venv/lib/python3.13/site-packages/equinox/_errors.py:267:15
/home/lawrence/git/DISCO-EB/.venv/lib/python3.13/site-packages/equinox/_errors.py:246:11
/home/lawrence/git/DISCO-EB/.venv/lib/python3.13/site-packages/diffrax/_integrate.py:1021:14
'>/home/lawrence/git/DISCO-EB/.venv/lib/python3.13/site-packages/equinox/_errors.py:118</div>"
"Total","493.0","data formatting","copy.1205","1.0","0.831","0.831","0.831","0.831","1.079654761595412e-07","0.8116822679813398","0.0","0.0","18.361960364019254","18.361960364019254","0.0","0.0","0.0","0.0","0.0","HBM","0.831","1.0796547615954122e-07","0.0","0.03911533189989393","0.0","0.03911533189989393","False","7",""
"Total","494.0","data formatting","copy.878","1.0","0.831","0.831","0.831","0.831","1.079654761595412e-07","0.8116823759468159","0.0","0.0","18.361960364019254","18.361960364019254","0.0","0.0","0.0","0.0","0.0","HBM","0.831","1.0796547615954122e-07","0.0","0.03911533189989393","0.0","0.03911533189989393","False","7",""
"Total","495.0","input fusion","input_concatenate_fusion.35","1.0","0.831","0.831","0.831","0.831","1.079654761595412e-07","0.811682483912292","7.393501805054152","7.393501805054152","18.344028762101264","18.344028762101264","0.0","0.375366568914956","0.375366568914956","0.0","0.375366568914956","HBM","0.831","1.0796547615954122e-07","189.20276832844579","0.03907713333358544","5.209391490979939e-05","0.03907713333358544","False","7","<div class='source-info-cell' title='/home/lawrence/git/DISCO-EB/src/discoeb/spline_interpolation.py:85:21
/home/lawrence/git/DISCO-EB/src/discoeb/background.py:256:40
/home/lawrence/git/DISCO-EB/src/discoeb/cmb.py:987:12
/home/lawrence/git/DISCO-EB/scripts/profile_CMB.py:38:0
'>/home/lawrence/git/DISCO-EB/src/discoeb/spline_interpolation.py:85</div>"
"Total","496.0","loop fusion","loop_pad_fusion.18","1.0","0.831","0.831","0.831","0.831","1.079654761595412e-07","0.8116825918777681","0.0","0.0","9.172014381050632","9.172014381050632","0.0","0.0","0.0","0.0","0.0","HBM","0.831","1.0796547615954122e-07","0.0","0.01953856666679272","0.0","0.01953856666679272","False","7","<div class='source-info-cell' title='/home/lawrence/git/DISCO-EB/src/discoeb/spline_interpolation.py:75:25
/home/lawrence/git/DISCO-EB/src/discoeb/cmb.py:146:18
/home/lawrence/git/DISCO-EB/src/discoeb/cmb.py:1043:27
/home/lawrence/git/DISCO-EB/scripts/profile_CMB.py:38:0
'>/home/lawrence/git/DISCO-EB/src/discoeb/spline_interpolation.py:75</div>"
"Total","497.0","loop fusion","loop_pad_fusion.19","1.0","0.831","0.831","0.831","0.831","1.079654761595412e-07","0.8116826998432443","0.0","0.0","9.172014381050632","9.172014381050632","0.0","0.0","0.0","0.0","0.0","HBM","0.831","1.0796547615954122e-07","0.0","0.01953856666679272","0.0","0.01953856666679272","False","7","<div class='source-info-cell' title='/home/lawrence/git/DISCO-EB/src/discoeb/spline_interpolation.py:75:25
/home/lawrence/git/DISCO-EB/src/discoeb/cmb.py:141:17
/home/lawrence/git/DISCO-EB/src/discoeb/cmb.py:1043:27
/home/lawrence/git/DISCO-EB/scripts/profile_CMB.py:38:0
'>/home/lawrence/git/DISCO-EB/src/discoeb/spline_interpolation.py:75</div>"
"Total","498.0","loop fusion","loop_pad_fusion.20","1.0","0.831","0.831","0.831","0.831","1.079654761595412e-07","0.8116828078087204","0.0","0.0","9.172014381050632","9.172014381050632","0.0","0.0","0.0","0.0","0.0","HBM","0.831","1.0796547615954122e-07","0.0","0.01953856666679272","0.0","0.01953856666679272","False","7","<div class='source-info-cell' title='/home/lawrence/git/DISCO-EB/src/discoeb/spline_interpolation.py:75:25
/home/lawrence/git/DISCO-EB/src/discoeb/background.py:320:17
/home/lawrence/git/DISCO-EB/src/discoeb/cmb.py:987:12
/home/lawrence/git/DISCO-EB/scripts/profile_CMB.py:38:0
'>/home/lawrence/git/DISCO-EB/src/discoeb/spline_interpolation.py:75</div>"
"Total","499.0","loop fusion","loop_pad_fusion.24","1.0","0.831","0.831","0.831","0.831","1.079654761595412e-07","0.8116829157741965","0.0","0.0","9.172014381050632","9.172014381050632","0.0","0.0","0.0","0.0","0.0","HBM","0.831","1.0796547615954122e-07","0.0","0.01953856666679272","0.0","0.01953856666679272","False","7","<div class='source-info-cell' title='/home/lawrence/git/DISCO-EB/src/discoeb/spline_interpolation.py:75:25
/home/lawrence/git/DISCO-EB/src/discoeb/background.py:251:40
/home/lawrence/git/DISCO-EB/src/discoeb/cmb.py:987:12
/home/lawrence/git/DISCO-EB/scripts/profile_CMB.py:38:0
'>/home/lawrence/git/DISCO-EB/src/discoeb/spline_interpolation.py:75</div>"
"Total","500.0","loop fusion","loop_pad_fusion.30","1.0","0.831","0.831","0.831","0.831","1.079654761595412e-07","0.8116830237396726","0.0","0.0","4.581524290045819","4.581524290045819","0.0","0.0","0.0","0.0","0.0","HBM","0.831","1.0796547615954122e-07","0.0","0.009759733691819237","0.0","0.009759733691819237","False","7","<div class='source-info-cell' title='/home/lawrence/git/DISCO-EB/src/discoeb/spline_interpolation.py:75:25
/home/lawrence/git/DISCO-EB/src/discoeb/background.py:166:43
/home/lawrence/git/DISCO-EB/src/discoeb/background.py:233:12
/home/lawrence/git/DISCO-EB/src/discoeb/cmb.py:987:12
/home/lawrence/git/DISCO-EB/scripts/profile_CMB.py:38:0
'>/home/lawrence/git/DISCO-EB/src/discoeb/spline_interpolation.py:75</div>"
"Total","501.0","data formatting","copy.1038","1.0","0.8","0.8","0.8","0.8","1.0393788318608059e-07","0.8116831276775558","0.0","0.0","0.01862645149230957","0.01862645149230957","0.0","0.0","0.0","0.0","0.0","HBM","0.8","1.0393788318608059e-07","0.0","3.967876075294416e-05","0.0","3.967876075294416e-05","False","7",""
"Total","502.0","data formatting","copy.983","1.0","0.8","0.8","0.8","0.8","1.0393788318608059e-07","0.811683231615439","0.0","0.0","0.01862645149230957","0.01862645149230957","0.0","0.0","0.0","0.0","0.0","HBM","0.8","1.0393788318608059e-07","0.0","3.967876075294416e-05","0.0","3.967876075294416e-05","False","7",""
"Total","503.0","data formatting","copy.988","1.0","0.8","0.8","0.8","0.8","1.0393788318608059e-07","0.8116833355533222","0.0","0.0","0.01862645149230957","0.01862645149230957","0.0","0.0","0.0","0.0","0.0","HBM","0.8","1.0393788318608059e-07","0.0","3.967876075294416e-05","0.0","3.967876075294416e-05","False","7",""
"Total","504.0","data formatting","copy.989","1.0","0.8","0.8","0.8","0.8","1.0393788318608059e-07","0.8116834394912054","0.0","0.0","0.01862645149230957","0.01862645149230957","0.0","0.0","0.0","0.0","0.0","HBM","0.8","1.0393788318608059e-07","0.0","3.967876075294416e-05","0.0","3.967876075294416e-05","False","7",""
"Total","505.0","data formatting","copy.992","1.0","0.8","0.8","0.8","0.8","1.0393788318608059e-07","0.8116835434290885","0.0","0.0","0.01862645149230957","0.01862645149230957","0.0","0.0","0.0","0.0","0.0","HBM","0.8","1.0393788318608059e-07","0.0","3.967876075294416e-05","0.0","3.967876075294416e-05","False","7",""
"Total","506.0","loop fusion","loop_dynamic_update_slice_fusion.244","1.0","0.8","0.8","0.8","0.8","1.0393788318608059e-07","0.8116836473669717","0.0","0.0","2.384185791015625","2.384185791015625","0.0","0.0","0.0","0.0","0.0","HBM","0.8","1.0393788318608059e-07","0.0","0.005078881376376853","0.0","0.005078881376376853","False","7","<div class='source-info-cell' title='/home/lawrence/git/DISCO-EB/src/discoeb/perturbations.py:594:8
/home/lawrence/git/DISCO-EB/src/discoeb/perturbations.py:801:15
/home/lawrence/git/DISCO-EB/src/discoeb/perturbations.py:810:11
/home/lawrence/git/DISCO-EB/src/discoeb/perturbations.py:867:17
/home/lawrence/git/DISCO-EB/src/discoeb/perturbations.py:1103:9
/home/lawrence/git/DISCO-EB/src/discoeb/cmb.py:1009:26
/home/lawrence/git/DISCO-EB/scripts/profile_CMB.py:38:0
'>/home/lawrence/git/DISCO-EB/src/discoeb/perturbations.py:594</div>"
"Total","507.0","conditional","conditional.21","1.0","0.799","0.799","0.799","0.799","1.03807960832098e-07","0.8116837511749325","0.0","0.0","0.0559492910907922","0.01864976369693073","0.0","0.0","0.0","0.0","0.0","HBM","0.799","1.03807960832098e-07","0.0","3.972842127954359e-05","0.0","3.972842127954359e-05","False","7","<div class='source-info-cell' title='/home/lawrence/git/DISCO-EB/src/discoeb/util.py:272:24
/home/lawrence/git/DISCO-EB/src/discoeb/perturbations.py:672:21
/home/lawrence/git/DISCO-EB/src/discoeb/perturbations.py:784:20
/home/lawrence/git/DISCO-EB/src/discoeb/perturbations.py:790:26
/home/lawrence/git/DISCO-EB/src/discoeb/perturbations.py:864:24
/home/lawrence/git/DISCO-EB/src/discoeb/perturbations.py:1103:9
/home/lawrence/git/DISCO-EB/src/discoeb/cmb.py:1009:26
/home/lawrence/git/DISCO-EB/scripts/profile_CMB.py:38:0
'>/home/lawrence/git/DISCO-EB/src/discoeb/util.py:272</div>"
"Total","508.0","data formatting","copy.993","1.0","0.799","0.799","0.799","0.799","1.03807960832098e-07","0.8116838549828933","0.0","0.0","0.01864976369693073","0.01864976369693073","0.0","0.0","0.0","0.0","0.0","HBM","0.799","1.03807960832098e-07","0.0","3.972842127954359e-05","0.0","3.972842127954359e-05","False","7",""
"Total","509.0","loop fusion","loop_dynamic_update_slice_fusion.243","1.0","0.799","0.799","0.799","0.799","1.03807960832098e-07","0.8116839587908541","0.0","0.0","2.3871697532071336","2.3871697532071336","0.0","0.0","0.0","0.0","0.0","HBM","0.799","1.03807960832098e-07","0.0","0.005085237923781579","0.0","0.005085237923781579","False","7","<div class='source-info-cell' title='/home/lawrence/git/DISCO-EB/src/discoeb/perturbations.py:590:8
/home/lawrence/git/DISCO-EB/src/discoeb/perturbations.py:801:15
/home/lawrence/git/DISCO-EB/src/discoeb/perturbations.py:810:11
/home/lawrence/git/DISCO-EB/src/discoeb/perturbations.py:867:17
/home/lawrence/git/DISCO-EB/src/discoeb/perturbations.py:1103:9
/home/lawrence/git/DISCO-EB/src/discoeb/cmb.py:1009:26
/home/lawrence/git/DISCO-EB/scripts/profile_CMB.py:38:0
'>/home/lawrence/git/DISCO-EB/src/discoeb/perturbations.py:590</div>"
"Total","510.0","loop fusion","loop_dynamic_update_slice_fusion.240","1.0","0.768","0.768","0.768","0.768","9.978036785863737e-08","0.811684058571222","0.0","0.0","2.483526865641276","2.483526865641276","0.0","0.0","0.0","0.0","0.0","HBM","0.768","9.978036785863737e-08","0.0","0.005290501433725888","0.0","0.005290501433725888","False","7","<div class='source-info-cell' title='/home/lawrence/git/DISCO-EB/src/discoeb/perturbations.py:599:8
/home/lawrence/git/DISCO-EB/src/discoeb/perturbations.py:801:15
/home/lawrence/git/DISCO-EB/src/discoeb/perturbations.py:810:11
/home/lawrence/git/DISCO-EB/src/discoeb/perturbations.py:867:17
/home/lawrence/git/DISCO-EB/src/discoeb/perturbations.py:1103:9
/home/lawrence/git/DISCO-EB/src/discoeb/cmb.py:1009:26
/home/lawrence/git/DISCO-EB/scripts/profile_CMB.py:38:0
'>/home/lawrence/git/DISCO-EB/src/discoeb/perturbations.py:599</div>"
"Total","511.0","data formatting","copy.995","1.0","0.767","0.767","0.767","0.767","9.965044550465476e-08","0.8116841582216674","0.0","0.0","0.01942785031792393","0.01942785031792393","0.0","0.0","0.0","0.0","0.0","HBM","0.767","9.965044550465476e-08","0.0","4.138593038116731e-05","0.0","4.138593038116731e-05","False","7",""
"Total","512.0","conditional","conditional.23","1.0","0.736","0.736","0.736","0.736","9.562285253119414e-08","0.8116842538445199","0.0","0.0","0.06073842877927033","0.020246142926423443","0.0","0.0","0.0","0.0","0.0","HBM","0.736","9.562285253119415e-08","0.0","4.31290877749393e-05","0.0","4.31290877749393e-05","False","7","<div class='source-info-cell' title='/home/lawrence/git/DISCO-EB/src/discoeb/util.py:272:24
/home/lawrence/git/DISCO-EB/src/discoeb/perturbations.py:672:21
/home/lawrence/git/DISCO-EB/src/discoeb/perturbations.py:784:20
/home/lawrence/git/DISCO-EB/src/discoeb/perturbations.py:790:26
/home/lawrence/git/DISCO-EB/src/discoeb/perturbations.py:864:24
/home/lawrence/git/DISCO-EB/src/discoeb/perturbations.py:1103:9
/home/lawrence/git/DISCO-EB/src/discoeb/cmb.py:1009:26
/home/lawrence/git/DISCO-EB/scripts/profile_CMB.py:38:0
'>/home/lawrence/git/DISCO-EB/src/discoeb/util.py:272</div>"
"Total","513.0","conditional","conditional.24","1.0","0.736","0.736","0.736","0.736","9.562285253119414e-08","0.8116843494673724","0.0","0.0","0.06073842877927033","0.020246142926423443","0.0","0.0","0.0","0.0","0.0","HBM","0.736","9.562285253119415e-08","0.0","4.31290877749393e-05","0.0","4.31290877749393e-05","False","7","<div class='source-info-cell' title='/home/lawrence/git/DISCO-EB/src/discoeb/util.py:272:24
/home/lawrence/git/DISCO-EB/src/discoeb/perturbations.py:672:21
/home/lawrence/git/DISCO-EB/src/discoeb/perturbations.py:784:20
/home/lawrence/git/DISCO-EB/src/discoeb/perturbations.py:790:26
/home/lawrence/git/DISCO-EB/src/discoeb/perturbations.py:864:24
/home/lawrence/git/DISCO-EB/src/discoeb/perturbations.py:1103:9
/home/lawrence/git/DISCO-EB/src/discoeb/cmb.py:1009:26
/home/lawrence/git/DISCO-EB/scripts/profile_CMB.py:38:0
'>/home/lawrence/git/DISCO-EB/src/discoeb/util.py:272</div>"
"Total","514.0","conditional","conditional.25","1.0","0.736","0.736","0.736","0.736","9.562285253119414e-08","0.811684445090225","0.0","0.0","0.06073842877927033","0.020246142926423443","0.0","0.0","0.0","0.0","0.0","HBM","0.736","9.562285253119415e-08","0.0","4.31290877749393e-05","0.0","4.31290877749393e-05","False","7","<div class='source-info-cell' title='/home/lawrence/git/DISCO-EB/src/discoeb/util.py:272:24
/home/lawrence/git/DISCO-EB/src/discoeb/perturbations.py:672:21
/home/lawrence/git/DISCO-EB/src/discoeb/perturbations.py:784:20
/home/lawrence/git/DISCO-EB/src/discoeb/perturbations.py:790:26
/home/lawrence/git/DISCO-EB/src/discoeb/perturbations.py:864:24
/home/lawrence/git/DISCO-EB/src/discoeb/perturbations.py:1103:9
/home/lawrence/git/DISCO-EB/src/discoeb/cmb.py:1009:26
/home/lawrence/git/DISCO-EB/scripts/profile_CMB.py:38:0
'>/home/lawrence/git/DISCO-EB/src/discoeb/util.py:272</div>"
"Total","515.0","conditional","conditional.30.clone","1.0","0.736","0.736","0.736","0.736","9.562285253119414e-08","0.8116845407130775","0.0","0.0","29.162038117647167","3.2368521003619484","0.0","0.0","0.0","0.0","0.0","HBM","0.736","9.562285253119415e-08","0.0","0.006895262908018422","0.0","0.006895262908018422","False","7","<div class='source-info-cell' title='/home/lawrence/git/DISCO-EB/.venv/lib/python3.13/site-packages/equinox/_errors.py:118:15
/home/lawrence/git/DISCO-EB/.venv/lib/python3.13/site-packages/equinox/_ad.py:776:19
/home/lawrence/git/DISCO-EB/.venv/lib/python3.13/site-packages/equinox/_ad.py:819:15
/home/lawrence/git/DISCO-EB/.venv/lib/python3.13/site-packages/equinox/_errors.py:336:16
/home/lawrence/git/DISCO-EB/.venv/lib/python3.13/site-packages/equinox/_jit.py:55:14
/home/lawrence/git/DISCO-EB/.venv/lib/python3.13/site-packages/equinox/_jit.py:263:37
/home/lawrence/git/DISCO-EB/.venv/lib/python3.13/site-packages/equinox/_jit.py:209:19
/home/lawrence/git/DISCO-EB/.venv/lib/python3.13/site-packages/equinox/_errors.py:267:15
/home/lawrence/git/DISCO-EB/.venv/lib/python3.13/site-packages/equinox/_errors.py:246:11
/home/lawrence/git/DISCO-EB/.venv/lib/python3.13/site-packages/diffrax/_integrate.py:1201:13
'>/home/lawrence/git/DISCO-EB/.venv/lib/python3.13/site-packages/equinox/_errors.py:118</div>"
"Total","516.0","conditional","conditional.22","1.0","0.703","0.703","0.703","0.703","9.13354148497683e-08","0.8116846320484924","0.0","0.0","0.06358959257687478","0.02119653085895826","0.0","0.0","0.0","0.0","0.0","HBM","0.703","9.133541484976832e-08","0.0","4.515363954815837e-05","0.0","4.515363954815837e-05","False","7","<div class='source-info-cell' title='/home/lawrence/git/DISCO-EB/src/discoeb/util.py:272:24
/home/lawrence/git/DISCO-EB/src/discoeb/perturbations.py:672:21
/home/lawrence/git/DISCO-EB/src/discoeb/perturbations.py:784:20
/home/lawrence/git/DISCO-EB/src/discoeb/perturbations.py:790:26
/home/lawrence/git/DISCO-EB/src/discoeb/perturbations.py:864:24
/home/lawrence/git/DISCO-EB/src/discoeb/perturbations.py:1103:9
/home/lawrence/git/DISCO-EB/src/discoeb/cmb.py:1009:26
/home/lawrence/git/DISCO-EB/scripts/profile_CMB.py:38:0
'>/home/lawrence/git/DISCO-EB/src/discoeb/util.py:272</div>"
