"Rank","Program id","HLO op category","HLO op name","HLO op text","Framework op name","#Occurrences","Total time (us)","Avg. time (us)","Total self time (us)","Avg. self time (us)","Total self time (%)","Cumulative total self time (%)","%time stalled by DMA","Model GFLOP/s","Normalized GFLOP/s","Measured memory BW (GiB/s)","HBM BW (GiB/s)","CMEM Read BW (GiB/s)","CMEM Write BW (GiB/s)","Operational intensity (FLOPS/Byte)","Bound by","Rematerialization","Outside Compilation","Autotuned","Source Info"
"1.0","5","custom-call","lu.62","%lu.62 = (f64[3,3]{0,1}, s32[3]{0}, s32[]) custom-call(f64[3,3]{0,1} %bitcast.2318.0), custom_call_target=""cusolver_getrf_ffi"", operand_layout_constraints={f64[3,3]{0,1}}, output_to_operand_aliasing={{0}: (0, {})}, api_version=API_VERSION_TYPED_FFI, frontend_attributes={num_batch_dims=""0"",xla.sdy.sharding_rule=""#sdy.op_sharding_rule<([i, j])->([k, l], [m], []) {i=3, j=3, k=3, l=3, m=3}, custom>""}","jit(evolve_background)/jit(evaluate_thermo)/while/body/closed_call/cond/branch_0_fun/cond/branch_0_fun/cond/branch_0_fun/jit(diffeqsolve)/outer-loop/while/body/jit(lu_factor)/lu:","12732.0","31205.959","2.450986412189758","31205.959","2.450986412189758","1.1785365788884565","1.1785365788884565","0.0","0.0","0.0","0.0","0.0","0.0","0.0","0.0","Unknown","No","No","No","<div class='source-info-cell' title='/home/user/git/DISCO-EB/src/discoeb/ode_integrators_stiff.py:185:21
/home/user/git/DISCO-EB/.venv/lib/python3.12/site-packages/equinox/_module/_prebuilt.py:34:15
/home/user/git/DISCO-EB/.venv/lib/python3.12/site-packages/diffrax/_integrate.py:356:64
/home/user/git/DISCO-EB/.venv/lib/python3.12/site-packages/equinox/_eval_shape.py:33:15
/home/user/git/DISCO-EB/.venv/lib/python3.12/site-packages/equinox/_eval_shape.py:38:30
/home/user/git/DISCO-EB/.venv/lib/python3.12/site-packages/diffrax/_integrate.py:655:36
/home/user/git/DISCO-EB/.venv/lib/python3.12/site-packages/diffrax/_adjoint.py:911:22
/home/user/git/DISCO-EB/.venv/lib/python3.12/site-packages/equinox/_module/_prebuilt.py:34:15
/home/user/git/DISCO-EB/.venv/lib/python3.12/site-packages/diffrax/_integrate.py:1435:29
/home/user/git/DISCO-EB/.venv/lib/python3.12/site-packages/equinox/_jit.py:55:14
'>/home/user/git/DISCO-EB/src/discoeb/ode_integrators_stiff.py:185</div>"
"2.0","5","loop fusion","loop_gather_fusion.2","%loop_gather_fusion.2 = f64[3,1,1]{2,1,0} fusion(f64[] %loop_divide_fusion.6, f64[] %get-tuple-element.5475, f64[] %get-tuple-element.5461, f64[] %get-tuple-element.5482, f64[] %get-tuple-element.5896, /*index=5*/f64[] %get-tuple-element.5464, f64[3]{0} %input_concatenate_fusion.3, f64[] %get-tuple-element.5460, s32[3]{0} %lu_pivots_to_permutation.24, f64[] %get-tuple-element.5863, /*index=10*/s64[] %get-tuple-element.5892, f64[3]{0} %get-tuple-element.5862, f64[3,1]{0,1} %get-tuple-element.5391.0, f64[] %get-tuple-element.5864, f64[] %get-tuple-element.5894, /*index=15*/f64[] %get-tuple-element.5895, f64[] %get-tuple-element.5893), kind=kLoop, calls=%fused_gather.2","jit(evolve_background)/jit(evaluate_thermo)/while/body/closed_call/cond/branch_0_fun/cond/branch_0_fun/cond/branch_0_fun/jit(diffeqsolve)/outer-loop/while/body/jit(lu_solve)/jit(_lu_solve)/gather:","2122.0","24897.046","11.732820923656927","24897.046","11.732820923656927","0.9402716775109692","2.1188082563994257","0.0","13.24131690161154","13.24131690161154","0.016828040511585894","0.016828040511585894","0.0","0.0","732.8207547169811","Compute","No","No","No","<div class='source-info-cell' title='/home/user/git/DISCO-EB/src/discoeb/ode_integrators_stiff.py:189:13
/home/user/git/DISCO-EB/.venv/lib/python3.12/site-packages/equinox/_module/_prebuilt.py:34:15
/home/user/git/DISCO-EB/.venv/lib/python3.12/site-packages/diffrax/_integrate.py:356:64
/home/user/git/DISCO-EB/.venv/lib/python3.12/site-packages/equinox/_eval_shape.py:33:15
/home/user/git/DISCO-EB/.venv/lib/python3.12/site-packages/equinox/_eval_shape.py:38:30
/home/user/git/DISCO-EB/.venv/lib/python3.12/site-packages/diffrax/_integrate.py:655:36
/home/user/git/DISCO-EB/.venv/lib/python3.12/site-packages/diffrax/_adjoint.py:911:22
/home/user/git/DISCO-EB/.venv/lib/python3.12/site-packages/equinox/_module/_prebuilt.py:34:15
/home/user/git/DISCO-EB/.venv/lib/python3.12/site-packages/diffrax/_integrate.py:1435:29
/home/user/git/DISCO-EB/.venv/lib/python3.12/site-packages/equinox/_jit.py:55:14
'>/home/user/git/DISCO-EB/src/discoeb/ode_integrators_stiff.py:189</div>"
"3.0","5","input fusion","input_concatenate_fusion.2","%input_concatenate_fusion.2 = f64[3]{0} fusion(f64[] %get-tuple-element.5475, f64[] %get-tuple-element.5461, f64[] %get-tuple-element.5482, f64[] %get-tuple-element.5896, f64[] %get-tuple-element.5464, /*index=5*/f64[] %get-tuple-element.5460, f64[] %get-tuple-element.5863, s64[] %get-tuple-element.5892, f64[3,1]{0,1} %get-tuple-element.5393.0, f64[3]{0} %get-tuple-element.5862, /*index=10*/f64[3,1]{0,1} %get-tuple-element.5391.0, f64[] %get-tuple-element.5894, f64[] %get-tuple-element.5895, f64[] %get-tuple-element.5893), kind=kInput, calls=%fused_concatenate.3","jit(evolve_background)/jit(evaluate_thermo)/while/body/closed_call/cond/branch_0_fun/cond/branch_0_fun/cond/branch_0_fun/jit(diffeqsolve)/outer-loop/while/body/concatenate:","2122.0","21702.214","10.227245051837889","21702.214","10.227245051837889","0.8196143897345107","2.9384226461339367","0.0","15.167232154286195","15.167232154286195","0.016755573261486793","0.016755573261486793","0.0","0.0","843.0380434782609","Compute","No","No","No","<div class='source-info-cell' title='/home/user/git/DISCO-EB/.venv/lib/python3.12/site-packages/equinox/internal/_loop/loop.py:103:29
/home/user/git/DISCO-EB/.venv/lib/python3.12/site-packages/equinox/_module/_prebuilt.py:82:15
/home/user/git/DISCO-EB/.venv/lib/python3.12/site-packages/diffrax/_integrate.py:674:18
/home/user/git/DISCO-EB/.venv/lib/python3.12/site-packages/diffrax/_adjoint.py:911:22
/home/user/git/DISCO-EB/.venv/lib/python3.12/site-packages/equinox/_module/_prebuilt.py:34:15
/home/user/git/DISCO-EB/.venv/lib/python3.12/site-packages/diffrax/_integrate.py:1435:29
/home/user/git/DISCO-EB/.venv/lib/python3.12/site-packages/equinox/_jit.py:55:14
/home/user/git/DISCO-EB/.venv/lib/python3.12/site-packages/equinox/_jit.py:263:37
/home/user/git/DISCO-EB/.venv/lib/python3.12/site-packages/equinox/_jit.py:209:19
/home/user/git/DISCO-EB/src/discoeb/thermodynamics_recfast.py:284:7
'>/home/user/git/DISCO-EB/.venv/lib/python3.12/site-packages/equinox/internal/_loop/loop.py:103</div>"
"4.0","5","custom-call","triangular-solve.5","%triangular-solve.5 = (f64[3,1]{0,1}, s8[0]{0}) custom-call(f64[3,3]{0,1} %bitcast.2358.0, f64[3,1]{0,1} %get-tuple-element.5394.0), custom_call_target=""__cublas$triangularSolve""","jit(evolve_background)/jit(evaluate_thermo)/while/body/closed_call/cond/branch_0_fun/cond/branch_0_fun/cond/branch_0_fun/jit(diffeqsolve)/outer-loop/while/body/jit(lu_solve)/jit(_lu_solve)/triangular_solve:","6366.0","15720.093","2.4693831291234685","15720.093","2.4693831291234685","0.5936912441636026","3.532113890297539","0.0","0.0","0.0","0.0","0.0","0.0","0.0","0.0","Unknown","No","No","No","<div class='source-info-cell' title='/home/user/git/DISCO-EB/src/discoeb/ode_integrators_stiff.py:189:13
/home/user/git/DISCO-EB/.venv/lib/python3.12/site-packages/equinox/_module/_prebuilt.py:34:15
/home/user/git/DISCO-EB/.venv/lib/python3.12/site-packages/diffrax/_integrate.py:356:64
/home/user/git/DISCO-EB/.venv/lib/python3.12/site-packages/equinox/_eval_shape.py:33:15
/home/user/git/DISCO-EB/.venv/lib/python3.12/site-packages/equinox/_eval_shape.py:38:30
/home/user/git/DISCO-EB/.venv/lib/python3.12/site-packages/diffrax/_integrate.py:655:36
/home/user/git/DISCO-EB/.venv/lib/python3.12/site-packages/diffrax/_adjoint.py:911:22
/home/user/git/DISCO-EB/.venv/lib/python3.12/site-packages/equinox/_module/_prebuilt.py:34:15
/home/user/git/DISCO-EB/.venv/lib/python3.12/site-packages/diffrax/_integrate.py:1435:29
/home/user/git/DISCO-EB/.venv/lib/python3.12/site-packages/equinox/_jit.py:55:14
'>/home/user/git/DISCO-EB/src/discoeb/ode_integrators_stiff.py:189</div>"
"5.0","5","custom-call","triangular-solve.7","%triangular-solve.7 = (f64[3,1]{0,1}, s8[0]{0}) custom-call(f64[3,3]{0,1} %bitcast.2358.0, f64[3,1]{0,1} %get-tuple-element.5396.0), custom_call_target=""__cublas$triangularSolve""","jit(evolve_background)/jit(evaluate_thermo)/while/body/closed_call/cond/branch_0_fun/cond/branch_0_fun/cond/branch_0_fun/jit(diffeqsolve)/outer-loop/while/body/jit(lu_solve)/jit(_lu_solve)/triangular_solve:","6366.0","15651.903","2.458671536286522","15651.903","2.458671536286522","0.5911159536777565","4.123229843975295","0.0","0.0","0.0","0.0","0.0","0.0","0.0","0.0","Unknown","No","No","No","<div class='source-info-cell' title='/home/user/git/DISCO-EB/src/discoeb/ode_integrators_stiff.py:189:13
/home/user/git/DISCO-EB/.venv/lib/python3.12/site-packages/equinox/_module/_prebuilt.py:34:15
/home/user/git/DISCO-EB/.venv/lib/python3.12/site-packages/diffrax/_integrate.py:356:64
/home/user/git/DISCO-EB/.venv/lib/python3.12/site-packages/equinox/_eval_shape.py:33:15
/home/user/git/DISCO-EB/.venv/lib/python3.12/site-packages/equinox/_eval_shape.py:38:30
/home/user/git/DISCO-EB/.venv/lib/python3.12/site-packages/diffrax/_integrate.py:655:36
/home/user/git/DISCO-EB/.venv/lib/python3.12/site-packages/diffrax/_adjoint.py:911:22
/home/user/git/DISCO-EB/.venv/lib/python3.12/site-packages/equinox/_module/_prebuilt.py:34:15
/home/user/git/DISCO-EB/.venv/lib/python3.12/site-packages/diffrax/_integrate.py:1435:29
/home/user/git/DISCO-EB/.venv/lib/python3.12/site-packages/equinox/_jit.py:55:14
'>/home/user/git/DISCO-EB/src/discoeb/ode_integrators_stiff.py:189</div>"
"6.0","5","custom-call","triangular-solve.3","%triangular-solve.3 = (f64[3,1]{0,1}, s8[0]{0}) custom-call(f64[3,3]{0,1} %bitcast.2358.0, f64[3,1]{0,1} %get-tuple-element.5392.0), custom_call_target=""__cublas$triangularSolve""","jit(evolve_background)/jit(evaluate_thermo)/while/body/closed_call/cond/branch_0_fun/cond/branch_0_fun/cond/branch_0_fun/jit(diffeqsolve)/outer-loop/while/body/jit(lu_solve)/jit(_lu_solve)/triangular_solve:","6366.0","15478.862","2.4314894753377314","15478.862","2.4314894753377314","0.5845808188931649","4.707810662868461","0.0","0.0","0.0","0.0","0.0","0.0","0.0","0.0","Unknown","No","No","No","<div class='source-info-cell' title='/home/user/git/DISCO-EB/src/discoeb/ode_integrators_stiff.py:189:13
/home/user/git/DISCO-EB/.venv/lib/python3.12/site-packages/equinox/_module/_prebuilt.py:34:15
/home/user/git/DISCO-EB/.venv/lib/python3.12/site-packages/diffrax/_integrate.py:356:64
/home/user/git/DISCO-EB/.venv/lib/python3.12/site-packages/equinox/_eval_shape.py:33:15
/home/user/git/DISCO-EB/.venv/lib/python3.12/site-packages/equinox/_eval_shape.py:38:30
/home/user/git/DISCO-EB/.venv/lib/python3.12/site-packages/diffrax/_integrate.py:655:36
/home/user/git/DISCO-EB/.venv/lib/python3.12/site-packages/diffrax/_adjoint.py:911:22
/home/user/git/DISCO-EB/.venv/lib/python3.12/site-packages/equinox/_module/_prebuilt.py:34:15
/home/user/git/DISCO-EB/.venv/lib/python3.12/site-packages/diffrax/_integrate.py:1435:29
/home/user/git/DISCO-EB/.venv/lib/python3.12/site-packages/equinox/_jit.py:55:14
'>/home/user/git/DISCO-EB/src/discoeb/ode_integrators_stiff.py:189</div>"
"7.0","5","custom-call","triangular-solve.1","%triangular-solve.1 = (f64[3,1]{0,1}, s8[0]{0}) custom-call(f64[3,3]{0,1} %bitcast.2358.0, f64[3,1]{0,1} %get-tuple-element.5390.0), custom_call_target=""__cublas$triangularSolve""","jit(evolve_background)/jit(evaluate_thermo)/while/body/closed_call/cond/branch_0_fun/cond/branch_0_fun/cond/branch_0_fun/jit(diffeqsolve)/outer-loop/while/body/jit(lu_solve)/jit(_lu_solve)/triangular_solve:","6366.0","15447.276","2.4265278039585296","15447.276","2.4265278039585296","0.5833879295356942","5.291198592404155","0.0","0.0","0.0","0.0","0.0","0.0","0.0","0.0","Unknown","No","No","No","<div class='source-info-cell' title='/home/user/git/DISCO-EB/src/discoeb/ode_integrators_stiff.py:189:13
/home/user/git/DISCO-EB/.venv/lib/python3.12/site-packages/equinox/_module/_prebuilt.py:34:15
/home/user/git/DISCO-EB/.venv/lib/python3.12/site-packages/diffrax/_integrate.py:356:64
/home/user/git/DISCO-EB/.venv/lib/python3.12/site-packages/equinox/_eval_shape.py:33:15
/home/user/git/DISCO-EB/.venv/lib/python3.12/site-packages/equinox/_eval_shape.py:38:30
/home/user/git/DISCO-EB/.venv/lib/python3.12/site-packages/diffrax/_integrate.py:655:36
/home/user/git/DISCO-EB/.venv/lib/python3.12/site-packages/diffrax/_adjoint.py:911:22
/home/user/git/DISCO-EB/.venv/lib/python3.12/site-packages/equinox/_module/_prebuilt.py:34:15
/home/user/git/DISCO-EB/.venv/lib/python3.12/site-packages/diffrax/_integrate.py:1435:29
/home/user/git/DISCO-EB/.venv/lib/python3.12/site-packages/equinox/_jit.py:55:14
'>/home/user/git/DISCO-EB/src/discoeb/ode_integrators_stiff.py:189</div>"
"8.0","5","custom-call","triangular-solve.2","%triangular-solve.2 = (f64[3,1]{0,1}, s8[0]{0}) custom-call(f64[3,3]{0,1} %bitcast.2358.0, f64[3,1]{0,1} %bitcast.2338.0), custom_call_target=""__cublas$triangularSolve""","jit(evolve_background)/jit(evaluate_thermo)/while/body/closed_call/cond/branch_0_fun/cond/branch_0_fun/cond/branch_0_fun/jit(diffeqsolve)/outer-loop/while/body/jit(lu_solve)/jit(_lu_solve)/triangular_solve:","6366.0","15077.158","2.368387998743324","15077.158","2.368387998743324","0.5694099068924856","5.86060849929664","0.0","0.0","0.0","0.0","0.0","0.0","0.0","0.0","Unknown","No","No","No","<div class='source-info-cell' title='/home/user/git/DISCO-EB/src/discoeb/ode_integrators_stiff.py:189:13
/home/user/git/DISCO-EB/.venv/lib/python3.12/site-packages/equinox/_module/_prebuilt.py:34:15
/home/user/git/DISCO-EB/.venv/lib/python3.12/site-packages/diffrax/_integrate.py:356:64
/home/user/git/DISCO-EB/.venv/lib/python3.12/site-packages/equinox/_eval_shape.py:33:15
/home/user/git/DISCO-EB/.venv/lib/python3.12/site-packages/equinox/_eval_shape.py:38:30
/home/user/git/DISCO-EB/.venv/lib/python3.12/site-packages/diffrax/_integrate.py:655:36
/home/user/git/DISCO-EB/.venv/lib/python3.12/site-packages/diffrax/_adjoint.py:911:22
/home/user/git/DISCO-EB/.venv/lib/python3.12/site-packages/equinox/_module/_prebuilt.py:34:15
/home/user/git/DISCO-EB/.venv/lib/python3.12/site-packages/diffrax/_integrate.py:1435:29
/home/user/git/DISCO-EB/.venv/lib/python3.12/site-packages/equinox/_jit.py:55:14
'>/home/user/git/DISCO-EB/src/discoeb/ode_integrators_stiff.py:189</div>"
"9.0","5","custom-call","triangular-solve.4","%triangular-solve.4 = (f64[3,1]{0,1}, s8[0]{0}) custom-call(f64[3,3]{0,1} %bitcast.2358.0, f64[3,1]{0,1} %bitcast.2350.0), custom_call_target=""__cublas$triangularSolve""","jit(evolve_background)/jit(evaluate_thermo)/while/body/closed_call/cond/branch_0_fun/cond/branch_0_fun/cond/branch_0_fun/jit(diffeqsolve)/outer-loop/while/body/jit(lu_solve)/jit(_lu_solve)/triangular_solve:","6366.0","14874.282","2.3365193213949103","14874.282","2.3365193213949103","0.5617480117083454","6.422356511004986","0.0","0.0","0.0","0.0","0.0","0.0","0.0","0.0","Unknown","No","No","No","<div class='source-info-cell' title='/home/user/git/DISCO-EB/src/discoeb/ode_integrators_stiff.py:189:13
/home/user/git/DISCO-EB/.venv/lib/python3.12/site-packages/equinox/_module/_prebuilt.py:34:15
/home/user/git/DISCO-EB/.venv/lib/python3.12/site-packages/diffrax/_integrate.py:356:64
/home/user/git/DISCO-EB/.venv/lib/python3.12/site-packages/equinox/_eval_shape.py:33:15
/home/user/git/DISCO-EB/.venv/lib/python3.12/site-packages/equinox/_eval_shape.py:38:30
/home/user/git/DISCO-EB/.venv/lib/python3.12/site-packages/diffrax/_integrate.py:655:36
/home/user/git/DISCO-EB/.venv/lib/python3.12/site-packages/diffrax/_adjoint.py:911:22
/home/user/git/DISCO-EB/.venv/lib/python3.12/site-packages/equinox/_module/_prebuilt.py:34:15
/home/user/git/DISCO-EB/.venv/lib/python3.12/site-packages/diffrax/_integrate.py:1435:29
/home/user/git/DISCO-EB/.venv/lib/python3.12/site-packages/equinox/_jit.py:55:14
'>/home/user/git/DISCO-EB/src/discoeb/ode_integrators_stiff.py:189</div>"
"10.0","5","custom-call","triangular-solve","%triangular-solve = (f64[3,1]{0,1}, s8[0]{0}) custom-call(f64[3,3]{0,1} %bitcast.2358.0, f64[3,1]{0,1} %bitcast.2326.0), custom_call_target=""__cublas$triangularSolve""","jit(evolve_background)/jit(evaluate_thermo)/while/body/closed_call/cond/branch_0_fun/cond/branch_0_fun/cond/branch_0_fun/jit(diffeqsolve)/outer-loop/while/body/jit(lu_solve)/jit(_lu_solve)/triangular_solve:","6366.0","14834.48","2.3302670436694943","14834.48","2.3302670436694943","0.5602448336482538","6.982601344653238","0.0","0.0","0.0","0.0","0.0","0.0","0.0","0.0","Unknown","No","No","No","<div class='source-info-cell' title='/home/user/git/DISCO-EB/src/discoeb/ode_integrators_stiff.py:189:13
/home/user/git/DISCO-EB/.venv/lib/python3.12/site-packages/equinox/_module/_prebuilt.py:34:15
/home/user/git/DISCO-EB/.venv/lib/python3.12/site-packages/diffrax/_integrate.py:356:64
/home/user/git/DISCO-EB/.venv/lib/python3.12/site-packages/equinox/_eval_shape.py:33:15
/home/user/git/DISCO-EB/.venv/lib/python3.12/site-packages/equinox/_eval_shape.py:38:30
/home/user/git/DISCO-EB/.venv/lib/python3.12/site-packages/diffrax/_integrate.py:655:36
/home/user/git/DISCO-EB/.venv/lib/python3.12/site-packages/diffrax/_adjoint.py:911:22
/home/user/git/DISCO-EB/.venv/lib/python3.12/site-packages/equinox/_module/_prebuilt.py:34:15
/home/user/git/DISCO-EB/.venv/lib/python3.12/site-packages/diffrax/_integrate.py:1435:29
/home/user/git/DISCO-EB/.venv/lib/python3.12/site-packages/equinox/_jit.py:55:14
'>/home/user/git/DISCO-EB/src/discoeb/ode_integrators_stiff.py:189</div>"
"11.0","5","loop fusion","loop_gather_fusion","%loop_gather_fusion = f64[3,1,1]{2,1,0} fusion(f64[] %loop_divide_fusion.6, pred[] %get-tuple-element.5474, f64[] %get-tuple-element.5430, f64[] %get-tuple-element.5431, f64[] %get-tuple-element.5455, /*index=5*/f64[] %get-tuple-element.5484, f64[] %get-tuple-element.5487, f64[] %get-tuple-element.5458, f64[1]{0} %get-tuple-element.5485, f64[] %loop_divide_fusion.1, /*index=10*/f64[] %get-tuple-element.5490, f64[] %get-tuple-element.5478, f64[] %get-tuple-element.5451, f64[] %get-tuple-element.5496, f64[] %get-tuple-element.5483, /*index=15*/f64[] %get-tuple-element.5454, f64[] %get-tuple-element.5473, f64[] %loop_multiply_fusion.2, f64[] %get-tuple-element.5452, f64[] %get-tuple-element.5432, /*index=20*/f64[] %loop_add_fusion.15, f64[3]{0} %input_concatenate_fusion.1, f64[3,1]{0,1} %get-tuple-element.5395.0, f64[] %get-tuple-element.5494, f64[] %get-tuple-element.5461, /*index=25*/f64[] %loop_divide_fusion.7, f64[] %get-tuple-element.5457, f64[] %get-tuple-element.5492, f64[] %loop_divide_fusion.8, f64[3]{0} %get-tuple-element.5862, /*index=30*/f64[] %get-tuple-element.5459, f64[] %get-tuple-element.5460, f64[3]{0} %input_concatenate_fusion.3, f64[3]{0} %input_concatenate_fusion.2, f64[] %get-tuple-element.5896, /*index=35*/f64[] %get-tuple-element.5464, s32[3]{0} %lu_pivots_to_permutation.24, f64[] %get-tuple-element.5863, s64[] %get-tuple-element.5892, f64[] %get-tuple-element.5444, /*index=40*/f64[] %get-tuple-element.5499, f64[] %get-tuple-element.5498, f64[] %get-tuple-element.5470, f64[] %get-tuple-element.5491, f64[] %get-tuple-element.5864, /*index=45*/f64[] %get-tuple-element.5456, f64[] %get-tuple-element.5894, f64[] %get-tuple-element.5895, f64[] %get-tuple-element.5893), kind=kLoop, calls=%fused_gather","jit(evolve_background)/jit(evaluate_thermo)/while/body/closed_call/cond/branch_0_fun/cond/branch_0_fun/cond/branch_0_fun/jit(diffeqsolve)/outer-loop/while/body/jit(lu_solve)/jit(_lu_solve)/gather:","2122.0","14695.121","6.925127709707822","14695.121","6.925127709707822","0.5549817465853849","7.537583091238624","0.0","9.005898896647398","9.005898896647398","0.06630087538195054","0.06630087538195054","0.0","0.0","126.50507099391481","HBM","No","No","No","<div class='source-info-cell' title='/home/user/git/DISCO-EB/src/discoeb/ode_integrators_stiff.py:189:13
/home/user/git/DISCO-EB/.venv/lib/python3.12/site-packages/equinox/_module/_prebuilt.py:34:15
/home/user/git/DISCO-EB/.venv/lib/python3.12/site-packages/diffrax/_integrate.py:356:64
/home/user/git/DISCO-EB/.venv/lib/python3.12/site-packages/equinox/_eval_shape.py:33:15
/home/user/git/DISCO-EB/.venv/lib/python3.12/site-packages/equinox/_eval_shape.py:38:30
/home/user/git/DISCO-EB/.venv/lib/python3.12/site-packages/diffrax/_integrate.py:655:36
/home/user/git/DISCO-EB/.venv/lib/python3.12/site-packages/diffrax/_adjoint.py:911:22
/home/user/git/DISCO-EB/.venv/lib/python3.12/site-packages/equinox/_module/_prebuilt.py:34:15
/home/user/git/DISCO-EB/.venv/lib/python3.12/site-packages/diffrax/_integrate.py:1435:29
/home/user/git/DISCO-EB/.venv/lib/python3.12/site-packages/equinox/_jit.py:55:14
'>/home/user/git/DISCO-EB/src/discoeb/ode_integrators_stiff.py:189</div>"
"12.0","5","custom-call","triangular-solve.6","%triangular-solve.6 = (f64[3,1]{0,1}, s8[0]{0}) custom-call(f64[3,3]{0,1} %bitcast.2358.0, f64[3,1]{0,1} %bitcast.2362.0), custom_call_target=""__cublas$triangularSolve""","jit(evolve_background)/jit(evaluate_thermo)/while/body/closed_call/cond/branch_0_fun/cond/branch_0_fun/cond/branch_0_fun/jit(diffeqsolve)/outer-loop/while/body/jit(lu_solve)/jit(_lu_solve)/triangular_solve:","6366.0","14555.926","2.286510524662268","14555.926","2.286510524662268","0.549724853211322","8.087307944449947","0.0","0.0","0.0","0.0","0.0","0.0","0.0","0.0","Unknown","No","No","No","<div class='source-info-cell' title='/home/user/git/DISCO-EB/src/discoeb/ode_integrators_stiff.py:189:13
/home/user/git/DISCO-EB/.venv/lib/python3.12/site-packages/equinox/_module/_prebuilt.py:34:15
/home/user/git/DISCO-EB/.venv/lib/python3.12/site-packages/diffrax/_integrate.py:356:64
/home/user/git/DISCO-EB/.venv/lib/python3.12/site-packages/equinox/_eval_shape.py:33:15
/home/user/git/DISCO-EB/.venv/lib/python3.12/site-packages/equinox/_eval_shape.py:38:30
/home/user/git/DISCO-EB/.venv/lib/python3.12/site-packages/diffrax/_integrate.py:655:36
/home/user/git/DISCO-EB/.venv/lib/python3.12/site-packages/diffrax/_adjoint.py:911:22
/home/user/git/DISCO-EB/.venv/lib/python3.12/site-packages/equinox/_module/_prebuilt.py:34:15
/home/user/git/DISCO-EB/.venv/lib/python3.12/site-packages/diffrax/_integrate.py:1435:29
/home/user/git/DISCO-EB/.venv/lib/python3.12/site-packages/equinox/_jit.py:55:14
'>/home/user/git/DISCO-EB/src/discoeb/ode_integrators_stiff.py:189</div>"
"13.0","5","input fusion","input_concatenate_fusion.5","%input_concatenate_fusion.5 = f64[6]{0} fusion(f64[3]{0} %while.50.0, f64[] %get-tuple-element.613.0, f64[] %get-tuple-element.5841, f64[] %get-tuple-element.5844, f64[] %get-tuple-element.5843, /*index=5*/f64[] %get-tuple-element.5852, f64[] %get-tuple-element.5859, f64[] %get-tuple-element.5842, f64[] %get-tuple-element.5851, f64[] %get-tuple-element.5850, /*index=10*/f64[] %get-tuple-element.5858, f64[] %get-tuple-element.5857, f64[] %get-tuple-element.5853, f64[] %get-tuple-element.5856, f64[] %get-tuple-element.5855, /*index=15*/f64[] %loop_add_fusion.17, s64[] %get-tuple-element.5854), kind=kInput, calls=%fused_concatenate.6","jit(evolve_background)/jit(evaluate_thermo)/while/body/closed_call/cond/branch_0_fun/cond/branch_0_fun/cond/branch_0_fun/concatenate:","877.0","13733.426","15.659550741163056","13733.426","15.659550741163056","0.5186619931936006","8.605969937643547","0.0","15.021376020812287","15.021376020812287","0.01189462699165925","0.01189462699165925","0.0","0.0","1176.14","Compute","No","No","No","<div class='source-info-cell' title='/home/user/git/DISCO-EB/src/discoeb/thermodynamics_recfast.py:440:14
/home/user/git/DISCO-EB/src/discoeb/thermodynamics_recfast.py:452:12
/home/user/git/DISCO-EB/src/discoeb/thermodynamics_recfast.py:461:11
/home/user/git/DISCO-EB/src/discoeb/background.py:237:82
/home/user/git/DISCO-EB/scripts/profile_background.py:38:0
'>/home/user/git/DISCO-EB/src/discoeb/thermodynamics_recfast.py:440</div>"
"14.0","5","input fusion","input_concatenate_fusion.3","%input_concatenate_fusion.3 = f64[3]{0} fusion(pred[] %get-tuple-element.5474, f64[] %get-tuple-element.5476, f64[] %get-tuple-element.5482, f64[] %loop_add_fusion.14, f64[] %get-tuple-element.5495, /*index=5*/f64[1]{0} %get-tuple-element.5485, f64[] %get-tuple-element.5479, f64[3,1]{0,1} %get-tuple-element.5391.0, f64[3]{0} %get-tuple-element.5862, f64[] %get-tuple-element.5477, /*index=10*/f64[] %get-tuple-element.5478, f64[] %loop_divide_fusion.5, f64[] %get-tuple-element.5481, f64[] %get-tuple-element.5493, f64[] %get-tuple-element.5480, /*index=15*/f64[] %get-tuple-element.5486, f64[] %get-tuple-element.5494, f64[] %get-tuple-element.5461, f64[] %get-tuple-element.5896, f64[] %get-tuple-element.5464, /*index=20*/f64[] %get-tuple-element.5455, f64[] %get-tuple-element.5484, f64[] %get-tuple-element.5487, f64[] %get-tuple-element.5457, f64[] %loop_divide_fusion.8, /*index=25*/f64[] %get-tuple-element.5458, f64[] %loop_divide_fusion.1, f64[] %get-tuple-element.5459, f64[] %get-tuple-element.5460, f64[] %get-tuple-element.5490, /*index=30*/f64[] %get-tuple-element.5451, f64[] %get-tuple-element.5496, f64[] %get-tuple-element.5483, f64[] %get-tuple-element.5492, f64[] %get-tuple-element.5473, /*index=35*/f64[] %get-tuple-element.5452, f64[] %get-tuple-element.5454, f64[] %loop_multiply_fusion.2, f64[] %loop_divide_fusion.7, f64[] %get-tuple-element.5863, /*index=40*/s64[] %get-tuple-element.5892, f64[] %get-tuple-element.5456, f64[] %get-tuple-element.5894, f64[] %get-tuple-element.5895, f64[] %get-tuple-element.5893), kind=kInput, calls=%fused_concatenate.4","jit(evolve_background)/jit(evaluate_thermo)/while/body/closed_call/cond/branch_0_fun/cond/branch_0_fun/cond/branch_0_fun/jit(diffeqsolve)/outer-loop/while/body/jvp()/concatenate:","2122.0","13131.891","6.188450047125353","13131.891","6.188450047125353","0.49594418468203816","9.101914122325585","0.0","10.056960874865624","10.056960874865624","0.061551912048586496","0.061551912048586496","0.0","0.0","152.1687041564792","HBM","No","No","No","<div class='source-info-cell' title='/home/user/git/DISCO-EB/.venv/lib/python3.12/site-packages/equinox/internal/_loop/loop.py:103:29
/home/user/git/DISCO-EB/.venv/lib/python3.12/site-packages/equinox/_module/_prebuilt.py:82:15
/home/user/git/DISCO-EB/.venv/lib/python3.12/site-packages/diffrax/_integrate.py:674:18
/home/user/git/DISCO-EB/.venv/lib/python3.12/site-packages/diffrax/_adjoint.py:911:22
/home/user/git/DISCO-EB/.venv/lib/python3.12/site-packages/equinox/_module/_prebuilt.py:34:15
/home/user/git/DISCO-EB/.venv/lib/python3.12/site-packages/diffrax/_integrate.py:1435:29
/home/user/git/DISCO-EB/.venv/lib/python3.12/site-packages/equinox/_jit.py:55:14
/home/user/git/DISCO-EB/.venv/lib/python3.12/site-packages/equinox/_jit.py:263:37
/home/user/git/DISCO-EB/.venv/lib/python3.12/site-packages/equinox/_jit.py:209:19
/home/user/git/DISCO-EB/src/discoeb/thermodynamics_recfast.py:284:7
'>/home/user/git/DISCO-EB/.venv/lib/python3.12/site-packages/equinox/internal/_loop/loop.py:103</div>"
"15.0","5","input fusion","input_concatenate_fusion.1","%input_concatenate_fusion.1 = f64[3]{0} fusion(pred[] %get-tuple-element.5474, f64[] %get-tuple-element.5476, f64[] %get-tuple-element.5482, f64[] %loop_add_fusion.13, f64[] %get-tuple-element.5495, /*index=5*/f64[1]{0} %get-tuple-element.5485, f64[] %get-tuple-element.5479, f64[3,1]{0,1} %get-tuple-element.5393.0, f64[3]{0} %get-tuple-element.5862, f64[] %get-tuple-element.5477, /*index=10*/f64[] %get-tuple-element.5478, f64[] %loop_divide_fusion.5, f64[] %get-tuple-element.5481, f64[] %get-tuple-element.5493, f64[] %get-tuple-element.5480, /*index=15*/f64[] %get-tuple-element.5486, f64[] %get-tuple-element.5494, f64[] %get-tuple-element.5461, f64[] %get-tuple-element.5896, f64[] %get-tuple-element.5464, /*index=20*/f64[] %get-tuple-element.5455, f64[] %get-tuple-element.5484, f64[] %get-tuple-element.5487, f64[] %get-tuple-element.5457, f64[] %loop_divide_fusion.8, /*index=25*/f64[] %get-tuple-element.5458, f64[] %loop_divide_fusion.1, f64[] %get-tuple-element.5459, f64[] %get-tuple-element.5460, f64[] %get-tuple-element.5490, /*index=30*/f64[] %get-tuple-element.5451, f64[] %get-tuple-element.5496, f64[] %get-tuple-element.5483, f64[] %get-tuple-element.5492, f64[] %get-tuple-element.5473, /*index=35*/f64[] %get-tuple-element.5452, f64[] %get-tuple-element.5454, f64[] %loop_multiply_fusion.2, f64[] %loop_divide_fusion.7, f64[] %get-tuple-element.5863, /*index=40*/s64[] %get-tuple-element.5892, f64[] %get-tuple-element.5456, f64[] %get-tuple-element.5894, f64[] %get-tuple-element.5895, f64[] %get-tuple-element.5893), kind=kInput, calls=%fused_concatenate.2","jit(evolve_background)/jit(evaluate_thermo)/while/body/closed_call/cond/branch_0_fun/cond/branch_0_fun/cond/branch_0_fun/jit(diffeqsolve)/outer-loop/while/body/jvp()/concatenate:","2122.0","13124.576","6.185002827521206","13124.576","6.185002827521206","0.495667923501455","9.59758204582704","0.0","10.062566135469824","10.062566135469824","0.06158621808915004","0.06158621808915004","0.0","0.0","152.1687041564792","HBM","No","No","No","<div class='source-info-cell' title='/home/user/git/DISCO-EB/.venv/lib/python3.12/site-packages/equinox/internal/_loop/loop.py:103:29
/home/user/git/DISCO-EB/.venv/lib/python3.12/site-packages/equinox/_module/_prebuilt.py:82:15
/home/user/git/DISCO-EB/.venv/lib/python3.12/site-packages/diffrax/_integrate.py:674:18
/home/user/git/DISCO-EB/.venv/lib/python3.12/site-packages/diffrax/_adjoint.py:911:22
/home/user/git/DISCO-EB/.venv/lib/python3.12/site-packages/equinox/_module/_prebuilt.py:34:15
/home/user/git/DISCO-EB/.venv/lib/python3.12/site-packages/diffrax/_integrate.py:1435:29
/home/user/git/DISCO-EB/.venv/lib/python3.12/site-packages/equinox/_jit.py:55:14
/home/user/git/DISCO-EB/.venv/lib/python3.12/site-packages/equinox/_jit.py:263:37
/home/user/git/DISCO-EB/.venv/lib/python3.12/site-packages/equinox/_jit.py:209:19
/home/user/git/DISCO-EB/src/discoeb/thermodynamics_recfast.py:284:7
'>/home/user/git/DISCO-EB/.venv/lib/python3.12/site-packages/equinox/internal/_loop/loop.py:103</div>"
"16.0","5","loop fusion","loop_add_select_subtract_fusion","%loop_add_select_subtract_fusion = (f64[], f64[], f64[], f64[]) fusion(f64[] %get-tuple-element.5476, f64[] %get-tuple-element.5482, f64[3,1]{0,1} %get-tuple-element.5395.0, f64[] %get-tuple-element.5477, f64[] %get-tuple-element.5479, /*index=5*/f64[] %get-tuple-element.5478, f64[3]{0} %get-tuple-element.5862, f64[] %get-tuple-element.5464, f64[] %get-tuple-element.5460, f64[1]{0} %get-tuple-element.5485, /*index=10*/f64[] %get-tuple-element.5494, f64[] %get-tuple-element.5495, f64[] %get-tuple-element.5461, f64[] %loop_divide_fusion.5, f64[] %get-tuple-element.5481, /*index=15*/f64[] %get-tuple-element.5493, f64[] %get-tuple-element.5480, f64[] %get-tuple-element.5486, f64[] %get-tuple-element.5894, f64[] %get-tuple-element.5895, /*index=20*/f64[] %get-tuple-element.5893, f64[] %get-tuple-element.5443, f64[] %get-tuple-element.5500, f64[] %get-tuple-element.5468, f64[] %get-tuple-element.5465, /*index=25*/f64[] %get-tuple-element.5466, f64[] %loop_divide_fusion.2, f64[] %get-tuple-element.5488, f64[] %get-tuple-element.5489, f64[] %loop_divide_fusion.8, /*index=30*/f64[] %get-tuple-element.5457, f64[] %loop_divide_fusion.3, f64[] %get-tuple-element.5469, f64[] %get-tuple-element.5491, f64[] %get-tuple-element.5470, /*index=35*/f64[] %get-tuple-element.5444, f64[] %get-tuple-element.5499, f64[] %get-tuple-element.5498, f64[] %loop_divide_fusion.4, f64[] %get-tuple-element.5497, /*index=40*/f64[] %get-tuple-element.5492, f64[] %get-tuple-element.5473, f64[] %get-tuple-element.5472, f64[] %get-tuple-element.5471, f64[] %loop_multiply_fusion.3, /*index=45*/f64[] %loop_divide_fusion.7), kind=kLoop, calls=%fused_add_select_subtract","jit(evolve_background)/jit(evaluate_thermo)/while/body/closed_call/cond/branch_0_fun/cond/branch_0_fun/cond/branch_0_fun/jit(diffeqsolve)/outer-loop/while/body/jvp()/add_any:","2122.0","10151.251","4.783812912346843","10151.251","4.783812912346843","0.38337615661733143","9.980958202444372","0.0","6.90808788000612","6.90808788000612","0.08410265192342378","0.08410265192342378","0.0","0.0","76.49768518518519","HBM","No","No","No","<div class='source-info-cell' title='/home/user/git/DISCO-EB/.venv/lib/python3.12/site-packages/equinox/internal/_loop/loop.py:103:29
/home/user/git/DISCO-EB/.venv/lib/python3.12/site-packages/equinox/_module/_prebuilt.py:82:15
/home/user/git/DISCO-EB/.venv/lib/python3.12/site-packages/diffrax/_integrate.py:674:18
/home/user/git/DISCO-EB/.venv/lib/python3.12/site-packages/diffrax/_adjoint.py:911:22
/home/user/git/DISCO-EB/.venv/lib/python3.12/site-packages/equinox/_module/_prebuilt.py:34:15
/home/user/git/DISCO-EB/.venv/lib/python3.12/site-packages/diffrax/_integrate.py:1435:29
/home/user/git/DISCO-EB/.venv/lib/python3.12/site-packages/equinox/_jit.py:55:14
/home/user/git/DISCO-EB/.venv/lib/python3.12/site-packages/equinox/_jit.py:263:37
/home/user/git/DISCO-EB/.venv/lib/python3.12/site-packages/equinox/_jit.py:209:19
/home/user/git/DISCO-EB/src/discoeb/thermodynamics_recfast.py:284:7
'>/home/user/git/DISCO-EB/.venv/lib/python3.12/site-packages/equinox/internal/_loop/loop.py:103</div>"
"17.0","5","loop fusion","loop_add_fusion.14","%loop_add_fusion.14 = f64[] fusion(f64[] %get-tuple-element.5491, f64[1]{0} %get-tuple-element.5485, f64[] %get-tuple-element.5470, f64[] %get-tuple-element.5499, f64[] %get-tuple-element.5500, /*index=5*/f64[] %get-tuple-element.5465, f64[] %get-tuple-element.5466, f64[] %loop_divide_fusion.2, f64[] %get-tuple-element.5488, f64[] %get-tuple-element.5489, /*index=10*/f64[] %loop_divide_fusion.3, f64[] %get-tuple-element.5498, f64[] %get-tuple-element.5478, f64[] %get-tuple-element.5443, f64[] %loop_divide_fusion.4, /*index=15*/f64[] %get-tuple-element.5497, f64[] %get-tuple-element.5471, f64[] %get-tuple-element.5473, f64[] %loop_multiply_fusion.3, f64[] %get-tuple-element.5472, /*index=20*/f64[3,1]{0,1} %get-tuple-element.5391.0, f64[] %loop_divide_fusion.7, f64[] %get-tuple-element.5492, f64[] %loop_divide_fusion.8, f64[] %get-tuple-element.5494, /*index=25*/f64[3]{0} %get-tuple-element.5862, f64[] %get-tuple-element.5468, f64[] %get-tuple-element.5457, f64[] %get-tuple-element.5461, f64[] %get-tuple-element.5469, /*index=30*/f64[] %get-tuple-element.5460, f64[] %get-tuple-element.5444, f64[] %get-tuple-element.5464, f64[] %get-tuple-element.5894, f64[] %get-tuple-element.5895, /*index=35*/f64[] %get-tuple-element.5893), kind=kLoop, calls=%fused_add.14","jit(evolve_background)/jit(evaluate_thermo)/while/body/closed_call/cond/branch_0_fun/cond/branch_0_fun/cond/branch_0_fun/jit(diffeqsolve)/outer-loop/while/body/jvp()/add_any:","2122.0","9189.388","4.330531573986805","9189.388","4.330531573986805","0.3470500584711605","10.328008260915531","0.0","6.555315326766048","6.555315326766048","0.07053956292775611","0.07053956292775611","0.0","0.0","86.54878048780488","HBM","No","No","No","<div class='source-info-cell' title='/home/user/git/DISCO-EB/.venv/lib/python3.12/site-packages/equinox/internal/_loop/loop.py:103:29
/home/user/git/DISCO-EB/.venv/lib/python3.12/site-packages/equinox/_module/_prebuilt.py:82:15
/home/user/git/DISCO-EB/.venv/lib/python3.12/site-packages/diffrax/_integrate.py:674:18
/home/user/git/DISCO-EB/.venv/lib/python3.12/site-packages/diffrax/_adjoint.py:911:22
/home/user/git/DISCO-EB/.venv/lib/python3.12/site-packages/equinox/_module/_prebuilt.py:34:15
/home/user/git/DISCO-EB/.venv/lib/python3.12/site-packages/diffrax/_integrate.py:1435:29
/home/user/git/DISCO-EB/.venv/lib/python3.12/site-packages/equinox/_jit.py:55:14
/home/user/git/DISCO-EB/.venv/lib/python3.12/site-packages/equinox/_jit.py:263:37
/home/user/git/DISCO-EB/.venv/lib/python3.12/site-packages/equinox/_jit.py:209:19
/home/user/git/DISCO-EB/src/discoeb/thermodynamics_recfast.py:284:7
'>/home/user/git/DISCO-EB/.venv/lib/python3.12/site-packages/equinox/internal/_loop/loop.py:103</div>"
"18.0","5","loop fusion","loop_add_fusion.13","%loop_add_fusion.13 = f64[] fusion(f64[] %get-tuple-element.5491, f64[1]{0} %get-tuple-element.5485, f64[] %get-tuple-element.5470, f64[] %get-tuple-element.5499, f64[] %get-tuple-element.5500, /*index=5*/f64[] %get-tuple-element.5465, f64[] %get-tuple-element.5466, f64[] %loop_divide_fusion.2, f64[] %get-tuple-element.5488, f64[] %get-tuple-element.5489, /*index=10*/f64[] %loop_divide_fusion.3, f64[] %get-tuple-element.5498, f64[] %get-tuple-element.5478, f64[] %get-tuple-element.5443, f64[] %loop_divide_fusion.4, /*index=15*/f64[] %get-tuple-element.5497, f64[] %get-tuple-element.5471, f64[] %get-tuple-element.5473, f64[] %loop_multiply_fusion.3, f64[] %get-tuple-element.5472, /*index=20*/f64[3,1]{0,1} %get-tuple-element.5393.0, f64[] %loop_divide_fusion.7, f64[] %get-tuple-element.5492, f64[] %loop_divide_fusion.8, f64[] %get-tuple-element.5494, /*index=25*/f64[3]{0} %get-tuple-element.5862, f64[] %get-tuple-element.5468, f64[] %get-tuple-element.5457, f64[] %get-tuple-element.5461, f64[] %get-tuple-element.5469, /*index=30*/f64[] %get-tuple-element.5460, f64[] %get-tuple-element.5444, f64[] %get-tuple-element.5464, f64[] %get-tuple-element.5894, f64[] %get-tuple-element.5895, /*index=35*/f64[] %get-tuple-element.5893), kind=kLoop, calls=%fused_add.13","jit(evolve_background)/jit(evaluate_thermo)/while/body/closed_call/cond/branch_0_fun/cond/branch_0_fun/cond/branch_0_fun/jit(diffeqsolve)/outer-loop/while/body/jvp()/add_any:","2122.0","9189.232","4.330458058435438","9189.232","4.330458058435438","0.34704416691351575","10.675052427829048","0.0","6.555426612365429","6.555426612365429","0.07054076043499248","0.07054076043499248","0.0","0.0","86.54878048780488","HBM","No","No","No","<div class='source-info-cell' title='/home/user/git/DISCO-EB/.venv/lib/python3.12/site-packages/equinox/internal/_loop/loop.py:103:29
/home/user/git/DISCO-EB/.venv/lib/python3.12/site-packages/equinox/_module/_prebuilt.py:82:15
/home/user/git/DISCO-EB/.venv/lib/python3.12/site-packages/diffrax/_integrate.py:674:18
/home/user/git/DISCO-EB/.venv/lib/python3.12/site-packages/diffrax/_adjoint.py:911:22
/home/user/git/DISCO-EB/.venv/lib/python3.12/site-packages/equinox/_module/_prebuilt.py:34:15
/home/user/git/DISCO-EB/.venv/lib/python3.12/site-packages/diffrax/_integrate.py:1435:29
/home/user/git/DISCO-EB/.venv/lib/python3.12/site-packages/equinox/_jit.py:55:14
/home/user/git/DISCO-EB/.venv/lib/python3.12/site-packages/equinox/_jit.py:263:37
/home/user/git/DISCO-EB/.venv/lib/python3.12/site-packages/equinox/_jit.py:209:19
/home/user/git/DISCO-EB/src/discoeb/thermodynamics_recfast.py:284:7
'>/home/user/git/DISCO-EB/.venv/lib/python3.12/site-packages/equinox/internal/_loop/loop.py:103</div>"
"19.0","5","loop fusion","loop_gather_fusion.3","%loop_gather_fusion.3 = f64[3,1,1]{2,1,0} fusion(f64[] %loop_divide_fusion.6, pred[] %get-tuple-element.5474, f64[3]{0} %get-tuple-element.5862, f64[] %get-tuple-element.5490, f64[] %get-tuple-element.5451, /*index=5*/f64[] %get-tuple-element.5896, f64[] %get-tuple-element.5464, f64[] %get-tuple-element.5478, f64[] %get-tuple-element.5496, s32[3]{0} %lu_pivots_to_permutation.24, /*index=10*/f64[] %get-tuple-element.5482, f64[] %get-tuple-element.5863, s64[] %get-tuple-element.5892, f64[] %get-tuple-element.5444, f64[] %get-tuple-element.5499, /*index=15*/f64[] %get-tuple-element.5460, f64[] %get-tuple-element.5461, f64[] %get-tuple-element.5498, f64[] %get-tuple-element.5470, f64[] %get-tuple-element.5491, /*index=20*/f64[] %get-tuple-element.5495, f64[] %get-tuple-element.5477, f64[] %get-tuple-element.5479, f64[] %get-tuple-element.5864, f64[] %get-tuple-element.5894, /*index=25*/f64[] %get-tuple-element.5895, f64[] %get-tuple-element.5893, f64[] %get-tuple-element.5455, f64[] %get-tuple-element.5484, f64[] %get-tuple-element.5458), kind=kLoop, calls=%fused_gather.3","jit(evolve_background)/jit(evaluate_thermo)/while/body/closed_call/cond/branch_0_fun/cond/branch_0_fun/cond/branch_0_fun/jit(diffeqsolve)/outer-loop/while/body/jit(lu_solve)/jit(_lu_solve)/gather:","2122.0","8347.098","3.9335994344957586","8347.098","3.9335994344957586","0.3152398014932557","10.990292229322304","0.0","6.674294227766345","6.674294227766345","0.06558277157205182","0.06558277157205182","0.0","0.0","94.7797833935018","HBM","No","No","No","<div class='source-info-cell' title='/home/user/git/DISCO-EB/src/discoeb/ode_integrators_stiff.py:189:13
/home/user/git/DISCO-EB/.venv/lib/python3.12/site-packages/equinox/_module/_prebuilt.py:34:15
/home/user/git/DISCO-EB/.venv/lib/python3.12/site-packages/diffrax/_integrate.py:356:64
/home/user/git/DISCO-EB/.venv/lib/python3.12/site-packages/equinox/_eval_shape.py:33:15
/home/user/git/DISCO-EB/.venv/lib/python3.12/site-packages/equinox/_eval_shape.py:38:30
/home/user/git/DISCO-EB/.venv/lib/python3.12/site-packages/diffrax/_integrate.py:655:36
/home/user/git/DISCO-EB/.venv/lib/python3.12/site-packages/diffrax/_adjoint.py:911:22
/home/user/git/DISCO-EB/.venv/lib/python3.12/site-packages/equinox/_module/_prebuilt.py:34:15
/home/user/git/DISCO-EB/.venv/lib/python3.12/site-packages/diffrax/_integrate.py:1435:29
/home/user/git/DISCO-EB/.venv/lib/python3.12/site-packages/equinox/_jit.py:55:14
'>/home/user/git/DISCO-EB/src/discoeb/ode_integrators_stiff.py:189</div>"
"20.0","5","input fusion","loop_divide_select_fusion","%loop_divide_select_fusion = (f64[3]{0}, f64[3]{0}) fusion(f64[3]{0} %get-tuple-element.5862, f64[3,1]{0,1} %get-tuple-element.5397.0, f64[3,1]{0,1} %get-tuple-element.5395.0, f64[3,1]{0,1} %get-tuple-element.5393.0, f64[3,1]{0,1} %get-tuple-element.5391.0), kind=kInput, calls=%fused_divide_select, control-predecessors={%loop_gather_fusion.3, %loop_gather_fusion.2, %input_concatenate_fusion.2, %input_concatenate_fusion.1, %loop_add_fusion.14, %loop_select_fusion.11, %input_concatenate_fusion.3, %loop_divide_power_select_fusion, %loop_gather_fusion, %loop_add_fusion.15, %loop_add_fusion.13, %loop_add_compare_divide_exponential_multiply_power_sqrt_fusion, %input_concatenate_fusion.4, %loop_add_divide_multiply_sqrt_fusion, %loop_add_select_subtract_fusion}","jit(evolve_background)/jit(evaluate_thermo)/while/body/closed_call/cond/branch_0_fun/cond/branch_0_fun/cond/branch_0_fun/jit(diffeqsolve)/outer-loop/while/body/jit(_where)/select_n:","2122.0","6492.929","3.059815739868049","6492.929","3.059815739868049","0.24521452234894134","11.235506751671243","0.0","9.07963170396596","9.07963170396596","0.05113451457117729","0.05113451457117729","0.0","0.0","165.36904761904762","HBM","No","No","No","<div class='source-info-cell' title='/home/user/git/DISCO-EB/.venv/lib/python3.12/site-packages/diffrax/_step_size_controller/pid.py:487:28
/home/user/git/DISCO-EB/.venv/lib/python3.12/site-packages/diffrax/_step_size_controller/pid.py:492:33
/home/user/git/DISCO-EB/.venv/lib/python3.12/site-packages/equinox/_module/_prebuilt.py:34:15
/home/user/git/DISCO-EB/.venv/lib/python3.12/site-packages/diffrax/_integrate.py:379:12
/home/user/git/DISCO-EB/.venv/lib/python3.12/site-packages/equinox/_eval_shape.py:33:15
/home/user/git/DISCO-EB/.venv/lib/python3.12/site-packages/equinox/_eval_shape.py:38:30
/home/user/git/DISCO-EB/.venv/lib/python3.12/site-packages/diffrax/_integrate.py:655:36
/home/user/git/DISCO-EB/.venv/lib/python3.12/site-packages/diffrax/_adjoint.py:911:22
/home/user/git/DISCO-EB/.venv/lib/python3.12/site-packages/equinox/_module/_prebuilt.py:34:15
/home/user/git/DISCO-EB/.venv/lib/python3.12/site-packages/diffrax/_integrate.py:1435:29
'>/home/user/git/DISCO-EB/.venv/lib/python3.12/site-packages/diffrax/_step_size_controller/pid.py:487</div>"
"21.0","5","input fusion","loop_minimum_select_fusion","%loop_minimum_select_fusion = (f64[], f64[]) fusion(f64[] %get-tuple-element.5891, f64[] %get-tuple-element.5912, f64[] %get-tuple-element.5864, f64[] %get-tuple-element.5863, f64[3]{0} %get-tuple-element.5427), kind=kInput, calls=%fused_minimum_select, control-predecessors={%input_concatenate_fusion.4, %loop_gather_fusion.1, %loop_gather_fusion.2, %input_concatenate_fusion.1, %input_concatenate_fusion.2, %loop_log_fusion, %loop_divide_fusion.6, %input_concatenate_fusion.3, %loop_gather_fusion, %loop_add_divide_multiply_sqrt_fusion, %loop_gather_fusion.3}","jit(evolve_background)/jit(evaluate_thermo)/while/body/closed_call/cond/branch_0_fun/cond/branch_0_fun/cond/branch_0_fun/jit(diffeqsolve)/outer-loop/while/body/jit(_where)/select_n:","2122.0","5743.545","2.7066658812441093","5743.545","2.7066658812441093","0.21691299007961587","11.45241974175086","0.0","3.622168538768304","3.622168538768304","0.024774105232926922","0.024774105232926922","0.0","0.0","136.16666666666666","HBM","No","No","No","<div class='source-info-cell' title='/home/user/git/DISCO-EB/src/discoeb/spline_interpolation.py:34:17
/home/user/git/DISCO-EB/src/discoeb/spline_interpolation.py:39:40
/home/user/git/DISCO-EB/src/discoeb/spline_interpolation.py:39:15
/home/user/git/DISCO-EB/src/discoeb/background.py:166:43
/home/user/git/DISCO-EB/src/discoeb/background.py:233:12
/home/user/git/DISCO-EB/scripts/profile_background.py:38:0
'>/home/user/git/DISCO-EB/src/discoeb/spline_interpolation.py:34</div>"
"22.0","5","while","while.327","%while.327 = (s64[], f64[3]{0}, f64[], f64[], f64[], /*index=5*/s64[], f64[], f64[], f64[], f64[], /*index=10*/f64[], f64[], f64[512]{0}, f64[512]{0}, f64[512]{0}, /*index=15*/f64[], f64[], f64[], f64[], s64[], /*index=20*/f64[], f64[], f64[], f64[], f64[], /*index=25*/f64[]) while((s64[], f64[3]{0}, f64[], f64[], f64[], /*index=5*/s64[], f64[], f64[], f64[], f64[], /*index=10*/f64[], f64[], f64[512]{0}, f64[512]{0}, f64[512]{0}, /*index=15*/f64[], f64[], f64[], f64[], s64[], /*index=20*/f64[], f64[], f64[], f64[], f64[], /*index=25*/f64[]) %tuple.1565), condition=%region_69.147.clone.1.clone, body=%region_67.146.clone.1.clone","jit(evolve_background)/jit(evaluate_thermo)/while/body/closed_call/cond/branch_0_fun/cond/branch_0_fun/cond/branch_0_fun/jit(diffeqsolve)/outer-loop/while:","2999.0","5693.119","1.8983391130376792","5693.119","1.8983391130376792","0.21500858183736224","11.667428323588224","0.0","640.2375590603323","640.2375590603323","2.9126840865878254","0.22027878640355966","0.0","0.0","204.7141654034024","Compute","No","No","No","<div class='source-info-cell' title='/home/user/git/DISCO-EB/.venv/lib/python3.12/site-packages/equinox/internal/_loop/loop.py:103:29
/home/user/git/DISCO-EB/.venv/lib/python3.12/site-packages/equinox/_module/_prebuilt.py:82:15
/home/user/git/DISCO-EB/.venv/lib/python3.12/site-packages/diffrax/_integrate.py:674:18
/home/user/git/DISCO-EB/.venv/lib/python3.12/site-packages/diffrax/_adjoint.py:911:22
/home/user/git/DISCO-EB/.venv/lib/python3.12/site-packages/equinox/_module/_prebuilt.py:34:15
/home/user/git/DISCO-EB/.venv/lib/python3.12/site-packages/diffrax/_integrate.py:1435:29
/home/user/git/DISCO-EB/.venv/lib/python3.12/site-packages/equinox/_jit.py:55:14
/home/user/git/DISCO-EB/.venv/lib/python3.12/site-packages/equinox/_jit.py:263:37
/home/user/git/DISCO-EB/.venv/lib/python3.12/site-packages/equinox/_jit.py:209:19
/home/user/git/DISCO-EB/src/discoeb/thermodynamics_recfast.py:284:7
'>/home/user/git/DISCO-EB/.venv/lib/python3.12/site-packages/equinox/internal/_loop/loop.py:103</div>"
"23.0","5","loop fusion","loop_select_fusion.12","%loop_select_fusion.12 = f64[] fusion(f64[] %get-tuple-element.5839), kind=kLoop, calls=%fused_select.12","jit(evolve_background)/jit(evaluate_thermo)/while/body/closed_call/cond/branch_0_fun/cond/branch_0_fun/cond/branch_0_fun/jit(diffeqsolve)/jit(_where)/select_n:","877.0","5558.792","6.338417331812999","5558.792","6.338417331812999","0.20993553527493006","11.877363858863154","0.0","0.7099564077950749","0.7099564077950749","0.002350927749590989","0.002350927749590989","0.0","0.0","281.25","Compute","No","No","No","<div class='source-info-cell' title='/home/user/git/DISCO-EB/src/discoeb/spline_interpolation.py:34:17
/home/user/git/DISCO-EB/src/discoeb/spline_interpolation.py:39:40
/home/user/git/DISCO-EB/src/discoeb/spline_interpolation.py:39:15
/home/user/git/DISCO-EB/src/discoeb/background.py:166:43
/home/user/git/DISCO-EB/src/discoeb/background.py:233:12
/home/user/git/DISCO-EB/scripts/profile_background.py:38:0
'>/home/user/git/DISCO-EB/src/discoeb/spline_interpolation.py:34</div>"
"24.0","5","loop fusion","loop_add_fusion.15","%loop_add_fusion.15 = f64[] fusion(f64[] %get-tuple-element.5499, f64[] %get-tuple-element.5433, f64[] %get-tuple-element.5443, f64[1]{0} %get-tuple-element.5485, f64[3,1]{0,1} %get-tuple-element.5395.0, /*index=5*/f64[] %get-tuple-element.5498, f64[] %get-tuple-element.5461, f64[] %get-tuple-element.5470, f64[] %get-tuple-element.5494, f64[] %get-tuple-element.5478, /*index=10*/f64[] %get-tuple-element.5444, f64[] %loop_divide_fusion.4, f64[] %get-tuple-element.5497, f64[] %get-tuple-element.5492, f64[] %get-tuple-element.5473, /*index=15*/f64[] %get-tuple-element.5472, f64[] %get-tuple-element.5471, f64[] %loop_multiply_fusion.3, f64[] %loop_divide_fusion.7, f64[3]{0} %get-tuple-element.5862, /*index=20*/f64[] %get-tuple-element.5464, f64[] %get-tuple-element.5894, f64[] %get-tuple-element.5895, f64[] %get-tuple-element.5893), kind=kLoop, calls=%fused_add.15","jit(evolve_background)/jit(evaluate_thermo)/while/body/closed_call/cond/branch_0_fun/cond/branch_0_fun/cond/branch_0_fun/jit(diffeqsolve)/outer-loop/while/body/jvp()/add_any:","2122.0","5396.023","2.5428949104618286","5396.023","2.5428949104618286","0.2037883369014048","12.081152195764558","0.0","2.8703506267486256","2.8703506267486256","0.0791089223897218","0.0791089223897218","0.0","0.0","33.791666666666664","HBM","No","No","No","<div class='source-info-cell' title='/home/user/git/DISCO-EB/.venv/lib/python3.12/site-packages/equinox/internal/_loop/loop.py:103:29
/home/user/git/DISCO-EB/.venv/lib/python3.12/site-packages/equinox/_module/_prebuilt.py:82:15
/home/user/git/DISCO-EB/.venv/lib/python3.12/site-packages/diffrax/_integrate.py:674:18
/home/user/git/DISCO-EB/.venv/lib/python3.12/site-packages/diffrax/_adjoint.py:911:22
/home/user/git/DISCO-EB/.venv/lib/python3.12/site-packages/equinox/_module/_prebuilt.py:34:15
/home/user/git/DISCO-EB/.venv/lib/python3.12/site-packages/diffrax/_integrate.py:1435:29
/home/user/git/DISCO-EB/.venv/lib/python3.12/site-packages/equinox/_jit.py:55:14
/home/user/git/DISCO-EB/.venv/lib/python3.12/site-packages/equinox/_jit.py:263:37
/home/user/git/DISCO-EB/.venv/lib/python3.12/site-packages/equinox/_jit.py:209:19
/home/user/git/DISCO-EB/src/discoeb/thermodynamics_recfast.py:284:7
'>/home/user/git/DISCO-EB/.venv/lib/python3.12/site-packages/equinox/internal/_loop/loop.py:103</div>"
"25.0","5","custom-call","lu_pivots_to_permutation.24","%lu_pivots_to_permutation.24 = s32[3]{0} custom-call(s32[3]{0} %loop_add_fusion.12), custom_call_target=""cu_lu_pivots_to_permutation"", operand_layout_constraints={s32[3]{0}}, api_version=API_VERSION_TYPED_FFI, frontend_attributes={num_batch_dims=""0"",xla.sdy.sharding_rule=""#sdy.op_sharding_rule<([i])->([j]) {i=3, j=3}, custom>""}","jit(evolve_background)/jit(evaluate_thermo)/while/body/closed_call/cond/branch_0_fun/cond/branch_0_fun/cond/branch_0_fun/jit(diffeqsolve)/outer-loop/while/body/jit(lu_solve)/lu_pivots_to_permutation:","2122.0","4849.326","2.2852620169651274","4849.326","2.2852620169651274","0.18314156196753456","12.264293757732093","0.0","0.0","0.0","0.0","0.0","0.0","0.0","0.0","Unknown","No","No","No","<div class='source-info-cell' title='/home/user/git/DISCO-EB/src/discoeb/ode_integrators_stiff.py:189:13
/home/user/git/DISCO-EB/.venv/lib/python3.12/site-packages/equinox/_module/_prebuilt.py:34:15
/home/user/git/DISCO-EB/.venv/lib/python3.12/site-packages/diffrax/_integrate.py:356:64
/home/user/git/DISCO-EB/.venv/lib/python3.12/site-packages/equinox/_eval_shape.py:33:15
/home/user/git/DISCO-EB/.venv/lib/python3.12/site-packages/equinox/_eval_shape.py:38:30
/home/user/git/DISCO-EB/.venv/lib/python3.12/site-packages/diffrax/_integrate.py:655:36
/home/user/git/DISCO-EB/.venv/lib/python3.12/site-packages/diffrax/_adjoint.py:911:22
/home/user/git/DISCO-EB/.venv/lib/python3.12/site-packages/equinox/_module/_prebuilt.py:34:15
/home/user/git/DISCO-EB/.venv/lib/python3.12/site-packages/diffrax/_integrate.py:1435:29
/home/user/git/DISCO-EB/.venv/lib/python3.12/site-packages/equinox/_jit.py:55:14
'>/home/user/git/DISCO-EB/src/discoeb/ode_integrators_stiff.py:189</div>"
"26.0","5","loop fusion","loop_and_fusion","%loop_and_fusion = pred[] fusion(s64[] %get-tuple-element.4601.0, f64[] %get-tuple-element.4599.0, f64[] %get-tuple-element.4600.0), kind=kLoop, calls=%fused_and","jit(evolve_background)/jit(evaluate_thermo)/while/body/closed_call/cond/branch_0_fun/cond/branch_0_fun/cond/branch_0_fun/jit(diffeqsolve)/outer-loop/while/cond/and:","2999.0","4750.206","1.5839299766588864","4750.206","1.5839299766588864","0.1793981568794415","12.443691914611534","0.0","0.005682069367096922","0.005682069367096922","0.014699554089190131","0.014699554089190131","0.0","0.0","0.36","HBM","No","No","No","<div class='source-info-cell' title='/home/user/git/DISCO-EB/.venv/lib/python3.12/site-packages/equinox/internal/_loop/loop.py:103:29
/home/user/git/DISCO-EB/.venv/lib/python3.12/site-packages/equinox/_module/_prebuilt.py:82:15
/home/user/git/DISCO-EB/.venv/lib/python3.12/site-packages/diffrax/_integrate.py:674:18
/home/user/git/DISCO-EB/.venv/lib/python3.12/site-packages/diffrax/_adjoint.py:911:22
/home/user/git/DISCO-EB/.venv/lib/python3.12/site-packages/equinox/_module/_prebuilt.py:34:15
/home/user/git/DISCO-EB/.venv/lib/python3.12/site-packages/diffrax/_integrate.py:1435:29
/home/user/git/DISCO-EB/.venv/lib/python3.12/site-packages/equinox/_jit.py:55:14
/home/user/git/DISCO-EB/.venv/lib/python3.12/site-packages/equinox/_jit.py:263:37
/home/user/git/DISCO-EB/.venv/lib/python3.12/site-packages/equinox/_jit.py:209:19
/home/user/git/DISCO-EB/src/discoeb/thermodynamics_recfast.py:284:7
'>/home/user/git/DISCO-EB/.venv/lib/python3.12/site-packages/equinox/internal/_loop/loop.py:103</div>"
"27.0","5","loop fusion","loop_gather_fusion.1","%loop_gather_fusion.1 = f64[3,1,1]{2,1,0} fusion(f64[3]{0} %input_concatenate_fusion.1, f64[] %loop_divide_fusion.6, f64[3]{0} %input_concatenate_fusion.2, f64[3]{0} %input_concatenate_fusion.3, s32[3]{0} %lu_pivots_to_permutation.24, /*index=5*/f64[] %get-tuple-element.5863, f64[] %get-tuple-element.5864, s64[] %get-tuple-element.5892), kind=kLoop, calls=%fused_gather.1","jit(evolve_background)/jit(evaluate_thermo)/while/body/closed_call/cond/branch_0_fun/cond/branch_0_fun/cond/branch_0_fun/jit(diffeqsolve)/outer-loop/while/body/jit(lu_solve)/jit(_lu_solve)/gather:","2122.0","4312.053","2.0320702167766256","4312.053","2.0320702167766256","0.16285069754163636","12.60654261215317","0.0","1.5496511754377786","1.5496511754377786","0.06416370820738204","0.06416370820738204","0.0","0.0","22.492857142857144","HBM","No","No","No","<div class='source-info-cell' title='/home/user/git/DISCO-EB/src/discoeb/ode_integrators_stiff.py:189:13
/home/user/git/DISCO-EB/.venv/lib/python3.12/site-packages/equinox/_module/_prebuilt.py:34:15
/home/user/git/DISCO-EB/.venv/lib/python3.12/site-packages/diffrax/_integrate.py:356:64
/home/user/git/DISCO-EB/.venv/lib/python3.12/site-packages/equinox/_eval_shape.py:33:15
/home/user/git/DISCO-EB/.venv/lib/python3.12/site-packages/equinox/_eval_shape.py:38:30
/home/user/git/DISCO-EB/.venv/lib/python3.12/site-packages/diffrax/_integrate.py:655:36
/home/user/git/DISCO-EB/.venv/lib/python3.12/site-packages/diffrax/_adjoint.py:911:22
/home/user/git/DISCO-EB/.venv/lib/python3.12/site-packages/equinox/_module/_prebuilt.py:34:15
/home/user/git/DISCO-EB/.venv/lib/python3.12/site-packages/diffrax/_integrate.py:1435:29
/home/user/git/DISCO-EB/.venv/lib/python3.12/site-packages/equinox/_jit.py:55:14
'>/home/user/git/DISCO-EB/src/discoeb/ode_integrators_stiff.py:189</div>"
"28.0","5","loop fusion","loop_select_fusion.10","%loop_select_fusion.10 = f64[3,3]{1,0} fusion(f64[3,3]{0,1} %lu.65.0, s32[] %lu.63.0), kind=kLoop, calls=%fused_select.10","jit(evolve_background)/jit(evaluate_thermo)/while/body/closed_call/cond/branch_0_fun/cond/branch_0_fun/cond/branch_0_fun/jit(diffeqsolve)/outer-loop/while/body/jit(lu_factor)/lu:","2122.0","3508.741","1.6535065975494816","3508.741","1.6535065975494816","0.1325124991142128","12.739055111267383","0.0","0.018143259932836307","0.018143259932836307","0.08335965592599702","0.08335965592599702","0.0","0.0","0.20270270270270271","HBM","No","No","No","<div class='source-info-cell' title='/home/user/git/DISCO-EB/src/discoeb/ode_integrators_stiff.py:185:21
/home/user/git/DISCO-EB/.venv/lib/python3.12/site-packages/equinox/_module/_prebuilt.py:34:15
/home/user/git/DISCO-EB/.venv/lib/python3.12/site-packages/diffrax/_integrate.py:356:64
/home/user/git/DISCO-EB/.venv/lib/python3.12/site-packages/equinox/_eval_shape.py:33:15
/home/user/git/DISCO-EB/.venv/lib/python3.12/site-packages/equinox/_eval_shape.py:38:30
/home/user/git/DISCO-EB/.venv/lib/python3.12/site-packages/diffrax/_integrate.py:655:36
/home/user/git/DISCO-EB/.venv/lib/python3.12/site-packages/diffrax/_adjoint.py:911:22
/home/user/git/DISCO-EB/.venv/lib/python3.12/site-packages/equinox/_module/_prebuilt.py:34:15
/home/user/git/DISCO-EB/.venv/lib/python3.12/site-packages/diffrax/_integrate.py:1435:29
/home/user/git/DISCO-EB/.venv/lib/python3.12/site-packages/equinox/_jit.py:55:14
'>/home/user/git/DISCO-EB/src/discoeb/ode_integrators_stiff.py:185</div>"
"29.0","5","loop fusion","loop_add_fusion.16","%loop_add_fusion.16 = s64[] fusion(s64[] %get-tuple-element.5861), kind=kLoop, calls=%fused_add.16","jit(evolve_background)/jit(evaluate_thermo)/while/body/closed_call/cond/branch_0_fun/cond/branch_0_fun/cond/branch_0_fun/jit(diffeqsolve)/outer-loop/while/body/add:","2122.0","3277.194","1.5443892554194156","3277.194","1.5443892554194156","0.12376780361448839","12.862822914881871","0.0","0.0019425154568206825","0.0019425154568206825","0.009648578647875203","0.009648578647875203","0.0","0.0","0.1875","HBM","No","No","No","<div class='source-info-cell' title='/home/user/git/DISCO-EB/.venv/lib/python3.12/site-packages/equinox/internal/_loop/loop.py:103:29
/home/user/git/DISCO-EB/.venv/lib/python3.12/site-packages/equinox/_module/_prebuilt.py:82:15
/home/user/git/DISCO-EB/.venv/lib/python3.12/site-packages/diffrax/_integrate.py:674:18
/home/user/git/DISCO-EB/.venv/lib/python3.12/site-packages/diffrax/_adjoint.py:911:22
/home/user/git/DISCO-EB/.venv/lib/python3.12/site-packages/equinox/_module/_prebuilt.py:34:15
/home/user/git/DISCO-EB/.venv/lib/python3.12/site-packages/diffrax/_integrate.py:1435:29
/home/user/git/DISCO-EB/.venv/lib/python3.12/site-packages/equinox/_jit.py:55:14
/home/user/git/DISCO-EB/.venv/lib/python3.12/site-packages/equinox/_jit.py:263:37
/home/user/git/DISCO-EB/.venv/lib/python3.12/site-packages/equinox/_jit.py:209:19
/home/user/git/DISCO-EB/src/discoeb/thermodynamics_recfast.py:284:7
'>/home/user/git/DISCO-EB/.venv/lib/python3.12/site-packages/equinox/internal/_loop/loop.py:103</div>"
"30.0","5","data formatting","copy.91","%copy.91 = f64[3]{0} copy(f64[3]{0} %get-tuple-element.5888)","","2122.0","3257.749","1.5352257304429782","3257.749","1.5352257304429782","0.12303343606063476","12.985856350942507","0.0","0.0","0.0","0.029118508565280556","0.029118508565280556","0.0","0.0","0.0","HBM","No","No","No",""
"31.0","5","loop fusion","loop_add_fusion.12","%loop_add_fusion.12 = s32[3]{0} fusion(s32[3]{0} %lu.67.0), kind=kLoop, calls=%fused_add.12","jit(evolve_background)/jit(evaluate_thermo)/while/body/closed_call/cond/branch_0_fun/cond/branch_0_fun/cond/branch_0_fun/jit(diffeqsolve)/outer-loop/while/body/jit(lu_factor)/lu:","2122.0","3190.918","1.503731385485391","3190.918","1.503731385485391","0.12050947010580881","13.106365821048316","0.0","0.0059851114945605","0.0059851114945605","0.014864185190599408","0.014864185190599408","0.0","0.0","0.375","HBM","No","No","No","<div class='source-info-cell' title='/home/user/git/DISCO-EB/src/discoeb/ode_integrators_stiff.py:185:21
/home/user/git/DISCO-EB/.venv/lib/python3.12/site-packages/equinox/_module/_prebuilt.py:34:15
/home/user/git/DISCO-EB/.venv/lib/python3.12/site-packages/diffrax/_integrate.py:356:64
/home/user/git/DISCO-EB/.venv/lib/python3.12/site-packages/equinox/_eval_shape.py:33:15
/home/user/git/DISCO-EB/.venv/lib/python3.12/site-packages/equinox/_eval_shape.py:38:30
/home/user/git/DISCO-EB/.venv/lib/python3.12/site-packages/diffrax/_integrate.py:655:36
/home/user/git/DISCO-EB/.venv/lib/python3.12/site-packages/diffrax/_adjoint.py:911:22
/home/user/git/DISCO-EB/.venv/lib/python3.12/site-packages/equinox/_module/_prebuilt.py:34:15
/home/user/git/DISCO-EB/.venv/lib/python3.12/site-packages/diffrax/_integrate.py:1435:29
/home/user/git/DISCO-EB/.venv/lib/python3.12/site-packages/equinox/_jit.py:55:14
'>/home/user/git/DISCO-EB/src/discoeb/ode_integrators_stiff.py:185</div>"
"32.0","5","loop fusion","loop_dynamic_update_slice_fusion.33","%loop_dynamic_update_slice_fusion.33 = f64[1022]{0} fusion(f64[1022]{0} %get-tuple-element.6440, f64[1]{0} %get-tuple-element.5526, f64[1022]{0} %get-tuple-element.6451, s64[] %get-tuple-element.6446, s64[] %copy.408), kind=kLoop, calls=%fused_dynamic_update_slice.33, control-predecessors={%loop_add_multiply_subtract_fusion.4}","jit(evolve_background)/while/body/closed_call/scatter:","1021.0","1987.829","1.94694319294809","1987.829","1.94694319294809","0.07507313552117599","13.18143895656949","0.0","1.067827765869197","1.067827765869197","0.0229608566615918","0.0229608566615918","0.0","0.0","43.3125","HBM","No","No","No","<div class='source-info-cell' title='/home/user/git/DISCO-EB/src/discoeb/spline_interpolation.py:67:21
/home/user/git/DISCO-EB/src/discoeb/spline_interpolation.py:71:21
/home/user/git/DISCO-EB/src/discoeb/background.py:248:40
/home/user/git/DISCO-EB/scripts/profile_background.py:38:0
'>/home/user/git/DISCO-EB/src/discoeb/spline_interpolation.py:67</div>"
"33.0","5","loop fusion","loop_dynamic_update_slice_fusion.39","%loop_dynamic_update_slice_fusion.39 = f64[1022]{0} fusion(f64[1022]{0} %get-tuple-element.6572, f64[1]{0} %get-tuple-element.5535, f64[1022]{0} %get-tuple-element.6583, s64[] %get-tuple-element.6578, s64[] %copy.468), kind=kLoop, calls=%fused_dynamic_update_slice.39, control-predecessors={%loop_add_multiply_subtract_fusion.7}","jit(evolve_background)/while/body/closed_call/scatter:","1021.0","1984.759","1.9439363369245837","1984.759","1.9439363369245837","0.07495719268803994","13.256396149257533","0.0","1.0694794682880895","1.0694794682880895","0.022996372222902312","0.022996372222902312","0.0","0.0","43.3125","HBM","No","No","No","<div class='source-info-cell' title='/home/user/git/DISCO-EB/src/discoeb/spline_interpolation.py:67:21
/home/user/git/DISCO-EB/src/discoeb/spline_interpolation.py:71:21
/home/user/git/DISCO-EB/src/discoeb/background.py:248:40
/home/user/git/DISCO-EB/scripts/profile_background.py:38:0
'>/home/user/git/DISCO-EB/src/discoeb/spline_interpolation.py:67</div>"
"34.0","5","loop fusion","loop_dynamic_update_slice_fusion.35","%loop_dynamic_update_slice_fusion.35 = f64[1022]{0} fusion(f64[1022]{0} %get-tuple-element.6299, f64[1]{0} %get-tuple-element.5529, f64[1022]{0} %get-tuple-element.6310, s64[] %get-tuple-element.6305, s64[] %copy.324), kind=kLoop, calls=%fused_dynamic_update_slice.35, control-predecessors={%loop_add_multiply_subtract_fusion.5}","jit(evolve_background)/while/body/closed_call/scatter:","1021.0","1984.429","1.9436131243878552","1984.429","1.9436131243878552","0.07494472977763769","13.331340879035169","0.0","1.069657317041829","1.069657317041829","0.023000196397429874","0.023000196397429874","0.0","0.0","43.3125","HBM","No","No","No","<div class='source-info-cell' title='/home/user/git/DISCO-EB/src/discoeb/spline_interpolation.py:67:21
/home/user/git/DISCO-EB/src/discoeb/spline_interpolation.py:71:21
/home/user/git/DISCO-EB/src/discoeb/background.py:248:40
/home/user/git/DISCO-EB/scripts/profile_background.py:38:0
'>/home/user/git/DISCO-EB/src/discoeb/spline_interpolation.py:67</div>"
"35.0","5","loop fusion","loop_dynamic_update_slice_fusion.43","%loop_dynamic_update_slice_fusion.43 = f64[1022]{0} fusion(f64[1022]{0} %get-tuple-element.6506, f64[1]{0} %get-tuple-element.5541, f64[1022]{0} %get-tuple-element.6517, s64[] %get-tuple-element.6512, s64[] %copy.438), kind=kLoop, calls=%fused_dynamic_update_slice.43, control-predecessors={%loop_add_multiply_subtract_fusion.9}","jit(evolve_background)/while/body/closed_call/scatter:","1021.0","1984.16","1.9433496571988247","1984.16","1.9433496571988247","0.0749345706173401","13.40627544965251","0.0","1.069802334489154","1.069802334489154","0.023003314620169427","0.023003314620169427","0.0","0.0","43.3125","HBM","No","No","No","<div class='source-info-cell' title='/home/user/git/DISCO-EB/src/discoeb/spline_interpolation.py:67:21
/home/user/git/DISCO-EB/src/discoeb/spline_interpolation.py:71:21
/home/user/git/DISCO-EB/src/discoeb/background.py:248:40
/home/user/git/DISCO-EB/scripts/profile_background.py:38:0
'>/home/user/git/DISCO-EB/src/discoeb/spline_interpolation.py:67</div>"
"36.0","5","loop fusion","loop_dynamic_update_slice_fusion.45","%loop_dynamic_update_slice_fusion.45 = f64[1022]{0} fusion(f64[1022]{0} %get-tuple-element.6605, f64[1]{0} %get-tuple-element.5544, f64[1022]{0} %get-tuple-element.6616, s64[] %get-tuple-element.6611, s64[] %copy.483), kind=kLoop, calls=%fused_dynamic_update_slice.45, control-predecessors={%loop_add_multiply_subtract_fusion.10}","jit(evolve_background)/while/body/closed_call/scatter:","1021.0","1982.62","1.941841332027424","1982.62","1.941841332027424","0.07487641036879628","13.481151860021306","0.0","1.0706333034066033","1.0706333034066033","0.02302118244381443","0.02302118244381443","0.0","0.0","43.3125","HBM","No","No","No","<div class='source-info-cell' title='/home/user/git/DISCO-EB/src/discoeb/spline_interpolation.py:67:21
/home/user/git/DISCO-EB/src/discoeb/spline_interpolation.py:71:21
/home/user/git/DISCO-EB/src/discoeb/background.py:248:40
/home/user/git/DISCO-EB/scripts/profile_background.py:38:0
'>/home/user/git/DISCO-EB/src/discoeb/spline_interpolation.py:67</div>"
"37.0","5","loop fusion","loop_dynamic_update_slice_fusion.41","%loop_dynamic_update_slice_fusion.41 = f64[1022]{0} fusion(f64[1022]{0} %get-tuple-element.6473, f64[1]{0} %get-tuple-element.5538, f64[1022]{0} %get-tuple-element.6484, s64[] %get-tuple-element.6479, s64[] %copy.423), kind=kLoop, calls=%fused_dynamic_update_slice.41, control-predecessors={%loop_add_multiply_subtract_fusion.8}","jit(evolve_background)/while/body/closed_call/scatter:","1021.0","1981.666","1.9409069539666992","1981.666","1.9409069539666992","0.07484038122781524","13.55599224124912","0.0","1.0711487203191659","1.0711487203191659","0.023032265142943043","0.023032265142943043","0.0","0.0","43.3125","HBM","No","No","No","<div class='source-info-cell' title='/home/user/git/DISCO-EB/src/discoeb/spline_interpolation.py:67:21
/home/user/git/DISCO-EB/src/discoeb/spline_interpolation.py:71:21
/home/user/git/DISCO-EB/src/discoeb/background.py:248:40
/home/user/git/DISCO-EB/scripts/profile_background.py:38:0
'>/home/user/git/DISCO-EB/src/discoeb/spline_interpolation.py:67</div>"
"38.0","5","loop fusion","loop_dynamic_update_slice_fusion.37","%loop_dynamic_update_slice_fusion.37 = f64[1022]{0} fusion(f64[1022]{0} %get-tuple-element.6539, f64[1]{0} %get-tuple-element.5532, f64[1022]{0} %get-tuple-element.6550, s64[] %get-tuple-element.6545, s64[] %copy.453), kind=kLoop, calls=%fused_dynamic_update_slice.37, control-predecessors={%loop_add_multiply_subtract_fusion.6}","jit(evolve_background)/while/body/closed_call/scatter:","1021.0","1972.391","1.931822722820764","1972.391","1.931822722820764","0.07449009791272178","13.630482339161842","0.0","1.0761857055725765","1.0761857055725765","0.023140572400074513","0.023140572400074513","0.0","0.0","43.3125","HBM","No","No","No","<div class='source-info-cell' title='/home/user/git/DISCO-EB/src/discoeb/spline_interpolation.py:67:21
/home/user/git/DISCO-EB/src/discoeb/spline_interpolation.py:71:21
/home/user/git/DISCO-EB/src/discoeb/background.py:248:40
/home/user/git/DISCO-EB/scripts/profile_background.py:38:0
'>/home/user/git/DISCO-EB/src/discoeb/spline_interpolation.py:67</div>"
"39.0","5","loop fusion","loop_dynamic_update_slice_fusion.9","%loop_dynamic_update_slice_fusion.9 = f64[1022]{0} fusion(f64[1022]{0} %get-tuple-element.6371, f64[1]{0} %get-tuple-element.5420, f64[1022]{0} %get-tuple-element.6382, s64[] %get-tuple-element.6377, s64[] %copy.366), kind=kLoop, calls=%fused_dynamic_update_slice.9, control-predecessors={%loop_add_multiply_subtract_fusion.1}","jit(evolve_background)/while/body/closed_call/scatter:","1021.0","1971.686","1.9311322233104797","1971.686","1.9311322233104797","0.07446347260413516","13.704945811765977","0.0","1.0765705086915462","1.0765705086915462","0.023148846589545885","0.023148846589545885","0.0","0.0","43.3125","HBM","No","No","No","<div class='source-info-cell' title='/home/user/git/DISCO-EB/src/discoeb/spline_interpolation.py:67:21
/home/user/git/DISCO-EB/src/discoeb/spline_interpolation.py:71:21
/home/user/git/DISCO-EB/src/discoeb/background.py:248:40
/home/user/git/DISCO-EB/scripts/profile_background.py:38:0
'>/home/user/git/DISCO-EB/src/discoeb/spline_interpolation.py:67</div>"
"40.0","5","loop fusion","loop_add_fusion.17","%loop_add_fusion.17 = f64[] fusion(f64[512]{0} %get-tuple-element.5848, f64[512]{0} %get-tuple-element.5849, f64[] %wrapped_log.1, f64[512]{0} %get-tuple-element.5847, f64[] %get-tuple-element.5846, /*index=5*/f64[] %get-tuple-element.5845), kind=kLoop, calls=%fused_add.17","jit(evolve_background)/jit(evaluate_thermo)/while/body/closed_call/cond/branch_0_fun/cond/branch_0_fun/cond/branch_0_fun/add:","877.0","1956.394","2.230779931584949","1956.394","2.230779931584949","0.07388594888937407","13.778831760655352","0.0","2.392436799540379","2.392436799540379","0.03673889360656604","0.03673889360656604","0.0","0.0","60.64772727272727","HBM","No","No","No","<div class='source-info-cell' title='/home/user/git/DISCO-EB/src/discoeb/thermodynamics_recfast.py:440:14
/home/user/git/DISCO-EB/src/discoeb/thermodynamics_recfast.py:452:12
/home/user/git/DISCO-EB/src/discoeb/thermodynamics_recfast.py:461:11
/home/user/git/DISCO-EB/src/discoeb/background.py:237:82
/home/user/git/DISCO-EB/scripts/profile_background.py:38:0
'>/home/user/git/DISCO-EB/src/discoeb/thermodynamics_recfast.py:440</div>"
"41.0","5","conditional","cond.23.clone.4","%cond.23.clone.4 = (f64[6]{0}) conditional(pred[] %get-tuple-element.5633, (f64[], f64[]) %cond.31.0, (pred[], pred[], f64[], f64[6]{0}, f64[], /*index=5*/f64[], f64[], s64[], f64[], f64[], /*index=10*/f64[], f64[], f64[], f64[], f64[], /*index=15*/f64[], f64[], f64[512]{0}, f64[512]{0}, f64[512]{0}, /*index=20*/f64[], f64[], f64[], f64[], f64[], /*index=25*/f64[], f64[], f64[], f64[]) %cond.30.0), true_computation=%region_74.157, false_computation=%region_62.156","jit(evolve_background)/jit(evaluate_thermo)/while/body/closed_call/cond:","1024.0","1944.333","1.8987626953125","1944.333","1.8987626953125","0.07343044839736954","13.852262209052721","0.0","790.7791762007845","790.7791762007845","3.607057496247588","0.29674595937310183","0.0","0.0","204.17487081860213","Compute","No","No","No","<div class='source-info-cell' title='/home/user/git/DISCO-EB/src/discoeb/thermodynamics_recfast.py:440:14
/home/user/git/DISCO-EB/src/discoeb/thermodynamics_recfast.py:452:12
/home/user/git/DISCO-EB/src/discoeb/thermodynamics_recfast.py:461:11
/home/user/git/DISCO-EB/src/discoeb/background.py:237:82
/home/user/git/DISCO-EB/scripts/profile_background.py:38:0
'>/home/user/git/DISCO-EB/src/discoeb/thermodynamics_recfast.py:440</div>"
"42.0","5","loop fusion","loop_dynamic_update_slice_fusion.34","%loop_dynamic_update_slice_fusion.34 = f64[1022]{0} fusion(f64[1022]{0} %get-tuple-element.6300, f64[1]{0} %get-tuple-element.5529, f64[1]{0} %get-tuple-element.5528, f64[1022]{0} %get-tuple-element.6311, s64[] %get-tuple-element.6305, /*index=5*/s64[] %copy.324), kind=kLoop, calls=%fused_dynamic_update_slice.34, control-predecessors={%loop_add_multiply_subtract_fusion.5}","jit(evolve_background)/while/body/closed_call/scatter:","1021.0","1943.928","1.9039451518119492","1943.928","1.9039451518119492","0.07341515300733041","13.925677362060052","0.0","1.1397387146025983","1.1397387146025983","0.027392629524454915","0.027392629524454915","0.0","0.0","38.75","HBM","No","No","No","<div class='source-info-cell' title='/home/user/git/DISCO-EB/src/discoeb/spline_interpolation.py:68:21
/home/user/git/DISCO-EB/src/discoeb/spline_interpolation.py:71:21
/home/user/git/DISCO-EB/src/discoeb/background.py:248:40
/home/user/git/DISCO-EB/scripts/profile_background.py:38:0
'>/home/user/git/DISCO-EB/src/discoeb/spline_interpolation.py:68</div>"
"43.0","5","loop fusion","loop_dynamic_update_slice_fusion.44","%loop_dynamic_update_slice_fusion.44 = f64[1022]{0} fusion(f64[1022]{0} %get-tuple-element.6606, f64[1]{0} %get-tuple-element.5544, f64[1]{0} %get-tuple-element.5543, f64[1022]{0} %get-tuple-element.6617, s64[] %get-tuple-element.6611, /*index=5*/s64[] %copy.483), kind=kLoop, calls=%fused_dynamic_update_slice.44, control-predecessors={%loop_add_multiply_subtract_fusion.10}","jit(evolve_background)/while/body/closed_call/scatter:","1021.0","1941.091","1.9011665034280116","1941.091","1.9011665034280116","0.07330800974426624","13.998985371804318","0.0","1.1414044988102052","1.1414044988102052","0.027432665200248004","0.027432665200248004","0.0","0.0","38.75","HBM","No","No","No","<div class='source-info-cell' title='/home/user/git/DISCO-EB/src/discoeb/spline_interpolation.py:68:21
/home/user/git/DISCO-EB/src/discoeb/spline_interpolation.py:71:21
/home/user/git/DISCO-EB/src/discoeb/background.py:248:40
/home/user/git/DISCO-EB/scripts/profile_background.py:38:0
'>/home/user/git/DISCO-EB/src/discoeb/spline_interpolation.py:68</div>"
"44.0","5","loop fusion","loop_dynamic_update_slice_fusion.36","%loop_dynamic_update_slice_fusion.36 = f64[1022]{0} fusion(f64[1022]{0} %get-tuple-element.6540, f64[1]{0} %get-tuple-element.5532, f64[1]{0} %get-tuple-element.5531, f64[1022]{0} %get-tuple-element.6551, s64[] %get-tuple-element.6545, /*index=5*/s64[] %copy.453), kind=kLoop, calls=%fused_dynamic_update_slice.36, control-predecessors={%loop_add_multiply_subtract_fusion.6}","jit(evolve_background)/while/body/closed_call/scatter:","1021.0","1939.198","1.8993124387855045","1939.198","1.8993124387855045","0.07323651795823154","14.072221889762549","0.0","1.1425187113435555","1.1425187113435555","0.027459444330189386","0.027459444330189386","0.0","0.0","38.75","HBM","No","No","No","<div class='source-info-cell' title='/home/user/git/DISCO-EB/src/discoeb/spline_interpolation.py:68:21
/home/user/git/DISCO-EB/src/discoeb/spline_interpolation.py:71:21
/home/user/git/DISCO-EB/src/discoeb/background.py:248:40
/home/user/git/DISCO-EB/scripts/profile_background.py:38:0
'>/home/user/git/DISCO-EB/src/discoeb/spline_interpolation.py:68</div>"
"45.0","5","loop fusion","loop_dynamic_update_slice_fusion.42","%loop_dynamic_update_slice_fusion.42 = f64[1022]{0} fusion(f64[1022]{0} %get-tuple-element.6507, f64[1]{0} %get-tuple-element.5541, f64[1]{0} %get-tuple-element.5540, f64[1022]{0} %get-tuple-element.6518, s64[] %get-tuple-element.6512, /*index=5*/s64[] %copy.438), kind=kLoop, calls=%fused_dynamic_update_slice.42, control-predecessors={%loop_add_multiply_subtract_fusion.9}","jit(evolve_background)/while/body/closed_call/scatter:","1021.0","1934.256","1.89447208619001","1934.256","1.89447208619001","0.0730498764333591","14.145271766195908","0.0","1.1454378324275587","1.1454378324275587","0.02752960286860405","0.02752960286860405","0.0","0.0","38.75","HBM","No","No","No","<div class='source-info-cell' title='/home/user/git/DISCO-EB/src/discoeb/spline_interpolation.py:68:21
/home/user/git/DISCO-EB/src/discoeb/spline_interpolation.py:71:21
/home/user/git/DISCO-EB/src/discoeb/background.py:248:40
/home/user/git/DISCO-EB/scripts/profile_background.py:38:0
'>/home/user/git/DISCO-EB/src/discoeb/spline_interpolation.py:68</div>"
"46.0","5","loop fusion","loop_dynamic_update_slice_fusion.38","%loop_dynamic_update_slice_fusion.38 = f64[1022]{0} fusion(f64[1022]{0} %get-tuple-element.6573, f64[1]{0} %get-tuple-element.5535, f64[1]{0} %get-tuple-element.5534, f64[1022]{0} %get-tuple-element.6584, s64[] %get-tuple-element.6578, /*index=5*/s64[] %copy.468), kind=kLoop, calls=%fused_dynamic_update_slice.38, control-predecessors={%loop_add_multiply_subtract_fusion.7}","jit(evolve_background)/while/body/closed_call/scatter:","1021.0","1933.264","1.8935004897159646","1933.264","1.8935004897159646","0.07301241216936204","14.21828417836527","0.0","1.1460255816070646","1.1460255816070646","0.027543728909354644","0.027543728909354644","0.0","0.0","38.75","HBM","No","No","No","<div class='source-info-cell' title='/home/user/git/DISCO-EB/src/discoeb/spline_interpolation.py:68:21
/home/user/git/DISCO-EB/src/discoeb/spline_interpolation.py:71:21
/home/user/git/DISCO-EB/src/discoeb/background.py:248:40
/home/user/git/DISCO-EB/scripts/profile_background.py:38:0
'>/home/user/git/DISCO-EB/src/discoeb/spline_interpolation.py:68</div>"
"47.0","5","loop fusion","loop_dynamic_update_slice_fusion.40","%loop_dynamic_update_slice_fusion.40 = f64[1022]{0} fusion(f64[1022]{0} %get-tuple-element.6474, f64[1]{0} %get-tuple-element.5538, f64[1]{0} %get-tuple-element.5537, f64[1022]{0} %get-tuple-element.6485, s64[] %get-tuple-element.6479, /*index=5*/s64[] %copy.423), kind=kLoop, calls=%fused_dynamic_update_slice.40, control-predecessors={%loop_add_multiply_subtract_fusion.8}","jit(evolve_background)/while/body/closed_call/scatter:","1021.0","1932.188","1.8924466209598434","1932.188","1.8924466209598434","0.07297177552817169","14.291255953893442","0.0","1.1466637821992476","1.1466637821992476","0.02755906750596453","0.02755906750596453","0.0","0.0","38.75","HBM","No","No","No","<div class='source-info-cell' title='/home/user/git/DISCO-EB/src/discoeb/spline_interpolation.py:68:21
/home/user/git/DISCO-EB/src/discoeb/spline_interpolation.py:71:21
/home/user/git/DISCO-EB/src/discoeb/background.py:248:40
/home/user/git/DISCO-EB/scripts/profile_background.py:38:0
'>/home/user/git/DISCO-EB/src/discoeb/spline_interpolation.py:68</div>"
"48.0","5","loop fusion","loop_dynamic_update_slice_fusion.32","%loop_dynamic_update_slice_fusion.32 = f64[1022]{0} fusion(f64[1022]{0} %get-tuple-element.6441, f64[1]{0} %get-tuple-element.5526, f64[1]{0} %get-tuple-element.5525, f64[1022]{0} %get-tuple-element.6452, s64[] %get-tuple-element.6446, /*index=5*/s64[] %copy.408), kind=kLoop, calls=%fused_dynamic_update_slice.32, control-predecessors={%loop_add_multiply_subtract_fusion.4}","jit(evolve_background)/while/body/closed_call/scatter:","1021.0","1931.715","1.8919833496571987","1931.715","1.8919833496571987","0.07295391202326179","14.364209865916704","0.0","1.14694455445032","1.14694455445032","0.02756581562301613","0.02756581562301613","0.0","0.0","38.75","HBM","No","No","No","<div class='source-info-cell' title='/home/user/git/DISCO-EB/src/discoeb/spline_interpolation.py:68:21
/home/user/git/DISCO-EB/src/discoeb/spline_interpolation.py:71:21
/home/user/git/DISCO-EB/src/discoeb/background.py:248:40
/home/user/git/DISCO-EB/scripts/profile_background.py:38:0
'>/home/user/git/DISCO-EB/src/discoeb/spline_interpolation.py:68</div>"
"49.0","5","loop fusion","loop_dynamic_update_slice_fusion.8","%loop_dynamic_update_slice_fusion.8 = f64[1022]{0} fusion(f64[1022]{0} %get-tuple-element.6372, f64[1]{0} %get-tuple-element.5420, f64[1]{0} %get-tuple-element.5419, f64[1022]{0} %get-tuple-element.6383, s64[] %get-tuple-element.6377, /*index=5*/s64[] %copy.366), kind=kLoop, calls=%fused_dynamic_update_slice.8, control-predecessors={%loop_add_multiply_subtract_fusion.1}","jit(evolve_background)/while/body/closed_call/scatter:","1021.0","1930.64","1.890930460333007","1930.64","1.890930460333007","0.07291331314846661","14.437123179065173","0.0","1.1475831848506195","1.1475831848506195","0.027581164549690566","0.027581164549690566","0.0","0.0","38.75","HBM","No","No","No","<div class='source-info-cell' title='/home/user/git/DISCO-EB/src/discoeb/spline_interpolation.py:68:21
/home/user/git/DISCO-EB/src/discoeb/spline_interpolation.py:71:21
/home/user/git/DISCO-EB/src/discoeb/background.py:248:40
/home/user/git/DISCO-EB/scripts/profile_background.py:38:0
'>/home/user/git/DISCO-EB/src/discoeb/spline_interpolation.py:68</div>"
"50.0","5","loop fusion","loop_select_fusion.3","%loop_select_fusion.3 = f64[] fusion(f64[1024]{0} %get-tuple-element.6350, s64[] %get-tuple-element.6343, f64[] %get-tuple-element.6344), kind=kLoop, calls=%fused_select.3","jit(evolve_background)/while/body/closed_call/jit(_where)/select_n:","1024.0","1854.801","1.8113291015625","1854.801","1.8113291015625","0.07004914750605447","14.507172326571228","0.0","0.056864321293766826","0.056864321293766826","0.016453289665575983","0.016453289665575983","0.0","0.0","3.21875","HBM","No","No","No","<div class='source-info-cell' title='/home/user/git/DISCO-EB/src/discoeb/spline_interpolation.py:34:17
/home/user/git/DISCO-EB/src/discoeb/spline_interpolation.py:39:40
/home/user/git/DISCO-EB/src/discoeb/spline_interpolation.py:39:15
/home/user/git/DISCO-EB/src/discoeb/background.py:166:43
/home/user/git/DISCO-EB/src/discoeb/background.py:233:12
/home/user/git/DISCO-EB/scripts/profile_background.py:38:0
'>/home/user/git/DISCO-EB/src/discoeb/spline_interpolation.py:34</div>"
"51.0","5","loop fusion","loop_dynamic_update_slice_fusion.55","%loop_dynamic_update_slice_fusion.55 = f64[6,1024]{1,0} fusion(f64[6,1024]{1,0} %get-tuple-element.6026, f64[6]{0} %get-tuple-element.5060.0, pred[] %input_reduce_fusion, s64[] %copy.155), kind=kLoop, calls=%fused_dynamic_update_slice.55, control-predecessors={%input_concatenate_fusion.11}","jit(evolve_background)/jit(evaluate_thermo)/while/body/closed_call/scatter:","1024.0","1851.993","1.8085869140625","1851.993","1.8085869140625","0.06994309946844988","14.577115426039677","0.0","0.023222549977240735","0.023222549977240735","0.07878656690935454","0.07878656690935454","0.0","0.0","0.27450980392156865","HBM","No","No","No","<div class='source-info-cell' title='/home/user/git/DISCO-EB/src/discoeb/thermodynamics_recfast.py:450:11
/home/user/git/DISCO-EB/src/discoeb/thermodynamics_recfast.py:452:12
/home/user/git/DISCO-EB/src/discoeb/thermodynamics_recfast.py:461:11
/home/user/git/DISCO-EB/src/discoeb/background.py:237:82
/home/user/git/DISCO-EB/scripts/profile_background.py:38:0
'>/home/user/git/DISCO-EB/src/discoeb/thermodynamics_recfast.py:450</div>"
"52.0","5","loop fusion","loop_select_fusion.19","%loop_select_fusion.19 = f64[] fusion(f64[1024]{0} %get-tuple-element.6278, s64[] %get-tuple-element.6271, f64[] %get-tuple-element.6272), kind=kLoop, calls=%fused_select.19","jit(evolve_background)/while/body/closed_call/jit(_where)/select_n:","1024.0","1849.428","1.80608203125","1849.428","1.80608203125","0.0698462286648688","14.646961654704546","0.0","0.05702952480442602","0.05702952480442602","0.01650109013435505","0.01650109013435505","0.0","0.0","3.21875","HBM","No","No","No","<div class='source-info-cell' title='/home/user/git/DISCO-EB/src/discoeb/spline_interpolation.py:34:17
/home/user/git/DISCO-EB/src/discoeb/spline_interpolation.py:39:40
/home/user/git/DISCO-EB/src/discoeb/spline_interpolation.py:39:15
/home/user/git/DISCO-EB/src/discoeb/background.py:166:43
/home/user/git/DISCO-EB/src/discoeb/background.py:233:12
/home/user/git/DISCO-EB/scripts/profile_background.py:38:0
'>/home/user/git/DISCO-EB/src/discoeb/spline_interpolation.py:34</div>"
"53.0","5","loop fusion","loop_select_fusion.18","%loop_select_fusion.18 = f64[] fusion(f64[1024]{0} %get-tuple-element.6230, s64[] %get-tuple-element.6223, f64[] %get-tuple-element.6224), kind=kLoop, calls=%fused_select.18","jit(evolve_background)/while/body/closed_call/jit(_where)/select_n:","1024.0","1849.152","1.8058125","1849.152","1.8058125","0.06983580513980508","14.716797459844353","0.0","0.057038036894749594","0.057038036894749594","0.016503553047559096","0.016503553047559096","0.0","0.0","3.21875","HBM","No","No","No","<div class='source-info-cell' title='/home/user/git/DISCO-EB/src/discoeb/spline_interpolation.py:34:17
/home/user/git/DISCO-EB/src/discoeb/spline_interpolation.py:39:40
/home/user/git/DISCO-EB/src/discoeb/spline_interpolation.py:39:15
/home/user/git/DISCO-EB/src/discoeb/background.py:166:43
/home/user/git/DISCO-EB/src/discoeb/background.py:233:12
/home/user/git/DISCO-EB/scripts/profile_background.py:38:0
'>/home/user/git/DISCO-EB/src/discoeb/spline_interpolation.py:34</div>"
"54.0","5","loop fusion","loop_add_multiply_subtract_fusion.9","%loop_add_multiply_subtract_fusion.9 = (f64[1]{0}, f64[1]{0}, s64[]) fusion(f64[1022]{0} %get-tuple-element.6507, f64[1022]{0} %get-tuple-element.6516, s64[] %copy.438, f64[1022]{0} %get-tuple-element.6506, f64[1022]{0} %get-tuple-element.6515), kind=kLoop, calls=%fused_add_multiply_subtract.9","jit(evolve_background)/while/body/closed_call/mul:","1021.0","1826.717","1.7891449559255632","1826.717","1.7891449559255632","0.0689885160644281","14.78578597590878","0.0","0.18779920480293336","0.18779920480293336","0.03331459789101093","0.03331459789101093","0.0","0.0","5.25","HBM","No","No","No","<div class='source-info-cell' title='/home/user/git/DISCO-EB/src/discoeb/spline_interpolation.py:68:42
/home/user/git/DISCO-EB/src/discoeb/spline_interpolation.py:71:21
/home/user/git/DISCO-EB/src/discoeb/background.py:248:40
/home/user/git/DISCO-EB/scripts/profile_background.py:38:0
'>/home/user/git/DISCO-EB/src/discoeb/spline_interpolation.py:68</div>"
"55.0","5","loop fusion","loop_add_multiply_subtract_fusion.8","%loop_add_multiply_subtract_fusion.8 = (f64[1]{0}, f64[1]{0}, s64[]) fusion(f64[1022]{0} %get-tuple-element.6474, f64[1022]{0} %get-tuple-element.6483, s64[] %copy.423, f64[1022]{0} %get-tuple-element.6473, f64[1022]{0} %get-tuple-element.6482), kind=kLoop, calls=%fused_add_multiply_subtract.8","jit(evolve_background)/while/body/closed_call/mul:","1021.0","1826.148","1.7885876591576884","1826.148","1.7885876591576884","0.068967026985583","14.854753002894364","0.0","0.1878577201847824","0.1878577201847824","0.03332497821407346","0.03332497821407346","0.0","0.0","5.25","HBM","No","No","No","<div class='source-info-cell' title='/home/user/git/DISCO-EB/src/discoeb/spline_interpolation.py:68:42
/home/user/git/DISCO-EB/src/discoeb/spline_interpolation.py:71:21
/home/user/git/DISCO-EB/src/discoeb/background.py:248:40
/home/user/git/DISCO-EB/scripts/profile_background.py:38:0
'>/home/user/git/DISCO-EB/src/discoeb/spline_interpolation.py:68</div>"
"56.0","5","loop fusion","loop_add_multiply_subtract_fusion.7","%loop_add_multiply_subtract_fusion.7 = (f64[1]{0}, f64[1]{0}, s64[]) fusion(f64[1022]{0} %get-tuple-element.6573, f64[1022]{0} %get-tuple-element.6582, s64[] %copy.468, f64[1022]{0} %get-tuple-element.6572, f64[1022]{0} %get-tuple-element.6581), kind=kLoop, calls=%fused_add_multiply_subtract.7","jit(evolve_background)/while/body/closed_call/mul:","1021.0","1825.51","1.7879627815866797","1825.51","1.7879627815866797","0.068942932025472","14.923695934919836","0.0","0.1879233748377166","0.1879233748377166","0.03333662500653178","0.03333662500653178","0.0","0.0","5.25","HBM","No","No","No","<div class='source-info-cell' title='/home/user/git/DISCO-EB/src/discoeb/spline_interpolation.py:68:42
/home/user/git/DISCO-EB/src/discoeb/spline_interpolation.py:71:21
/home/user/git/DISCO-EB/src/discoeb/background.py:248:40
/home/user/git/DISCO-EB/scripts/profile_background.py:38:0
'>/home/user/git/DISCO-EB/src/discoeb/spline_interpolation.py:68</div>"
"57.0","5","loop fusion","loop_add_multiply_subtract_fusion.4","%loop_add_multiply_subtract_fusion.4 = (f64[1]{0}, f64[1]{0}, s64[]) fusion(f64[1022]{0} %get-tuple-element.6441, f64[1022]{0} %get-tuple-element.6450, s64[] %copy.408, f64[1022]{0} %get-tuple-element.6440, f64[1022]{0} %get-tuple-element.6449), kind=kLoop, calls=%fused_add_multiply_subtract.4","jit(evolve_background)/while/body/closed_call/mul:","1021.0","1824.718","1.787187071498531","1824.718","1.787187071498531","0.0689130210405066","14.992608955960343","0.0","0.18800494103746443","0.18800494103746443","0.03335109442427478","0.03335109442427478","0.0","0.0","5.25","HBM","No","No","No","<div class='source-info-cell' title='/home/user/git/DISCO-EB/src/discoeb/spline_interpolation.py:68:42
/home/user/git/DISCO-EB/src/discoeb/spline_interpolation.py:71:21
/home/user/git/DISCO-EB/src/discoeb/background.py:248:40
/home/user/git/DISCO-EB/scripts/profile_background.py:38:0
'>/home/user/git/DISCO-EB/src/discoeb/spline_interpolation.py:68</div>"
"58.0","5","loop fusion","loop_add_multiply_subtract_fusion.5","%loop_add_multiply_subtract_fusion.5 = (f64[1]{0}, f64[1]{0}, s64[]) fusion(f64[1022]{0} %get-tuple-element.6300, f64[1022]{0} %get-tuple-element.6309, s64[] %copy.324, f64[1022]{0} %get-tuple-element.6299, f64[1022]{0} %get-tuple-element.6308), kind=kLoop, calls=%fused_add_multiply_subtract.5","jit(evolve_background)/while/body/closed_call/mul:","1021.0","1822.976","1.7854809010773753","1822.976","1.7854809010773753","0.06884723198014081","15.061456187940484","0.0","0.18818459486027245","0.18818459486027245","0.033382964073950416","0.033382964073950416","0.0","0.0","5.25","HBM","No","No","No","<div class='source-info-cell' title='/home/user/git/DISCO-EB/src/discoeb/spline_interpolation.py:68:42
/home/user/git/DISCO-EB/src/discoeb/spline_interpolation.py:71:21
/home/user/git/DISCO-EB/src/discoeb/background.py:248:40
/home/user/git/DISCO-EB/scripts/profile_background.py:38:0
'>/home/user/git/DISCO-EB/src/discoeb/spline_interpolation.py:68</div>"
"59.0","5","loop fusion","loop_add_multiply_subtract_fusion.10","%loop_add_multiply_subtract_fusion.10 = (f64[1]{0}, f64[1]{0}, s64[]) fusion(f64[1022]{0} %get-tuple-element.6606, f64[1022]{0} %get-tuple-element.6615, s64[] %copy.483, f64[1022]{0} %get-tuple-element.6605, f64[1022]{0} %get-tuple-element.6614), kind=kLoop, calls=%fused_add_multiply_subtract.10","jit(evolve_background)/while/body/closed_call/mul:","1021.0","1820.202","1.7827639569049951","1820.202","1.7827639569049951","0.06874246799997161","15.130198655940456","0.0","0.18847138943919411","0.18847138943919411","0.033433839934069856","0.033433839934069856","0.0","0.0","5.25","HBM","No","No","No","<div class='source-info-cell' title='/home/user/git/DISCO-EB/src/discoeb/spline_interpolation.py:68:42
/home/user/git/DISCO-EB/src/discoeb/spline_interpolation.py:71:21
/home/user/git/DISCO-EB/src/discoeb/background.py:248:40
/home/user/git/DISCO-EB/scripts/profile_background.py:38:0
'>/home/user/git/DISCO-EB/src/discoeb/spline_interpolation.py:68</div>"
"60.0","5","loop fusion","loop_add_multiply_subtract_fusion.6","%loop_add_multiply_subtract_fusion.6 = (f64[1]{0}, f64[1]{0}, s64[]) fusion(f64[1022]{0} %get-tuple-element.6540, f64[1022]{0} %get-tuple-element.6549, s64[] %copy.453, f64[1022]{0} %get-tuple-element.6539, f64[1022]{0} %get-tuple-element.6548), kind=kLoop, calls=%fused_add_multiply_subtract.6","jit(evolve_background)/while/body/closed_call/mul:","1021.0","1815.747","1.7784005876591578","1815.747","1.7784005876591578","0.06857421870954129","15.198772874649997","0.0","0.1889338107126158","0.1889338107126158","0.03351587105234035","0.03351587105234035","0.0","0.0","5.25","HBM","No","No","No","<div class='source-info-cell' title='/home/user/git/DISCO-EB/src/discoeb/spline_interpolation.py:68:42
/home/user/git/DISCO-EB/src/discoeb/spline_interpolation.py:71:21
/home/user/git/DISCO-EB/src/discoeb/background.py:248:40
/home/user/git/DISCO-EB/scripts/profile_background.py:38:0
'>/home/user/git/DISCO-EB/src/discoeb/spline_interpolation.py:68</div>"
"61.0","5","loop fusion","loop_add_multiply_subtract_fusion.1","%loop_add_multiply_subtract_fusion.1 = (f64[1]{0}, f64[1]{0}, s64[]) fusion(f64[1022]{0} %get-tuple-element.6372, f64[1022]{0} %get-tuple-element.6381, s64[] %copy.366, f64[1022]{0} %get-tuple-element.6371, f64[1022]{0} %get-tuple-element.6380), kind=kLoop, calls=%fused_add_multiply_subtract.1","jit(evolve_background)/while/body/closed_call/mul:","1021.0","1814.682","1.7773574926542606","1814.682","1.7773574926542606","0.06853399749869767","15.267306872148694","0.0","0.18904469212787695","0.18904469212787695","0.03353554083617616","0.03353554083617616","0.0","0.0","5.25","HBM","No","No","No","<div class='source-info-cell' title='/home/user/git/DISCO-EB/src/discoeb/spline_interpolation.py:68:42
/home/user/git/DISCO-EB/src/discoeb/spline_interpolation.py:71:21
/home/user/git/DISCO-EB/src/discoeb/background.py:248:40
/home/user/git/DISCO-EB/scripts/profile_background.py:38:0
'>/home/user/git/DISCO-EB/src/discoeb/spline_interpolation.py:68</div>"
"62.0","5","loop fusion","loop_select_fusion.16","%loop_select_fusion.16 = f64[] fusion(f64[] %get-tuple-element.6260, f64[1024]{0} %get-tuple-element.6266, s64[] %get-tuple-element.6259), kind=kLoop, calls=%fused_select.16","jit(evolve_background)/while/body/closed_call/jit(_where)/select_n:","1024.0","1813.858","1.771345703125","1813.858","1.771345703125","0.0685028779890872","15.335809750137782","0.0","0.003387255231666426","0.003387255231666426","0.016824678737255065","0.016824678737255065","0.0","0.0","0.1875","HBM","No","No","No","<div class='source-info-cell' title='/home/user/git/DISCO-EB/src/discoeb/spline_interpolation.py:34:17
/home/user/git/DISCO-EB/src/discoeb/spline_interpolation.py:39:40
/home/user/git/DISCO-EB/src/discoeb/spline_interpolation.py:39:15
/home/user/git/DISCO-EB/src/discoeb/background.py:166:43
/home/user/git/DISCO-EB/src/discoeb/background.py:233:12
/home/user/git/DISCO-EB/scripts/profile_background.py:38:0
'>/home/user/git/DISCO-EB/src/discoeb/spline_interpolation.py:34</div>"
"63.0","5","loop fusion","loop_select_fusion.14","%loop_select_fusion.14 = f64[] fusion(f64[] %get-tuple-element.6248, f64[1024]{0} %get-tuple-element.6254, s64[] %get-tuple-element.6247), kind=kLoop, calls=%fused_select.14","jit(evolve_background)/while/body/closed_call/jit(_where)/select_n:","1024.0","1813.283","1.7707841796875","1813.283","1.7707841796875","0.06848116231187117","15.404290912449653","0.0","0.003388329345171162","0.003388329345171162","0.016830013916746583","0.016830013916746583","0.0","0.0","0.1875","HBM","No","No","No","<div class='source-info-cell' title='/home/user/git/DISCO-EB/src/discoeb/spline_interpolation.py:34:17
/home/user/git/DISCO-EB/src/discoeb/spline_interpolation.py:39:40
/home/user/git/DISCO-EB/src/discoeb/spline_interpolation.py:39:15
/home/user/git/DISCO-EB/src/discoeb/background.py:166:43
/home/user/git/DISCO-EB/src/discoeb/background.py:233:12
/home/user/git/DISCO-EB/scripts/profile_background.py:38:0
'>/home/user/git/DISCO-EB/src/discoeb/spline_interpolation.py:34</div>"
"64.0","5","loop fusion","loop_select_fusion.17","%loop_select_fusion.17 = f64[] fusion(f64[] %get-tuple-element.6425, f64[1024]{0} %get-tuple-element.6431, s64[] %get-tuple-element.6424), kind=kLoop, calls=%fused_select.17","jit(evolve_background)/while/body/closed_call/jit(_where)/select_n:","1024.0","1811.655","1.7691943359375","1811.655","1.7691943359375","0.06841967862055341","15.472710591070207","0.0","0.003391374185482335","0.003391374185482335","0.016845137802175357","0.016845137802175357","0.0","0.0","0.1875","HBM","No","No","No","<div class='source-info-cell' title='/home/user/git/DISCO-EB/src/discoeb/spline_interpolation.py:34:17
/home/user/git/DISCO-EB/src/discoeb/spline_interpolation.py:39:40
/home/user/git/DISCO-EB/src/discoeb/spline_interpolation.py:39:15
/home/user/git/DISCO-EB/src/discoeb/background.py:166:43
/home/user/git/DISCO-EB/src/discoeb/background.py:233:12
/home/user/git/DISCO-EB/scripts/profile_background.py:38:0
'>/home/user/git/DISCO-EB/src/discoeb/spline_interpolation.py:34</div>"
"65.0","5","loop fusion","loop_select_fusion.15","%loop_select_fusion.15 = f64[] fusion(f64[] %get-tuple-element.6284, f64[1024]{0} %get-tuple-element.6290, s64[] %get-tuple-element.6283), kind=kLoop, calls=%fused_select.15","jit(evolve_background)/while/body/closed_call/jit(_where)/select_n:","1024.0","1810.386","1.767955078125","1810.386","1.767955078125","0.0683717530650975","15.541082344135305","0.0","0.0033937513878255798","0.0033937513878255798","0.016856945493944387","0.016856945493944387","0.0","0.0","0.1875","HBM","No","No","No","<div class='source-info-cell' title='/home/user/git/DISCO-EB/src/discoeb/spline_interpolation.py:34:17
/home/user/git/DISCO-EB/src/discoeb/spline_interpolation.py:39:40
/home/user/git/DISCO-EB/src/discoeb/spline_interpolation.py:39:15
/home/user/git/DISCO-EB/src/discoeb/background.py:166:43
/home/user/git/DISCO-EB/src/discoeb/background.py:233:12
/home/user/git/DISCO-EB/scripts/profile_background.py:38:0
'>/home/user/git/DISCO-EB/src/discoeb/spline_interpolation.py:34</div>"
"66.0","5","loop fusion","loop_select_fusion.13","%loop_select_fusion.13 = f64[] fusion(f64[] %get-tuple-element.6236, f64[1024]{0} %get-tuple-element.6242, s64[] %get-tuple-element.6235), kind=kLoop, calls=%fused_select.13","jit(evolve_background)/while/body/closed_call/jit(_where)/select_n:","1024.0","1801.506","1.759283203125","1801.506","1.759283203125","0.0680363874760916","15.609118731611396","0.0","0.003410479898484934","0.003410479898484934","0.016940036905233734","0.016940036905233734","0.0","0.0","0.1875","HBM","No","No","No","<div class='source-info-cell' title='/home/user/git/DISCO-EB/src/discoeb/spline_interpolation.py:34:17
/home/user/git/DISCO-EB/src/discoeb/spline_interpolation.py:39:40
/home/user/git/DISCO-EB/src/discoeb/spline_interpolation.py:39:15
/home/user/git/DISCO-EB/src/discoeb/background.py:166:43
/home/user/git/DISCO-EB/src/discoeb/background.py:233:12
/home/user/git/DISCO-EB/scripts/profile_background.py:38:0
'>/home/user/git/DISCO-EB/src/discoeb/spline_interpolation.py:34</div>"
"67.0","5","loop fusion","loop_select_fusion.2","%loop_select_fusion.2 = f64[] fusion(f64[] %get-tuple-element.6356, f64[1024]{0} %get-tuple-element.6362, s64[] %get-tuple-element.6355), kind=kLoop, calls=%fused_select.2","jit(evolve_background)/while/body/closed_call/jit(_where)/select_n:","1024.0","1799.985","1.7577978515625","1799.985","1.7577978515625","0.06797894478905578","15.67709767640045","0.0","0.003413361778014817","0.003413361778014817","0.016954351355705742","0.016954351355705742","0.0","0.0","0.1875","HBM","No","No","No","<div class='source-info-cell' title='/home/user/git/DISCO-EB/src/discoeb/spline_interpolation.py:34:17
/home/user/git/DISCO-EB/src/discoeb/spline_interpolation.py:39:40
/home/user/git/DISCO-EB/src/discoeb/spline_interpolation.py:39:15
/home/user/git/DISCO-EB/src/discoeb/background.py:166:43
/home/user/git/DISCO-EB/src/discoeb/background.py:233:12
/home/user/git/DISCO-EB/scripts/profile_background.py:38:0
'>/home/user/git/DISCO-EB/src/discoeb/spline_interpolation.py:34</div>"
"68.0","5","loop fusion","loop_dynamic_update_slice_fusion.47","%loop_dynamic_update_slice_fusion.47 = f64[1022]{0} fusion(f64[1022]{0} %get-tuple-element.6317, f64[1]{0} %loop_multiply_fusion.7, f64[1022]{0} %get-tuple-element.6322, s64[] %get-tuple-element.6316), kind=kLoop, calls=%fused_dynamic_update_slice.47, control-predecessors={%loop_multiply_fusion.7}","jit(evolve_background)/while/body/closed_call/scatter:","1021.0","1741.58","1.7057590597453476","1741.58","1.7057590597453476","0.06577319847983386","15.742870874880285","0.0","0.0973173784724216","0.0973173784724216","0.021839487102111955","0.021839487102111955","0.0","0.0","4.15","HBM","No","No","No","<div class='source-info-cell' title='/home/user/git/DISCO-EB/src/discoeb/spline_interpolation.py:79:24
/home/user/git/DISCO-EB/src/discoeb/spline_interpolation.py:82:25
/home/user/git/DISCO-EB/src/discoeb/background.py:248:40
/home/user/git/DISCO-EB/scripts/profile_background.py:38:0
'>/home/user/git/DISCO-EB/src/discoeb/spline_interpolation.py:79</div>"
"69.0","5","loop fusion","loop_dynamic_update_slice_fusion.49","%loop_dynamic_update_slice_fusion.49 = f64[1022]{0} fusion(f64[1022]{0} %get-tuple-element.6590, f64[1]{0} %loop_multiply_fusion.9, f64[1022]{0} %get-tuple-element.6595, s64[] %get-tuple-element.6589), kind=kLoop, calls=%fused_dynamic_update_slice.49, control-predecessors={%loop_multiply_fusion.9}","jit(evolve_background)/while/body/closed_call/scatter:","1021.0","1741.037","1.7052272282076395","1741.037","1.7052272282076395","0.0657526913272629","15.808623566207547","0.0","0.0973477301171658","0.0973477301171658","0.02184629846884135","0.02184629846884135","0.0","0.0","4.15","HBM","No","No","No","<div class='source-info-cell' title='/home/user/git/DISCO-EB/src/discoeb/spline_interpolation.py:79:24
/home/user/git/DISCO-EB/src/discoeb/spline_interpolation.py:82:25
/home/user/git/DISCO-EB/src/discoeb/background.py:248:40
/home/user/git/DISCO-EB/scripts/profile_background.py:38:0
'>/home/user/git/DISCO-EB/src/discoeb/spline_interpolation.py:79</div>"
"70.0","5","loop fusion","loop_multiply_fusion.9","%loop_multiply_fusion.9 = f64[1]{0} fusion(f64[1022]{0} %get-tuple-element.6590, f64[1022]{0} %get-tuple-element.6596, s64[] %get-tuple-element.6589), kind=kLoop, calls=%fused_multiply.9","jit(evolve_background)/while/body/closed_call/mul:","1021.0","1740.625","1.7048237022526935","1740.625","1.7048237022526935","0.06573713157245767","15.874360697780004","0.0","0.07097508078994615","0.07097508078994615","0.01748117553053467","0.01748117553053467","0.0","0.0","3.78125","HBM","No","No","No","<div class='source-info-cell' title='/home/user/git/DISCO-EB/src/discoeb/spline_interpolation.py:79:52
/home/user/git/DISCO-EB/src/discoeb/spline_interpolation.py:82:25
/home/user/git/DISCO-EB/src/discoeb/background.py:248:40
/home/user/git/DISCO-EB/scripts/profile_background.py:38:0
'>/home/user/git/DISCO-EB/src/discoeb/spline_interpolation.py:79</div>"
"71.0","5","loop fusion","loop_multiply_fusion.1","%loop_multiply_fusion.1 = f64[1]{0} fusion(f64[1022]{0} %get-tuple-element.6389, f64[1022]{0} %get-tuple-element.6395, s64[] %get-tuple-element.6388), kind=kLoop, calls=%fused_multiply.1","jit(evolve_background)/while/body/closed_call/mul:","1021.0","1740.57","1.704769833496572","1740.57","1.704769833496572","0.06573505442072396","15.940095752200728","0.0","0.07097732352045594","0.07097732352045594","0.017481727915474192","0.017481727915474192","0.0","0.0","3.78125","HBM","No","No","No","<div class='source-info-cell' title='/home/user/git/DISCO-EB/src/discoeb/spline_interpolation.py:79:52
/home/user/git/DISCO-EB/src/discoeb/spline_interpolation.py:82:25
/home/user/git/DISCO-EB/src/discoeb/background.py:248:40
/home/user/git/DISCO-EB/scripts/profile_background.py:38:0
'>/home/user/git/DISCO-EB/src/discoeb/spline_interpolation.py:79</div>"
"72.0","5","conditional","cond.16.clone","%cond.16.clone = (f64[6]{0}) conditional(pred[] %get-tuple-element.721.0, (f64[], f64[], f64[], f64[], f64[], /*index=5*/f64[]) %cond.15.0, (pred[], f64[], f64[6]{0}, f64[], f64[], /*index=5*/f64[], s64[], f64[], f64[], f64[], /*index=10*/f64[], f64[], f64[], f64[], f64[], /*index=15*/f64[], f64[512]{0}, f64[512]{0}, f64[512]{0}, f64[], /*index=20*/f64[], f64[], f64[], f64[], f64[], /*index=25*/f64[]) %cond.14.0), true_computation=%region_73.155, false_computation=%region_63.154","jit(evolve_background)/jit(evaluate_thermo)/while/body/closed_call/cond/branch_0_fun/cond:","919.0","1739.075","1.892355821545158","1739.075","1.892355821545158","0.06567859365996226","16.00577434586069","0.0","793.4564857754841","793.4564857754841","3.493279413605734","0.2977506403538277","0.0","0.0","211.53874330797407","Compute","No","No","No","<div class='source-info-cell' title='/home/user/git/DISCO-EB/src/discoeb/thermodynamics_recfast.py:440:14
/home/user/git/DISCO-EB/src/discoeb/thermodynamics_recfast.py:452:12
/home/user/git/DISCO-EB/src/discoeb/thermodynamics_recfast.py:461:11
/home/user/git/DISCO-EB/src/discoeb/background.py:237:82
/home/user/git/DISCO-EB/scripts/profile_background.py:38:0
'>/home/user/git/DISCO-EB/src/discoeb/thermodynamics_recfast.py:440</div>"
"73.0","5","loop fusion","loop_multiply_fusion.7","%loop_multiply_fusion.7 = f64[1]{0} fusion(f64[1022]{0} %get-tuple-element.6317, f64[1022]{0} %get-tuple-element.6323, s64[] %get-tuple-element.6316), kind=kLoop, calls=%fused_multiply.7","jit(evolve_background)/while/body/closed_call/mul:","1021.0","1738.875","1.7031096963761019","1738.875","1.7031096963761019","0.0656710403809306","16.07144538624162","0.0","0.0710465099561498","0.0710465099561498","0.01749876854738662","0.01749876854738662","0.0","0.0","3.78125","HBM","No","No","No","<div class='source-info-cell' title='/home/user/git/DISCO-EB/src/discoeb/spline_interpolation.py:79:52
/home/user/git/DISCO-EB/src/discoeb/spline_interpolation.py:82:25
/home/user/git/DISCO-EB/src/discoeb/background.py:248:40
/home/user/git/DISCO-EB/scripts/profile_background.py:38:0
'>/home/user/git/DISCO-EB/src/discoeb/spline_interpolation.py:79</div>"
"74.0","5","loop fusion","loop_dynamic_update_slice_fusion.48","%loop_dynamic_update_slice_fusion.48 = f64[1022]{0} fusion(f64[1022]{0} %get-tuple-element.6557, f64[1]{0} %loop_multiply_fusion.8, f64[1022]{0} %get-tuple-element.6562, s64[] %get-tuple-element.6556), kind=kLoop, calls=%fused_dynamic_update_slice.48, control-predecessors={%loop_multiply_fusion.8}","jit(evolve_background)/while/body/closed_call/scatter:","1021.0","1738.539","1.7027806072477962","1738.539","1.7027806072477962","0.0656583508721574","16.13710373711378","0.0","0.09748760309662309","0.09748760309662309","0.021877688074467203","0.021877688074467203","0.0","0.0","4.15","HBM","No","No","No","<div class='source-info-cell' title='/home/user/git/DISCO-EB/src/discoeb/spline_interpolation.py:79:24
/home/user/git/DISCO-EB/src/discoeb/spline_interpolation.py:82:25
/home/user/git/DISCO-EB/src/discoeb/background.py:248:40
/home/user/git/DISCO-EB/scripts/profile_background.py:38:0
'>/home/user/git/DISCO-EB/src/discoeb/spline_interpolation.py:79</div>"
"75.0","5","loop fusion","loop_dynamic_update_slice_fusion.10","%loop_dynamic_update_slice_fusion.10 = f64[1022]{0} fusion(f64[1022]{0} %get-tuple-element.6389, f64[1]{0} %loop_multiply_fusion.1, f64[1022]{0} %get-tuple-element.6394, s64[] %get-tuple-element.6388), kind=kLoop, calls=%fused_dynamic_update_slice.10, control-predecessors={%loop_multiply_fusion.1}","jit(evolve_background)/while/body/closed_call/scatter:","1021.0","1737.0","1.7012732615083253","1737.0","1.7012732615083253","0.06560022839000874","16.202703965503787","0.0","0.09757397812320093","0.09757397812320093","0.021897071932812977","0.021897071932812977","0.0","0.0","4.15","HBM","No","No","No","<div class='source-info-cell' title='/home/user/git/DISCO-EB/src/discoeb/spline_interpolation.py:79:24
/home/user/git/DISCO-EB/src/discoeb/spline_interpolation.py:82:25
/home/user/git/DISCO-EB/src/discoeb/background.py:248:40
/home/user/git/DISCO-EB/scripts/profile_background.py:38:0
'>/home/user/git/DISCO-EB/src/discoeb/spline_interpolation.py:79</div>"
"76.0","5","loop fusion","loop_multiply_fusion.12","%loop_multiply_fusion.12 = f64[1]{0} fusion(f64[1022]{0} %get-tuple-element.6623, f64[1022]{0} %get-tuple-element.6629, s64[] %get-tuple-element.6622), kind=kLoop, calls=%fused_multiply.12","jit(evolve_background)/while/body/closed_call/mul:","1021.0","1735.322","1.6996297747306561","1735.322","1.6996297747306561","0.06553685637893307","16.26824082188272","0.0","0.07119197474589731","0.07119197474589731","0.017534596552015655","0.017534596552015655","0.0","0.0","3.78125","HBM","No","No","No","<div class='source-info-cell' title='/home/user/git/DISCO-EB/src/discoeb/spline_interpolation.py:79:52
/home/user/git/DISCO-EB/src/discoeb/spline_interpolation.py:82:25
/home/user/git/DISCO-EB/src/discoeb/background.py:248:40
/home/user/git/DISCO-EB/scripts/profile_background.py:38:0
'>/home/user/git/DISCO-EB/src/discoeb/spline_interpolation.py:79</div>"
"77.0","5","loop fusion","loop_multiply_fusion.6","%loop_multiply_fusion.6 = f64[1]{0} fusion(f64[1022]{0} %get-tuple-element.6458, f64[1022]{0} %get-tuple-element.6464, s64[] %get-tuple-element.6457), kind=kLoop, calls=%fused_multiply.6","jit(evolve_background)/while/body/closed_call/mul:","1021.0","1735.26","1.6995690499510283","1735.26","1.6995690499510283","0.06553451486243325","16.333775336745155","0.0","0.07119451840070076","0.07119451840070076","0.01753522305466438","0.01753522305466438","0.0","0.0","3.78125","HBM","No","No","No","<div class='source-info-cell' title='/home/user/git/DISCO-EB/src/discoeb/spline_interpolation.py:79:52
/home/user/git/DISCO-EB/src/discoeb/spline_interpolation.py:82:25
/home/user/git/DISCO-EB/src/discoeb/background.py:248:40
/home/user/git/DISCO-EB/scripts/profile_background.py:38:0
'>/home/user/git/DISCO-EB/src/discoeb/spline_interpolation.py:79</div>"
"78.0","5","loop fusion","loop_dynamic_update_slice_fusion.52","%loop_dynamic_update_slice_fusion.52 = f64[1022]{0} fusion(f64[1022]{0} %get-tuple-element.6623, f64[1]{0} %loop_multiply_fusion.12, f64[1022]{0} %get-tuple-element.6628, s64[] %get-tuple-element.6622), kind=kLoop, calls=%fused_dynamic_update_slice.52, control-predecessors={%loop_multiply_fusion.12}","jit(evolve_background)/while/body/closed_call/scatter:","1021.0","1734.383","1.6987100881488737","1734.383","1.6987100881488737","0.0655013937338794","16.399276730479034","0.0","0.09772120690758615","0.09772120690758615","0.02193011229197711","0.02193011229197711","0.0","0.0","4.15","HBM","No","No","No","<div class='source-info-cell' title='/home/user/git/DISCO-EB/src/discoeb/spline_interpolation.py:79:24
/home/user/git/DISCO-EB/src/discoeb/spline_interpolation.py:82:25
/home/user/git/DISCO-EB/src/discoeb/background.py:248:40
/home/user/git/DISCO-EB/scripts/profile_background.py:38:0
'>/home/user/git/DISCO-EB/src/discoeb/spline_interpolation.py:79</div>"
"79.0","5","loop fusion","loop_dynamic_update_slice_fusion.51","%loop_dynamic_update_slice_fusion.51 = f64[1022]{0} fusion(f64[1022]{0} %get-tuple-element.6524, f64[1]{0} %loop_multiply_fusion.11, f64[1022]{0} %get-tuple-element.6529, s64[] %get-tuple-element.6523), kind=kLoop, calls=%fused_dynamic_update_slice.51, control-predecessors={%loop_multiply_fusion.11}","jit(evolve_background)/while/body/closed_call/scatter:","1021.0","1734.253","1.6985827619980411","1734.253","1.6985827619980411","0.06549648410250881","16.464773214581545","0.0","0.09772853211152006","0.09772853211152006","0.02193175617819092","0.02193175617819092","0.0","0.0","4.15","HBM","No","No","No","<div class='source-info-cell' title='/home/user/git/DISCO-EB/src/discoeb/spline_interpolation.py:79:24
/home/user/git/DISCO-EB/src/discoeb/spline_interpolation.py:82:25
/home/user/git/DISCO-EB/src/discoeb/background.py:248:40
/home/user/git/DISCO-EB/scripts/profile_background.py:38:0
'>/home/user/git/DISCO-EB/src/discoeb/spline_interpolation.py:79</div>"
"80.0","5","loop fusion","loop_multiply_fusion.8","%loop_multiply_fusion.8 = f64[1]{0} fusion(f64[1022]{0} %get-tuple-element.6557, f64[1022]{0} %get-tuple-element.6563, s64[] %get-tuple-element.6556), kind=kLoop, calls=%fused_multiply.8","jit(evolve_background)/while/body/closed_call/mul:","1021.0","1733.38","1.6977277179236043","1733.38","1.6977277179236043","0.06546351403953561","16.530236728621077","0.0","0.07127173499175023","0.07127173499175023","0.017554241515326655","0.017554241515326655","0.0","0.0","3.78125","HBM","No","No","No","<div class='source-info-cell' title='/home/user/git/DISCO-EB/src/discoeb/spline_interpolation.py:79:52
/home/user/git/DISCO-EB/src/discoeb/spline_interpolation.py:82:25
/home/user/git/DISCO-EB/src/discoeb/background.py:248:40
/home/user/git/DISCO-EB/scripts/profile_background.py:38:0
'>/home/user/git/DISCO-EB/src/discoeb/spline_interpolation.py:79</div>"
"81.0","5","loop fusion","loop_multiply_fusion.10","%loop_multiply_fusion.10 = f64[1]{0} fusion(f64[1022]{0} %get-tuple-element.6491, f64[1022]{0} %get-tuple-element.6497, s64[] %get-tuple-element.6490), kind=kLoop, calls=%fused_multiply.10","jit(evolve_background)/while/body/closed_call/mul:","1021.0","1731.837","1.6962164544564153","1731.837","1.6962164544564153","0.06540524049180632","16.595641969112883","0.0","0.07133523535990974","0.07133523535990974","0.017569881667753324","0.017569881667753324","0.0","0.0","3.78125","HBM","No","No","No","<div class='source-info-cell' title='/home/user/git/DISCO-EB/src/discoeb/spline_interpolation.py:79:52
/home/user/git/DISCO-EB/src/discoeb/spline_interpolation.py:82:25
/home/user/git/DISCO-EB/src/discoeb/background.py:248:40
/home/user/git/DISCO-EB/scripts/profile_background.py:38:0
'>/home/user/git/DISCO-EB/src/discoeb/spline_interpolation.py:79</div>"
"82.0","5","loop fusion","loop_multiply_fusion.11","%loop_multiply_fusion.11 = f64[1]{0} fusion(f64[1022]{0} %get-tuple-element.6524, f64[1022]{0} %get-tuple-element.6530, s64[] %get-tuple-element.6523), kind=kLoop, calls=%fused_multiply.11","jit(evolve_background)/while/body/closed_call/mul:","1021.0","1731.655","1.6960381978452497","1731.655","1.6960381978452497","0.0653983670078875","16.661040336120774","0.0","0.07134273281918165","0.07134273281918165","0.017571728293359193","0.017571728293359193","0.0","0.0","3.78125","HBM","No","No","No","<div class='source-info-cell' title='/home/user/git/DISCO-EB/src/discoeb/spline_interpolation.py:79:52
/home/user/git/DISCO-EB/src/discoeb/spline_interpolation.py:82:25
/home/user/git/DISCO-EB/src/discoeb/background.py:248:40
/home/user/git/DISCO-EB/scripts/profile_background.py:38:0
'>/home/user/git/DISCO-EB/src/discoeb/spline_interpolation.py:79</div>"
"83.0","5","loop fusion","loop_dynamic_update_slice_fusion.50","%loop_dynamic_update_slice_fusion.50 = f64[1022]{0} fusion(f64[1022]{0} %get-tuple-element.6491, f64[1]{0} %loop_multiply_fusion.10, f64[1022]{0} %get-tuple-element.6496, s64[] %get-tuple-element.6490), kind=kLoop, calls=%fused_dynamic_update_slice.50, control-predecessors={%loop_multiply_fusion.10}","jit(evolve_background)/while/body/closed_call/scatter:","1021.0","1730.24","1.6946523016650343","1730.24","1.6946523016650343","0.06534492755873847","16.72638526367951","0.0","0.09795519696689477","0.09795519696689477","0.021982623189439696","0.021982623189439696","0.0","0.0","4.15","HBM","No","No","No","<div class='source-info-cell' title='/home/user/git/DISCO-EB/src/discoeb/spline_interpolation.py:79:24
/home/user/git/DISCO-EB/src/discoeb/spline_interpolation.py:82:25
/home/user/git/DISCO-EB/src/discoeb/background.py:248:40
/home/user/git/DISCO-EB/scripts/profile_background.py:38:0
'>/home/user/git/DISCO-EB/src/discoeb/spline_interpolation.py:79</div>"
"84.0","5","loop fusion","loop_dynamic_update_slice_fusion.46","%loop_dynamic_update_slice_fusion.46 = f64[1022]{0} fusion(f64[1022]{0} %get-tuple-element.6458, f64[1]{0} %loop_multiply_fusion.6, f64[1022]{0} %get-tuple-element.6463, s64[] %get-tuple-element.6457), kind=kLoop, calls=%fused_dynamic_update_slice.46, control-predecessors={%loop_multiply_fusion.6}","jit(evolve_background)/while/body/closed_call/scatter:","1021.0","1729.65","1.6940744368266407","1729.65","1.6940744368266407","0.06532264538559507","16.791707909065106","0.0","0.0979886104125112","0.0979886104125112","0.021990121670451328","0.021990121670451328","0.0","0.0","4.15","HBM","No","No","No","<div class='source-info-cell' title='/home/user/git/DISCO-EB/src/discoeb/spline_interpolation.py:79:24
/home/user/git/DISCO-EB/src/discoeb/spline_interpolation.py:82:25
/home/user/git/DISCO-EB/src/discoeb/background.py:248:40
/home/user/git/DISCO-EB/scripts/profile_background.py:38:0
'>/home/user/git/DISCO-EB/src/discoeb/spline_interpolation.py:79</div>"
"85.0","5","conditional","cond.11.clone","%cond.11.clone = (f64[6]{0}) conditional(pred[] %get-tuple-element.683.0, (f64[], f64[], f64[], f64[], f64[6]{0}, /*index=5*/f64[], f64[], f64[], s64[], f64[], /*index=10*/f64[], f64[], f64[], f64[], f64[], /*index=15*/f64[], f64[], f64[512]{0}, f64[512]{0}, f64[512]{0}, /*index=20*/f64[], f64[], f64[], f64[], f64[]) %cond.10.0, (f64[], f64[6]{0}, f64[], f64[], f64[], /*index=5*/s64[], f64[], f64[], f64[], f64[], /*index=10*/f64[], f64[], f64[], f64[], f64[], /*index=15*/f64[512]{0}, f64[512]{0}, f64[512]{0}, f64[], f64[], /*index=20*/f64[], f64[]) %cond.9.0), true_computation=%region_70.153, false_computation=%region_64.150","jit(evolve_background)/jit(evaluate_thermo)/while/body/closed_call/cond/branch_0_fun/cond/branch_0_fun/cond:","907.0","1715.451","1.8913461962513782","1715.451","1.8913461962513782","0.06478640034074203","16.856494309405846","0.0","793.8800432072965","793.8800432072965","3.3099970586945813","0.2979095835332076","0.0","0.0","223.37131806010117","Compute","No","No","No","<div class='source-info-cell' title='/home/user/git/DISCO-EB/src/discoeb/thermodynamics_recfast.py:440:14
/home/user/git/DISCO-EB/src/discoeb/thermodynamics_recfast.py:452:12
/home/user/git/DISCO-EB/src/discoeb/thermodynamics_recfast.py:461:11
/home/user/git/DISCO-EB/src/discoeb/background.py:237:82
/home/user/git/DISCO-EB/scripts/profile_background.py:38:0
'>/home/user/git/DISCO-EB/src/discoeb/thermodynamics_recfast.py:440</div>"
"86.0","5","loop fusion","wrapped_log.1","%wrapped_log.1 = f64[] fusion(f64[] %get-tuple-element.613.0), kind=kLoop, calls=%wrapped_log_computation.1","jit(evolve_background)/jit(evaluate_thermo)/while/body/closed_call/cond/branch_0_fun/cond/branch_0_fun/cond/branch_0_fun/log:","877.0","1682.375","1.9183295324971494","1682.375","1.9183295324971494","0.06353723905448529","16.920031548460333","0.0","0.3169424177130545","0.3169424177130545","0.007767779696562535","0.007767779696562535","0.0","0.0","38.0","HBM","No","No","No","<div class='source-info-cell' title='/home/user/git/DISCO-EB/src/discoeb/thermodynamics_recfast.py:440:14
/home/user/git/DISCO-EB/src/discoeb/thermodynamics_recfast.py:452:12
/home/user/git/DISCO-EB/src/discoeb/thermodynamics_recfast.py:461:11
/home/user/git/DISCO-EB/src/discoeb/background.py:237:82
/home/user/git/DISCO-EB/scripts/profile_background.py:38:0
'>/home/user/git/DISCO-EB/src/discoeb/thermodynamics_recfast.py:440</div>"
"87.0","5","conditional","cond.7.clone","%cond.7.clone = (f64[]) conditional(pred[] %get-tuple-element.5503, () %cond.4.0, (f64[]) %tuple.214.0), true_computation=%region_66.118, false_computation=%region_65.117","jit(evolve_background)/jit(evaluate_thermo)/while/body/closed_call/cond/branch_0_fun/cond/branch_0_fun/cond/branch_0_fun/jit(diffeqsolve)/jit(branched_error_if_impl)/cond:","877.0","1663.556","1.8968711516533638","1663.556","1.8968711516533638","0.0628265132640008","16.982858061724333","0.0","11088742473177.668","11088742473177.668","0.011783479215912534","0.003927826405304178","0.0","0.0","876413154395170.5","Compute","No","No","No","<div class='source-info-cell' title='/home/user/git/DISCO-EB/.venv/lib/python3.12/site-packages/equinox/_ad.py:819:15
/home/user/git/DISCO-EB/.venv/lib/python3.12/site-packages/equinox/_errors.py:342:16
/home/user/git/DISCO-EB/.venv/lib/python3.12/site-packages/equinox/_jit.py:55:14
/home/user/git/DISCO-EB/.venv/lib/python3.12/site-packages/equinox/_jit.py:263:37
/home/user/git/DISCO-EB/.venv/lib/python3.12/site-packages/equinox/_jit.py:209:19
/home/user/git/DISCO-EB/.venv/lib/python3.12/site-packages/equinox/_errors.py:271:15
/home/user/git/DISCO-EB/.venv/lib/python3.12/site-packages/equinox/_errors.py:250:11
/home/user/git/DISCO-EB/.venv/lib/python3.12/site-packages/diffrax/_integrate.py:1034:14
/home/user/git/DISCO-EB/.venv/lib/python3.12/site-packages/equinox/_jit.py:55:14
/home/user/git/DISCO-EB/.venv/lib/python3.12/site-packages/equinox/_jit.py:263:37
'>/home/user/git/DISCO-EB/.venv/lib/python3.12/site-packages/equinox/_ad.py:819</div>"
"88.0","5","loop fusion","loop_dynamic_update_slice_fusion.3","%loop_dynamic_update_slice_fusion.3 = f64[1024]{0} fusion(f64[1024]{0} %get-tuple-element.6345, s64[] %get-tuple-element.6343, f64[] %loop_select_fusion.3), kind=kLoop, calls=%fused_dynamic_update_slice.3","jit(evolve_background)/while/body/dynamic_update_slice:","1024.0","1597.641","1.5601962890625","1597.641","1.5601962890625","0.060337141327139875","17.04319520305147","0.0","0.0","0.0","0.014326236991758473","0.014326236991758473","0.0","0.0","0.0","HBM","No","No","No","<div class='source-info-cell' title='/home/user/git/DISCO-EB/src/discoeb/spline_interpolation.py:40:15
/home/user/git/DISCO-EB/src/discoeb/background.py:248:40
/home/user/git/DISCO-EB/scripts/profile_background.py:38:0
'>/home/user/git/DISCO-EB/src/discoeb/spline_interpolation.py:40</div>"
"89.0","5","loop fusion","loop_dynamic_update_slice_fusion.17","%loop_dynamic_update_slice_fusion.17 = f64[1024]{0} fusion(f64[1024]{0} %get-tuple-element.6261, s64[] %get-tuple-element.6259, f64[] %loop_select_fusion.16), kind=kLoop, calls=%fused_dynamic_update_slice.17","jit(evolve_background)/while/body/dynamic_update_slice:","1024.0","1593.191","1.5558505859375","1593.191","1.5558505859375","0.060169080868685325","17.103364283920158","0.0","0.0","0.0","0.01436625212780514","0.01436625212780514","0.0","0.0","0.0","HBM","No","No","No","<div class='source-info-cell' title='/home/user/git/DISCO-EB/src/discoeb/spline_interpolation.py:39:15
/home/user/git/DISCO-EB/src/discoeb/background.py:248:40
/home/user/git/DISCO-EB/scripts/profile_background.py:38:0
'>/home/user/git/DISCO-EB/src/discoeb/spline_interpolation.py:39</div>"
"90.0","5","loop fusion","loop_dynamic_update_slice_fusion.15","%loop_dynamic_update_slice_fusion.15 = f64[1024]{0} fusion(f64[1024]{0} %get-tuple-element.6249, s64[] %get-tuple-element.6247, f64[] %loop_select_fusion.14), kind=kLoop, calls=%fused_dynamic_update_slice.15","jit(evolve_background)/while/body/dynamic_update_slice:","1024.0","1593.092","1.55575390625","1593.092","1.55575390625","0.06016534199556466","17.16352962591572","0.0","0.0","0.0","0.014367144894174346","0.014367144894174346","0.0","0.0","0.0","HBM","No","No","No","<div class='source-info-cell' title='/home/user/git/DISCO-EB/src/discoeb/spline_interpolation.py:39:15
/home/user/git/DISCO-EB/src/discoeb/background.py:248:40
/home/user/git/DISCO-EB/scripts/profile_background.py:38:0
'>/home/user/git/DISCO-EB/src/discoeb/spline_interpolation.py:39</div>"
"91.0","5","loop fusion","loop_dynamic_update_slice_fusion.16","%loop_dynamic_update_slice_fusion.16 = f64[1024]{0} fusion(f64[1024]{0} %get-tuple-element.6285, s64[] %get-tuple-element.6283, f64[] %loop_select_fusion.15), kind=kLoop, calls=%fused_dynamic_update_slice.16","jit(evolve_background)/while/body/dynamic_update_slice:","1024.0","1592.598","1.555271484375","1592.598","1.555271484375","0.06014668539635644","17.22367631131208","0.0","0.0","0.0","0.01437160136691745","0.01437160136691745","0.0","0.0","0.0","HBM","No","No","No","<div class='source-info-cell' title='/home/user/git/DISCO-EB/src/discoeb/spline_interpolation.py:39:15
/home/user/git/DISCO-EB/src/discoeb/background.py:248:40
/home/user/git/DISCO-EB/scripts/profile_background.py:38:0
'>/home/user/git/DISCO-EB/src/discoeb/spline_interpolation.py:39</div>"
"92.0","5","loop fusion","loop_dynamic_update_slice_fusion.19","%loop_dynamic_update_slice_fusion.19 = f64[1024]{0} fusion(f64[1024]{0} %get-tuple-element.6225, s64[] %get-tuple-element.6223, f64[] %loop_select_fusion.18), kind=kLoop, calls=%fused_dynamic_update_slice.19","jit(evolve_background)/while/body/dynamic_update_slice:","1024.0","1592.518","1.555193359375","1592.518","1.555193359375","0.06014366408474378","17.28381997539682","0.0","0.0","0.0","0.014372323323033082","0.014372323323033082","0.0","0.0","0.0","HBM","No","No","No","<div class='source-info-cell' title='/home/user/git/DISCO-EB/src/discoeb/spline_interpolation.py:40:15
/home/user/git/DISCO-EB/src/discoeb/background.py:248:40
/home/user/git/DISCO-EB/scripts/profile_background.py:38:0
'>/home/user/git/DISCO-EB/src/discoeb/spline_interpolation.py:40</div>"
"93.0","5","loop fusion","loop_dynamic_update_slice_fusion.18","%loop_dynamic_update_slice_fusion.18 = f64[1024]{0} fusion(f64[1024]{0} %get-tuple-element.6426, s64[] %get-tuple-element.6424, f64[] %loop_select_fusion.17), kind=kLoop, calls=%fused_dynamic_update_slice.18","jit(evolve_background)/while/body/dynamic_update_slice:","1024.0","1592.296","1.5549765625","1592.296","1.5549765625","0.060135279945018626","17.343955255341843","0.0","0.0","0.0","0.014374327131230625","0.014374327131230625","0.0","0.0","0.0","HBM","No","No","No","<div class='source-info-cell' title='/home/user/git/DISCO-EB/src/discoeb/spline_interpolation.py:39:15
/home/user/git/DISCO-EB/src/discoeb/background.py:248:40
/home/user/git/DISCO-EB/scripts/profile_background.py:38:0
'>/home/user/git/DISCO-EB/src/discoeb/spline_interpolation.py:39</div>"
"94.0","5","loop fusion","loop_dynamic_update_slice_fusion.20","%loop_dynamic_update_slice_fusion.20 = f64[1024]{0} fusion(f64[1024]{0} %get-tuple-element.6273, s64[] %get-tuple-element.6271, f64[] %loop_select_fusion.19), kind=kLoop, calls=%fused_dynamic_update_slice.20","jit(evolve_background)/while/body/dynamic_update_slice:","1024.0","1591.824","1.554515625","1591.824","1.554515625","0.0601174542065039","17.404072709548345","0.0","0.0","0.0","0.01437858933760893","0.01437858933760893","0.0","0.0","0.0","HBM","No","No","No","<div class='source-info-cell' title='/home/user/git/DISCO-EB/src/discoeb/spline_interpolation.py:40:15
/home/user/git/DISCO-EB/src/discoeb/background.py:248:40
/home/user/git/DISCO-EB/scripts/profile_background.py:38:0
'>/home/user/git/DISCO-EB/src/discoeb/spline_interpolation.py:40</div>"
"95.0","5","loop fusion","loop_dynamic_update_slice_fusion.14","%loop_dynamic_update_slice_fusion.14 = f64[1024]{0} fusion(f64[1024]{0} %get-tuple-element.6237, s64[] %get-tuple-element.6235, f64[] %loop_select_fusion.13), kind=kLoop, calls=%fused_dynamic_update_slice.14","jit(evolve_background)/while/body/dynamic_update_slice:","1024.0","1581.233","1.5441728515625","1581.233","1.5441728515625","0.05971747031538209","17.46379017986373","0.0","0.0","0.0","0.014474896232085971","0.014474896232085971","0.0","0.0","0.0","HBM","No","No","No","<div class='source-info-cell' title='/home/user/git/DISCO-EB/src/discoeb/spline_interpolation.py:39:15
/home/user/git/DISCO-EB/src/discoeb/background.py:248:40
/home/user/git/DISCO-EB/scripts/profile_background.py:38:0
'>/home/user/git/DISCO-EB/src/discoeb/spline_interpolation.py:39</div>"
"96.0","5","loop fusion","loop_dynamic_update_slice_fusion.2","%loop_dynamic_update_slice_fusion.2 = f64[1024]{0} fusion(f64[1024]{0} %get-tuple-element.6357, s64[] %get-tuple-element.6355, f64[] %loop_select_fusion.2), kind=kLoop, calls=%fused_dynamic_update_slice.2","jit(evolve_background)/while/body/dynamic_update_slice:","1024.0","1579.538","1.542517578125","1579.538","1.542517578125","0.05965345627558874","17.523443636139316","0.0","0.0","0.0","0.014490429222817052","0.014490429222817052","0.0","0.0","0.0","HBM","No","No","No","<div class='source-info-cell' title='/home/user/git/DISCO-EB/src/discoeb/spline_interpolation.py:39:15
/home/user/git/DISCO-EB/src/discoeb/background.py:248:40
/home/user/git/DISCO-EB/scripts/profile_background.py:38:0
'>/home/user/git/DISCO-EB/src/discoeb/spline_interpolation.py:39</div>"
"97.0","5","loop fusion","loop_abs_compare_fusion","%loop_abs_compare_fusion = (pred[], f64[]) fusion(f64[] %get-tuple-element.613.0, f64[] %get-tuple-element.611.0), kind=kLoop, calls=%fused_abs_compare","jit(evolve_background)/jit(evaluate_thermo)/while/body/closed_call/cond/branch_0_fun/cond/branch_0_fun/cond/branch_0_fun/jit(diffeqsolve)/lt:","877.0","1525.889","1.7398962371721778","1525.889","1.7398962371721778","0.05762732694173981","17.581070963081054","0.0","0.17069983465376576","0.17069983465376576","0.013381869486210573","0.013381869486210573","0.0","0.0","11.88","HBM","No","No","No","<div class='source-info-cell' title='/home/user/git/DISCO-EB/.venv/lib/python3.12/site-packages/diffrax/_integrate.py:1033:19
/home/user/git/DISCO-EB/.venv/lib/python3.12/site-packages/equinox/_jit.py:55:14
/home/user/git/DISCO-EB/.venv/lib/python3.12/site-packages/equinox/_jit.py:263:37
/home/user/git/DISCO-EB/.venv/lib/python3.12/site-packages/equinox/_jit.py:209:19
/home/user/git/DISCO-EB/src/discoeb/thermodynamics_recfast.py:284:7
/home/user/git/DISCO-EB/src/discoeb/thermodynamics_recfast.py:432:14
/home/user/git/DISCO-EB/src/discoeb/thermodynamics_recfast.py:446:16
/home/user/git/DISCO-EB/src/discoeb/thermodynamics_recfast.py:443:14
/home/user/git/DISCO-EB/src/discoeb/thermodynamics_recfast.py:440:14
/home/user/git/DISCO-EB/src/discoeb/thermodynamics_recfast.py:452:12
'>/home/user/git/DISCO-EB/.venv/lib/python3.12/site-packages/diffrax/_integrate.py:1033</div>"
"98.0","5","data formatting","copy.366","%copy.366 = s64[] copy(s64[] %get-tuple-element.6370)","jit(evolve_background)/while/body/closed_call/sub:","1021.0","1500.327","1.469468168462292","1500.327","1.469468168462292","0.05666194234870273","17.637732905429758","0.0","0.0","0.0","0.01014051308742591","0.01014051308742591","0.0","0.0","0.0","HBM","No","No","No","<div class='source-info-cell' title='/home/user/git/DISCO-EB/src/discoeb/spline_interpolation.py:66:46
/home/user/git/DISCO-EB/src/discoeb/spline_interpolation.py:71:21
/home/user/git/DISCO-EB/src/discoeb/background.py:248:40
/home/user/git/DISCO-EB/scripts/profile_background.py:38:0
'>/home/user/git/DISCO-EB/src/discoeb/spline_interpolation.py:66</div>"
"99.0","5","data formatting","copy.324","%copy.324 = s64[] copy(s64[] %get-tuple-element.6298)","jit(evolve_background)/while/body/closed_call/sub:","1021.0","1497.602","1.4667992164544565","1497.602","1.4667992164544565","0.05655902892189631","17.694291934351654","0.0","0.0","0.0","0.0101589645172205","0.0101589645172205","0.0","0.0","0.0","HBM","No","No","No","<div class='source-info-cell' title='/home/user/git/DISCO-EB/src/discoeb/spline_interpolation.py:66:46
/home/user/git/DISCO-EB/src/discoeb/spline_interpolation.py:71:21
/home/user/git/DISCO-EB/src/discoeb/background.py:248:40
/home/user/git/DISCO-EB/scripts/profile_background.py:38:0
'>/home/user/git/DISCO-EB/src/discoeb/spline_interpolation.py:66</div>"
"100.0","5","data formatting","copy.483","%copy.483 = s64[] copy(s64[] %get-tuple-element.6604)","jit(evolve_background)/while/body/closed_call/sub:","1021.0","1494.877","1.464130264446621","1494.877","1.464130264446621","0.056456115495089866","17.75074804984674","0.0","0.0","0.0","0.010177483216959292","0.010177483216959292","0.0","0.0","0.0","HBM","No","No","No","<div class='source-info-cell' title='/home/user/git/DISCO-EB/src/discoeb/spline_interpolation.py:66:46
/home/user/git/DISCO-EB/src/discoeb/spline_interpolation.py:71:21
/home/user/git/DISCO-EB/src/discoeb/background.py:248:40
/home/user/git/DISCO-EB/scripts/profile_background.py:38:0
'>/home/user/git/DISCO-EB/src/discoeb/spline_interpolation.py:66</div>"
"101.0","5","data formatting","copy.453","%copy.453 = s64[] copy(s64[] %get-tuple-element.6538)","jit(evolve_background)/while/body/closed_call/sub:","1021.0","1492.055","1.4613663075416259","1492.055","1.4613663075416259","0.056349538727953084","17.807097588574695","0.0","0.0","0.0","0.010196732411954288","0.010196732411954288","0.0","0.0","0.0","HBM","No","No","No","<div class='source-info-cell' title='/home/user/git/DISCO-EB/src/discoeb/spline_interpolation.py:66:46
/home/user/git/DISCO-EB/src/discoeb/spline_interpolation.py:71:21
/home/user/git/DISCO-EB/src/discoeb/background.py:248:40
/home/user/git/DISCO-EB/scripts/profile_background.py:38:0
'>/home/user/git/DISCO-EB/src/discoeb/spline_interpolation.py:66</div>"
"102.0","5","loop fusion","loop_add_fusion.23","%loop_add_fusion.23 = s64[] fusion(s64[] %get-tuple-element.6223), kind=kLoop, calls=%fused_add.23, control-predecessors={%loop_select_fusion.18, %loop_dynamic_update_slice_fusion.19}","jit(evolve_background)/while/body/add:","1024.0","1486.12","1.4512890625","1486.12","1.4512890625","0.05612539517268842","17.863222983747384","0.0","0.0020671278227868545","0.0020671278227868545","0.010267534965211421","0.010267534965211421","0.0","0.0","0.1875","HBM","No","No","No","<div class='source-info-cell' title='/home/user/git/DISCO-EB/src/discoeb/spline_interpolation.py:40:15
/home/user/git/DISCO-EB/src/discoeb/background.py:248:40
/home/user/git/DISCO-EB/scripts/profile_background.py:38:0
'>/home/user/git/DISCO-EB/src/discoeb/spline_interpolation.py:40</div>"
"103.0","5","data formatting","copy.438","%copy.438 = s64[] copy(s64[] %get-tuple-element.6505)","jit(evolve_background)/while/body/closed_call/sub:","1021.0","1486.113","1.4555465230166504","1486.113","1.4555465230166504","0.05612513080792232","17.919348114555305","0.0","0.0","0.0","0.010237502517586788","0.010237502517586788","0.0","0.0","0.0","HBM","No","No","No","<div class='source-info-cell' title='/home/user/git/DISCO-EB/src/discoeb/spline_interpolation.py:66:46
/home/user/git/DISCO-EB/src/discoeb/spline_interpolation.py:71:21
/home/user/git/DISCO-EB/src/discoeb/background.py:248:40
/home/user/git/DISCO-EB/scripts/profile_background.py:38:0
'>/home/user/git/DISCO-EB/src/discoeb/spline_interpolation.py:66</div>"
"104.0","5","data formatting","copy.468","%copy.468 = s64[] copy(s64[] %get-tuple-element.6571)","jit(evolve_background)/while/body/closed_call/sub:","1021.0","1485.856","1.4552948090107738","1485.856","1.4552948090107738","0.05611542484436663","17.975463539399673","0.0","0.0","0.0","0.010239273239747632","0.010239273239747632","0.0","0.0","0.0","HBM","No","No","No","<div class='source-info-cell' title='/home/user/git/DISCO-EB/src/discoeb/spline_interpolation.py:66:46
/home/user/git/DISCO-EB/src/discoeb/spline_interpolation.py:71:21
/home/user/git/DISCO-EB/src/discoeb/background.py:248:40
/home/user/git/DISCO-EB/scripts/profile_background.py:38:0
'>/home/user/git/DISCO-EB/src/discoeb/spline_interpolation.py:66</div>"
"105.0","5","data formatting","copy.423","%copy.423 = s64[] copy(s64[] %get-tuple-element.6472)","jit(evolve_background)/while/body/closed_call/sub:","1021.0","1485.831","1.4552703232125366","1485.831","1.4552703232125366","0.05611448068448767","18.03157802008416","0.0","0.0","0.0","0.01023944552167673","0.01023944552167673","0.0","0.0","0.0","HBM","No","No","No","<div class='source-info-cell' title='/home/user/git/DISCO-EB/src/discoeb/spline_interpolation.py:66:46
/home/user/git/DISCO-EB/src/discoeb/spline_interpolation.py:71:21
/home/user/git/DISCO-EB/src/discoeb/background.py:248:40
/home/user/git/DISCO-EB/scripts/profile_background.py:38:0
'>/home/user/git/DISCO-EB/src/discoeb/spline_interpolation.py:66</div>"
"106.0","5","loop fusion","loop_add_fusion.22","%loop_add_fusion.22 = s64[] fusion(s64[] %get-tuple-element.6424), kind=kLoop, calls=%fused_add.22, control-predecessors={%loop_select_fusion.17, %loop_dynamic_update_slice_fusion.18}","jit(evolve_background)/while/body/add:","1024.0","1485.689","1.4508681640625","1485.689","1.4508681640625","0.056109117856375186","18.087687137940538","0.0","0.002067727498823778","0.002067727498823778","0.010270513588308185","0.010270513588308185","0.0","0.0","0.1875","HBM","No","No","No","<div class='source-info-cell' title='/home/user/git/DISCO-EB/src/discoeb/spline_interpolation.py:39:15
/home/user/git/DISCO-EB/src/discoeb/background.py:248:40
/home/user/git/DISCO-EB/scripts/profile_background.py:38:0
'>/home/user/git/DISCO-EB/src/discoeb/spline_interpolation.py:39</div>"
"107.0","5","data formatting","copy.408","%copy.408 = s64[] copy(s64[] %get-tuple-element.6439)","jit(evolve_background)/while/body/closed_call/sub:","1021.0","1485.684","1.455126346718903","1485.684","1.455126346718903","0.056108929024399394","18.143796066964935","0.0","0.0","0.0","0.010240458656698502","0.010240458656698502","0.0","0.0","0.0","HBM","No","No","No","<div class='source-info-cell' title='/home/user/git/DISCO-EB/src/discoeb/spline_interpolation.py:66:46
/home/user/git/DISCO-EB/src/discoeb/spline_interpolation.py:71:21
/home/user/git/DISCO-EB/src/discoeb/background.py:248:40
/home/user/git/DISCO-EB/scripts/profile_background.py:38:0
'>/home/user/git/DISCO-EB/src/discoeb/spline_interpolation.py:66</div>"
"108.0","5","loop fusion","loop_add_fusion.18","%loop_add_fusion.18 = s64[] fusion(s64[] %get-tuple-element.6235), kind=kLoop, calls=%fused_add.18, control-predecessors={%loop_select_fusion.13, %loop_dynamic_update_slice_fusion.14}","jit(evolve_background)/while/body/add:","1024.0","1485.651","1.4508310546875","1485.651","1.4508310546875","0.05610768273335917","18.199903749698294","0.0","0.0020677803871838","0.0020677803871838","0.010270776287634176","0.010270776287634176","0.0","0.0","0.1875","HBM","No","No","No","<div class='source-info-cell' title='/home/user/git/DISCO-EB/src/discoeb/spline_interpolation.py:39:15
/home/user/git/DISCO-EB/src/discoeb/background.py:248:40
/home/user/git/DISCO-EB/scripts/profile_background.py:38:0
'>/home/user/git/DISCO-EB/src/discoeb/spline_interpolation.py:39</div>"
"109.0","5","loop fusion","loop_add_fusion.24","%loop_add_fusion.24 = s64[] fusion(s64[] %get-tuple-element.6271), kind=kLoop, calls=%fused_add.24, control-predecessors={%loop_select_fusion.19, %loop_dynamic_update_slice_fusion.20}","jit(evolve_background)/while/body/add:","1024.0","1485.441","1.4506259765625","1485.441","1.4506259765625","0.05609975179037592","18.256003501488667","0.0","0.002068072713759752","0.002068072713759752","0.010272228289444008","0.010272228289444008","0.0","0.0","0.1875","HBM","No","No","No","<div class='source-info-cell' title='/home/user/git/DISCO-EB/src/discoeb/spline_interpolation.py:40:15
/home/user/git/DISCO-EB/src/discoeb/background.py:248:40
/home/user/git/DISCO-EB/scripts/profile_background.py:38:0
'>/home/user/git/DISCO-EB/src/discoeb/spline_interpolation.py:40</div>"
"110.0","5","loop fusion","loop_add_fusion.19","%loop_add_fusion.19 = s64[] fusion(s64[] %get-tuple-element.6247), kind=kLoop, calls=%fused_add.19, control-predecessors={%loop_select_fusion.14, %loop_dynamic_update_slice_fusion.15}","jit(evolve_background)/while/body/add:","1024.0","1484.152","1.4493671875","1484.152","1.4493671875","0.056051070907016845","18.312054572395688","0.0","0.002069868854403053","0.002069868854403053","0.010281149816528225","0.010281149816528225","0.0","0.0","0.1875","HBM","No","No","No","<div class='source-info-cell' title='/home/user/git/DISCO-EB/src/discoeb/spline_interpolation.py:39:15
/home/user/git/DISCO-EB/src/discoeb/background.py:248:40
/home/user/git/DISCO-EB/scripts/profile_background.py:38:0
'>/home/user/git/DISCO-EB/src/discoeb/spline_interpolation.py:39</div>"
"111.0","5","loop fusion","loop_add_fusion.20","%loop_add_fusion.20 = s64[] fusion(s64[] %get-tuple-element.6283), kind=kLoop, calls=%fused_add.20, control-predecessors={%loop_select_fusion.15, %loop_dynamic_update_slice_fusion.16}","jit(evolve_background)/while/body/add:","1024.0","1481.739","1.4470107421875","1481.739","1.4470107421875","0.05595994059549981","18.368014512991184","0.0","0.002073239619123206","0.002073239619123206","0.010297892586008736","0.010297892586008736","0.0","0.0","0.1875","HBM","No","No","No","<div class='source-info-cell' title='/home/user/git/DISCO-EB/src/discoeb/spline_interpolation.py:39:15
/home/user/git/DISCO-EB/src/discoeb/background.py:248:40
/home/user/git/DISCO-EB/scripts/profile_background.py:38:0
'>/home/user/git/DISCO-EB/src/discoeb/spline_interpolation.py:39</div>"
"112.0","5","loop fusion","loop_add_fusion.21","%loop_add_fusion.21 = s64[] fusion(s64[] %get-tuple-element.6259), kind=kLoop, calls=%fused_add.21, control-predecessors={%loop_select_fusion.16, %loop_dynamic_update_slice_fusion.17}","jit(evolve_background)/while/body/add:","1024.0","1480.901","1.4461923828125","1480.901","1.4461923828125","0.055928292356357136","18.423942805347544","0.0","0.0020744128067980237","0.0020744128067980237","0.010303719872226435","0.010303719872226435","0.0","0.0","0.1875","HBM","No","No","No","<div class='source-info-cell' title='/home/user/git/DISCO-EB/src/discoeb/spline_interpolation.py:39:15
/home/user/git/DISCO-EB/src/discoeb/background.py:248:40
/home/user/git/DISCO-EB/scripts/profile_background.py:38:0
'>/home/user/git/DISCO-EB/src/discoeb/spline_interpolation.py:39</div>"
"113.0","5","loop fusion","loop_minimum_multiply_select_fusion","%loop_minimum_multiply_select_fusion = (f64[], f64[], f64[], s64[]) fusion(f64[] %get-tuple-element.235.0, f64[] %get-tuple-element.613.0, f64[] %get-tuple-element.611.0), kind=kLoop, calls=%fused_minimum_multiply_select","jit(evolve_background)/jit(evaluate_thermo)/while/body/closed_call/cond/branch_0_fun/cond/branch_0_fun/cond/branch_0_fun/jit(diffeqsolve)/min:","877.0","1480.202","1.6878015963511972","1480.202","1.6878015963511972","0.05590189364614146","18.479844698993684","0.0","0.23699468045577562","0.23699468045577562","0.030900589436114383","0.030900589436114383","0.0","0.0","7.142857142857143","HBM","No","No","No","<div class='source-info-cell' title='/home/user/git/DISCO-EB/.venv/lib/python3.12/site-packages/diffrax/_integrate.py:1254:12
/home/user/git/DISCO-EB/.venv/lib/python3.12/site-packages/equinox/_jit.py:55:14
/home/user/git/DISCO-EB/.venv/lib/python3.12/site-packages/equinox/_jit.py:263:37
/home/user/git/DISCO-EB/.venv/lib/python3.12/site-packages/equinox/_jit.py:209:19
/home/user/git/DISCO-EB/src/discoeb/thermodynamics_recfast.py:284:7
/home/user/git/DISCO-EB/src/discoeb/thermodynamics_recfast.py:432:14
/home/user/git/DISCO-EB/src/discoeb/thermodynamics_recfast.py:446:16
/home/user/git/DISCO-EB/src/discoeb/thermodynamics_recfast.py:443:14
/home/user/git/DISCO-EB/src/discoeb/thermodynamics_recfast.py:440:14
/home/user/git/DISCO-EB/src/discoeb/thermodynamics_recfast.py:452:12
'>/home/user/git/DISCO-EB/.venv/lib/python3.12/site-packages/diffrax/_integrate.py:1254</div>"
"114.0","5","loop fusion","loop_add_fusion.3","%loop_add_fusion.3 = s64[] fusion(s64[] %get-tuple-element.6343), kind=kLoop, calls=%fused_add.3, control-predecessors={%loop_select_fusion.3, %loop_dynamic_update_slice_fusion.3}","jit(evolve_background)/while/body/add:","1024.0","1480.014","1.445326171875","1480.014","1.445326171875","0.05589479356385169","18.535739492557536","0.0","0.002075656041091503","0.002075656041091503","0.01030989508376272","0.01030989508376272","0.0","0.0","0.1875","HBM","No","No","No","<div class='source-info-cell' title='/home/user/git/DISCO-EB/src/discoeb/spline_interpolation.py:40:15
/home/user/git/DISCO-EB/src/discoeb/background.py:248:40
/home/user/git/DISCO-EB/scripts/profile_background.py:38:0
'>/home/user/git/DISCO-EB/src/discoeb/spline_interpolation.py:40</div>"
"115.0","5","loop fusion","loop_add_fusion.28","%loop_add_fusion.28 = s64[] fusion(s64[] %get-tuple-element.6316), kind=kLoop, calls=%fused_add.28, control-predecessors={%loop_dynamic_update_slice_fusion.47, %loop_multiply_fusion.7}","jit(evolve_background)/while/body/add:","1021.0","1479.433","1.4490039177277179","1479.433","1.4490039177277179","0.05587285128826471","18.5916123438458","0.0","0.0020703877769388678","0.0020703877769388678","0.010283727332645992","0.010283727332645992","0.0","0.0","0.1875","HBM","No","No","No","<div class='source-info-cell' title='/home/user/git/DISCO-EB/src/discoeb/spline_interpolation.py:82:25
/home/user/git/DISCO-EB/src/discoeb/background.py:248:40
/home/user/git/DISCO-EB/scripts/profile_background.py:38:0
'>/home/user/git/DISCO-EB/src/discoeb/spline_interpolation.py:82</div>"
"116.0","5","loop fusion","loop_add_fusion.2","%loop_add_fusion.2 = s64[] fusion(s64[] %get-tuple-element.6355), kind=kLoop, calls=%fused_add.2, control-predecessors={%loop_select_fusion.2, %loop_dynamic_update_slice_fusion.2}","jit(evolve_background)/while/body/add:","1024.0","1479.022","1.444357421875","1479.022","1.444357421875","0.05585732929985464","18.647469673145654","0.0","0.0020770482115884687","0.0020770482115884687","0.010316810069424254","0.010316810069424254","0.0","0.0","0.1875","HBM","No","No","No","<div class='source-info-cell' title='/home/user/git/DISCO-EB/src/discoeb/spline_interpolation.py:39:15
/home/user/git/DISCO-EB/src/discoeb/background.py:248:40
/home/user/git/DISCO-EB/scripts/profile_background.py:38:0
'>/home/user/git/DISCO-EB/src/discoeb/spline_interpolation.py:39</div>"
"117.0","5","loop fusion","loop_add_fusion.29","%loop_add_fusion.29 = s64[] fusion(s64[] %get-tuple-element.6556), kind=kLoop, calls=%fused_add.29, control-predecessors={%loop_dynamic_update_slice_fusion.48, %loop_multiply_fusion.8}","jit(evolve_background)/while/body/add:","1021.0","1478.325","1.4479187071498532","1478.325","1.4479187071498532","0.05583100612242929","18.703300679268082","0.0","0.0020719395261529095","0.0020719395261529095","0.010291434954369611","0.010291434954369611","0.0","0.0","0.1875","HBM","No","No","No","<div class='source-info-cell' title='/home/user/git/DISCO-EB/src/discoeb/spline_interpolation.py:82:25
/home/user/git/DISCO-EB/src/discoeb/background.py:248:40
/home/user/git/DISCO-EB/scripts/profile_background.py:38:0
'>/home/user/git/DISCO-EB/src/discoeb/spline_interpolation.py:82</div>"
"118.0","5","loop fusion","loop_add_fusion.32","%loop_add_fusion.32 = s64[] fusion(s64[] %get-tuple-element.6523), kind=kLoop, calls=%fused_add.32, control-predecessors={%loop_dynamic_update_slice_fusion.51, %loop_multiply_fusion.11}","jit(evolve_background)/while/body/add:","1021.0","1477.865","1.4474681684622919","1477.865","1.4474681684622919","0.05581363358065646","18.759114312848737","0.0","0.002072584437685445","0.002072584437685445","0.010294638264603638","0.010294638264603638","0.0","0.0","0.1875","HBM","No","No","No","<div class='source-info-cell' title='/home/user/git/DISCO-EB/src/discoeb/spline_interpolation.py:82:25
/home/user/git/DISCO-EB/src/discoeb/background.py:248:40
/home/user/git/DISCO-EB/scripts/profile_background.py:38:0
'>/home/user/git/DISCO-EB/src/discoeb/spline_interpolation.py:82</div>"
"119.0","5","loop fusion","loop_add_fusion.30","%loop_add_fusion.30 = s64[] fusion(s64[] %get-tuple-element.6589), kind=kLoop, calls=%fused_add.30, control-predecessors={%loop_dynamic_update_slice_fusion.49, %loop_multiply_fusion.9}","jit(evolve_background)/while/body/add:","1021.0","1477.77","1.4473751224289912","1477.77","1.4473751224289912","0.055810045773116414","18.814924358621855","0.0","0.002072717675957693","0.002072717675957693","0.010295300066260959","0.010295300066260959","0.0","0.0","0.1875","HBM","No","No","No","<div class='source-info-cell' title='/home/user/git/DISCO-EB/src/discoeb/spline_interpolation.py:82:25
/home/user/git/DISCO-EB/src/discoeb/background.py:248:40
/home/user/git/DISCO-EB/scripts/profile_background.py:38:0
'>/home/user/git/DISCO-EB/src/discoeb/spline_interpolation.py:82</div>"
"120.0","5","loop fusion","loop_add_fusion.33","%loop_add_fusion.33 = s64[] fusion(s64[] %get-tuple-element.6622), kind=kLoop, calls=%fused_add.33, control-predecessors={%loop_dynamic_update_slice_fusion.52, %loop_multiply_fusion.12}","jit(evolve_background)/while/body/add:","1021.0","1477.203","1.4468197845249755","1477.203","1.4468197845249755","0.05578863222706165","18.870712990848915","0.0","0.0020735132544409942","0.0020735132544409942","0.010299251747334967","0.010299251747334967","0.0","0.0","0.1875","HBM","No","No","No","<div class='source-info-cell' title='/home/user/git/DISCO-EB/src/discoeb/spline_interpolation.py:82:25
/home/user/git/DISCO-EB/src/discoeb/background.py:248:40
/home/user/git/DISCO-EB/scripts/profile_background.py:38:0
'>/home/user/git/DISCO-EB/src/discoeb/spline_interpolation.py:82</div>"
"121.0","5","loop fusion","loop_add_fusion.31","%loop_add_fusion.31 = s64[] fusion(s64[] %get-tuple-element.6490), kind=kLoop, calls=%fused_add.31, control-predecessors={%loop_dynamic_update_slice_fusion.50, %loop_multiply_fusion.10}","jit(evolve_background)/while/body/add:","1021.0","1477.195","1.4468119490695397","1477.195","1.4468119490695397","0.05578833009590038","18.926501320944816","0.0","0.0020735244839036144","0.0020735244839036144","0.010299307524679177","0.010299307524679177","0.0","0.0","0.1875","HBM","No","No","No","<div class='source-info-cell' title='/home/user/git/DISCO-EB/src/discoeb/spline_interpolation.py:82:25
/home/user/git/DISCO-EB/src/discoeb/background.py:248:40
/home/user/git/DISCO-EB/scripts/profile_background.py:38:0
'>/home/user/git/DISCO-EB/src/discoeb/spline_interpolation.py:82</div>"
"122.0","5","loop fusion","loop_add_fusion.27","%loop_add_fusion.27 = s64[] fusion(s64[] %get-tuple-element.6457), kind=kLoop, calls=%fused_add.27, control-predecessors={%loop_dynamic_update_slice_fusion.46, %loop_multiply_fusion.6}","jit(evolve_background)/while/body/add:","1021.0","1477.045","1.4466650342801175","1477.045","1.4466650342801175","0.055782665136626636","18.982283986081445","0.0","0.0020737350588506103","0.0020737350588506103","0.010300353461755367","0.010300353461755367","0.0","0.0","0.1875","HBM","No","No","No","<div class='source-info-cell' title='/home/user/git/DISCO-EB/src/discoeb/spline_interpolation.py:82:25
/home/user/git/DISCO-EB/src/discoeb/background.py:248:40
/home/user/git/DISCO-EB/scripts/profile_background.py:38:0
'>/home/user/git/DISCO-EB/src/discoeb/spline_interpolation.py:82</div>"
"123.0","5","loop fusion","loop_add_fusion.9","%loop_add_fusion.9 = s64[] fusion(s64[] %get-tuple-element.6388), kind=kLoop, calls=%fused_add.9, control-predecessors={%loop_dynamic_update_slice_fusion.10, %loop_multiply_fusion.1}","jit(evolve_background)/while/body/add:","1021.0","1476.482","1.4461136141038198","1476.482","1.4461136141038198","0.0557614026561525","19.038045388737597","0.0","0.00207452579848586","0.00207452579848586","0.010304281108011109","0.010304281108011109","0.0","0.0","0.1875","HBM","No","No","No","<div class='source-info-cell' title='/home/user/git/DISCO-EB/src/discoeb/spline_interpolation.py:82:25
/home/user/git/DISCO-EB/src/discoeb/background.py:248:40
/home/user/git/DISCO-EB/scripts/profile_background.py:38:0
'>/home/user/git/DISCO-EB/src/discoeb/spline_interpolation.py:82</div>"
"124.0","5","custom-call","lu.69","%lu.69 = (f64[3,3]{0,1}, s32[3]{0}, s32[]) custom-call(f64[3,3]{0,1} %bitcast.2368.0), custom_call_target=""cusolver_getrf_ffi"", operand_layout_constraints={f64[3,3]{0,1}}, output_to_operand_aliasing={{0}: (0, {})}, api_version=API_VERSION_TYPED_FFI, frontend_attributes={num_batch_dims=""0"",xla.sdy.sharding_rule=""#sdy.op_sharding_rule<([i, j])->([k, l], [m], []) {i=3, j=3, k=3, l=3, m=3}, custom>""}","jit(evolve_background)/jit(evaluate_thermo)/while/body/closed_call/cond/branch_0_fun/cond/branch_0_fun/cond/branch_1_fun/jit(diffeqsolve)/outer-loop/while/body/jit(lu_factor)/lu:","588.0","1439.324","2.447829931972789","1439.324","2.447829931972789","0.05435807894485949","19.092403467682455","0.0","0.0","0.0","0.0","0.0","0.0","0.0","0.0","Unknown","No","No","No","<div class='source-info-cell' title='/home/user/git/DISCO-EB/src/discoeb/ode_integrators_stiff.py:185:21
/home/user/git/DISCO-EB/.venv/lib/python3.12/site-packages/equinox/_module/_prebuilt.py:34:15
/home/user/git/DISCO-EB/.venv/lib/python3.12/site-packages/diffrax/_integrate.py:356:64
/home/user/git/DISCO-EB/.venv/lib/python3.12/site-packages/equinox/_eval_shape.py:33:15
/home/user/git/DISCO-EB/.venv/lib/python3.12/site-packages/equinox/_eval_shape.py:38:30
/home/user/git/DISCO-EB/.venv/lib/python3.12/site-packages/diffrax/_integrate.py:655:36
/home/user/git/DISCO-EB/.venv/lib/python3.12/site-packages/diffrax/_adjoint.py:911:22
/home/user/git/DISCO-EB/.venv/lib/python3.12/site-packages/equinox/_module/_prebuilt.py:34:15
/home/user/git/DISCO-EB/.venv/lib/python3.12/site-packages/diffrax/_integrate.py:1435:29
/home/user/git/DISCO-EB/.venv/lib/python3.12/site-packages/equinox/_jit.py:55:14
'>/home/user/git/DISCO-EB/src/discoeb/ode_integrators_stiff.py:185</div>"
"125.0","5","data formatting","copy.81","%copy.81 = f64[] copy(f64[] %get-tuple-element.5834)","","877.0","1363.665","1.5549201824401369","1363.665","1.5549201824401369","0.051500711253575866","19.143904178936033","0.0","0.0","0.0","0.009583232221259909","0.009583232221259909","0.0","0.0","0.0","HBM","No","No","No",""
"126.0","5","loop fusion","wrapped_slice.6","%wrapped_slice.6 = f64[3]{0} fusion(f64[6]{0} %get-tuple-element.612.0), kind=kLoop, calls=%wrapped_slice_computation.6","jit(evolve_background)/jit(evaluate_thermo)/while/body/closed_call/cond/branch_0_fun/cond/branch_0_fun/cond/branch_0_fun/slice:","877.0","1358.998","1.5495986316989738","1358.998","1.5495986316989738","0.05132445548737196","19.195228634423405","0.0","0.0","0.0","0.028848427371499577","0.028848427371499577","0.0","0.0","0.0","HBM","No","No","No","<div class='source-info-cell' title='/home/user/git/DISCO-EB/src/discoeb/thermodynamics_recfast.py:440:14
/home/user/git/DISCO-EB/src/discoeb/thermodynamics_recfast.py:452:12
/home/user/git/DISCO-EB/src/discoeb/thermodynamics_recfast.py:461:11
/home/user/git/DISCO-EB/src/discoeb/background.py:237:82
/home/user/git/DISCO-EB/scripts/profile_background.py:38:0
'>/home/user/git/DISCO-EB/src/discoeb/thermodynamics_recfast.py:440</div>"
"127.0","5","data formatting","copy.614","%copy.614 = s64[] copy(s64[] %constant_568_0)","","877.0","1285.649","1.4659623717217787","1285.649","1.4659623717217787","0.04855432816890405","19.24378296259231","0.0","0.0","0.0","0.010164763762896711","0.010164763762896711","0.0","0.0","0.0","HBM","No","No","No",""
"128.0","5","loop fusion","loop_gather_fusion.6","%loop_gather_fusion.6 = f64[3,1,1]{2,1,0} fusion(f64[] %loop_divide_fusion.14, f64[] %get-tuple-element.5597, f64[] %get-tuple-element.5583, f64[] %get-tuple-element.5604, f64[] %get-tuple-element.5816, /*index=5*/f64[] %get-tuple-element.5586, f64[3]{0} %input_concatenate_fusion.8, f64[] %get-tuple-element.5582, s32[3]{0} %lu_pivots_to_permutation.25, f64[] %get-tuple-element.5783, /*index=10*/s64[] %get-tuple-element.5812, f64[3]{0} %get-tuple-element.5782, f64[3,1]{0,1} %get-tuple-element.5399.0, f64[] %get-tuple-element.5784, f64[] %get-tuple-element.5814, /*index=15*/f64[] %get-tuple-element.5815, f64[] %get-tuple-element.5813), kind=kLoop, calls=%fused_gather.6","jit(evolve_background)/jit(evaluate_thermo)/while/body/closed_call/cond/branch_0_fun/cond/branch_0_fun/cond/branch_1_fun/jit(diffeqsolve)/outer-loop/while/body/jit(lu_solve)/jit(_lu_solve)/gather:","98.0","1141.8","11.651020408163264","1141.8","11.651020408163264","0.04312166999177431","19.286904632584083","0.0","13.334282711508145","13.334282711508145","0.016946188308119794","0.016946188308119794","0.0","0.0","732.8207547169811","Compute","No","No","No","<div class='source-info-cell' title='/home/user/git/DISCO-EB/src/discoeb/ode_integrators_stiff.py:189:13
/home/user/git/DISCO-EB/.venv/lib/python3.12/site-packages/equinox/_module/_prebuilt.py:34:15
/home/user/git/DISCO-EB/.venv/lib/python3.12/site-packages/diffrax/_integrate.py:356:64
/home/user/git/DISCO-EB/.venv/lib/python3.12/site-packages/equinox/_eval_shape.py:33:15
/home/user/git/DISCO-EB/.venv/lib/python3.12/site-packages/equinox/_eval_shape.py:38:30
/home/user/git/DISCO-EB/.venv/lib/python3.12/site-packages/diffrax/_integrate.py:655:36
/home/user/git/DISCO-EB/.venv/lib/python3.12/site-packages/diffrax/_adjoint.py:911:22
/home/user/git/DISCO-EB/.venv/lib/python3.12/site-packages/equinox/_module/_prebuilt.py:34:15
/home/user/git/DISCO-EB/.venv/lib/python3.12/site-packages/diffrax/_integrate.py:1435:29
/home/user/git/DISCO-EB/.venv/lib/python3.12/site-packages/equinox/_jit.py:55:14
'>/home/user/git/DISCO-EB/src/discoeb/ode_integrators_stiff.py:189</div>"
"129.0","5","input fusion","input_concatenate_fusion.7","%input_concatenate_fusion.7 = f64[3]{0} fusion(f64[] %get-tuple-element.5597, f64[] %get-tuple-element.5583, f64[] %get-tuple-element.5604, f64[] %get-tuple-element.5816, f64[] %get-tuple-element.5586, /*index=5*/f64[] %get-tuple-element.5582, f64[] %get-tuple-element.5783, s64[] %get-tuple-element.5812, f64[3,1]{0,1} %get-tuple-element.5401.0, f64[3]{0} %get-tuple-element.5782, /*index=10*/f64[3,1]{0,1} %get-tuple-element.5399.0, f64[] %get-tuple-element.5814, f64[] %get-tuple-element.5815, f64[] %get-tuple-element.5813), kind=kInput, calls=%fused_concatenate.8","jit(evolve_background)/jit(evaluate_thermo)/while/body/closed_call/cond/branch_0_fun/cond/branch_0_fun/cond/branch_1_fun/jit(diffeqsolve)/outer-loop/while/body/concatenate:","98.0","996.862","10.172061224489795","996.862","10.172061224489795","0.03764788421031715","19.3245525167944","0.0","15.249514978000967","15.249514978000967","0.016846472897418405","0.016846472897418405","0.0","0.0","843.0380434782609","Compute","No","No","No","<div class='source-info-cell' title='/home/user/git/DISCO-EB/.venv/lib/python3.12/site-packages/equinox/internal/_loop/loop.py:103:29
/home/user/git/DISCO-EB/.venv/lib/python3.12/site-packages/equinox/_module/_prebuilt.py:82:15
/home/user/git/DISCO-EB/.venv/lib/python3.12/site-packages/diffrax/_integrate.py:674:18
/home/user/git/DISCO-EB/.venv/lib/python3.12/site-packages/diffrax/_adjoint.py:911:22
/home/user/git/DISCO-EB/.venv/lib/python3.12/site-packages/equinox/_module/_prebuilt.py:34:15
/home/user/git/DISCO-EB/.venv/lib/python3.12/site-packages/diffrax/_integrate.py:1435:29
/home/user/git/DISCO-EB/.venv/lib/python3.12/site-packages/equinox/_jit.py:55:14
/home/user/git/DISCO-EB/.venv/lib/python3.12/site-packages/equinox/_jit.py:263:37
/home/user/git/DISCO-EB/.venv/lib/python3.12/site-packages/equinox/_jit.py:209:19
/home/user/git/DISCO-EB/src/discoeb/thermodynamics_recfast.py:284:7
'>/home/user/git/DISCO-EB/.venv/lib/python3.12/site-packages/equinox/internal/_loop/loop.py:103</div>"
"130.0","5","loop fusion","loop_dynamic_update_slice_fusion.22","%loop_dynamic_update_slice_fusion.22 = f64[510]{0} fusion(f64[510]{0} %get-tuple-element.6653, f64[1]{0} %get-tuple-element.5510, f64[510]{0} %get-tuple-element.6664, s64[] %get-tuple-element.6659, s64[] %copy.507), kind=kLoop, calls=%fused_dynamic_update_slice.22, control-predecessors={%loop_add_multiply_subtract_fusion.2}","jit(evolve_background)/while/body/closed_call/scatter:","509.0","987.351","1.9397858546168958","987.351","1.9397858546168958","0.037288688025966334","19.36184120482037","0.0","1.0717677907856478","1.0717677907856478","0.023045576641949388","0.023045576641949388","0.0","0.0","43.3125","HBM","No","No","No","<div class='source-info-cell' title='/home/user/git/DISCO-EB/src/discoeb/spline_interpolation.py:67:21
/home/user/git/DISCO-EB/src/discoeb/spline_interpolation.py:71:21
/home/user/git/DISCO-EB/src/discoeb/background.py:166:43
/home/user/git/DISCO-EB/src/discoeb/background.py:233:12
/home/user/git/DISCO-EB/scripts/profile_background.py:38:0
'>/home/user/git/DISCO-EB/src/discoeb/spline_interpolation.py:67</div>"
"131.0","5","loop fusion","loop_dynamic_update_slice_fusion.24","%loop_dynamic_update_slice_fusion.24 = f64[510]{0} fusion(f64[510]{0} %get-tuple-element.6686, f64[1]{0} %get-tuple-element.5513, f64[510]{0} %get-tuple-element.6697, s64[] %get-tuple-element.6692, s64[] %copy.522), kind=kLoop, calls=%fused_dynamic_update_slice.24, control-predecessors={%loop_add_multiply_subtract_fusion.3}","jit(evolve_background)/while/body/closed_call/scatter:","509.0","986.343","1.9378055009823183","986.343","1.9378055009823183","0.03725061949964674","19.399091824320013","0.0","1.072863091237024","1.072863091237024","0.023069128227204302","0.023069128227204302","0.0","0.0","43.3125","HBM","No","No","No","<div class='source-info-cell' title='/home/user/git/DISCO-EB/src/discoeb/spline_interpolation.py:67:21
/home/user/git/DISCO-EB/src/discoeb/spline_interpolation.py:71:21
/home/user/git/DISCO-EB/src/discoeb/background.py:166:43
/home/user/git/DISCO-EB/src/discoeb/background.py:233:12
/home/user/git/DISCO-EB/scripts/profile_background.py:38:0
'>/home/user/git/DISCO-EB/src/discoeb/spline_interpolation.py:67</div>"
"132.0","5","loop fusion","loop_dynamic_update_slice_fusion.5","%loop_dynamic_update_slice_fusion.5 = f64[510]{0} fusion(f64[510]{0} %get-tuple-element.5975, f64[1]{0} %get-tuple-element.5415, f64[510]{0} %get-tuple-element.5986, s64[] %get-tuple-element.5981, s64[] %copy.141), kind=kLoop, calls=%fused_dynamic_update_slice.5, control-predecessors={%loop_add_multiply_subtract_fusion}","jit(evolve_background)/while/body/closed_call/scatter:","509.0","986.021","1.937172888015717","986.021","1.937172888015717","0.03723845872040576","19.43633028304042","0.0","1.0732134508291407","1.0732134508291407","0.023076661798283573","0.023076661798283573","0.0","0.0","43.3125","HBM","No","No","No","<div class='source-info-cell' title='/home/user/git/DISCO-EB/src/discoeb/spline_interpolation.py:67:21
/home/user/git/DISCO-EB/src/discoeb/spline_interpolation.py:71:21
/home/user/git/DISCO-EB/src/discoeb/background.py:166:43
/home/user/git/DISCO-EB/src/discoeb/background.py:233:12
/home/user/git/DISCO-EB/scripts/profile_background.py:38:0
'>/home/user/git/DISCO-EB/src/discoeb/spline_interpolation.py:67</div>"
"133.0","5","loop fusion","loop_dynamic_update_slice_fusion.4","%loop_dynamic_update_slice_fusion.4 = f64[510]{0} fusion(f64[510]{0} %get-tuple-element.5976, f64[1]{0} %get-tuple-element.5415, f64[1]{0} %get-tuple-element.5414, f64[510]{0} %get-tuple-element.5987, s64[] %get-tuple-element.5981, /*index=5*/s64[] %copy.141), kind=kLoop, calls=%fused_dynamic_update_slice.4, control-predecessors={%loop_add_multiply_subtract_fusion}","jit(evolve_background)/while/body/closed_call/scatter:","509.0","973.829","1.9132200392927308","973.829","1.9132200392927308","0.03677801083063547","19.473108293871057","0.0","1.13421350154904","1.13421350154904","0.02725983583035584","0.02725983583035584","0.0","0.0","38.75","HBM","No","No","No","<div class='source-info-cell' title='/home/user/git/DISCO-EB/src/discoeb/spline_interpolation.py:68:21
/home/user/git/DISCO-EB/src/discoeb/spline_interpolation.py:71:21
/home/user/git/DISCO-EB/src/discoeb/background.py:166:43
/home/user/git/DISCO-EB/src/discoeb/background.py:233:12
/home/user/git/DISCO-EB/scripts/profile_background.py:38:0
'>/home/user/git/DISCO-EB/src/discoeb/spline_interpolation.py:68</div>"
"134.0","5","loop fusion","loop_dynamic_update_slice_fusion.21","%loop_dynamic_update_slice_fusion.21 = f64[510]{0} fusion(f64[510]{0} %get-tuple-element.6654, f64[1]{0} %get-tuple-element.5510, f64[1]{0} %get-tuple-element.5509, f64[510]{0} %get-tuple-element.6665, s64[] %get-tuple-element.6659, /*index=5*/s64[] %copy.507), kind=kLoop, calls=%fused_dynamic_update_slice.21, control-predecessors={%loop_add_multiply_subtract_fusion.2}","jit(evolve_background)/while/body/closed_call/scatter:","509.0","965.545","1.8969449901768172","965.545","1.8969449901768172","0.03646515401314392","19.5095734478842","0.0","1.1439446115924168","1.1439446115924168","0.027493714603503305","0.027493714603503305","0.0","0.0","38.75","HBM","No","No","No","<div class='source-info-cell' title='/home/user/git/DISCO-EB/src/discoeb/spline_interpolation.py:68:21
/home/user/git/DISCO-EB/src/discoeb/spline_interpolation.py:71:21
/home/user/git/DISCO-EB/src/discoeb/background.py:166:43
/home/user/git/DISCO-EB/src/discoeb/background.py:233:12
/home/user/git/DISCO-EB/scripts/profile_background.py:38:0
'>/home/user/git/DISCO-EB/src/discoeb/spline_interpolation.py:68</div>"
"135.0","5","loop fusion","loop_dynamic_update_slice_fusion.23","%loop_dynamic_update_slice_fusion.23 = f64[510]{0} fusion(f64[510]{0} %get-tuple-element.6687, f64[1]{0} %get-tuple-element.5513, f64[1]{0} %get-tuple-element.5512, f64[510]{0} %get-tuple-element.6698, s64[] %get-tuple-element.6692, /*index=5*/s64[] %copy.522), kind=kLoop, calls=%fused_dynamic_update_slice.23, control-predecessors={%loop_add_multiply_subtract_fusion.3}","jit(evolve_background)/while/body/closed_call/scatter:","509.0","959.798","1.8856542239685659","959.798","1.8856542239685659","0.03624811054016903","19.545821558424368","0.0","1.1507942296191491","1.1507942296191491","0.027658339220168825","0.027658339220168825","0.0","0.0","38.75","HBM","No","No","No","<div class='source-info-cell' title='/home/user/git/DISCO-EB/src/discoeb/spline_interpolation.py:68:21
/home/user/git/DISCO-EB/src/discoeb/spline_interpolation.py:71:21
/home/user/git/DISCO-EB/src/discoeb/background.py:166:43
/home/user/git/DISCO-EB/src/discoeb/background.py:233:12
/home/user/git/DISCO-EB/scripts/profile_background.py:38:0
'>/home/user/git/DISCO-EB/src/discoeb/spline_interpolation.py:68</div>"
"136.0","5","loop fusion","loop_select_fusion.1","%loop_select_fusion.1 = f64[] fusion(f64[512]{0} %get-tuple-element.5966, s64[] %get-tuple-element.5959, f64[] %get-tuple-element.5960), kind=kLoop, calls=%fused_select.1","jit(evolve_background)/while/body/closed_call/jit(_where)/select_n:","512.0","917.761","1.792501953125","917.761","1.792501953125","0.03466052458689856","19.580482083011265","0.0","0.057461583135478625","0.057461583135478625","0.0166261031602999","0.0166261031602999","0.0","0.0","3.21875","HBM","No","No","No","<div class='source-info-cell' title='/home/user/git/DISCO-EB/src/discoeb/spline_interpolation.py:34:17
/home/user/git/DISCO-EB/src/discoeb/spline_interpolation.py:39:40
/home/user/git/DISCO-EB/src/discoeb/spline_interpolation.py:39:15
/home/user/git/DISCO-EB/src/discoeb/background.py:166:43
/home/user/git/DISCO-EB/src/discoeb/background.py:233:12
/home/user/git/DISCO-EB/scripts/profile_background.py:38:0
'>/home/user/git/DISCO-EB/src/discoeb/spline_interpolation.py:34</div>"
"137.0","5","loop fusion","loop_add_multiply_subtract_fusion","%loop_add_multiply_subtract_fusion = (f64[1]{0}, f64[1]{0}, s64[]) fusion(f64[510]{0} %get-tuple-element.5976, f64[510]{0} %get-tuple-element.5985, s64[] %copy.141, f64[510]{0} %get-tuple-element.5975, f64[510]{0} %get-tuple-element.5984), kind=kLoop, calls=%fused_add_multiply_subtract","jit(evolve_background)/while/body/closed_call/mul:","509.0","911.897","1.7915461689587426","911.897","1.7915461689587426","0.03443906244569016","19.614921145456957","0.0","0.1875474971405762","0.1875474971405762","0.0332699462666001","0.0332699462666001","0.0","0.0","5.25","HBM","No","No","No","<div class='source-info-cell' title='/home/user/git/DISCO-EB/src/discoeb/spline_interpolation.py:68:42
/home/user/git/DISCO-EB/src/discoeb/spline_interpolation.py:71:21
/home/user/git/DISCO-EB/src/discoeb/background.py:166:43
/home/user/git/DISCO-EB/src/discoeb/background.py:233:12
/home/user/git/DISCO-EB/scripts/profile_background.py:38:0
'>/home/user/git/DISCO-EB/src/discoeb/spline_interpolation.py:68</div>"
"138.0","5","loop fusion","loop_add_multiply_subtract_fusion.3","%loop_add_multiply_subtract_fusion.3 = (f64[1]{0}, f64[1]{0}, s64[]) fusion(f64[510]{0} %get-tuple-element.6687, f64[510]{0} %get-tuple-element.6696, s64[] %copy.522, f64[510]{0} %get-tuple-element.6686, f64[510]{0} %get-tuple-element.6695), kind=kLoop, calls=%fused_add_multiply_subtract.3","jit(evolve_background)/while/body/closed_call/mul:","509.0","906.442","1.7808290766208252","906.442","1.7808290766208252","0.0342330467601015","19.649154192217058","0.0","0.18867616460843606","0.18867616460843606","0.033470165979371906","0.033470165979371906","0.0","0.0","5.25","HBM","No","No","No","<div class='source-info-cell' title='/home/user/git/DISCO-EB/src/discoeb/spline_interpolation.py:68:42
/home/user/git/DISCO-EB/src/discoeb/spline_interpolation.py:71:21
/home/user/git/DISCO-EB/src/discoeb/background.py:166:43
/home/user/git/DISCO-EB/src/discoeb/background.py:233:12
/home/user/git/DISCO-EB/scripts/profile_background.py:38:0
'>/home/user/git/DISCO-EB/src/discoeb/spline_interpolation.py:68</div>"
"139.0","5","loop fusion","loop_add_multiply_subtract_fusion.2","%loop_add_multiply_subtract_fusion.2 = (f64[1]{0}, f64[1]{0}, s64[]) fusion(f64[510]{0} %get-tuple-element.6654, f64[510]{0} %get-tuple-element.6663, s64[] %copy.507, f64[510]{0} %get-tuple-element.6653, f64[510]{0} %get-tuple-element.6662), kind=kLoop, calls=%fused_add_multiply_subtract.2","jit(evolve_background)/while/body/closed_call/mul:","509.0","905.608","1.779190569744597","905.608","1.779190569744597","0.03420154958653946","19.6833557418036","0.0","0.1888499218204786","0.1888499218204786","0.03350098960110095","0.03350098960110095","0.0","0.0","5.25","HBM","No","No","No","<div class='source-info-cell' title='/home/user/git/DISCO-EB/src/discoeb/spline_interpolation.py:68:42
/home/user/git/DISCO-EB/src/discoeb/spline_interpolation.py:71:21
/home/user/git/DISCO-EB/src/discoeb/background.py:166:43
/home/user/git/DISCO-EB/src/discoeb/background.py:233:12
/home/user/git/DISCO-EB/scripts/profile_background.py:38:0
'>/home/user/git/DISCO-EB/src/discoeb/spline_interpolation.py:68</div>"
"140.0","5","loop fusion","loop_select_fusion","%loop_select_fusion = f64[] fusion(f64[] %get-tuple-element.5924, f64[512]{0} %get-tuple-element.5930, s64[] %get-tuple-element.5923), kind=kLoop, calls=%fused_select","jit(evolve_background)/while/body/closed_call/jit(_where)/select_n:","512.0","902.211","1.762130859375","902.211","1.762130859375","0.03407325714218663","19.717428998945785","0.0","0.0034049684608145987","0.0034049684608145987","0.016912661298188563","0.016912661298188563","0.0","0.0","0.1875","HBM","No","No","No","<div class='source-info-cell' title='/home/user/git/DISCO-EB/src/discoeb/spline_interpolation.py:34:17
/home/user/git/DISCO-EB/src/discoeb/spline_interpolation.py:39:40
/home/user/git/DISCO-EB/src/discoeb/spline_interpolation.py:39:15
/home/user/git/DISCO-EB/src/discoeb/background.py:166:43
/home/user/git/DISCO-EB/src/discoeb/background.py:233:12
/home/user/git/DISCO-EB/scripts/profile_background.py:38:0
'>/home/user/git/DISCO-EB/src/discoeb/spline_interpolation.py:34</div>"
"141.0","5","loop fusion","loop_select_fusion.8","%loop_select_fusion.8 = f64[] fusion(f64[] %get-tuple-element.5936, f64[512]{0} %get-tuple-element.5942, s64[] %get-tuple-element.5935), kind=kLoop, calls=%fused_select.8","jit(evolve_background)/while/body/closed_call/jit(_where)/select_n:","512.0","901.151","1.760060546875","901.151","1.760060546875","0.034033224763318805","19.751462223709105","0.0","0.0034089736348292352","0.0034089736348292352","0.016932555212722394","0.016932555212722394","0.0","0.0","0.1875","HBM","No","No","No","<div class='source-info-cell' title='/home/user/git/DISCO-EB/src/discoeb/spline_interpolation.py:34:17
/home/user/git/DISCO-EB/src/discoeb/spline_interpolation.py:39:40
/home/user/git/DISCO-EB/src/discoeb/spline_interpolation.py:39:15
/home/user/git/DISCO-EB/src/discoeb/background.py:166:43
/home/user/git/DISCO-EB/src/discoeb/background.py:233:12
/home/user/git/DISCO-EB/scripts/profile_background.py:38:0
'>/home/user/git/DISCO-EB/src/discoeb/spline_interpolation.py:34</div>"
"142.0","5","loop fusion","loop_select_fusion.9","%loop_select_fusion.9 = f64[] fusion(f64[] %get-tuple-element.5948, f64[512]{0} %get-tuple-element.5954, s64[] %get-tuple-element.5947), kind=kLoop, calls=%fused_select.9","jit(evolve_background)/while/body/closed_call/jit(_where)/select_n:","512.0","899.388","1.7566171875","899.388","1.7566171875","0.03396664260865468","19.78542886631776","0.0","0.0034156559793993247","0.0034156559793993247","0.016965746777252978","0.016965746777252978","0.0","0.0","0.1875","HBM","No","No","No","<div class='source-info-cell' title='/home/user/git/DISCO-EB/src/discoeb/spline_interpolation.py:34:17
/home/user/git/DISCO-EB/src/discoeb/spline_interpolation.py:39:40
/home/user/git/DISCO-EB/src/discoeb/spline_interpolation.py:39:15
/home/user/git/DISCO-EB/src/discoeb/background.py:166:43
/home/user/git/DISCO-EB/src/discoeb/background.py:233:12
/home/user/git/DISCO-EB/scripts/profile_background.py:38:0
'>/home/user/git/DISCO-EB/src/discoeb/spline_interpolation.py:34</div>"
"143.0","5","loop fusion","loop_dynamic_update_slice_fusion.6","%loop_dynamic_update_slice_fusion.6 = f64[510]{0} fusion(f64[510]{0} %get-tuple-element.5993, f64[1]{0} %loop_multiply_fusion, f64[510]{0} %get-tuple-element.5998, s64[] %get-tuple-element.5992), kind=kLoop, calls=%fused_dynamic_update_slice.6, control-predecessors={%loop_multiply_fusion}","jit(evolve_background)/while/body/closed_call/scatter:","509.0","872.708","1.7145540275049116","872.708","1.7145540275049116","0.0329590351858306","19.81838790150359","0.0","0.09681817973480247","0.09681817973480247","0.021727459378361538","0.021727459378361538","0.0","0.0","4.15","HBM","No","No","No","<div class='source-info-cell' title='/home/user/git/DISCO-EB/src/discoeb/spline_interpolation.py:79:24
/home/user/git/DISCO-EB/src/discoeb/spline_interpolation.py:82:25
/home/user/git/DISCO-EB/src/discoeb/background.py:166:43
/home/user/git/DISCO-EB/src/discoeb/background.py:233:12
/home/user/git/DISCO-EB/scripts/profile_background.py:38:0
'>/home/user/git/DISCO-EB/src/discoeb/spline_interpolation.py:79</div>"
"144.0","5","loop fusion","loop_multiply_fusion","%loop_multiply_fusion = f64[1]{0} fusion(f64[510]{0} %get-tuple-element.5993, f64[510]{0} %get-tuple-element.5999, s64[] %get-tuple-element.5992), kind=kLoop, calls=%fused_multiply","jit(evolve_background)/while/body/closed_call/mul:","509.0","867.727","1.7047681728880157","867.727","1.7047681728880157","0.03277092077154699","19.851158822275135","0.0","0.07097739265921194","0.07097739265921194","0.017481744944362585","0.017481744944362585","0.0","0.0","3.78125","HBM","No","No","No","<div class='source-info-cell' title='/home/user/git/DISCO-EB/src/discoeb/spline_interpolation.py:79:52
/home/user/git/DISCO-EB/src/discoeb/spline_interpolation.py:82:25
/home/user/git/DISCO-EB/src/discoeb/background.py:166:43
/home/user/git/DISCO-EB/src/discoeb/background.py:233:12
/home/user/git/DISCO-EB/scripts/profile_background.py:38:0
'>/home/user/git/DISCO-EB/src/discoeb/spline_interpolation.py:79</div>"
"145.0","5","loop fusion","loop_dynamic_update_slice_fusion.26","%loop_dynamic_update_slice_fusion.26 = f64[510]{0} fusion(f64[510]{0} %get-tuple-element.6704, f64[1]{0} %loop_multiply_fusion.5, f64[510]{0} %get-tuple-element.6709, s64[] %get-tuple-element.6703), kind=kLoop, calls=%fused_dynamic_update_slice.26, control-predecessors={%loop_multiply_fusion.5}","jit(evolve_background)/while/body/closed_call/scatter:","509.0","866.567","1.7024891944990177","866.567","1.7024891944990177","0.032727111753163333","19.8838859340283","0.0","0.09750428991641731","0.09750428991641731","0.02188143284843658","0.02188143284843658","0.0","0.0","4.15","HBM","No","No","No","<div class='source-info-cell' title='/home/user/git/DISCO-EB/src/discoeb/spline_interpolation.py:79:24
/home/user/git/DISCO-EB/src/discoeb/spline_interpolation.py:82:25
/home/user/git/DISCO-EB/src/discoeb/background.py:166:43
/home/user/git/DISCO-EB/src/discoeb/background.py:233:12
/home/user/git/DISCO-EB/scripts/profile_background.py:38:0
'>/home/user/git/DISCO-EB/src/discoeb/spline_interpolation.py:79</div>"
"146.0","5","loop fusion","loop_multiply_fusion.5","%loop_multiply_fusion.5 = f64[1]{0} fusion(f64[510]{0} %get-tuple-element.6704, f64[510]{0} %get-tuple-element.6710, s64[] %get-tuple-element.6703), kind=kLoop, calls=%fused_multiply.5","jit(evolve_background)/while/body/closed_call/mul:","509.0","866.209","1.7017858546168958","866.209","1.7017858546168958","0.03271359138369665","19.916599525411996","0.0","0.07110177797737036","0.07110177797737036","0.01751238107123906","0.01751238107123906","0.0","0.0","3.78125","HBM","No","No","No","<div class='source-info-cell' title='/home/user/git/DISCO-EB/src/discoeb/spline_interpolation.py:79:52
/home/user/git/DISCO-EB/src/discoeb/spline_interpolation.py:82:25
/home/user/git/DISCO-EB/src/discoeb/background.py:166:43
/home/user/git/DISCO-EB/src/discoeb/background.py:233:12
/home/user/git/DISCO-EB/scripts/profile_background.py:38:0
'>/home/user/git/DISCO-EB/src/discoeb/spline_interpolation.py:79</div>"
"147.0","5","loop fusion","loop_multiply_fusion.4","%loop_multiply_fusion.4 = f64[1]{0} fusion(f64[510]{0} %get-tuple-element.6671, f64[510]{0} %get-tuple-element.6677, s64[] %get-tuple-element.6670), kind=kLoop, calls=%fused_multiply.4","jit(evolve_background)/while/body/closed_call/mul:","509.0","864.911","1.6992357563850686","864.911","1.6992357563850686","0.03266457060278114","19.949264096014776","0.0","0.07120848272249977","0.07120848272249977","0.017538662469707186","0.017538662469707186","0.0","0.0","3.78125","HBM","No","No","No","<div class='source-info-cell' title='/home/user/git/DISCO-EB/src/discoeb/spline_interpolation.py:79:52
/home/user/git/DISCO-EB/src/discoeb/spline_interpolation.py:82:25
/home/user/git/DISCO-EB/src/discoeb/background.py:166:43
/home/user/git/DISCO-EB/src/discoeb/background.py:233:12
/home/user/git/DISCO-EB/scripts/profile_background.py:38:0
'>/home/user/git/DISCO-EB/src/discoeb/spline_interpolation.py:79</div>"
"148.0","5","loop fusion","loop_dynamic_update_slice_fusion.25","%loop_dynamic_update_slice_fusion.25 = f64[510]{0} fusion(f64[510]{0} %get-tuple-element.6671, f64[1]{0} %loop_multiply_fusion.4, f64[510]{0} %get-tuple-element.6676, s64[] %get-tuple-element.6670), kind=kLoop, calls=%fused_dynamic_update_slice.25, control-predecessors={%loop_multiply_fusion.4}","jit(evolve_background)/while/body/closed_call/scatter:","509.0","861.842","1.693206286836935","861.842","1.693206286836935","0.03254866553604025","19.981812761550817","0.0","0.09803885166886737","0.09803885166886737","0.0220013965659264","0.0220013965659264","0.0","0.0","4.15","HBM","No","No","No","<div class='source-info-cell' title='/home/user/git/DISCO-EB/src/discoeb/spline_interpolation.py:79:24
/home/user/git/DISCO-EB/src/discoeb/spline_interpolation.py:82:25
/home/user/git/DISCO-EB/src/discoeb/background.py:166:43
/home/user/git/DISCO-EB/src/discoeb/background.py:233:12
/home/user/git/DISCO-EB/scripts/profile_background.py:38:0
'>/home/user/git/DISCO-EB/src/discoeb/spline_interpolation.py:79</div>"
"149.0","5","loop fusion","loop_dynamic_update_slice_fusion","%loop_dynamic_update_slice_fusion = f64[512]{0} fusion(f64[512]{0} %get-tuple-element.5925, s64[] %get-tuple-element.5923, f64[] %loop_select_fusion), kind=kLoop, calls=%fused_dynamic_update_slice","jit(evolve_background)/while/body/dynamic_update_slice:","512.0","791.162","1.54523828125","791.162","1.54523828125","0.02987933672624991","20.011692098277063","0.0","0.0","0.0","0.014464915904549257","0.014464915904549257","0.0","0.0","0.0","HBM","No","No","No","<div class='source-info-cell' title='/home/user/git/DISCO-EB/src/discoeb/spline_interpolation.py:39:15
/home/user/git/DISCO-EB/src/discoeb/background.py:166:43
/home/user/git/DISCO-EB/src/discoeb/background.py:233:12
/home/user/git/DISCO-EB/scripts/profile_background.py:38:0
'>/home/user/git/DISCO-EB/src/discoeb/spline_interpolation.py:39</div>"
"150.0","5","loop fusion","loop_dynamic_update_slice_fusion.1","%loop_dynamic_update_slice_fusion.1 = f64[512]{0} fusion(f64[512]{0} %get-tuple-element.5961, s64[] %get-tuple-element.5959, f64[] %loop_select_fusion.1), kind=kLoop, calls=%fused_dynamic_update_slice.1","jit(evolve_background)/while/body/dynamic_update_slice:","512.0","790.725","1.544384765625","790.725","1.544384765625","0.029862832811565727","20.04155493108863","0.0","0.0","0.0","0.014472910046950583","0.014472910046950583","0.0","0.0","0.0","HBM","No","No","No","<div class='source-info-cell' title='/home/user/git/DISCO-EB/src/discoeb/spline_interpolation.py:40:15
/home/user/git/DISCO-EB/src/discoeb/background.py:167:43
/home/user/git/DISCO-EB/src/discoeb/background.py:233:12
/home/user/git/DISCO-EB/scripts/profile_background.py:38:0
'>/home/user/git/DISCO-EB/src/discoeb/spline_interpolation.py:40</div>"
"151.0","5","loop fusion","loop_dynamic_update_slice_fusion.12","%loop_dynamic_update_slice_fusion.12 = f64[512]{0} fusion(f64[512]{0} %get-tuple-element.5937, s64[] %get-tuple-element.5935, f64[] %loop_select_fusion.8), kind=kLoop, calls=%fused_dynamic_update_slice.12","jit(evolve_background)/while/body/dynamic_update_slice:","512.0","789.431","1.541857421875","789.431","1.541857421875","0.029813963096230855","20.071368894184864","0.0","0.0","0.0","0.014496633394020502","0.014496633394020502","0.0","0.0","0.0","HBM","No","No","No","<div class='source-info-cell' title='/home/user/git/DISCO-EB/src/discoeb/spline_interpolation.py:39:15
/home/user/git/DISCO-EB/src/discoeb/background.py:166:43
/home/user/git/DISCO-EB/src/discoeb/background.py:233:12
/home/user/git/DISCO-EB/scripts/profile_background.py:38:0
'>/home/user/git/DISCO-EB/src/discoeb/spline_interpolation.py:39</div>"
"152.0","5","loop fusion","loop_dynamic_update_slice_fusion.13","%loop_dynamic_update_slice_fusion.13 = f64[512]{0} fusion(f64[512]{0} %get-tuple-element.5949, s64[] %get-tuple-element.5947, f64[] %loop_select_fusion.9), kind=kLoop, calls=%fused_dynamic_update_slice.13","jit(evolve_background)/while/body/dynamic_update_slice:","512.0","788.549","1.540134765625","788.549","1.540134765625","0.02978065313570121","20.101149547320567","0.0","0.0","0.0","0.014512848024504501","0.014512848024504501","0.0","0.0","0.0","HBM","No","No","No","<div class='source-info-cell' title='/home/user/git/DISCO-EB/src/discoeb/spline_interpolation.py:39:15
/home/user/git/DISCO-EB/src/discoeb/background.py:166:43
/home/user/git/DISCO-EB/src/discoeb/background.py:233:12
/home/user/git/DISCO-EB/scripts/profile_background.py:38:0
'>/home/user/git/DISCO-EB/src/discoeb/spline_interpolation.py:39</div>"
"153.0","5","data formatting","copy.141","%copy.141 = s64[] copy(s64[] %get-tuple-element.5974)","jit(evolve_background)/while/body/closed_call/sub:","509.0","745.605","1.464842829076621","745.605","1.464842829076621","0.02815881306202215","20.129308360382588","0.0","0.0","0.0","0.01017253243697193","0.01017253243697193","0.0","0.0","0.0","HBM","No","No","No","<div class='source-info-cell' title='/home/user/git/DISCO-EB/src/discoeb/spline_interpolation.py:66:46
/home/user/git/DISCO-EB/src/discoeb/spline_interpolation.py:71:21
/home/user/git/DISCO-EB/src/discoeb/background.py:166:43
/home/user/git/DISCO-EB/src/discoeb/background.py:233:12
/home/user/git/DISCO-EB/scripts/profile_background.py:38:0
'>/home/user/git/DISCO-EB/src/discoeb/spline_interpolation.py:66</div>"
"154.0","5","data formatting","copy.522","%copy.522 = s64[] copy(s64[] %get-tuple-element.6685)","jit(evolve_background)/while/body/closed_call/sub:","509.0","744.093","1.4618722986247543","744.093","1.4618722986247543","0.02810171027254276","20.15741007065513","0.0","0.0","0.0","0.010193203064225113","0.010193203064225113","0.0","0.0","0.0","HBM","No","No","No","<div class='source-info-cell' title='/home/user/git/DISCO-EB/src/discoeb/spline_interpolation.py:66:46
/home/user/git/DISCO-EB/src/discoeb/spline_interpolation.py:71:21
/home/user/git/DISCO-EB/src/discoeb/background.py:166:43
/home/user/git/DISCO-EB/src/discoeb/background.py:233:12
/home/user/git/DISCO-EB/scripts/profile_background.py:38:0
'>/home/user/git/DISCO-EB/src/discoeb/spline_interpolation.py:66</div>"
"155.0","5","data formatting","copy.507","%copy.507 = s64[] copy(s64[] %get-tuple-element.6652)","jit(evolve_background)/while/body/closed_call/sub:","509.0","743.464","1.4606365422396859","743.464","1.4606365422396859","0.028077955209988174","20.185488025865116","0.0","0.0","0.0","0.010201826917871554","0.010201826917871554","0.0","0.0","0.0","HBM","No","No","No","<div class='source-info-cell' title='/home/user/git/DISCO-EB/src/discoeb/spline_interpolation.py:66:46
/home/user/git/DISCO-EB/src/discoeb/spline_interpolation.py:71:21
/home/user/git/DISCO-EB/src/discoeb/background.py:166:43
/home/user/git/DISCO-EB/src/discoeb/background.py:233:12
/home/user/git/DISCO-EB/scripts/profile_background.py:38:0
'>/home/user/git/DISCO-EB/src/discoeb/spline_interpolation.py:66</div>"
"156.0","5","loop fusion","loop_add_fusion.1","%loop_add_fusion.1 = s64[] fusion(s64[] %get-tuple-element.5959), kind=kLoop, calls=%fused_add.1, control-predecessors={%loop_select_fusion.1, %loop_dynamic_update_slice_fusion.1}","jit(evolve_background)/while/body/add:","512.0","742.184","1.449578125","742.184","1.449578125","0.02802961422418552","20.2135176400893","0.0","0.0020695676543822017","0.0020695676543822017","0.010279653739840794","0.010279653739840794","0.0","0.0","0.1875","HBM","No","No","No","<div class='source-info-cell' title='/home/user/git/DISCO-EB/src/discoeb/spline_interpolation.py:40:15
/home/user/git/DISCO-EB/src/discoeb/background.py:167:43
/home/user/git/DISCO-EB/src/discoeb/background.py:233:12
/home/user/git/DISCO-EB/scripts/profile_background.py:38:0
'>/home/user/git/DISCO-EB/src/discoeb/spline_interpolation.py:40</div>"
"157.0","5","loop fusion","loop_add_fusion","%loop_add_fusion = s64[] fusion(s64[] %get-tuple-element.5923), kind=kLoop, calls=%fused_add, control-predecessors={%loop_select_fusion, %loop_dynamic_update_slice_fusion}","jit(evolve_background)/while/body/add:","512.0","741.409","1.448064453125","741.409","1.448064453125","0.028000345267937817","20.241517985357238","0.0","0.0020717309878892755","0.0020717309878892755","0.010290399133609114","0.010290399133609114","0.0","0.0","0.1875","HBM","No","No","No","<div class='source-info-cell' title='/home/user/git/DISCO-EB/src/discoeb/spline_interpolation.py:39:15
/home/user/git/DISCO-EB/src/discoeb/background.py:166:43
/home/user/git/DISCO-EB/src/discoeb/background.py:233:12
/home/user/git/DISCO-EB/scripts/profile_background.py:38:0
'>/home/user/git/DISCO-EB/src/discoeb/spline_interpolation.py:39</div>"
"158.0","5","loop fusion","loop_add_fusion.11","%loop_add_fusion.11 = s64[] fusion(s64[] %get-tuple-element.5947), kind=kLoop, calls=%fused_add.11, control-predecessors={%loop_select_fusion.9, %loop_dynamic_update_slice_fusion.13}","jit(evolve_background)/while/body/add:","512.0","741.122","1.44750390625","741.122","1.44750390625","0.02798950631252738","20.269507491669767","0.0","0.0020725332671274097","0.0020725332671274097","0.010294384097692417","0.010294384097692417","0.0","0.0","0.1875","HBM","No","No","No","<div class='source-info-cell' title='/home/user/git/DISCO-EB/src/discoeb/spline_interpolation.py:39:15
/home/user/git/DISCO-EB/src/discoeb/background.py:166:43
/home/user/git/DISCO-EB/src/discoeb/background.py:233:12
/home/user/git/DISCO-EB/scripts/profile_background.py:38:0
'>/home/user/git/DISCO-EB/src/discoeb/spline_interpolation.py:39</div>"
"159.0","5","loop fusion","loop_add_fusion.10","%loop_add_fusion.10 = s64[] fusion(s64[] %get-tuple-element.5935), kind=kLoop, calls=%fused_add.10, control-predecessors={%loop_select_fusion.8, %loop_dynamic_update_slice_fusion.12}","jit(evolve_background)/while/body/add:","512.0","738.846","1.44305859375","738.846","1.44305859375","0.02790354999714703","20.297411041666912","0.0","0.002078917663491445","0.002078917663491445","0.010326095737474384","0.010326095737474384","0.0","0.0","0.1875","HBM","No","No","No","<div class='source-info-cell' title='/home/user/git/DISCO-EB/src/discoeb/spline_interpolation.py:39:15
/home/user/git/DISCO-EB/src/discoeb/background.py:166:43
/home/user/git/DISCO-EB/src/discoeb/background.py:233:12
/home/user/git/DISCO-EB/scripts/profile_background.py:38:0
'>/home/user/git/DISCO-EB/src/discoeb/spline_interpolation.py:39</div>"
"160.0","5","loop fusion","loop_add_fusion.26","%loop_add_fusion.26 = s64[] fusion(s64[] %get-tuple-element.6703), kind=kLoop, calls=%fused_add.26, control-predecessors={%loop_dynamic_update_slice_fusion.26, %loop_multiply_fusion.5}","jit(evolve_background)/while/body/add:","509.0","736.806","1.4475559921414538","736.806","1.4475559921414538","0.027826506551024054","20.325237548217938","0.0","0.0020724586933331163","0.0020724586933331163","0.010294013685649216","0.010294013685649216","0.0","0.0","0.1875","HBM","No","No","No","<div class='source-info-cell' title='/home/user/git/DISCO-EB/src/discoeb/spline_interpolation.py:82:25
/home/user/git/DISCO-EB/src/discoeb/background.py:166:43
/home/user/git/DISCO-EB/src/discoeb/background.py:233:12
/home/user/git/DISCO-EB/scripts/profile_background.py:38:0
'>/home/user/git/DISCO-EB/src/discoeb/spline_interpolation.py:82</div>"
"161.0","5","loop fusion","loop_add_fusion.8","%loop_add_fusion.8 = s64[] fusion(s64[] %get-tuple-element.5992), kind=kLoop, calls=%fused_add.8, control-predecessors={%loop_dynamic_update_slice_fusion.6, %loop_multiply_fusion}","jit(evolve_background)/while/body/add:","509.0","736.172","1.4463104125736739","736.172","1.4463104125736739","0.027802562656493675","20.353040110874428","0.0","0.0020742435191775837","0.0020742435191775837","0.010302879011519668","0.010302879011519668","0.0","0.0","0.1875","HBM","No","No","No","<div class='source-info-cell' title='/home/user/git/DISCO-EB/src/discoeb/spline_interpolation.py:82:25
/home/user/git/DISCO-EB/src/discoeb/background.py:166:43
/home/user/git/DISCO-EB/src/discoeb/background.py:233:12
/home/user/git/DISCO-EB/scripts/profile_background.py:38:0
'>/home/user/git/DISCO-EB/src/discoeb/spline_interpolation.py:82</div>"
"162.0","5","loop fusion","loop_add_fusion.25","%loop_add_fusion.25 = s64[] fusion(s64[] %get-tuple-element.6670), kind=kLoop, calls=%fused_add.25, control-predecessors={%loop_dynamic_update_slice_fusion.25, %loop_multiply_fusion.4}","jit(evolve_background)/while/body/add:","509.0","735.875","1.4457269155206287","735.875","1.4457269155206287","0.027791346037131657","20.38083145691156","0.0","0.002075080686257856","0.002075080686257856","0.010307037265389443","0.010307037265389443","0.0","0.0","0.1875","HBM","No","No","No","<div class='source-info-cell' title='/home/user/git/DISCO-EB/src/discoeb/spline_interpolation.py:82:25
/home/user/git/DISCO-EB/src/discoeb/background.py:166:43
/home/user/git/DISCO-EB/src/discoeb/background.py:233:12
/home/user/git/DISCO-EB/scripts/profile_background.py:38:0
'>/home/user/git/DISCO-EB/src/discoeb/spline_interpolation.py:82</div>"
"163.0","5","custom-call","triangular-solve.13","%triangular-solve.13 = (f64[3,1]{0,1}, s8[0]{0}) custom-call(f64[3,3]{0,1} %bitcast.2408.0, f64[3,1]{0,1} %get-tuple-element.5402.0), custom_call_target=""__cublas$triangularSolve""","jit(evolve_background)/jit(evaluate_thermo)/while/body/closed_call/cond/branch_0_fun/cond/branch_0_fun/cond/branch_1_fun/jit(diffeqsolve)/outer-loop/while/body/jit(lu_solve)/jit(_lu_solve)/triangular_solve:","294.0","724.968","2.465877551020408","724.968","2.465877551020408","0.027379427965139813","20.408210884876702","0.0","0.0","0.0","0.0","0.0","0.0","0.0","0.0","Unknown","No","No","No","<div class='source-info-cell' title='/home/user/git/DISCO-EB/src/discoeb/ode_integrators_stiff.py:189:13
/home/user/git/DISCO-EB/.venv/lib/python3.12/site-packages/equinox/_module/_prebuilt.py:34:15
/home/user/git/DISCO-EB/.venv/lib/python3.12/site-packages/diffrax/_integrate.py:356:64
/home/user/git/DISCO-EB/.venv/lib/python3.12/site-packages/equinox/_eval_shape.py:33:15
/home/user/git/DISCO-EB/.venv/lib/python3.12/site-packages/equinox/_eval_shape.py:38:30
/home/user/git/DISCO-EB/.venv/lib/python3.12/site-packages/diffrax/_integrate.py:655:36
/home/user/git/DISCO-EB/.venv/lib/python3.12/site-packages/diffrax/_adjoint.py:911:22
/home/user/git/DISCO-EB/.venv/lib/python3.12/site-packages/equinox/_module/_prebuilt.py:34:15
/home/user/git/DISCO-EB/.venv/lib/python3.12/site-packages/diffrax/_integrate.py:1435:29
/home/user/git/DISCO-EB/.venv/lib/python3.12/site-packages/equinox/_jit.py:55:14
'>/home/user/git/DISCO-EB/src/discoeb/ode_integrators_stiff.py:189</div>"
"164.0","5","custom-call","triangular-solve.15","%triangular-solve.15 = (f64[3,1]{0,1}, s8[0]{0}) custom-call(f64[3,3]{0,1} %bitcast.2408.0, f64[3,1]{0,1} %get-tuple-element.5404.0), custom_call_target=""__cublas$triangularSolve""","jit(evolve_background)/jit(evaluate_thermo)/while/body/closed_call/cond/branch_0_fun/cond/branch_0_fun/cond/branch_1_fun/jit(diffeqsolve)/outer-loop/while/body/jit(lu_solve)/jit(_lu_solve)/triangular_solve:","294.0","722.591","2.4577925170068027","722.591","2.4577925170068027","0.02728965724384848","20.43550054212055","0.0","0.0","0.0","0.0","0.0","0.0","0.0","0.0","Unknown","No","No","No","<div class='source-info-cell' title='/home/user/git/DISCO-EB/src/discoeb/ode_integrators_stiff.py:189:13
/home/user/git/DISCO-EB/.venv/lib/python3.12/site-packages/equinox/_module/_prebuilt.py:34:15
/home/user/git/DISCO-EB/.venv/lib/python3.12/site-packages/diffrax/_integrate.py:356:64
/home/user/git/DISCO-EB/.venv/lib/python3.12/site-packages/equinox/_eval_shape.py:33:15
/home/user/git/DISCO-EB/.venv/lib/python3.12/site-packages/equinox/_eval_shape.py:38:30
/home/user/git/DISCO-EB/.venv/lib/python3.12/site-packages/diffrax/_integrate.py:655:36
/home/user/git/DISCO-EB/.venv/lib/python3.12/site-packages/diffrax/_adjoint.py:911:22
/home/user/git/DISCO-EB/.venv/lib/python3.12/site-packages/equinox/_module/_prebuilt.py:34:15
/home/user/git/DISCO-EB/.venv/lib/python3.12/site-packages/diffrax/_integrate.py:1435:29
/home/user/git/DISCO-EB/.venv/lib/python3.12/site-packages/equinox/_jit.py:55:14
'>/home/user/git/DISCO-EB/src/discoeb/ode_integrators_stiff.py:189</div>"
"165.0","5","custom-call","triangular-solve.11","%triangular-solve.11 = (f64[3,1]{0,1}, s8[0]{0}) custom-call(f64[3,3]{0,1} %bitcast.2408.0, f64[3,1]{0,1} %get-tuple-element.5400.0), custom_call_target=""__cublas$triangularSolve""","jit(evolve_background)/jit(evaluate_thermo)/while/body/closed_call/cond/branch_0_fun/cond/branch_0_fun/cond/branch_1_fun/jit(diffeqsolve)/outer-loop/while/body/jit(lu_solve)/jit(_lu_solve)/triangular_solve:","294.0","714.541","2.4304115646258504","714.541","2.4304115646258504","0.026985637762823974","20.462486179883374","0.0","0.0","0.0","0.0","0.0","0.0","0.0","0.0","Unknown","No","No","No","<div class='source-info-cell' title='/home/user/git/DISCO-EB/src/discoeb/ode_integrators_stiff.py:189:13
/home/user/git/DISCO-EB/.venv/lib/python3.12/site-packages/equinox/_module/_prebuilt.py:34:15
/home/user/git/DISCO-EB/.venv/lib/python3.12/site-packages/diffrax/_integrate.py:356:64
/home/user/git/DISCO-EB/.venv/lib/python3.12/site-packages/equinox/_eval_shape.py:33:15
/home/user/git/DISCO-EB/.venv/lib/python3.12/site-packages/equinox/_eval_shape.py:38:30
/home/user/git/DISCO-EB/.venv/lib/python3.12/site-packages/diffrax/_integrate.py:655:36
/home/user/git/DISCO-EB/.venv/lib/python3.12/site-packages/diffrax/_adjoint.py:911:22
/home/user/git/DISCO-EB/.venv/lib/python3.12/site-packages/equinox/_module/_prebuilt.py:34:15
/home/user/git/DISCO-EB/.venv/lib/python3.12/site-packages/diffrax/_integrate.py:1435:29
/home/user/git/DISCO-EB/.venv/lib/python3.12/site-packages/equinox/_jit.py:55:14
'>/home/user/git/DISCO-EB/src/discoeb/ode_integrators_stiff.py:189</div>"
"166.0","5","custom-call","triangular-solve.9","%triangular-solve.9 = (f64[3,1]{0,1}, s8[0]{0}) custom-call(f64[3,3]{0,1} %bitcast.2408.0, f64[3,1]{0,1} %get-tuple-element.5398.0), custom_call_target=""__cublas$triangularSolve""","jit(evolve_background)/jit(evaluate_thermo)/while/body/closed_call/cond/branch_0_fun/cond/branch_0_fun/cond/branch_1_fun/jit(diffeqsolve)/outer-loop/while/body/jit(lu_solve)/jit(_lu_solve)/triangular_solve:","294.0","712.136","2.4222312925170066","712.136","2.4222312925170066","0.026894809582468197","20.48938098946584","0.0","0.0","0.0","0.0","0.0","0.0","0.0","0.0","Unknown","No","No","No","<div class='source-info-cell' title='/home/user/git/DISCO-EB/src/discoeb/ode_integrators_stiff.py:189:13
/home/user/git/DISCO-EB/.venv/lib/python3.12/site-packages/equinox/_module/_prebuilt.py:34:15
/home/user/git/DISCO-EB/.venv/lib/python3.12/site-packages/diffrax/_integrate.py:356:64
/home/user/git/DISCO-EB/.venv/lib/python3.12/site-packages/equinox/_eval_shape.py:33:15
/home/user/git/DISCO-EB/.venv/lib/python3.12/site-packages/equinox/_eval_shape.py:38:30
/home/user/git/DISCO-EB/.venv/lib/python3.12/site-packages/diffrax/_integrate.py:655:36
/home/user/git/DISCO-EB/.venv/lib/python3.12/site-packages/diffrax/_adjoint.py:911:22
/home/user/git/DISCO-EB/.venv/lib/python3.12/site-packages/equinox/_module/_prebuilt.py:34:15
/home/user/git/DISCO-EB/.venv/lib/python3.12/site-packages/diffrax/_integrate.py:1435:29
/home/user/git/DISCO-EB/.venv/lib/python3.12/site-packages/equinox/_jit.py:55:14
'>/home/user/git/DISCO-EB/src/discoeb/ode_integrators_stiff.py:189</div>"
"167.0","5","custom-call","triangular-solve.10","%triangular-solve.10 = (f64[3,1]{0,1}, s8[0]{0}) custom-call(f64[3,3]{0,1} %bitcast.2408.0, f64[3,1]{0,1} %bitcast.2388.0), custom_call_target=""__cublas$triangularSolve""","jit(evolve_background)/jit(evaluate_thermo)/while/body/closed_call/cond/branch_0_fun/cond/branch_0_fun/cond/branch_1_fun/jit(diffeqsolve)/outer-loop/while/body/jit(lu_solve)/jit(_lu_solve)/triangular_solve:","294.0","695.462","2.365517006802721","695.462","2.365517006802721","0.026265092709598307","20.51564608217544","0.0","0.0","0.0","0.0","0.0","0.0","0.0","0.0","Unknown","No","No","No","<div class='source-info-cell' title='/home/user/git/DISCO-EB/src/discoeb/ode_integrators_stiff.py:189:13
/home/user/git/DISCO-EB/.venv/lib/python3.12/site-packages/equinox/_module/_prebuilt.py:34:15
/home/user/git/DISCO-EB/.venv/lib/python3.12/site-packages/diffrax/_integrate.py:356:64
/home/user/git/DISCO-EB/.venv/lib/python3.12/site-packages/equinox/_eval_shape.py:33:15
/home/user/git/DISCO-EB/.venv/lib/python3.12/site-packages/equinox/_eval_shape.py:38:30
/home/user/git/DISCO-EB/.venv/lib/python3.12/site-packages/diffrax/_integrate.py:655:36
/home/user/git/DISCO-EB/.venv/lib/python3.12/site-packages/diffrax/_adjoint.py:911:22
/home/user/git/DISCO-EB/.venv/lib/python3.12/site-packages/equinox/_module/_prebuilt.py:34:15
/home/user/git/DISCO-EB/.venv/lib/python3.12/site-packages/diffrax/_integrate.py:1435:29
/home/user/git/DISCO-EB/.venv/lib/python3.12/site-packages/equinox/_jit.py:55:14
'>/home/user/git/DISCO-EB/src/discoeb/ode_integrators_stiff.py:189</div>"
"168.0","5","custom-call","triangular-solve.12","%triangular-solve.12 = (f64[3,1]{0,1}, s8[0]{0}) custom-call(f64[3,3]{0,1} %bitcast.2408.0, f64[3,1]{0,1} %bitcast.2400.0), custom_call_target=""__cublas$triangularSolve""","jit(evolve_background)/jit(evaluate_thermo)/while/body/closed_call/cond/branch_0_fun/cond/branch_0_fun/cond/branch_1_fun/jit(diffeqsolve)/outer-loop/while/body/jit(lu_solve)/jit(_lu_solve)/triangular_solve:","294.0","685.521","2.331704081632653","685.521","2.331704081632653","0.025889656975329408","20.541535739150767","0.0","0.0","0.0","0.0","0.0","0.0","0.0","0.0","Unknown","No","No","No","<div class='source-info-cell' title='/home/user/git/DISCO-EB/src/discoeb/ode_integrators_stiff.py:189:13
/home/user/git/DISCO-EB/.venv/lib/python3.12/site-packages/equinox/_module/_prebuilt.py:34:15
/home/user/git/DISCO-EB/.venv/lib/python3.12/site-packages/diffrax/_integrate.py:356:64
/home/user/git/DISCO-EB/.venv/lib/python3.12/site-packages/equinox/_eval_shape.py:33:15
/home/user/git/DISCO-EB/.venv/lib/python3.12/site-packages/equinox/_eval_shape.py:38:30
/home/user/git/DISCO-EB/.venv/lib/python3.12/site-packages/diffrax/_integrate.py:655:36
/home/user/git/DISCO-EB/.venv/lib/python3.12/site-packages/diffrax/_adjoint.py:911:22
/home/user/git/DISCO-EB/.venv/lib/python3.12/site-packages/equinox/_module/_prebuilt.py:34:15
/home/user/git/DISCO-EB/.venv/lib/python3.12/site-packages/diffrax/_integrate.py:1435:29
/home/user/git/DISCO-EB/.venv/lib/python3.12/site-packages/equinox/_jit.py:55:14
'>/home/user/git/DISCO-EB/src/discoeb/ode_integrators_stiff.py:189</div>"
"169.0","5","custom-call","triangular-solve.8","%triangular-solve.8 = (f64[3,1]{0,1}, s8[0]{0}) custom-call(f64[3,3]{0,1} %bitcast.2408.0, f64[3,1]{0,1} %bitcast.2376.0), custom_call_target=""__cublas$triangularSolve""","jit(evolve_background)/jit(evaluate_thermo)/while/body/closed_call/cond/branch_0_fun/cond/branch_0_fun/cond/branch_1_fun/jit(diffeqsolve)/outer-loop/while/body/jit(lu_solve)/jit(_lu_solve)/triangular_solve:","294.0","684.048","2.3266938775510204","684.048","2.3266938775510204","0.0258340270752612","20.56736976622603","0.0","0.0","0.0","0.0","0.0","0.0","0.0","0.0","Unknown","No","No","No","<div class='source-info-cell' title='/home/user/git/DISCO-EB/src/discoeb/ode_integrators_stiff.py:189:13
/home/user/git/DISCO-EB/.venv/lib/python3.12/site-packages/equinox/_module/_prebuilt.py:34:15
/home/user/git/DISCO-EB/.venv/lib/python3.12/site-packages/diffrax/_integrate.py:356:64
/home/user/git/DISCO-EB/.venv/lib/python3.12/site-packages/equinox/_eval_shape.py:33:15
/home/user/git/DISCO-EB/.venv/lib/python3.12/site-packages/equinox/_eval_shape.py:38:30
/home/user/git/DISCO-EB/.venv/lib/python3.12/site-packages/diffrax/_integrate.py:655:36
/home/user/git/DISCO-EB/.venv/lib/python3.12/site-packages/diffrax/_adjoint.py:911:22
/home/user/git/DISCO-EB/.venv/lib/python3.12/site-packages/equinox/_module/_prebuilt.py:34:15
/home/user/git/DISCO-EB/.venv/lib/python3.12/site-packages/diffrax/_integrate.py:1435:29
/home/user/git/DISCO-EB/.venv/lib/python3.12/site-packages/equinox/_jit.py:55:14
'>/home/user/git/DISCO-EB/src/discoeb/ode_integrators_stiff.py:189</div>"
"170.0","5","custom-call","triangular-solve.14","%triangular-solve.14 = (f64[3,1]{0,1}, s8[0]{0}) custom-call(f64[3,3]{0,1} %bitcast.2408.0, f64[3,1]{0,1} %bitcast.2412.0), custom_call_target=""__cublas$triangularSolve""","jit(evolve_background)/jit(evaluate_thermo)/while/body/closed_call/cond/branch_0_fun/cond/branch_0_fun/cond/branch_1_fun/jit(diffeqsolve)/outer-loop/while/body/jit(lu_solve)/jit(_lu_solve)/triangular_solve:","294.0","671.743","2.284840136054422","671.743","2.284840136054422","0.025369311582838023","20.592739077808865","0.0","0.0","0.0","0.0","0.0","0.0","0.0","0.0","Unknown","No","No","No","<div class='source-info-cell' title='/home/user/git/DISCO-EB/src/discoeb/ode_integrators_stiff.py:189:13
/home/user/git/DISCO-EB/.venv/lib/python3.12/site-packages/equinox/_module/_prebuilt.py:34:15
/home/user/git/DISCO-EB/.venv/lib/python3.12/site-packages/diffrax/_integrate.py:356:64
/home/user/git/DISCO-EB/.venv/lib/python3.12/site-packages/equinox/_eval_shape.py:33:15
/home/user/git/DISCO-EB/.venv/lib/python3.12/site-packages/equinox/_eval_shape.py:38:30
/home/user/git/DISCO-EB/.venv/lib/python3.12/site-packages/diffrax/_integrate.py:655:36
/home/user/git/DISCO-EB/.venv/lib/python3.12/site-packages/diffrax/_adjoint.py:911:22
/home/user/git/DISCO-EB/.venv/lib/python3.12/site-packages/equinox/_module/_prebuilt.py:34:15
/home/user/git/DISCO-EB/.venv/lib/python3.12/site-packages/diffrax/_integrate.py:1435:29
/home/user/git/DISCO-EB/.venv/lib/python3.12/site-packages/equinox/_jit.py:55:14
'>/home/user/git/DISCO-EB/src/discoeb/ode_integrators_stiff.py:189</div>"
"171.0","5","loop fusion","loop_gather_fusion.4","%loop_gather_fusion.4 = f64[3,1,1]{2,1,0} fusion(f64[] %loop_divide_fusion.14, pred[] %get-tuple-element.5596, f64[] %get-tuple-element.5552, f64[] %get-tuple-element.5553, f64[] %get-tuple-element.5577, /*index=5*/f64[] %get-tuple-element.5606, f64[] %get-tuple-element.5609, f64[] %get-tuple-element.5580, f64[1]{0} %get-tuple-element.5607, f64[] %loop_divide_fusion.9, /*index=10*/f64[] %get-tuple-element.5612, f64[] %get-tuple-element.5600, f64[] %get-tuple-element.5573, f64[] %get-tuple-element.5618, f64[] %get-tuple-element.5605, /*index=15*/f64[] %get-tuple-element.5576, f64[] %get-tuple-element.5595, f64[] %loop_multiply_fusion.13, f64[] %get-tuple-element.5574, f64[] %get-tuple-element.5554, /*index=20*/f64[] %loop_add_fusion.37, f64[3]{0} %input_concatenate_fusion.6, f64[3,1]{0,1} %get-tuple-element.5403.0, f64[] %get-tuple-element.5616, f64[] %get-tuple-element.5583, /*index=25*/f64[] %loop_divide_fusion.15, f64[] %get-tuple-element.5579, f64[] %get-tuple-element.5614, f64[] %loop_divide_fusion.16, f64[3]{0} %get-tuple-element.5782, /*index=30*/f64[] %get-tuple-element.5581, f64[] %get-tuple-element.5582, f64[3]{0} %input_concatenate_fusion.8, f64[3]{0} %input_concatenate_fusion.7, f64[] %get-tuple-element.5816, /*index=35*/f64[] %get-tuple-element.5586, s32[3]{0} %lu_pivots_to_permutation.25, f64[] %get-tuple-element.5783, s64[] %get-tuple-element.5812, f64[] %get-tuple-element.5566, /*index=40*/f64[] %get-tuple-element.5621, f64[] %get-tuple-element.5620, f64[] %get-tuple-element.5592, f64[] %get-tuple-element.5613, f64[] %get-tuple-element.5784, /*index=45*/f64[] %get-tuple-element.5578, f64[] %get-tuple-element.5814, f64[] %get-tuple-element.5815, f64[] %get-tuple-element.5813), kind=kLoop, calls=%fused_gather.4","jit(evolve_background)/jit(evaluate_thermo)/while/body/closed_call/cond/branch_0_fun/cond/branch_0_fun/cond/branch_1_fun/jit(diffeqsolve)/outer-loop/while/body/jit(lu_solve)/jit(_lu_solve)/gather:","98.0","598.335","6.10545918367347","598.335","6.10545918367347","0.022596956047055777","20.61533603385592","0.0","10.214956504299431","10.214956504299431","0.07520188334289692","0.07520188334289692","0.0","0.0","126.50507099391481","HBM","No","No","No","<div class='source-info-cell' title='/home/user/git/DISCO-EB/src/discoeb/ode_integrators_stiff.py:189:13
/home/user/git/DISCO-EB/.venv/lib/python3.12/site-packages/equinox/_module/_prebuilt.py:34:15
/home/user/git/DISCO-EB/.venv/lib/python3.12/site-packages/diffrax/_integrate.py:356:64
/home/user/git/DISCO-EB/.venv/lib/python3.12/site-packages/equinox/_eval_shape.py:33:15
/home/user/git/DISCO-EB/.venv/lib/python3.12/site-packages/equinox/_eval_shape.py:38:30
/home/user/git/DISCO-EB/.venv/lib/python3.12/site-packages/diffrax/_integrate.py:655:36
/home/user/git/DISCO-EB/.venv/lib/python3.12/site-packages/diffrax/_adjoint.py:911:22
/home/user/git/DISCO-EB/.venv/lib/python3.12/site-packages/equinox/_module/_prebuilt.py:34:15
/home/user/git/DISCO-EB/.venv/lib/python3.12/site-packages/diffrax/_integrate.py:1435:29
/home/user/git/DISCO-EB/.venv/lib/python3.12/site-packages/equinox/_jit.py:55:14
'>/home/user/git/DISCO-EB/src/discoeb/ode_integrators_stiff.py:189</div>"
"172.0","5","input fusion","input_concatenate_fusion.8","%input_concatenate_fusion.8 = f64[3]{0} fusion(pred[] %get-tuple-element.5596, f64[] %get-tuple-element.5598, f64[] %get-tuple-element.5604, f64[] %loop_add_fusion.36, f64[] %get-tuple-element.5617, /*index=5*/f64[1]{0} %get-tuple-element.5607, f64[] %get-tuple-element.5601, f64[3,1]{0,1} %get-tuple-element.5399.0, f64[3]{0} %get-tuple-element.5782, f64[] %get-tuple-element.5599, /*index=10*/f64[] %get-tuple-element.5600, f64[] %loop_divide_fusion.13, f64[] %get-tuple-element.5603, f64[] %get-tuple-element.5615, f64[] %get-tuple-element.5602, /*index=15*/f64[] %get-tuple-element.5608, f64[] %get-tuple-element.5616, f64[] %get-tuple-element.5583, f64[] %get-tuple-element.5816, f64[] %get-tuple-element.5586, /*index=20*/f64[] %get-tuple-element.5577, f64[] %get-tuple-element.5606, f64[] %get-tuple-element.5609, f64[] %get-tuple-element.5579, f64[] %loop_divide_fusion.16, /*index=25*/f64[] %get-tuple-element.5580, f64[] %loop_divide_fusion.9, f64[] %get-tuple-element.5581, f64[] %get-tuple-element.5582, f64[] %get-tuple-element.5612, /*index=30*/f64[] %get-tuple-element.5573, f64[] %get-tuple-element.5618, f64[] %get-tuple-element.5605, f64[] %get-tuple-element.5614, f64[] %get-tuple-element.5595, /*index=35*/f64[] %get-tuple-element.5574, f64[] %get-tuple-element.5576, f64[] %loop_multiply_fusion.13, f64[] %loop_divide_fusion.15, f64[] %get-tuple-element.5783, /*index=40*/s64[] %get-tuple-element.5812, f64[] %get-tuple-element.5578, f64[] %get-tuple-element.5814, f64[] %get-tuple-element.5815, f64[] %get-tuple-element.5813), kind=kInput, calls=%fused_concatenate.9","jit(evolve_background)/jit(evaluate_thermo)/while/body/closed_call/cond/branch_0_fun/cond/branch_0_fun/cond/branch_1_fun/jit(diffeqsolve)/outer-loop/while/body/jvp()/concatenate:","98.0","528.352","5.39134693877551","528.352","5.39134693877551","0.019953950414690787","20.635289984270614","0.0","11.543868481618315","11.543868481618315","0.07065227620173219","0.07065227620173219","0.0","0.0","152.1687041564792","HBM","No","No","No","<div class='source-info-cell' title='/home/user/git/DISCO-EB/.venv/lib/python3.12/site-packages/equinox/internal/_loop/loop.py:103:29
/home/user/git/DISCO-EB/.venv/lib/python3.12/site-packages/equinox/_module/_prebuilt.py:82:15
/home/user/git/DISCO-EB/.venv/lib/python3.12/site-packages/diffrax/_integrate.py:674:18
/home/user/git/DISCO-EB/.venv/lib/python3.12/site-packages/diffrax/_adjoint.py:911:22
/home/user/git/DISCO-EB/.venv/lib/python3.12/site-packages/equinox/_module/_prebuilt.py:34:15
/home/user/git/DISCO-EB/.venv/lib/python3.12/site-packages/diffrax/_integrate.py:1435:29
/home/user/git/DISCO-EB/.venv/lib/python3.12/site-packages/equinox/_jit.py:55:14
/home/user/git/DISCO-EB/.venv/lib/python3.12/site-packages/equinox/_jit.py:263:37
/home/user/git/DISCO-EB/.venv/lib/python3.12/site-packages/equinox/_jit.py:209:19
/home/user/git/DISCO-EB/src/discoeb/thermodynamics_recfast.py:284:7
'>/home/user/git/DISCO-EB/.venv/lib/python3.12/site-packages/equinox/internal/_loop/loop.py:103</div>"
"173.0","5","input fusion","input_concatenate_fusion.6","%input_concatenate_fusion.6 = f64[3]{0} fusion(pred[] %get-tuple-element.5596, f64[] %get-tuple-element.5598, f64[] %get-tuple-element.5604, f64[] %loop_add_fusion.35, f64[] %get-tuple-element.5617, /*index=5*/f64[1]{0} %get-tuple-element.5607, f64[] %get-tuple-element.5601, f64[3,1]{0,1} %get-tuple-element.5401.0, f64[3]{0} %get-tuple-element.5782, f64[] %get-tuple-element.5599, /*index=10*/f64[] %get-tuple-element.5600, f64[] %loop_divide_fusion.13, f64[] %get-tuple-element.5603, f64[] %get-tuple-element.5615, f64[] %get-tuple-element.5602, /*index=15*/f64[] %get-tuple-element.5608, f64[] %get-tuple-element.5616, f64[] %get-tuple-element.5583, f64[] %get-tuple-element.5816, f64[] %get-tuple-element.5586, /*index=20*/f64[] %get-tuple-element.5577, f64[] %get-tuple-element.5606, f64[] %get-tuple-element.5609, f64[] %get-tuple-element.5579, f64[] %loop_divide_fusion.16, /*index=25*/f64[] %get-tuple-element.5580, f64[] %loop_divide_fusion.9, f64[] %get-tuple-element.5581, f64[] %get-tuple-element.5582, f64[] %get-tuple-element.5612, /*index=30*/f64[] %get-tuple-element.5573, f64[] %get-tuple-element.5618, f64[] %get-tuple-element.5605, f64[] %get-tuple-element.5614, f64[] %get-tuple-element.5595, /*index=35*/f64[] %get-tuple-element.5574, f64[] %get-tuple-element.5576, f64[] %loop_multiply_fusion.13, f64[] %loop_divide_fusion.15, f64[] %get-tuple-element.5783, /*index=40*/s64[] %get-tuple-element.5812, f64[] %get-tuple-element.5578, f64[] %get-tuple-element.5814, f64[] %get-tuple-element.5815, f64[] %get-tuple-element.5813), kind=kInput, calls=%fused_concatenate.7","jit(evolve_background)/jit(evaluate_thermo)/while/body/closed_call/cond/branch_0_fun/cond/branch_0_fun/cond/branch_1_fun/jit(diffeqsolve)/outer-loop/while/body/jvp()/concatenate:","98.0","528.032","5.388081632653062","528.032","5.388081632653062","0.019941865168240126","20.655231849438856","0.0","11.550864341555057","11.550864341555057","0.07069509316809892","0.07069509316809892","0.0","0.0","152.1687041564792","HBM","No","No","No","<div class='source-info-cell' title='/home/user/git/DISCO-EB/.venv/lib/python3.12/site-packages/equinox/internal/_loop/loop.py:103:29
/home/user/git/DISCO-EB/.venv/lib/python3.12/site-packages/equinox/_module/_prebuilt.py:82:15
/home/user/git/DISCO-EB/.venv/lib/python3.12/site-packages/diffrax/_integrate.py:674:18
/home/user/git/DISCO-EB/.venv/lib/python3.12/site-packages/diffrax/_adjoint.py:911:22
/home/user/git/DISCO-EB/.venv/lib/python3.12/site-packages/equinox/_module/_prebuilt.py:34:15
/home/user/git/DISCO-EB/.venv/lib/python3.12/site-packages/diffrax/_integrate.py:1435:29
/home/user/git/DISCO-EB/.venv/lib/python3.12/site-packages/equinox/_jit.py:55:14
/home/user/git/DISCO-EB/.venv/lib/python3.12/site-packages/equinox/_jit.py:263:37
/home/user/git/DISCO-EB/.venv/lib/python3.12/site-packages/equinox/_jit.py:209:19
/home/user/git/DISCO-EB/src/discoeb/thermodynamics_recfast.py:284:7
'>/home/user/git/DISCO-EB/.venv/lib/python3.12/site-packages/equinox/internal/_loop/loop.py:103</div>"
"174.0","5","loop fusion","loop_add_select_subtract_fusion.1","%loop_add_select_subtract_fusion.1 = (f64[], f64[], f64[], f64[]) fusion(f64[] %get-tuple-element.5598, f64[] %get-tuple-element.5604, f64[3,1]{0,1} %get-tuple-element.5403.0, f64[] %get-tuple-element.5599, f64[] %get-tuple-element.5601, /*index=5*/f64[] %get-tuple-element.5600, f64[3]{0} %get-tuple-element.5782, f64[] %get-tuple-element.5586, f64[] %get-tuple-element.5582, f64[1]{0} %get-tuple-element.5607, /*index=10*/f64[] %get-tuple-element.5616, f64[] %get-tuple-element.5617, f64[] %get-tuple-element.5583, f64[] %loop_divide_fusion.13, f64[] %get-tuple-element.5603, /*index=15*/f64[] %get-tuple-element.5615, f64[] %get-tuple-element.5602, f64[] %get-tuple-element.5608, f64[] %get-tuple-element.5814, f64[] %get-tuple-element.5815, /*index=20*/f64[] %get-tuple-element.5813, f64[] %get-tuple-element.5565, f64[] %get-tuple-element.5622, f64[] %get-tuple-element.5590, f64[] %get-tuple-element.5587, /*index=25*/f64[] %get-tuple-element.5588, f64[] %loop_divide_fusion.10, f64[] %get-tuple-element.5610, f64[] %get-tuple-element.5611, f64[] %loop_divide_fusion.16, /*index=30*/f64[] %get-tuple-element.5579, f64[] %loop_divide_fusion.11, f64[] %get-tuple-element.5591, f64[] %get-tuple-element.5613, f64[] %get-tuple-element.5592, /*index=35*/f64[] %get-tuple-element.5566, f64[] %get-tuple-element.5621, f64[] %get-tuple-element.5620, f64[] %loop_divide_fusion.12, f64[] %get-tuple-element.5619, /*index=40*/f64[] %get-tuple-element.5614, f64[] %get-tuple-element.5595, f64[] %get-tuple-element.5594, f64[] %get-tuple-element.5593, f64[] %loop_multiply_fusion.14, /*index=45*/f64[] %loop_divide_fusion.15), kind=kLoop, calls=%fused_add_select_subtract.1","jit(evolve_background)/jit(evaluate_thermo)/while/body/closed_call/cond/branch_0_fun/cond/branch_0_fun/cond/branch_1_fun/jit(diffeqsolve)/outer-loop/while/body/jvp()/add_any:","98.0","432.235","4.410561224489796","432.235","4.410561224489796","0.01632395781125816","20.671555807250115","0.0","7.492697259592583","7.492697259592583","0.09121999032683817","0.09121999032683817","0.0","0.0","76.49768518518519","HBM","No","No","No","<div class='source-info-cell' title='/home/user/git/DISCO-EB/.venv/lib/python3.12/site-packages/equinox/internal/_loop/loop.py:103:29
/home/user/git/DISCO-EB/.venv/lib/python3.12/site-packages/equinox/_module/_prebuilt.py:82:15
/home/user/git/DISCO-EB/.venv/lib/python3.12/site-packages/diffrax/_integrate.py:674:18
/home/user/git/DISCO-EB/.venv/lib/python3.12/site-packages/diffrax/_adjoint.py:911:22
/home/user/git/DISCO-EB/.venv/lib/python3.12/site-packages/equinox/_module/_prebuilt.py:34:15
/home/user/git/DISCO-EB/.venv/lib/python3.12/site-packages/diffrax/_integrate.py:1435:29
/home/user/git/DISCO-EB/.venv/lib/python3.12/site-packages/equinox/_jit.py:55:14
/home/user/git/DISCO-EB/.venv/lib/python3.12/site-packages/equinox/_jit.py:263:37
/home/user/git/DISCO-EB/.venv/lib/python3.12/site-packages/equinox/_jit.py:209:19
/home/user/git/DISCO-EB/src/discoeb/thermodynamics_recfast.py:284:7
'>/home/user/git/DISCO-EB/.venv/lib/python3.12/site-packages/equinox/internal/_loop/loop.py:103</div>"
"175.0","5","loop fusion","loop_add_fusion.36","%loop_add_fusion.36 = f64[] fusion(f64[] %get-tuple-element.5613, f64[1]{0} %get-tuple-element.5607, f64[] %get-tuple-element.5592, f64[] %get-tuple-element.5621, f64[] %get-tuple-element.5622, /*index=5*/f64[] %get-tuple-element.5587, f64[] %get-tuple-element.5588, f64[] %loop_divide_fusion.10, f64[] %get-tuple-element.5610, f64[] %get-tuple-element.5611, /*index=10*/f64[] %loop_divide_fusion.11, f64[] %get-tuple-element.5620, f64[] %get-tuple-element.5600, f64[] %get-tuple-element.5565, f64[] %loop_divide_fusion.12, /*index=15*/f64[] %get-tuple-element.5619, f64[] %get-tuple-element.5593, f64[] %get-tuple-element.5595, f64[] %loop_multiply_fusion.14, f64[] %get-tuple-element.5594, /*index=20*/f64[3,1]{0,1} %get-tuple-element.5399.0, f64[] %loop_divide_fusion.15, f64[] %get-tuple-element.5614, f64[] %loop_divide_fusion.16, f64[] %get-tuple-element.5616, /*index=25*/f64[3]{0} %get-tuple-element.5782, f64[] %get-tuple-element.5590, f64[] %get-tuple-element.5579, f64[] %get-tuple-element.5583, f64[] %get-tuple-element.5591, /*index=30*/f64[] %get-tuple-element.5582, f64[] %get-tuple-element.5566, f64[] %get-tuple-element.5586, f64[] %get-tuple-element.5814, f64[] %get-tuple-element.5815, /*index=35*/f64[] %get-tuple-element.5813), kind=kLoop, calls=%fused_add.36","jit(evolve_background)/jit(evaluate_thermo)/while/body/closed_call/cond/branch_0_fun/cond/branch_0_fun/cond/branch_1_fun/jit(diffeqsolve)/outer-loop/while/body/jvp()/add_any:","98.0","384.7","3.9255102040816325","384.7","3.9255102040816325","0.014528732217407232","20.68608453946752","0.0","7.231671432284897","7.231671432284897","0.07781760550673236","0.07781760550673236","0.0","0.0","86.54878048780488","HBM","No","No","No","<div class='source-info-cell' title='/home/user/git/DISCO-EB/.venv/lib/python3.12/site-packages/equinox/internal/_loop/loop.py:103:29
/home/user/git/DISCO-EB/.venv/lib/python3.12/site-packages/equinox/_module/_prebuilt.py:82:15
/home/user/git/DISCO-EB/.venv/lib/python3.12/site-packages/diffrax/_integrate.py:674:18
/home/user/git/DISCO-EB/.venv/lib/python3.12/site-packages/diffrax/_adjoint.py:911:22
/home/user/git/DISCO-EB/.venv/lib/python3.12/site-packages/equinox/_module/_prebuilt.py:34:15
/home/user/git/DISCO-EB/.venv/lib/python3.12/site-packages/diffrax/_integrate.py:1435:29
/home/user/git/DISCO-EB/.venv/lib/python3.12/site-packages/equinox/_jit.py:55:14
/home/user/git/DISCO-EB/.venv/lib/python3.12/site-packages/equinox/_jit.py:263:37
/home/user/git/DISCO-EB/.venv/lib/python3.12/site-packages/equinox/_jit.py:209:19
/home/user/git/DISCO-EB/src/discoeb/thermodynamics_recfast.py:284:7
'>/home/user/git/DISCO-EB/.venv/lib/python3.12/site-packages/equinox/internal/_loop/loop.py:103</div>"
"176.0","5","loop fusion","loop_add_fusion.35","%loop_add_fusion.35 = f64[] fusion(f64[] %get-tuple-element.5613, f64[1]{0} %get-tuple-element.5607, f64[] %get-tuple-element.5592, f64[] %get-tuple-element.5621, f64[] %get-tuple-element.5622, /*index=5*/f64[] %get-tuple-element.5587, f64[] %get-tuple-element.5588, f64[] %loop_divide_fusion.10, f64[] %get-tuple-element.5610, f64[] %get-tuple-element.5611, /*index=10*/f64[] %loop_divide_fusion.11, f64[] %get-tuple-element.5620, f64[] %get-tuple-element.5600, f64[] %get-tuple-element.5565, f64[] %loop_divide_fusion.12, /*index=15*/f64[] %get-tuple-element.5619, f64[] %get-tuple-element.5593, f64[] %get-tuple-element.5595, f64[] %loop_multiply_fusion.14, f64[] %get-tuple-element.5594, /*index=20*/f64[3,1]{0,1} %get-tuple-element.5401.0, f64[] %loop_divide_fusion.15, f64[] %get-tuple-element.5614, f64[] %loop_divide_fusion.16, f64[] %get-tuple-element.5616, /*index=25*/f64[3]{0} %get-tuple-element.5782, f64[] %get-tuple-element.5590, f64[] %get-tuple-element.5579, f64[] %get-tuple-element.5583, f64[] %get-tuple-element.5591, /*index=30*/f64[] %get-tuple-element.5582, f64[] %get-tuple-element.5566, f64[] %get-tuple-element.5586, f64[] %get-tuple-element.5814, f64[] %get-tuple-element.5815, /*index=35*/f64[] %get-tuple-element.5813), kind=kLoop, calls=%fused_add.35","jit(evolve_background)/jit(evaluate_thermo)/while/body/closed_call/cond/branch_0_fun/cond/branch_0_fun/cond/branch_1_fun/jit(diffeqsolve)/outer-loop/while/body/jvp()/add_any:","98.0","384.389","3.922336734693878","384.389","3.922336734693878","0.014516986868512993","20.700601526336033","0.0","7.237522405687988","7.237522405687988","0.07788056588102141","0.07788056588102141","0.0","0.0","86.54878048780488","HBM","No","No","No","<div class='source-info-cell' title='/home/user/git/DISCO-EB/.venv/lib/python3.12/site-packages/equinox/internal/_loop/loop.py:103:29
/home/user/git/DISCO-EB/.venv/lib/python3.12/site-packages/equinox/_module/_prebuilt.py:82:15
/home/user/git/DISCO-EB/.venv/lib/python3.12/site-packages/diffrax/_integrate.py:674:18
/home/user/git/DISCO-EB/.venv/lib/python3.12/site-packages/diffrax/_adjoint.py:911:22
/home/user/git/DISCO-EB/.venv/lib/python3.12/site-packages/equinox/_module/_prebuilt.py:34:15
/home/user/git/DISCO-EB/.venv/lib/python3.12/site-packages/diffrax/_integrate.py:1435:29
/home/user/git/DISCO-EB/.venv/lib/python3.12/site-packages/equinox/_jit.py:55:14
/home/user/git/DISCO-EB/.venv/lib/python3.12/site-packages/equinox/_jit.py:263:37
/home/user/git/DISCO-EB/.venv/lib/python3.12/site-packages/equinox/_jit.py:209:19
/home/user/git/DISCO-EB/src/discoeb/thermodynamics_recfast.py:284:7
'>/home/user/git/DISCO-EB/.venv/lib/python3.12/site-packages/equinox/internal/_loop/loop.py:103</div>"
"177.0","5","loop fusion","loop_gather_fusion.7","%loop_gather_fusion.7 = f64[3,1,1]{2,1,0} fusion(f64[] %loop_divide_fusion.14, pred[] %get-tuple-element.5596, f64[3]{0} %get-tuple-element.5782, f64[] %get-tuple-element.5612, f64[] %get-tuple-element.5573, /*index=5*/f64[] %get-tuple-element.5816, f64[] %get-tuple-element.5586, f64[] %get-tuple-element.5600, f64[] %get-tuple-element.5618, s32[3]{0} %lu_pivots_to_permutation.25, /*index=10*/f64[] %get-tuple-element.5604, f64[] %get-tuple-element.5783, s64[] %get-tuple-element.5812, f64[] %get-tuple-element.5566, f64[] %get-tuple-element.5621, /*index=15*/f64[] %get-tuple-element.5582, f64[] %get-tuple-element.5583, f64[] %get-tuple-element.5620, f64[] %get-tuple-element.5592, f64[] %get-tuple-element.5613, /*index=20*/f64[] %get-tuple-element.5617, f64[] %get-tuple-element.5599, f64[] %get-tuple-element.5601, f64[] %get-tuple-element.5784, f64[] %get-tuple-element.5814, /*index=25*/f64[] %get-tuple-element.5815, f64[] %get-tuple-element.5813, f64[] %get-tuple-element.5577, f64[] %get-tuple-element.5606, f64[] %get-tuple-element.5580), kind=kLoop, calls=%fused_gather.7","jit(evolve_background)/jit(evaluate_thermo)/while/body/closed_call/cond/branch_0_fun/cond/branch_0_fun/cond/branch_1_fun/jit(diffeqsolve)/outer-loop/while/body/jit(lu_solve)/jit(_lu_solve)/gather:","98.0","375.74","3.8340816326530613","375.74","3.8340816326530613","0.01419034531678865","20.71479187165282","0.0","6.8475328684728805","6.8475328684728805","0.0672850444736035","0.0672850444736035","0.0","0.0","94.7797833935018","HBM","No","No","No","<div class='source-info-cell' title='/home/user/git/DISCO-EB/src/discoeb/ode_integrators_stiff.py:189:13
/home/user/git/DISCO-EB/.venv/lib/python3.12/site-packages/equinox/_module/_prebuilt.py:34:15
/home/user/git/DISCO-EB/.venv/lib/python3.12/site-packages/diffrax/_integrate.py:356:64
/home/user/git/DISCO-EB/.venv/lib/python3.12/site-packages/equinox/_eval_shape.py:33:15
/home/user/git/DISCO-EB/.venv/lib/python3.12/site-packages/equinox/_eval_shape.py:38:30
/home/user/git/DISCO-EB/.venv/lib/python3.12/site-packages/diffrax/_integrate.py:655:36
/home/user/git/DISCO-EB/.venv/lib/python3.12/site-packages/diffrax/_adjoint.py:911:22
/home/user/git/DISCO-EB/.venv/lib/python3.12/site-packages/equinox/_module/_prebuilt.py:34:15
/home/user/git/DISCO-EB/.venv/lib/python3.12/site-packages/diffrax/_integrate.py:1435:29
/home/user/git/DISCO-EB/.venv/lib/python3.12/site-packages/equinox/_jit.py:55:14
'>/home/user/git/DISCO-EB/src/discoeb/ode_integrators_stiff.py:189</div>"
"178.0","5","input fusion","loop_divide_select_fusion.1","%loop_divide_select_fusion.1 = (f64[3]{0}, f64[3]{0}) fusion(f64[3]{0} %get-tuple-element.5782, f64[3,1]{0,1} %get-tuple-element.5405.0, f64[3,1]{0,1} %get-tuple-element.5403.0, f64[3,1]{0,1} %get-tuple-element.5401.0, f64[3,1]{0,1} %get-tuple-element.5399.0), kind=kInput, calls=%fused_divide_select.1, control-predecessors={%loop_gather_fusion.7, %loop_gather_fusion.6, %input_concatenate_fusion.7, %input_concatenate_fusion.6, %loop_add_fusion.36, %loop_select_fusion.21, %input_concatenate_fusion.8, %loop_divide_power_select_fusion.1, %loop_gather_fusion.4, %loop_add_fusion.37, %loop_add_fusion.35, %loop_add_compare_divide_exponential_multiply_power_sqrt_fusion.1, %input_concatenate_fusion.9, %loop_add_divide_multiply_sqrt_fusion.1, %loop_add_select_subtract_fusion.1}","jit(evolve_background)/jit(evaluate_thermo)/while/body/closed_call/cond/branch_0_fun/cond/branch_0_fun/cond/branch_1_fun/jit(diffeqsolve)/outer-loop/while/body/jit(_where)/select_n:","98.0","277.858","2.8352857142857144","277.858","2.8352857142857144","0.010493695025901584","20.72528556667872","0.0","9.798659747065047","9.798659747065047","0.0551839244091199","0.0551839244091199","0.0","0.0","165.36904761904762","HBM","No","No","No","<div class='source-info-cell' title='/home/user/git/DISCO-EB/.venv/lib/python3.12/site-packages/diffrax/_step_size_controller/pid.py:487:28
/home/user/git/DISCO-EB/.venv/lib/python3.12/site-packages/diffrax/_step_size_controller/pid.py:492:33
/home/user/git/DISCO-EB/.venv/lib/python3.12/site-packages/equinox/_module/_prebuilt.py:34:15
/home/user/git/DISCO-EB/.venv/lib/python3.12/site-packages/diffrax/_integrate.py:379:12
/home/user/git/DISCO-EB/.venv/lib/python3.12/site-packages/equinox/_eval_shape.py:33:15
/home/user/git/DISCO-EB/.venv/lib/python3.12/site-packages/equinox/_eval_shape.py:38:30
/home/user/git/DISCO-EB/.venv/lib/python3.12/site-packages/diffrax/_integrate.py:655:36
/home/user/git/DISCO-EB/.venv/lib/python3.12/site-packages/diffrax/_adjoint.py:911:22
/home/user/git/DISCO-EB/.venv/lib/python3.12/site-packages/equinox/_module/_prebuilt.py:34:15
/home/user/git/DISCO-EB/.venv/lib/python3.12/site-packages/diffrax/_integrate.py:1435:29
'>/home/user/git/DISCO-EB/.venv/lib/python3.12/site-packages/diffrax/_step_size_controller/pid.py:487</div>"
"179.0","5","input fusion","loop_minimum_select_fusion.1","%loop_minimum_select_fusion.1 = (f64[], f64[]) fusion(f64[] %get-tuple-element.5811, f64[] %get-tuple-element.5832, f64[] %get-tuple-element.5784, f64[] %get-tuple-element.5783, f64[3]{0} %get-tuple-element.5549), kind=kInput, calls=%fused_minimum_select.1, control-predecessors={%input_concatenate_fusion.9, %loop_gather_fusion.5, %loop_gather_fusion.6, %input_concatenate_fusion.6, %input_concatenate_fusion.7, %loop_log_fusion.1, %loop_divide_fusion.14, %input_concatenate_fusion.8, %loop_gather_fusion.4, %loop_add_divide_multiply_sqrt_fusion.1, %loop_gather_fusion.7}","jit(evolve_background)/jit(evaluate_thermo)/while/body/closed_call/cond/branch_0_fun/cond/branch_0_fun/cond/branch_1_fun/jit(diffeqsolve)/outer-loop/while/body/jit(_where)/select_n:","98.0","265.02","2.704285714285714","265.02","2.704285714285714","0.010008850044859019","20.735294416723583","0.0","3.6253565768621234","3.6253565768621234","0.024795910069001646","0.024795910069001646","0.0","0.0","136.16666666666666","HBM","No","No","No","<div class='source-info-cell' title='/home/user/git/DISCO-EB/src/discoeb/spline_interpolation.py:34:17
/home/user/git/DISCO-EB/src/discoeb/spline_interpolation.py:39:40
/home/user/git/DISCO-EB/src/discoeb/spline_interpolation.py:39:15
/home/user/git/DISCO-EB/src/discoeb/background.py:166:43
/home/user/git/DISCO-EB/src/discoeb/background.py:233:12
/home/user/git/DISCO-EB/scripts/profile_background.py:38:0
'>/home/user/git/DISCO-EB/src/discoeb/spline_interpolation.py:34</div>"
"180.0","5","loop fusion","loop_add_fusion.37","%loop_add_fusion.37 = f64[] fusion(f64[] %get-tuple-element.5621, f64[] %get-tuple-element.5555, f64[] %get-tuple-element.5565, f64[1]{0} %get-tuple-element.5607, f64[3,1]{0,1} %get-tuple-element.5403.0, /*index=5*/f64[] %get-tuple-element.5620, f64[] %get-tuple-element.5583, f64[] %get-tuple-element.5592, f64[] %get-tuple-element.5616, f64[] %get-tuple-element.5600, /*index=10*/f64[] %get-tuple-element.5566, f64[] %loop_divide_fusion.12, f64[] %get-tuple-element.5619, f64[] %get-tuple-element.5614, f64[] %get-tuple-element.5595, /*index=15*/f64[] %get-tuple-element.5594, f64[] %get-tuple-element.5593, f64[] %loop_multiply_fusion.14, f64[] %loop_divide_fusion.15, f64[3]{0} %get-tuple-element.5782, /*index=20*/f64[] %get-tuple-element.5586, f64[] %get-tuple-element.5814, f64[] %get-tuple-element.5815, f64[] %get-tuple-element.5813), kind=kLoop, calls=%fused_add.37","jit(evolve_background)/jit(evaluate_thermo)/while/body/closed_call/cond/branch_0_fun/cond/branch_0_fun/cond/branch_1_fun/jit(diffeqsolve)/outer-loop/while/body/jvp()/add_any:","98.0","248.864","2.5394285714285716","248.864","2.5394285714285716","0.009398696164681138","20.744693112888264","0.0","2.8742686768676866","2.8742686768676866","0.0792169066617126","0.0792169066617126","0.0","0.0","33.791666666666664","HBM","No","No","No","<div class='source-info-cell' title='/home/user/git/DISCO-EB/.venv/lib/python3.12/site-packages/equinox/internal/_loop/loop.py:103:29
/home/user/git/DISCO-EB/.venv/lib/python3.12/site-packages/equinox/_module/_prebuilt.py:82:15
/home/user/git/DISCO-EB/.venv/lib/python3.12/site-packages/diffrax/_integrate.py:674:18
/home/user/git/DISCO-EB/.venv/lib/python3.12/site-packages/diffrax/_adjoint.py:911:22
/home/user/git/DISCO-EB/.venv/lib/python3.12/site-packages/equinox/_module/_prebuilt.py:34:15
/home/user/git/DISCO-EB/.venv/lib/python3.12/site-packages/diffrax/_integrate.py:1435:29
/home/user/git/DISCO-EB/.venv/lib/python3.12/site-packages/equinox/_jit.py:55:14
/home/user/git/DISCO-EB/.venv/lib/python3.12/site-packages/equinox/_jit.py:263:37
/home/user/git/DISCO-EB/.venv/lib/python3.12/site-packages/equinox/_jit.py:209:19
/home/user/git/DISCO-EB/src/discoeb/thermodynamics_recfast.py:284:7
'>/home/user/git/DISCO-EB/.venv/lib/python3.12/site-packages/equinox/internal/_loop/loop.py:103</div>"
"181.0","5","while","while.328","%while.328 = (s64[], f64[3]{0}, f64[], f64[], f64[], /*index=5*/s64[], f64[], f64[], f64[], f64[], /*index=10*/f64[], f64[], f64[512]{0}, f64[512]{0}, f64[512]{0}, /*index=15*/f64[], f64[], f64[], f64[], s64[], /*index=20*/f64[], f64[], f64[], f64[], f64[], /*index=25*/f64[]) while((s64[], f64[3]{0}, f64[], f64[], f64[], /*index=5*/s64[], f64[], f64[], f64[], f64[], /*index=10*/f64[], f64[], f64[512]{0}, f64[512]{0}, f64[512]{0}, /*index=15*/f64[], f64[], f64[], f64[], s64[], /*index=20*/f64[], f64[], f64[], f64[], f64[], /*index=25*/f64[]) %tuple.1560), condition=%region_69.147.clone.1.clone.clone, body=%region_67.146.clone.clone.clone","jit(evolve_background)/jit(evaluate_thermo)/while/body/closed_call/cond/branch_0_fun/cond/branch_0_fun/cond/branch_1_fun/jit(diffeqsolve)/outer-loop/while:","128.0","243.936","1.90575","243.936","1.90575","0.009212583369340917","20.753905696257604","0.0","637.7478682933229","637.7478682933229","2.901357536661207","0.2194221886408762","0.0","0.0","204.7141654034024","Compute","No","No","No","<div class='source-info-cell' title='/home/user/git/DISCO-EB/.venv/lib/python3.12/site-packages/equinox/internal/_loop/loop.py:103:29
/home/user/git/DISCO-EB/.venv/lib/python3.12/site-packages/equinox/_module/_prebuilt.py:82:15
/home/user/git/DISCO-EB/.venv/lib/python3.12/site-packages/diffrax/_integrate.py:674:18
/home/user/git/DISCO-EB/.venv/lib/python3.12/site-packages/diffrax/_adjoint.py:911:22
/home/user/git/DISCO-EB/.venv/lib/python3.12/site-packages/equinox/_module/_prebuilt.py:34:15
/home/user/git/DISCO-EB/.venv/lib/python3.12/site-packages/diffrax/_integrate.py:1435:29
/home/user/git/DISCO-EB/.venv/lib/python3.12/site-packages/equinox/_jit.py:55:14
/home/user/git/DISCO-EB/.venv/lib/python3.12/site-packages/equinox/_jit.py:263:37
/home/user/git/DISCO-EB/.venv/lib/python3.12/site-packages/equinox/_jit.py:209:19
/home/user/git/DISCO-EB/src/discoeb/thermodynamics_recfast.py:284:7
'>/home/user/git/DISCO-EB/.venv/lib/python3.12/site-packages/equinox/internal/_loop/loop.py:103</div>"
"182.0","5","custom-call","eigh.0","%eigh.0 = (f64[8,8]{0,1}, f64[8]{0}, s32[]) custom-call(f64[8,8]{0,1} %bitcast.2418.0), custom_call_target=""cusolver_syevd_ffi"", operand_layout_constraints={f64[8,8]{0,1}}, output_to_operand_aliasing={{0}: (0, {})}, api_version=API_VERSION_TYPED_FFI, frontend_attributes={num_batch_dims=""0"",xla.sdy.sharding_rule=""#sdy.op_sharding_rule<([i, j])->([k, l], [m], []) {i=8, j=8, k=8, l=8, m=8}, custom>""}","jit(evolve_background)/vmap(jit(eigh))/eigh:","53.0","229.824","4.336301886792453","229.824","4.336301886792453","0.00867962400086665","20.762585320258474","0.0","0.0","0.0","0.0","0.0","0.0","0.0","0.0","Unknown","No","No","No","<div class='source-info-cell' title='/home/user/git/DISCO-EB/src/discoeb/util.py:115:15
/home/user/git/DISCO-EB/src/discoeb/background.py:42:15
/home/user/git/DISCO-EB/src/discoeb/background.py:64:11
/home/user/git/DISCO-EB/src/discoeb/background.py:164:48
/home/user/git/DISCO-EB/src/discoeb/background.py:164:26
/home/user/git/DISCO-EB/src/discoeb/background.py:233:12
/home/user/git/DISCO-EB/scripts/profile_background.py:38:0
'>/home/user/git/DISCO-EB/src/discoeb/util.py:115</div>"
"183.0","5","custom-call","lu_pivots_to_permutation.25","%lu_pivots_to_permutation.25 = s32[3]{0} custom-call(s32[3]{0} %loop_add_fusion.34), custom_call_target=""cu_lu_pivots_to_permutation"", operand_layout_constraints={s32[3]{0}}, api_version=API_VERSION_TYPED_FFI, frontend_attributes={num_batch_dims=""0"",xla.sdy.sharding_rule=""#sdy.op_sharding_rule<([i])->([j]) {i=3, j=3}, custom>""}","jit(evolve_background)/jit(evaluate_thermo)/while/body/closed_call/cond/branch_0_fun/cond/branch_0_fun/cond/branch_1_fun/jit(diffeqsolve)/outer-loop/while/body/jit(lu_solve)/lu_pivots_to_permutation:","98.0","223.772","2.2833877551020407","223.772","2.2833877551020407","0.008451061777368473","20.77103638203584","0.0","0.0","0.0","0.0","0.0","0.0","0.0","0.0","Unknown","No","No","No","<div class='source-info-cell' title='/home/user/git/DISCO-EB/src/discoeb/ode_integrators_stiff.py:189:13
/home/user/git/DISCO-EB/.venv/lib/python3.12/site-packages/equinox/_module/_prebuilt.py:34:15
/home/user/git/DISCO-EB/.venv/lib/python3.12/site-packages/diffrax/_integrate.py:356:64
/home/user/git/DISCO-EB/.venv/lib/python3.12/site-packages/equinox/_eval_shape.py:33:15
/home/user/git/DISCO-EB/.venv/lib/python3.12/site-packages/equinox/_eval_shape.py:38:30
/home/user/git/DISCO-EB/.venv/lib/python3.12/site-packages/diffrax/_integrate.py:655:36
/home/user/git/DISCO-EB/.venv/lib/python3.12/site-packages/diffrax/_adjoint.py:911:22
/home/user/git/DISCO-EB/.venv/lib/python3.12/site-packages/equinox/_module/_prebuilt.py:34:15
/home/user/git/DISCO-EB/.venv/lib/python3.12/site-packages/diffrax/_integrate.py:1435:29
/home/user/git/DISCO-EB/.venv/lib/python3.12/site-packages/equinox/_jit.py:55:14
'>/home/user/git/DISCO-EB/src/discoeb/ode_integrators_stiff.py:189</div>"
"184.0","5","loop fusion","loop_and_fusion.1","%loop_and_fusion.1 = pred[] fusion(s64[] %get-tuple-element.5364.0, f64[] %get-tuple-element.5362.0, f64[] %get-tuple-element.5363.0), kind=kLoop, calls=%fused_and.1","jit(evolve_background)/jit(evaluate_thermo)/while/body/closed_call/cond/branch_0_fun/cond/branch_0_fun/cond/branch_0_fun/jit(diffeqsolve)/outer-loop/while/cond/and:","128.0","201.725","1.5759765625","201.725","1.5759765625","0.007618426063312904","20.778654808099155","0.0","0.0057107448258768125","0.0057107448258768125","0.014773737706132264","0.014773737706132264","0.0","0.0","0.36","HBM","No","No","No","<div class='source-info-cell' title='/home/user/git/DISCO-EB/.venv/lib/python3.12/site-packages/equinox/internal/_loop/loop.py:103:29
/home/user/git/DISCO-EB/.venv/lib/python3.12/site-packages/equinox/_module/_prebuilt.py:82:15
/home/user/git/DISCO-EB/.venv/lib/python3.12/site-packages/diffrax/_integrate.py:674:18
/home/user/git/DISCO-EB/.venv/lib/python3.12/site-packages/diffrax/_adjoint.py:911:22
/home/user/git/DISCO-EB/.venv/lib/python3.12/site-packages/equinox/_module/_prebuilt.py:34:15
/home/user/git/DISCO-EB/.venv/lib/python3.12/site-packages/diffrax/_integrate.py:1435:29
/home/user/git/DISCO-EB/.venv/lib/python3.12/site-packages/equinox/_jit.py:55:14
/home/user/git/DISCO-EB/.venv/lib/python3.12/site-packages/equinox/_jit.py:263:37
/home/user/git/DISCO-EB/.venv/lib/python3.12/site-packages/equinox/_jit.py:209:19
/home/user/git/DISCO-EB/src/discoeb/thermodynamics_recfast.py:284:7
'>/home/user/git/DISCO-EB/.venv/lib/python3.12/site-packages/equinox/internal/_loop/loop.py:103</div>"
"185.0","5","loop fusion","loop_gather_fusion.5","%loop_gather_fusion.5 = f64[3,1,1]{2,1,0} fusion(f64[3]{0} %input_concatenate_fusion.6, f64[] %loop_divide_fusion.14, f64[3]{0} %input_concatenate_fusion.7, f64[3]{0} %input_concatenate_fusion.8, s32[3]{0} %lu_pivots_to_permutation.25, /*index=5*/f64[] %get-tuple-element.5783, f64[] %get-tuple-element.5784, s64[] %get-tuple-element.5812), kind=kLoop, calls=%fused_gather.5","jit(evolve_background)/jit(evaluate_thermo)/while/body/closed_call/cond/branch_0_fun/cond/branch_0_fun/cond/branch_1_fun/jit(diffeqsolve)/outer-loop/while/body/jit(lu_solve)/jit(_lu_solve)/gather:","98.0","199.327","2.0339489795918366","199.327","2.0339489795918366","0.007527862247723243","20.786182670346875","0.0","1.5482197594906861","1.5482197594906861","0.06410444005942177","0.06410444005942177","0.0","0.0","22.492857142857144","HBM","No","No","No","<div class='source-info-cell' title='/home/user/git/DISCO-EB/src/discoeb/ode_integrators_stiff.py:189:13
/home/user/git/DISCO-EB/.venv/lib/python3.12/site-packages/equinox/_module/_prebuilt.py:34:15
/home/user/git/DISCO-EB/.venv/lib/python3.12/site-packages/diffrax/_integrate.py:356:64
/home/user/git/DISCO-EB/.venv/lib/python3.12/site-packages/equinox/_eval_shape.py:33:15
/home/user/git/DISCO-EB/.venv/lib/python3.12/site-packages/equinox/_eval_shape.py:38:30
/home/user/git/DISCO-EB/.venv/lib/python3.12/site-packages/diffrax/_integrate.py:655:36
/home/user/git/DISCO-EB/.venv/lib/python3.12/site-packages/diffrax/_adjoint.py:911:22
/home/user/git/DISCO-EB/.venv/lib/python3.12/site-packages/equinox/_module/_prebuilt.py:34:15
/home/user/git/DISCO-EB/.venv/lib/python3.12/site-packages/diffrax/_integrate.py:1435:29
/home/user/git/DISCO-EB/.venv/lib/python3.12/site-packages/equinox/_jit.py:55:14
'>/home/user/git/DISCO-EB/src/discoeb/ode_integrators_stiff.py:189</div>"
"186.0","5","loop fusion","loop_select_fusion.22","%loop_select_fusion.22 = f64[] fusion(f64[] %get-tuple-element.5759), kind=kLoop, calls=%fused_select.22","jit(evolve_background)/jit(evaluate_thermo)/while/body/closed_call/cond/branch_0_fun/cond/branch_0_fun/cond/branch_1_fun/jit(diffeqsolve)/jit(_where)/select_n:","30.0","189.887","6.329566666666667","189.887","6.329566666666667","0.007171347477428664","20.793354017824303","0.0","0.7109491434379394","0.7109491434379394","0.0023542150637770338","0.0023542150637770338","0.0","0.0","281.25","Compute","No","No","No","<div class='source-info-cell' title='/home/user/git/DISCO-EB/src/discoeb/spline_interpolation.py:34:17
/home/user/git/DISCO-EB/src/discoeb/spline_interpolation.py:39:40
/home/user/git/DISCO-EB/src/discoeb/spline_interpolation.py:39:15
/home/user/git/DISCO-EB/src/discoeb/background.py:166:43
/home/user/git/DISCO-EB/src/discoeb/background.py:233:12
/home/user/git/DISCO-EB/scripts/profile_background.py:38:0
'>/home/user/git/DISCO-EB/src/discoeb/spline_interpolation.py:34</div>"
"187.0","5","input fusion","input_concatenate_fusion","%input_concatenate_fusion = f64[6]{0} fusion(f64[] %get-tuple-element.753.0, f64[] %get-tuple-element.752.0), kind=kInput, calls=%fused_concatenate.1","jit(evolve_background)/jit(evaluate_thermo)/while/body/closed_call/cond/branch_1_fun/concatenate:","105.0","162.112","1.5439238095238095","162.112","1.5439238095238095","0.006122385851906217","20.79947640367621","0.0","0.27656805171733123","0.27656805171733123","0.038605949599141424","0.038605949599141424","0.0","0.0","6.671875","HBM","No","No","No","<div class='source-info-cell' title='/home/user/git/DISCO-EB/src/discoeb/thermodynamics_recfast.py:440:14
/home/user/git/DISCO-EB/src/discoeb/thermodynamics_recfast.py:452:12
/home/user/git/DISCO-EB/src/discoeb/thermodynamics_recfast.py:461:11
/home/user/git/DISCO-EB/src/discoeb/background.py:237:82
/home/user/git/DISCO-EB/scripts/profile_background.py:38:0
'>/home/user/git/DISCO-EB/src/discoeb/thermodynamics_recfast.py:440</div>"
"188.0","5","loop fusion","loop_select_fusion.20","%loop_select_fusion.20 = f64[3,3]{1,0} fusion(f64[3,3]{0,1} %lu.72.0, s32[] %lu.70.0), kind=kLoop, calls=%fused_select.20","jit(evolve_background)/jit(evaluate_thermo)/while/body/closed_call/cond/branch_0_fun/cond/branch_0_fun/cond/branch_1_fun/jit(diffeqsolve)/outer-loop/while/body/jit(lu_factor)/lu:","98.0","161.923","1.6522755102040816","161.923","1.6522755102040816","0.006115248003221292","20.805591651679432","0.0","0.018156778221747372","0.018156778221747372","0.08342176603832006","0.08342176603832006","0.0","0.0","0.20270270270270271","HBM","No","No","No","<div class='source-info-cell' title='/home/user/git/DISCO-EB/src/discoeb/ode_integrators_stiff.py:185:21
/home/user/git/DISCO-EB/.venv/lib/python3.12/site-packages/equinox/_module/_prebuilt.py:34:15
/home/user/git/DISCO-EB/.venv/lib/python3.12/site-packages/diffrax/_integrate.py:356:64
/home/user/git/DISCO-EB/.venv/lib/python3.12/site-packages/equinox/_eval_shape.py:33:15
/home/user/git/DISCO-EB/.venv/lib/python3.12/site-packages/equinox/_eval_shape.py:38:30
/home/user/git/DISCO-EB/.venv/lib/python3.12/site-packages/diffrax/_integrate.py:655:36
/home/user/git/DISCO-EB/.venv/lib/python3.12/site-packages/diffrax/_adjoint.py:911:22
/home/user/git/DISCO-EB/.venv/lib/python3.12/site-packages/equinox/_module/_prebuilt.py:34:15
/home/user/git/DISCO-EB/.venv/lib/python3.12/site-packages/diffrax/_integrate.py:1435:29
/home/user/git/DISCO-EB/.venv/lib/python3.12/site-packages/equinox/_jit.py:55:14
'>/home/user/git/DISCO-EB/src/discoeb/ode_integrators_stiff.py:185</div>"
"189.0","5","data formatting","copy.75","%copy.75 = f64[3]{0} copy(f64[3]{0} %get-tuple-element.5808)","","98.0","151.044","1.541265306122449","151.044","1.541265306122449","0.005704387390293887","20.811296039069724","0.0","0.0","0.0","0.029004405279198186","0.029004405279198186","0.0","0.0","0.0","HBM","No","No","No",""
"190.0","5","loop fusion","loop_add_fusion.38","%loop_add_fusion.38 = s64[] fusion(s64[] %get-tuple-element.5781), kind=kLoop, calls=%fused_add.38","jit(evolve_background)/jit(evaluate_thermo)/while/body/closed_call/cond/branch_0_fun/cond/branch_0_fun/cond/branch_1_fun/jit(diffeqsolve)/outer-loop/while/body/add:","98.0","151.042","1.5412448979591837","151.042","1.5412448979591837","0.00570431185750357","20.817000350927227","0.0","0.0019464784629440817","0.0019464784629440817","0.009668263112227527","0.009668263112227527","0.0","0.0","0.1875","HBM","No","No","No","<div class='source-info-cell' title='/home/user/git/DISCO-EB/.venv/lib/python3.12/site-packages/equinox/internal/_loop/loop.py:103:29
/home/user/git/DISCO-EB/.venv/lib/python3.12/site-packages/equinox/_module/_prebuilt.py:82:15
/home/user/git/DISCO-EB/.venv/lib/python3.12/site-packages/diffrax/_integrate.py:674:18
/home/user/git/DISCO-EB/.venv/lib/python3.12/site-packages/diffrax/_adjoint.py:911:22
/home/user/git/DISCO-EB/.venv/lib/python3.12/site-packages/equinox/_module/_prebuilt.py:34:15
/home/user/git/DISCO-EB/.venv/lib/python3.12/site-packages/diffrax/_integrate.py:1435:29
/home/user/git/DISCO-EB/.venv/lib/python3.12/site-packages/equinox/_jit.py:55:14
/home/user/git/DISCO-EB/.venv/lib/python3.12/site-packages/equinox/_jit.py:263:37
/home/user/git/DISCO-EB/.venv/lib/python3.12/site-packages/equinox/_jit.py:209:19
/home/user/git/DISCO-EB/src/discoeb/thermodynamics_recfast.py:284:7
'>/home/user/git/DISCO-EB/.venv/lib/python3.12/site-packages/equinox/internal/_loop/loop.py:103</div>"
"191.0","5","loop fusion","loop_add_fusion.34","%loop_add_fusion.34 = s32[3]{0} fusion(s32[3]{0} %lu.74.0), kind=kLoop, calls=%fused_add.34","jit(evolve_background)/jit(evaluate_thermo)/while/body/closed_call/cond/branch_0_fun/cond/branch_0_fun/cond/branch_1_fun/jit(diffeqsolve)/outer-loop/while/body/jit(lu_factor)/lu:","98.0","147.456","1.5046530612244897","147.456","1.5046530612244897","0.005568881564465819","20.822569232491695","0.0","0.0059814453125","0.0059814453125","0.014855080128957827","0.014855080128957827","0.0","0.0","0.375","HBM","No","No","No","<div class='source-info-cell' title='/home/user/git/DISCO-EB/src/discoeb/ode_integrators_stiff.py:185:21
/home/user/git/DISCO-EB/.venv/lib/python3.12/site-packages/equinox/_module/_prebuilt.py:34:15
/home/user/git/DISCO-EB/.venv/lib/python3.12/site-packages/diffrax/_integrate.py:356:64
/home/user/git/DISCO-EB/.venv/lib/python3.12/site-packages/equinox/_eval_shape.py:33:15
/home/user/git/DISCO-EB/.venv/lib/python3.12/site-packages/equinox/_eval_shape.py:38:30
/home/user/git/DISCO-EB/.venv/lib/python3.12/site-packages/diffrax/_integrate.py:655:36
/home/user/git/DISCO-EB/.venv/lib/python3.12/site-packages/diffrax/_adjoint.py:911:22
/home/user/git/DISCO-EB/.venv/lib/python3.12/site-packages/equinox/_module/_prebuilt.py:34:15
/home/user/git/DISCO-EB/.venv/lib/python3.12/site-packages/diffrax/_integrate.py:1435:29
/home/user/git/DISCO-EB/.venv/lib/python3.12/site-packages/equinox/_jit.py:55:14
'>/home/user/git/DISCO-EB/src/discoeb/ode_integrators_stiff.py:185</div>"
"192.0","5","loop fusion","loop_concatenate_fusion","%loop_concatenate_fusion = f64[6]{0} fusion(f64[] %get-tuple-element.718.0, f64[] %get-tuple-element.715.0, f64[] %get-tuple-element.720.0, f64[] %get-tuple-element.716.0, f64[] %get-tuple-element.717.0, /*index=5*/f64[] %get-tuple-element.719.0), kind=kLoop, calls=%fused_concatenate","jit(evolve_background)/jit(evaluate_thermo)/while/body/closed_call/cond/branch_0_fun/cond/branch_1_fun/concatenate:","12.0","66.209","5.517416666666667","66.209","5.517416666666667","0.0025004752570374723","20.82506970774873","0.0","9.623344258333459","9.623344258333459","0.016204497967905136","0.016204497967905136","0.0","0.0","553.0833333333334","Compute","No","No","No","<div class='source-info-cell' title='/home/user/git/DISCO-EB/src/discoeb/thermodynamics_recfast.py:440:14
/home/user/git/DISCO-EB/src/discoeb/thermodynamics_recfast.py:452:12
/home/user/git/DISCO-EB/src/discoeb/thermodynamics_recfast.py:461:11
/home/user/git/DISCO-EB/src/discoeb/background.py:237:82
/home/user/git/DISCO-EB/scripts/profile_background.py:38:0
'>/home/user/git/DISCO-EB/src/discoeb/thermodynamics_recfast.py:440</div>"
"193.0","5","conditional","cond.17.clone","%cond.17.clone = (f64[]) conditional(pred[] %get-tuple-element.5625, () %cond.13.0, (f64[]) %tuple.220.0), true_computation=%region_66.118.clone.1, false_computation=%region_65.117.clone.1","jit(evolve_background)/jit(evaluate_thermo)/while/body/closed_call/cond/branch_0_fun/cond/branch_0_fun/cond/branch_1_fun/jit(diffeqsolve)/jit(branched_error_if_impl)/cond:","30.0","56.704","1.8901333333333334","56.704","1.8901333333333334","0.0021415056710576024","20.827211213419787","0.0","325316451638500.8","325316451638500.8","0.01182548415849225","0.00394182805283075","0.0","0.0","2.5620477880152156e+16","Compute","No","No","No","<div class='source-info-cell' title='/home/user/git/DISCO-EB/.venv/lib/python3.12/site-packages/equinox/_ad.py:819:15
/home/user/git/DISCO-EB/.venv/lib/python3.12/site-packages/equinox/_errors.py:342:16
/home/user/git/DISCO-EB/.venv/lib/python3.12/site-packages/equinox/_jit.py:55:14
/home/user/git/DISCO-EB/.venv/lib/python3.12/site-packages/equinox/_jit.py:263:37
/home/user/git/DISCO-EB/.venv/lib/python3.12/site-packages/equinox/_jit.py:209:19
/home/user/git/DISCO-EB/.venv/lib/python3.12/site-packages/equinox/_errors.py:271:15
/home/user/git/DISCO-EB/.venv/lib/python3.12/site-packages/equinox/_errors.py:250:11
/home/user/git/DISCO-EB/.venv/lib/python3.12/site-packages/diffrax/_integrate.py:1034:14
/home/user/git/DISCO-EB/.venv/lib/python3.12/site-packages/equinox/_jit.py:55:14
/home/user/git/DISCO-EB/.venv/lib/python3.12/site-packages/equinox/_jit.py:263:37
'>/home/user/git/DISCO-EB/.venv/lib/python3.12/site-packages/equinox/_ad.py:819</div>"
"194.0","5","loop fusion","loop_abs_compare_fusion.1","%loop_abs_compare_fusion.1 = (pred[], f64[]) fusion(f64[] %get-tuple-element.663.0, f64[] %get-tuple-element.661.0), kind=kLoop, calls=%fused_abs_compare.1","jit(evolve_background)/jit(evaluate_thermo)/while/body/closed_call/cond/branch_0_fun/cond/branch_0_fun/cond/branch_1_fun/jit(diffeqsolve)/lt:","30.0","52.417","1.7472333333333334","52.417","1.7472333333333334","0.001979601135013868","20.829190814554803","0.0","0.16998302077570254","0.16998302077570254","0.013325675467150138","0.013325675467150138","0.0","0.0","11.88","HBM","No","No","No","<div class='source-info-cell' title='/home/user/git/DISCO-EB/.venv/lib/python3.12/site-packages/diffrax/_integrate.py:1033:19
/home/user/git/DISCO-EB/.venv/lib/python3.12/site-packages/equinox/_jit.py:55:14
/home/user/git/DISCO-EB/.venv/lib/python3.12/site-packages/equinox/_jit.py:263:37
/home/user/git/DISCO-EB/.venv/lib/python3.12/site-packages/equinox/_jit.py:209:19
/home/user/git/DISCO-EB/src/discoeb/thermodynamics_recfast.py:284:7
/home/user/git/DISCO-EB/src/discoeb/thermodynamics_recfast.py:432:14
/home/user/git/DISCO-EB/src/discoeb/thermodynamics_recfast.py:446:16
/home/user/git/DISCO-EB/src/discoeb/thermodynamics_recfast.py:443:14
/home/user/git/DISCO-EB/src/discoeb/thermodynamics_recfast.py:440:14
/home/user/git/DISCO-EB/src/discoeb/thermodynamics_recfast.py:452:12
'>/home/user/git/DISCO-EB/.venv/lib/python3.12/site-packages/diffrax/_integrate.py:1033</div>"
"195.0","5","loop fusion","loop_minimum_multiply_select_fusion.1","%loop_minimum_multiply_select_fusion.1 = (f64[], f64[], f64[], s64[]) fusion(f64[] %get-tuple-element.242.0, f64[] %get-tuple-element.663.0, f64[] %get-tuple-element.661.0), kind=kLoop, calls=%fused_minimum_multiply_select.1","jit(evolve_background)/jit(evaluate_thermo)/while/body/closed_call/cond/branch_0_fun/cond/branch_0_fun/cond/branch_1_fun/jit(diffeqsolve)/min:","30.0","50.558","1.6852666666666667","50.558","1.6852666666666667","0.0019093934064145436","20.831100207961217","0.0","0.23735116104276277","0.23735116104276277","0.030947069214644643","0.030947069214644643","0.0","0.0","7.142857142857143","HBM","No","No","No","<div class='source-info-cell' title='/home/user/git/DISCO-EB/.venv/lib/python3.12/site-packages/diffrax/_integrate.py:1254:12
/home/user/git/DISCO-EB/.venv/lib/python3.12/site-packages/equinox/_jit.py:55:14
/home/user/git/DISCO-EB/.venv/lib/python3.12/site-packages/equinox/_jit.py:263:37
/home/user/git/DISCO-EB/.venv/lib/python3.12/site-packages/equinox/_jit.py:209:19
/home/user/git/DISCO-EB/src/discoeb/thermodynamics_recfast.py:284:7
/home/user/git/DISCO-EB/src/discoeb/thermodynamics_recfast.py:432:14
/home/user/git/DISCO-EB/src/discoeb/thermodynamics_recfast.py:446:16
/home/user/git/DISCO-EB/src/discoeb/thermodynamics_recfast.py:443:14
/home/user/git/DISCO-EB/src/discoeb/thermodynamics_recfast.py:440:14
/home/user/git/DISCO-EB/src/discoeb/thermodynamics_recfast.py:452:12
'>/home/user/git/DISCO-EB/.venv/lib/python3.12/site-packages/diffrax/_integrate.py:1254</div>"
"196.0","5","data formatting","copy.65","%copy.65 = f64[] copy(f64[] %get-tuple-element.5754)","","30.0","46.496","1.5498666666666667","46.496","1.5498666666666667","0.0017559863092814316","20.832856194270498","0.0","0.0","0.0","0.009614479435121939","0.009614479435121939","0.0","0.0","0.0","HBM","No","No","No",""
"197.0","5","loop fusion","wrapped_slice.5","%wrapped_slice.5 = f64[3]{0} fusion(f64[6]{0} %get-tuple-element.662.0), kind=kLoop, calls=%wrapped_slice_computation.5","jit(evolve_background)/jit(evaluate_thermo)/while/body/closed_call/cond/branch_0_fun/cond/branch_0_fun/cond/branch_1_fun/slice:","30.0","46.338","1.5446","46.338","1.5446","0.0017500192188464165","20.834606213489344","0.0","0.0","0.0","0.02894178659947104","0.02894178659947104","0.0","0.0","0.0","HBM","No","No","No","<div class='source-info-cell' title='/home/user/git/DISCO-EB/src/discoeb/thermodynamics_recfast.py:440:14
/home/user/git/DISCO-EB/src/discoeb/thermodynamics_recfast.py:452:12
/home/user/git/DISCO-EB/src/discoeb/thermodynamics_recfast.py:461:11
/home/user/git/DISCO-EB/src/discoeb/background.py:237:82
/home/user/git/DISCO-EB/scripts/profile_background.py:38:0
'>/home/user/git/DISCO-EB/src/discoeb/thermodynamics_recfast.py:440</div>"
"198.0","5","data formatting","copy.615","%copy.615 = s64[] copy(s64[] %constant_604_0)","","30.0","44.0","1.4666666666666666","44.0","1.4666666666666666","0.0016617213869662547","20.83626793487631","0.0","0.0","0.0","0.010159882632168857","0.010159882632168857","0.0","0.0","0.0","HBM","No","No","No",""
"199.0","5","loop fusion","loop_select_fusion.5","%loop_select_fusion.5 = (s32[1024]{0}, s32[1024]{0}) fusion(s32[1024]{0} %get-tuple-element.6331, s32[1024]{0} %get-tuple-element.6330, f64[1024]{0} %get-tuple-element.6337, f64[1024]{0} %get-tuple-element.6338), kind=kLoop, calls=%fused_select.5","jit(evolve_background)/jit(searchsorted)/vmap()/while/body/closed_call/jit(_where)/select_n:","11.0","24.385","2.216818181818182","24.385","2.216818181818182","0.0009209335459357302","20.83718886842225","0.0","41.57309821611646","41.57309821611646","13.766387507689153","13.766387507689153","0.0","0.0","2.8125","HBM","No","No","No","<div class='source-info-cell' title='/home/user/git/DISCO-EB/src/discoeb/spline_interpolation.py:141:27
/home/user/git/DISCO-EB/src/discoeb/spline_interpolation.py:156:14
/home/user/git/DISCO-EB/src/discoeb/background.py:311:21
/home/user/git/DISCO-EB/scripts/profile_background.py:38:0
'>/home/user/git/DISCO-EB/src/discoeb/spline_interpolation.py:141</div>"
"200.0","5","data formatting","copy.343","%copy.343 = s32[1024]{0} copy(s32[1024]{0} %get-tuple-element.6335)","","11.0","21.793","1.9811818181818182","21.793","1.9811818181818182","0.0008230430496853543","20.838011911471934","0.0","0.0","0.0","3.8509310257307394","3.8509310257307394","0.0","0.0","0.0","HBM","No","No","No",""
"201.0","5","data formatting","copy.344","%copy.344 = s32[1024]{0} copy(s32[1024]{0} %get-tuple-element.6336)","","11.0","21.507","1.9551818181818184","21.507","1.9551818181818184","0.0008122418606700738","20.838824153332606","0.0","0.0","0.0","3.9021406911121956","3.9021406911121956","0.0","0.0","0.0","HBM","No","No","No",""
"202.0","5","loop fusion","loop_select_fusion.4","%loop_select_fusion.4 = (s32[], s32[]) fusion(s32[] %get-tuple-element.6637, s32[] %get-tuple-element.6636, f64[1024]{0} %get-tuple-element.6643, f64[] %get-tuple-element.6644), kind=kLoop, calls=%fused_select.4","jit(evolve_background)/jit(searchsorted)/while/body/closed_call/jit(_where)/select_n:","11.0","19.424","1.7658181818181817","19.424","1.7658181818181817","0.0007335744595552849","20.83955772779216","0.0","0.050967874794069196","0.050967874794069196","0.01687734484476155","0.01687734484476155","0.0","0.0","2.8125","HBM","No","No","No","<div class='source-info-cell' title='/home/user/git/DISCO-EB/src/discoeb/spline_interpolation.py:141:27
/home/user/git/DISCO-EB/src/discoeb/spline_interpolation.py:156:14
/home/user/git/DISCO-EB/src/discoeb/background.py:311:21
/home/user/git/DISCO-EB/scripts/profile_background.py:38:0
'>/home/user/git/DISCO-EB/src/discoeb/spline_interpolation.py:141</div>"
"203.0","5","loop fusion","loop_select_fusion.7","%loop_select_fusion.7 = (s32[], s32[]) fusion(s32[] %get-tuple-element.6402, f64[1024]{0} %get-tuple-element.6407, s32[] %get-tuple-element.6401), kind=kLoop, calls=%fused_select.7","jit(evolve_background)/jit(searchsorted)/while/body/closed_call/jit(_where)/select_n:","11.0","19.042","1.7310909090909092","19.042","1.7310909090909092","0.0007191476966048051","20.840276875488765","0.0","0.03985925848125197","0.03985925848125197","0.012911939906442932","0.012911939906442932","0.0","0.0","2.875","HBM","No","No","No","<div class='source-info-cell' title='/home/user/git/DISCO-EB/src/discoeb/spline_interpolation.py:141:27
/home/user/git/DISCO-EB/src/discoeb/spline_interpolation.py:156:14
/home/user/git/DISCO-EB/src/discoeb/background.py:311:21
/home/user/git/DISCO-EB/scripts/profile_background.py:38:0
'>/home/user/git/DISCO-EB/src/discoeb/spline_interpolation.py:141</div>"
"204.0","5","loop fusion","loop_select_fusion.6","%loop_select_fusion.6 = (s32[], s32[]) fusion(s32[] %get-tuple-element.6414, f64[1024]{0} %get-tuple-element.6419, s32[] %get-tuple-element.6413), kind=kLoop, calls=%fused_select.6","jit(evolve_background)/jit(searchsorted)/while/body/closed_call/jit(_where)/select_n:","11.0","18.688","1.6989090909090907","18.688","1.6989090909090907","0.0007057783927187583","20.840982653881483","0.0","0.04061429794520548","0.04061429794520548","0.013156526096879617","0.013156526096879617","0.0","0.0","2.875","HBM","No","No","No","<div class='source-info-cell' title='/home/user/git/DISCO-EB/src/discoeb/spline_interpolation.py:141:27
/home/user/git/DISCO-EB/src/discoeb/spline_interpolation.py:156:14
/home/user/git/DISCO-EB/src/discoeb/background.py:311:21
/home/user/git/DISCO-EB/scripts/profile_background.py:38:0
'>/home/user/git/DISCO-EB/src/discoeb/spline_interpolation.py:141</div>"
"205.0","5","data formatting","copy.386","%copy.386 = s32[] copy(s32[] %get-tuple-element.6406)","","11.0","17.248","1.568","17.248","1.568","0.0006513947836907719","20.841634048665174","0.0","0.0","0.0","0.004751645788854481","0.004751645788854481","0.0","0.0","0.0","HBM","No","No","No",""
"206.0","5","data formatting","copy.394","%copy.394 = s32[] copy(s32[] %get-tuple-element.6417)","","11.0","17.248","1.568","17.248","1.568","0.0006513947836907719","20.842285443448862","0.0","0.0","0.0","0.004751645788854481","0.004751645788854481","0.0","0.0","0.0","HBM","No","No","No",""
"207.0","5","data formatting","copy.502","%copy.502 = s32[] copy(s32[] %get-tuple-element.6641)","","11.0","17.154","1.5594545454545454","17.154","1.5594545454545454","0.0006478447425458894","20.84293328819141","0.0","0.0","0.0","0.004777683721940195","0.004777683721940195","0.0","0.0","0.0","HBM","No","No","No",""
"208.0","5","data formatting","copy.395","%copy.395 = s32[] copy(s32[] %get-tuple-element.6418)","","11.0","17.151","1.5591818181818182","17.151","1.5591818181818182","0.0006477314433604145","20.84358101963477","0.0","0.0","0.0","0.00477851941963513","0.00477851941963513","0.0","0.0","0.0","HBM","No","No","No",""
"209.0","5","data formatting","copy.503","%copy.503 = s32[] copy(s32[] %get-tuple-element.6642)","","11.0","17.119","1.5562727272727273","17.119","1.5562727272727273","0.0006465229187153481","20.844227542553483","0.0","0.0","0.0","0.004787451753382914","0.004787451753382914","0.0","0.0","0.0","HBM","No","No","No",""
"210.0","5","data formatting","copy.385","%copy.385 = s32[] copy(s32[] %get-tuple-element.6405)","","11.0","16.991","1.5446363636363636","16.991","1.5446363636363636","0.0006416888201350826","20.844869231373618","0.0","0.0","0.0","0.004823517542590907","0.004823517542590907","0.0","0.0","0.0","HBM","No","No","No",""
"211.0","5","loop fusion","loop_add_fusion.5","%loop_add_fusion.5 = s64[] fusion(s64[] %get-tuple-element.6329), kind=kLoop, calls=%fused_add.5","jit(evolve_background)/jit(searchsorted)/vmap()/while/body/add:","11.0","16.517","1.5015454545454545","16.517","1.5015454545454545","0.0006237875488300371","20.84549301892245","0.0","0.0019979415148029304","0.0019979415148029304","0.00992388285598621","0.00992388285598621","0.0","0.0","0.1875","HBM","No","No","No","<div class='source-info-cell' title='/home/user/git/DISCO-EB/src/discoeb/spline_interpolation.py:141:27
/home/user/git/DISCO-EB/src/discoeb/spline_interpolation.py:156:14
/home/user/git/DISCO-EB/src/discoeb/background.py:313:59
/home/user/git/DISCO-EB/scripts/profile_background.py:38:0
'>/home/user/git/DISCO-EB/src/discoeb/spline_interpolation.py:141</div>"
"212.0","5","loop fusion","loop_add_fusion.6","%loop_add_fusion.6 = s64[] fusion(s64[] %get-tuple-element.6412), kind=kLoop, calls=%fused_add.6","jit(evolve_background)/jit(searchsorted)/while/body/add:","11.0","16.511","1.501","16.511","1.501","0.0006235609504590871","20.84611657987291","0.0","0.001998667554963358","0.001998667554963358","0.009927489136474121","0.009927489136474121","0.0","0.0","0.1875","HBM","No","No","No","<div class='source-info-cell' title='/home/user/git/DISCO-EB/src/discoeb/spline_interpolation.py:141:27
/home/user/git/DISCO-EB/src/discoeb/spline_interpolation.py:156:14
/home/user/git/DISCO-EB/src/discoeb/background.py:311:21
/home/user/git/DISCO-EB/scripts/profile_background.py:38:0
'>/home/user/git/DISCO-EB/src/discoeb/spline_interpolation.py:141</div>"
"213.0","5","loop fusion","loop_add_fusion.4","%loop_add_fusion.4 = s64[] fusion(s64[] %get-tuple-element.6635), kind=kLoop, calls=%fused_add.4","jit(evolve_background)/jit(searchsorted)/while/body/add:","11.0","16.099","1.4635454545454545","16.099","1.4635454545454545","0.0006080011956538576","20.846724581068564","0.0","0.0020498167588048947","0.0020498167588048947","0.010181549980267358","0.010181549980267358","0.0","0.0","0.1875","HBM","No","No","No","<div class='source-info-cell' title='/home/user/git/DISCO-EB/src/discoeb/spline_interpolation.py:141:27
/home/user/git/DISCO-EB/src/discoeb/spline_interpolation.py:183:14
/home/user/git/DISCO-EB/src/discoeb/background.py:323:26
/home/user/git/DISCO-EB/scripts/profile_background.py:38:0
'>/home/user/git/DISCO-EB/src/discoeb/spline_interpolation.py:141</div>"
"214.0","5","loop fusion","loop_add_fusion.7","%loop_add_fusion.7 = s64[] fusion(s64[] %get-tuple-element.6400), kind=kLoop, calls=%fused_add.7","jit(evolve_background)/jit(searchsorted)/while/body/add:","11.0","15.392","1.3992727272727272","15.392","1.3992727272727272","0.0005813003542769226","20.84730588142284","0.0","0.002143970893970894","0.002143970893970894","0.010649218628659318","0.010649218628659318","0.0","0.0","0.1875","HBM","No","No","No","<div class='source-info-cell' title='/home/user/git/DISCO-EB/src/discoeb/spline_interpolation.py:141:27
/home/user/git/DISCO-EB/src/discoeb/spline_interpolation.py:156:14
/home/user/git/DISCO-EB/src/discoeb/background.py:311:21
/home/user/git/DISCO-EB/scripts/profile_background.py:38:0
'>/home/user/git/DISCO-EB/src/discoeb/spline_interpolation.py:141</div>"
"215.0","5","loop fusion","loop_add_divide_fusion.1","%loop_add_divide_fusion.1 = (f64[], s64[]) fusion(f64[6]{0} %get-tuple-element.6098, s64[] %copy.171, f64[] %get-tuple-element.6092), kind=kLoop, calls=%fused_add_divide.1","jit(evolve_background)/while/body/closed_call/div:","6.0","14.561","2.426833333333333","14.561","2.426833333333333","0.0005499164799003554","20.84785579790274","0.0","3.2239543987363506","3.2239543987363506","0.015350416723282386","0.015350416723282386","0.0","0.0","195.6","HBM","No","No","No","<div class='source-info-cell' title='/home/user/git/DISCO-EB/.venv/lib/python3.12/site-packages/jax_cosmo/scipy/integrate.py:65:11
/home/user/git/DISCO-EB/.venv/lib/python3.12/site-packages/jax_cosmo/scipy/integrate.py:142:12
/home/user/git/DISCO-EB/.venv/lib/python3.12/site-packages/jax_cosmo/scipy/integrate.py:150:23
/home/user/git/DISCO-EB/src/discoeb/background.py:183:8
/home/user/git/DISCO-EB/src/discoeb/background.py:233:12
/home/user/git/DISCO-EB/scripts/profile_background.py:38:0
'>/home/user/git/DISCO-EB/.venv/lib/python3.12/site-packages/jax_cosmo/scipy/integrate.py:65</div>"
"216.0","5","loop fusion","loop_add_divide_fusion.3","%loop_add_divide_fusion.3 = (f64[], s64[]) fusion(f64[6]{0} %get-tuple-element.6122, s64[] %copy.189, f64[] %get-tuple-element.6116), kind=kLoop, calls=%fused_add_divide.3","jit(evolve_background)/while/body/closed_call/div:","6.0","14.464","2.4106666666666667","14.464","2.4106666666666667","0.0005462531395699979","20.84840205104231","0.0","3.245575221238938","3.245575221238938","0.015453361304460374","0.015453361304460374","0.0","0.0","195.6","HBM","No","No","No","<div class='source-info-cell' title='/home/user/git/DISCO-EB/.venv/lib/python3.12/site-packages/jax_cosmo/scipy/integrate.py:65:11
/home/user/git/DISCO-EB/.venv/lib/python3.12/site-packages/jax_cosmo/scipy/integrate.py:142:12
/home/user/git/DISCO-EB/.venv/lib/python3.12/site-packages/jax_cosmo/scipy/integrate.py:150:23
/home/user/git/DISCO-EB/src/discoeb/background.py:183:8
/home/user/git/DISCO-EB/src/discoeb/background.py:233:12
/home/user/git/DISCO-EB/scripts/profile_background.py:38:0
'>/home/user/git/DISCO-EB/.venv/lib/python3.12/site-packages/jax_cosmo/scipy/integrate.py:65</div>"
"217.0","5","loop fusion","loop_add_divide_fusion","%loop_add_divide_fusion = (f64[], s64[]) fusion(f64[6]{0} %get-tuple-element.6086, s64[] %copy.162, f64[] %get-tuple-element.6080), kind=kLoop, calls=%fused_add_divide","jit(evolve_background)/while/body/closed_call/div:","6.0","14.433","2.4055","14.433","2.4055","0.0005450823813200899","20.84894713342363","0.0","3.2525462481812513","3.2525462481812513","0.015486552893211034","0.015486552893211034","0.0","0.0","195.6","HBM","No","No","No","<div class='source-info-cell' title='/home/user/git/DISCO-EB/.venv/lib/python3.12/site-packages/jax_cosmo/scipy/integrate.py:65:11
/home/user/git/DISCO-EB/.venv/lib/python3.12/site-packages/jax_cosmo/scipy/integrate.py:142:12
/home/user/git/DISCO-EB/.venv/lib/python3.12/site-packages/jax_cosmo/scipy/integrate.py:150:23
/home/user/git/DISCO-EB/src/discoeb/background.py:183:8
/home/user/git/DISCO-EB/src/discoeb/background.py:233:12
/home/user/git/DISCO-EB/scripts/profile_background.py:38:0
'>/home/user/git/DISCO-EB/.venv/lib/python3.12/site-packages/jax_cosmo/scipy/integrate.py:65</div>"
"218.0","5","loop fusion","loop_add_divide_fusion.5","%loop_add_divide_fusion.5 = (f64[], s64[]) fusion(f64[6]{0} %get-tuple-element.6146, s64[] %copy.207, f64[] %get-tuple-element.6140), kind=kLoop, calls=%fused_add_divide.5","jit(evolve_background)/while/body/closed_call/div:","6.0","14.368","2.3946666666666667","14.368","2.3946666666666667","0.0005426275656347989","20.849489760989265","0.0","3.267260579064588","3.267260579064588","0.015556613161728483","0.015556613161728483","0.0","0.0","195.6","HBM","No","No","No","<div class='source-info-cell' title='/home/user/git/DISCO-EB/.venv/lib/python3.12/site-packages/jax_cosmo/scipy/integrate.py:65:11
/home/user/git/DISCO-EB/.venv/lib/python3.12/site-packages/jax_cosmo/scipy/integrate.py:142:12
/home/user/git/DISCO-EB/.venv/lib/python3.12/site-packages/jax_cosmo/scipy/integrate.py:150:23
/home/user/git/DISCO-EB/src/discoeb/background.py:183:8
/home/user/git/DISCO-EB/src/discoeb/background.py:233:12
/home/user/git/DISCO-EB/scripts/profile_background.py:38:0
'>/home/user/git/DISCO-EB/.venv/lib/python3.12/site-packages/jax_cosmo/scipy/integrate.py:65</div>"
"219.0","5","loop fusion","loop_add_divide_fusion.2","%loop_add_divide_fusion.2 = (f64[], s64[]) fusion(f64[6]{0} %get-tuple-element.6110, s64[] %copy.180, f64[] %get-tuple-element.6104), kind=kLoop, calls=%fused_add_divide.2","jit(evolve_background)/while/body/closed_call/div:","6.0","14.272","2.3786666666666667","14.272","2.3786666666666667","0.0005390019916995998","20.850028762980966","0.0","3.289237668161435","3.289237668161435","0.015661254057435174","0.015661254057435174","0.0","0.0","195.6","HBM","No","No","No","<div class='source-info-cell' title='/home/user/git/DISCO-EB/.venv/lib/python3.12/site-packages/jax_cosmo/scipy/integrate.py:65:11
/home/user/git/DISCO-EB/.venv/lib/python3.12/site-packages/jax_cosmo/scipy/integrate.py:142:12
/home/user/git/DISCO-EB/.venv/lib/python3.12/site-packages/jax_cosmo/scipy/integrate.py:150:23
/home/user/git/DISCO-EB/src/discoeb/background.py:183:8
/home/user/git/DISCO-EB/src/discoeb/background.py:233:12
/home/user/git/DISCO-EB/scripts/profile_background.py:38:0
'>/home/user/git/DISCO-EB/.venv/lib/python3.12/site-packages/jax_cosmo/scipy/integrate.py:65</div>"
"220.0","5","loop fusion","loop_add_divide_fusion.4","%loop_add_divide_fusion.4 = (f64[], s64[]) fusion(f64[6]{0} %get-tuple-element.6134, s64[] %copy.198, f64[] %get-tuple-element.6128), kind=kLoop, calls=%fused_add_divide.4","jit(evolve_background)/while/body/closed_call/div:","6.0","14.208","2.368","14.208","2.368","0.0005365849424094671","20.850565347923375","0.0","3.304054054054054","3.304054054054054","0.015731800246883084","0.015731800246883084","0.0","0.0","195.6","HBM","No","No","No","<div class='source-info-cell' title='/home/user/git/DISCO-EB/.venv/lib/python3.12/site-packages/jax_cosmo/scipy/integrate.py:65:11
/home/user/git/DISCO-EB/.venv/lib/python3.12/site-packages/jax_cosmo/scipy/integrate.py:142:12
/home/user/git/DISCO-EB/.venv/lib/python3.12/site-packages/jax_cosmo/scipy/integrate.py:150:23
/home/user/git/DISCO-EB/src/discoeb/background.py:183:8
/home/user/git/DISCO-EB/src/discoeb/background.py:233:12
/home/user/git/DISCO-EB/scripts/profile_background.py:38:0
'>/home/user/git/DISCO-EB/.venv/lib/python3.12/site-packages/jax_cosmo/scipy/integrate.py:65</div>"
"221.0","5","loop fusion","loop_divide_fusion.20","%loop_divide_fusion.20 = f64[1023]{0} fusion(f64[1023]{0} %get-tuple-element.6200, f64[] %get-tuple-element.5645, f64[6,1023]{1,0} %get-tuple-element.6206, s64[] %copy.252), kind=kLoop, calls=%fused_divide.20","jit(evolve_background)/jit(evaluate_thermo)/vmap()/while/body/closed_call/div:","6.0","13.121","2.1868333333333334","13.121","2.1868333333333334","0.0004955328708723689","20.851060880794247","0.0","1033.8817163325966","1033.8817163325966","10.462952372450152","10.462952372450152","0.0","0.0","92.02731195050472","HBM","No","No","No","<div class='source-info-cell' title='/home/user/git/DISCO-EB/.venv/lib/python3.12/site-packages/jax_cosmo/scipy/integrate.py:65:11
/home/user/git/DISCO-EB/.venv/lib/python3.12/site-packages/jax_cosmo/scipy/integrate.py:142:12
/home/user/git/DISCO-EB/.venv/lib/python3.12/site-packages/jax_cosmo/scipy/integrate.py:150:23
/home/user/git/DISCO-EB/src/discoeb/thermodynamics_recfast.py:488:45
/home/user/git/DISCO-EB/src/discoeb/thermodynamics_recfast.py:488:21
/home/user/git/DISCO-EB/src/discoeb/background.py:237:82
/home/user/git/DISCO-EB/scripts/profile_background.py:38:0
'>/home/user/git/DISCO-EB/.venv/lib/python3.12/site-packages/jax_cosmo/scipy/integrate.py:65</div>"
"222.0","5","loop fusion","loop_divide_fusion","%loop_divide_fusion = f64[1023]{0} fusion(f64[1023]{0} %get-tuple-element.6152, f64[] %get-tuple-element.5422, f64[6,1023]{1,0} %get-tuple-element.6158, s64[] %copy.216), kind=kLoop, calls=%fused_divide","jit(evolve_background)/jit(evaluate_thermo)/vmap()/while/body/closed_call/div:","6.0","13.12","2.1866666666666665","13.12","2.1866666666666665","0.0004954951044772105","20.851556375898724","0.0","1033.960518292683","1033.960518292683","10.463749853576102","10.463749853576102","0.0","0.0","92.02731195050472","HBM","No","No","No","<div class='source-info-cell' title='/home/user/git/DISCO-EB/.venv/lib/python3.12/site-packages/jax_cosmo/scipy/integrate.py:65:11
/home/user/git/DISCO-EB/.venv/lib/python3.12/site-packages/jax_cosmo/scipy/integrate.py:142:12
/home/user/git/DISCO-EB/.venv/lib/python3.12/site-packages/jax_cosmo/scipy/integrate.py:150:23
/home/user/git/DISCO-EB/src/discoeb/thermodynamics_recfast.py:488:45
/home/user/git/DISCO-EB/src/discoeb/thermodynamics_recfast.py:488:21
/home/user/git/DISCO-EB/src/discoeb/background.py:237:82
/home/user/git/DISCO-EB/scripts/profile_background.py:38:0
'>/home/user/git/DISCO-EB/.venv/lib/python3.12/site-packages/jax_cosmo/scipy/integrate.py:65</div>"
"223.0","5","loop fusion","loop_divide_fusion.21","%loop_divide_fusion.21 = f64[1023]{0} fusion(f64[1023]{0} %get-tuple-element.6212, f64[] %get-tuple-element.5647, f64[6,1023]{1,0} %get-tuple-element.6218, s64[] %copy.261), kind=kLoop, calls=%fused_divide.21","jit(evolve_background)/jit(evaluate_thermo)/vmap()/while/body/closed_call/div:","6.0","13.12","2.1866666666666665","13.12","2.1866666666666665","0.0004954951044772105","20.8520518710032","0.0","1033.960518292683","1033.960518292683","10.463749853576102","10.463749853576102","0.0","0.0","92.02731195050472","HBM","No","No","No","<div class='source-info-cell' title='/home/user/git/DISCO-EB/.venv/lib/python3.12/site-packages/jax_cosmo/scipy/integrate.py:65:11
/home/user/git/DISCO-EB/.venv/lib/python3.12/site-packages/jax_cosmo/scipy/integrate.py:142:12
/home/user/git/DISCO-EB/.venv/lib/python3.12/site-packages/jax_cosmo/scipy/integrate.py:150:23
/home/user/git/DISCO-EB/src/discoeb/thermodynamics_recfast.py:488:45
/home/user/git/DISCO-EB/src/discoeb/thermodynamics_recfast.py:488:21
/home/user/git/DISCO-EB/src/discoeb/background.py:237:82
/home/user/git/DISCO-EB/scripts/profile_background.py:38:0
'>/home/user/git/DISCO-EB/.venv/lib/python3.12/site-packages/jax_cosmo/scipy/integrate.py:65</div>"
"224.0","5","loop fusion","loop_divide_fusion.18","%loop_divide_fusion.18 = f64[1023]{0} fusion(f64[1023]{0} %get-tuple-element.6176, f64[] %get-tuple-element.5641, f64[6,1023]{1,0} %get-tuple-element.6182, s64[] %copy.234), kind=kLoop, calls=%fused_divide.18","jit(evolve_background)/jit(evaluate_thermo)/vmap()/while/body/closed_call/div:","6.0","13.119","2.1865","13.119","2.1865","0.0004954573380820522","20.852547328341284","0.0","1034.039332266179","1034.039332266179","10.464547456278561","10.464547456278561","0.0","0.0","92.02731195050472","HBM","No","No","No","<div class='source-info-cell' title='/home/user/git/DISCO-EB/.venv/lib/python3.12/site-packages/jax_cosmo/scipy/integrate.py:65:11
/home/user/git/DISCO-EB/.venv/lib/python3.12/site-packages/jax_cosmo/scipy/integrate.py:142:12
/home/user/git/DISCO-EB/.venv/lib/python3.12/site-packages/jax_cosmo/scipy/integrate.py:150:23
/home/user/git/DISCO-EB/src/discoeb/thermodynamics_recfast.py:488:45
/home/user/git/DISCO-EB/src/discoeb/thermodynamics_recfast.py:488:21
/home/user/git/DISCO-EB/src/discoeb/background.py:237:82
/home/user/git/DISCO-EB/scripts/profile_background.py:38:0
'>/home/user/git/DISCO-EB/.venv/lib/python3.12/site-packages/jax_cosmo/scipy/integrate.py:65</div>"
"225.0","5","loop fusion","loop_divide_fusion.19","%loop_divide_fusion.19 = f64[1023]{0} fusion(f64[1023]{0} %get-tuple-element.6188, f64[] %get-tuple-element.5643, f64[6,1023]{1,0} %get-tuple-element.6194, s64[] %copy.243), kind=kLoop, calls=%fused_divide.19","jit(evolve_background)/jit(evaluate_thermo)/vmap()/while/body/closed_call/div:","6.0","13.088","2.1813333333333333","13.088","2.1813333333333333","0.0004942865798321441","20.853041614921118","0.0","1036.4885391198045","1036.4885391198045","10.489333594049391","10.489333594049391","0.0","0.0","92.02731195050472","HBM","No","No","No","<div class='source-info-cell' title='/home/user/git/DISCO-EB/.venv/lib/python3.12/site-packages/jax_cosmo/scipy/integrate.py:65:11
/home/user/git/DISCO-EB/.venv/lib/python3.12/site-packages/jax_cosmo/scipy/integrate.py:142:12
/home/user/git/DISCO-EB/.venv/lib/python3.12/site-packages/jax_cosmo/scipy/integrate.py:150:23
/home/user/git/DISCO-EB/src/discoeb/thermodynamics_recfast.py:488:45
/home/user/git/DISCO-EB/src/discoeb/thermodynamics_recfast.py:488:21
/home/user/git/DISCO-EB/src/discoeb/background.py:237:82
/home/user/git/DISCO-EB/scripts/profile_background.py:38:0
'>/home/user/git/DISCO-EB/.venv/lib/python3.12/site-packages/jax_cosmo/scipy/integrate.py:65</div>"
"226.0","5","loop fusion","loop_divide_fusion.17","%loop_divide_fusion.17 = f64[1023]{0} fusion(f64[1023]{0} %get-tuple-element.6164, f64[] %get-tuple-element.5639, f64[6,1023]{1,0} %get-tuple-element.6170, s64[] %copy.225), kind=kLoop, calls=%fused_divide.17","jit(evolve_background)/jit(evaluate_thermo)/vmap()/while/body/closed_call/div:","6.0","12.864","2.144","12.864","2.144","0.00048582690731667965","20.853527441828433","0.0","1054.5368470149253","1054.5368470149253","10.671983681507964","10.671983681507964","0.0","0.0","92.02731195050472","HBM","No","No","No","<div class='source-info-cell' title='/home/user/git/DISCO-EB/.venv/lib/python3.12/site-packages/jax_cosmo/scipy/integrate.py:65:11
/home/user/git/DISCO-EB/.venv/lib/python3.12/site-packages/jax_cosmo/scipy/integrate.py:142:12
/home/user/git/DISCO-EB/.venv/lib/python3.12/site-packages/jax_cosmo/scipy/integrate.py:150:23
/home/user/git/DISCO-EB/src/discoeb/thermodynamics_recfast.py:488:45
/home/user/git/DISCO-EB/src/discoeb/thermodynamics_recfast.py:488:21
/home/user/git/DISCO-EB/src/discoeb/background.py:237:82
/home/user/git/DISCO-EB/scripts/profile_background.py:38:0
'>/home/user/git/DISCO-EB/.venv/lib/python3.12/site-packages/jax_cosmo/scipy/integrate.py:65</div>"
"227.0","5","loop fusion","loop_add_power_fusion","%loop_add_power_fusion = (f64[], s64[]) fusion(s64[] %copy.216), kind=kLoop, calls=%fused_add_power","jit(evolve_background)/jit(evaluate_thermo)/vmap()/while/body/closed_call/pow:","6.0","12.514","2.0856666666666666","12.514","2.0856666666666666","0.00047260866901126616","20.854000050497447","0.0","2.6451973789355923","2.6451973789355923","0.010716833206379166","0.010716833206379166","0.0","0.0","229.875","Compute","No","No","No","<div class='source-info-cell' title='/home/user/git/DISCO-EB/.venv/lib/python3.12/site-packages/jax_cosmo/scipy/integrate.py:64:10
/home/user/git/DISCO-EB/.venv/lib/python3.12/site-packages/jax_cosmo/scipy/integrate.py:142:12
/home/user/git/DISCO-EB/.venv/lib/python3.12/site-packages/jax_cosmo/scipy/integrate.py:150:23
/home/user/git/DISCO-EB/src/discoeb/thermodynamics_recfast.py:488:45
/home/user/git/DISCO-EB/src/discoeb/thermodynamics_recfast.py:488:21
/home/user/git/DISCO-EB/src/discoeb/background.py:237:82
/home/user/git/DISCO-EB/scripts/profile_background.py:38:0
'>/home/user/git/DISCO-EB/.venv/lib/python3.12/site-packages/jax_cosmo/scipy/integrate.py:64</div>"
"228.0","5","loop fusion","loop_add_power_fusion.1","%loop_add_power_fusion.1 = (f64[], s64[]) fusion(s64[] %copy.225), kind=kLoop, calls=%fused_add_power.1","jit(evolve_background)/jit(evaluate_thermo)/vmap()/while/body/closed_call/pow:","6.0","12.352","2.058666666666667","12.352","2.058666666666667","0.0004664905129956178","20.854466541010442","0.0","2.679889896373057","2.679889896373057","0.010857387527900655","0.010857387527900655","0.0","0.0","229.875","Compute","No","No","No","<div class='source-info-cell' title='/home/user/git/DISCO-EB/.venv/lib/python3.12/site-packages/jax_cosmo/scipy/integrate.py:64:10
/home/user/git/DISCO-EB/.venv/lib/python3.12/site-packages/jax_cosmo/scipy/integrate.py:142:12
/home/user/git/DISCO-EB/.venv/lib/python3.12/site-packages/jax_cosmo/scipy/integrate.py:150:23
/home/user/git/DISCO-EB/src/discoeb/thermodynamics_recfast.py:488:45
/home/user/git/DISCO-EB/src/discoeb/thermodynamics_recfast.py:488:21
/home/user/git/DISCO-EB/src/discoeb/background.py:237:82
/home/user/git/DISCO-EB/scripts/profile_background.py:38:0
'>/home/user/git/DISCO-EB/.venv/lib/python3.12/site-packages/jax_cosmo/scipy/integrate.py:64</div>"
"229.0","5","loop fusion","loop_add_power_fusion.2","%loop_add_power_fusion.2 = (f64[], s64[]) fusion(s64[] %copy.234), kind=kLoop, calls=%fused_add_power.2","jit(evolve_background)/jit(evaluate_thermo)/vmap()/while/body/closed_call/pow:","6.0","12.32","2.0533333333333332","12.32","2.0533333333333332","0.00046528198835055136","20.854931822998793","0.0","2.6868506493506494","2.6868506493506494","0.010885588534466632","0.010885588534466632","0.0","0.0","229.875","Compute","No","No","No","<div class='source-info-cell' title='/home/user/git/DISCO-EB/.venv/lib/python3.12/site-packages/jax_cosmo/scipy/integrate.py:64:10
/home/user/git/DISCO-EB/.venv/lib/python3.12/site-packages/jax_cosmo/scipy/integrate.py:142:12
/home/user/git/DISCO-EB/.venv/lib/python3.12/site-packages/jax_cosmo/scipy/integrate.py:150:23
/home/user/git/DISCO-EB/src/discoeb/thermodynamics_recfast.py:488:45
/home/user/git/DISCO-EB/src/discoeb/thermodynamics_recfast.py:488:21
/home/user/git/DISCO-EB/src/discoeb/background.py:237:82
/home/user/git/DISCO-EB/scripts/profile_background.py:38:0
'>/home/user/git/DISCO-EB/.venv/lib/python3.12/site-packages/jax_cosmo/scipy/integrate.py:64</div>"
"230.0","5","loop fusion","loop_add_power_fusion.5","%loop_add_power_fusion.5 = (f64[], s64[]) fusion(s64[] %copy.261), kind=kLoop, calls=%fused_add_power.5","jit(evolve_background)/jit(evaluate_thermo)/vmap()/while/body/closed_call/pow:","6.0","12.32","2.0533333333333332","12.32","2.0533333333333332","0.00046528198835055136","20.855397104987144","0.0","2.6868506493506494","2.6868506493506494","0.010885588534466632","0.010885588534466632","0.0","0.0","229.875","Compute","No","No","No","<div class='source-info-cell' title='/home/user/git/DISCO-EB/.venv/lib/python3.12/site-packages/jax_cosmo/scipy/integrate.py:64:10
/home/user/git/DISCO-EB/.venv/lib/python3.12/site-packages/jax_cosmo/scipy/integrate.py:142:12
/home/user/git/DISCO-EB/.venv/lib/python3.12/site-packages/jax_cosmo/scipy/integrate.py:150:23
/home/user/git/DISCO-EB/src/discoeb/thermodynamics_recfast.py:488:45
/home/user/git/DISCO-EB/src/discoeb/thermodynamics_recfast.py:488:21
/home/user/git/DISCO-EB/src/discoeb/background.py:237:82
/home/user/git/DISCO-EB/scripts/profile_background.py:38:0
'>/home/user/git/DISCO-EB/.venv/lib/python3.12/site-packages/jax_cosmo/scipy/integrate.py:64</div>"
"231.0","5","loop fusion","loop_add_power_fusion.4","%loop_add_power_fusion.4 = (f64[], s64[]) fusion(s64[] %copy.252), kind=kLoop, calls=%fused_add_power.4","jit(evolve_background)/jit(evaluate_thermo)/vmap()/while/body/closed_call/pow:","6.0","12.316","2.0526666666666666","12.316","2.0526666666666666","0.0004651309227699181","20.855862235909914","0.0","2.6877232867814227","2.6877232867814227","0.010889123964325178","0.010889123964325178","0.0","0.0","229.875","Compute","No","No","No","<div class='source-info-cell' title='/home/user/git/DISCO-EB/.venv/lib/python3.12/site-packages/jax_cosmo/scipy/integrate.py:64:10
/home/user/git/DISCO-EB/.venv/lib/python3.12/site-packages/jax_cosmo/scipy/integrate.py:142:12
/home/user/git/DISCO-EB/.venv/lib/python3.12/site-packages/jax_cosmo/scipy/integrate.py:150:23
/home/user/git/DISCO-EB/src/discoeb/thermodynamics_recfast.py:488:45
/home/user/git/DISCO-EB/src/discoeb/thermodynamics_recfast.py:488:21
/home/user/git/DISCO-EB/src/discoeb/background.py:237:82
/home/user/git/DISCO-EB/scripts/profile_background.py:38:0
'>/home/user/git/DISCO-EB/.venv/lib/python3.12/site-packages/jax_cosmo/scipy/integrate.py:64</div>"
"232.0","5","loop fusion","loop_add_power_fusion.3","%loop_add_power_fusion.3 = (f64[], s64[]) fusion(s64[] %copy.243), kind=kLoop, calls=%fused_add_power.3","jit(evolve_background)/jit(evaluate_thermo)/vmap()/while/body/closed_call/pow:","6.0","12.288","2.048","12.288","2.048","0.000464073463705485","20.856326309373618","0.0","2.69384765625","2.69384765625","0.010913936421275139","0.010913936421275139","0.0","0.0","229.875","Compute","No","No","No","<div class='source-info-cell' title='/home/user/git/DISCO-EB/.venv/lib/python3.12/site-packages/jax_cosmo/scipy/integrate.py:64:10
/home/user/git/DISCO-EB/.venv/lib/python3.12/site-packages/jax_cosmo/scipy/integrate.py:142:12
/home/user/git/DISCO-EB/.venv/lib/python3.12/site-packages/jax_cosmo/scipy/integrate.py:150:23
/home/user/git/DISCO-EB/src/discoeb/thermodynamics_recfast.py:488:45
/home/user/git/DISCO-EB/src/discoeb/thermodynamics_recfast.py:488:21
/home/user/git/DISCO-EB/src/discoeb/background.py:237:82
/home/user/git/DISCO-EB/scripts/profile_background.py:38:0
'>/home/user/git/DISCO-EB/.venv/lib/python3.12/site-packages/jax_cosmo/scipy/integrate.py:64</div>"
"233.0","5","loop fusion","loop_dynamic_update_slice_fusion.58","%loop_dynamic_update_slice_fusion.58 = f64[6,1023]{1,0} fusion(f64[6,1023]{1,0} %get-tuple-element.6189, s64[] %copy.243, f64[1023]{0} %loop_divide_fusion.19), kind=kLoop, calls=%fused_dynamic_update_slice.58","jit(evolve_background)/jit(evaluate_thermo)/vmap()/while/body/dynamic_update_slice:","6.0","11.712","1.952","11.712","1.952","0.0004423200200942904","20.856768629393713","0.0","0.0","0.0","7.813185697696246","7.813185697696246","0.0","0.0","0.0","HBM","No","No","No","<div class='source-info-cell' title='/home/user/git/DISCO-EB/.venv/lib/python3.12/site-packages/jax_cosmo/scipy/integrate.py:150:23
/home/user/git/DISCO-EB/src/discoeb/thermodynamics_recfast.py:488:45
/home/user/git/DISCO-EB/src/discoeb/thermodynamics_recfast.py:488:21
/home/user/git/DISCO-EB/src/discoeb/background.py:237:82
/home/user/git/DISCO-EB/scripts/profile_background.py:38:0
'>/home/user/git/DISCO-EB/.venv/lib/python3.12/site-packages/jax_cosmo/scipy/integrate.py:150</div>"
"234.0","5","loop fusion","loop_dynamic_update_slice_fusion.11","%loop_dynamic_update_slice_fusion.11 = f64[6,1023]{1,0} fusion(f64[6,1023]{1,0} %get-tuple-element.6153, s64[] %copy.216, f64[1023]{0} %loop_divide_fusion), kind=kLoop, calls=%fused_dynamic_update_slice.11","jit(evolve_background)/jit(evaluate_thermo)/vmap()/while/body/dynamic_update_slice:","6.0","11.711","1.9518333333333333","11.711","1.9518333333333333","0.0004422822536991321","20.85721091164741","0.0","0.0","0.0","7.813852864095162","7.813852864095162","0.0","0.0","0.0","HBM","No","No","No","<div class='source-info-cell' title='/home/user/git/DISCO-EB/.venv/lib/python3.12/site-packages/jax_cosmo/scipy/integrate.py:150:23
/home/user/git/DISCO-EB/src/discoeb/thermodynamics_recfast.py:488:45
/home/user/git/DISCO-EB/src/discoeb/thermodynamics_recfast.py:488:21
/home/user/git/DISCO-EB/src/discoeb/background.py:237:82
/home/user/git/DISCO-EB/scripts/profile_background.py:38:0
'>/home/user/git/DISCO-EB/.venv/lib/python3.12/site-packages/jax_cosmo/scipy/integrate.py:150</div>"
"235.0","5","loop fusion","loop_dynamic_update_slice_fusion.60","%loop_dynamic_update_slice_fusion.60 = f64[6,1023]{1,0} fusion(f64[6,1023]{1,0} %get-tuple-element.6213, s64[] %copy.261, f64[1023]{0} %loop_divide_fusion.21), kind=kLoop, calls=%fused_dynamic_update_slice.60","jit(evolve_background)/jit(evaluate_thermo)/vmap()/while/body/dynamic_update_slice:","6.0","11.616","1.936","11.616","1.936","0.0004386944461590913","20.85764960609357","0.0","0.0","0.0","7.8777574803218355","7.8777574803218355","0.0","0.0","0.0","HBM","No","No","No","<div class='source-info-cell' title='/home/user/git/DISCO-EB/.venv/lib/python3.12/site-packages/jax_cosmo/scipy/integrate.py:150:23
/home/user/git/DISCO-EB/src/discoeb/thermodynamics_recfast.py:488:45
/home/user/git/DISCO-EB/src/discoeb/thermodynamics_recfast.py:488:21
/home/user/git/DISCO-EB/src/discoeb/background.py:237:82
/home/user/git/DISCO-EB/scripts/profile_background.py:38:0
'>/home/user/git/DISCO-EB/.venv/lib/python3.12/site-packages/jax_cosmo/scipy/integrate.py:150</div>"
"236.0","5","loop fusion","loop_dynamic_update_slice_fusion.59","%loop_dynamic_update_slice_fusion.59 = f64[6,1023]{1,0} fusion(f64[6,1023]{1,0} %get-tuple-element.6201, s64[] %copy.252, f64[1023]{0} %loop_divide_fusion.20), kind=kLoop, calls=%fused_dynamic_update_slice.59","jit(evolve_background)/jit(evaluate_thermo)/vmap()/while/body/dynamic_update_slice:","6.0","11.52","1.92","11.52","1.92","0.00043506887222389217","20.858084674965795","0.0","0.0","0.0","7.943405459324518","7.943405459324518","0.0","0.0","0.0","HBM","No","No","No","<div class='source-info-cell' title='/home/user/git/DISCO-EB/.venv/lib/python3.12/site-packages/jax_cosmo/scipy/integrate.py:150:23
/home/user/git/DISCO-EB/src/discoeb/thermodynamics_recfast.py:488:45
/home/user/git/DISCO-EB/src/discoeb/thermodynamics_recfast.py:488:21
/home/user/git/DISCO-EB/src/discoeb/background.py:237:82
/home/user/git/DISCO-EB/scripts/profile_background.py:38:0
'>/home/user/git/DISCO-EB/.venv/lib/python3.12/site-packages/jax_cosmo/scipy/integrate.py:150</div>"
"237.0","5","loop fusion","loop_dynamic_update_slice_fusion.56","%loop_dynamic_update_slice_fusion.56 = f64[6,1023]{1,0} fusion(f64[6,1023]{1,0} %get-tuple-element.6165, s64[] %copy.225, f64[1023]{0} %loop_divide_fusion.17), kind=kLoop, calls=%fused_dynamic_update_slice.56","jit(evolve_background)/jit(evaluate_thermo)/vmap()/while/body/dynamic_update_slice:","6.0","11.519","1.9198333333333333","11.519","1.9198333333333333","0.00043503110582873385","20.858519706071622","0.0","0.0","0.0","7.944095050908799","7.944095050908799","0.0","0.0","0.0","HBM","No","No","No","<div class='source-info-cell' title='/home/user/git/DISCO-EB/.venv/lib/python3.12/site-packages/jax_cosmo/scipy/integrate.py:150:23
/home/user/git/DISCO-EB/src/discoeb/thermodynamics_recfast.py:488:45
/home/user/git/DISCO-EB/src/discoeb/thermodynamics_recfast.py:488:21
/home/user/git/DISCO-EB/src/discoeb/background.py:237:82
/home/user/git/DISCO-EB/scripts/profile_background.py:38:0
'>/home/user/git/DISCO-EB/.venv/lib/python3.12/site-packages/jax_cosmo/scipy/integrate.py:150</div>"
"238.0","5","loop fusion","loop_dynamic_update_slice_fusion.57","%loop_dynamic_update_slice_fusion.57 = f64[6,1023]{1,0} fusion(f64[6,1023]{1,0} %get-tuple-element.6177, s64[] %copy.234, f64[1023]{0} %loop_divide_fusion.18), kind=kLoop, calls=%fused_dynamic_update_slice.57","jit(evolve_background)/jit(evaluate_thermo)/vmap()/while/body/dynamic_update_slice:","6.0","11.36","1.8933333333333333","11.36","1.8933333333333333","0.0004290262489985603","20.85894873232062","0.0","0.0","0.0","8.05528440945585","8.05528440945585","0.0","0.0","0.0","HBM","No","No","No","<div class='source-info-cell' title='/home/user/git/DISCO-EB/.venv/lib/python3.12/site-packages/jax_cosmo/scipy/integrate.py:150:23
/home/user/git/DISCO-EB/src/discoeb/thermodynamics_recfast.py:488:45
/home/user/git/DISCO-EB/src/discoeb/thermodynamics_recfast.py:488:21
/home/user/git/DISCO-EB/src/discoeb/background.py:237:82
/home/user/git/DISCO-EB/scripts/profile_background.py:38:0
'>/home/user/git/DISCO-EB/.venv/lib/python3.12/site-packages/jax_cosmo/scipy/integrate.py:150</div>"
"239.0","5","data formatting","copy.243","%copy.243 = s64[] copy(s64[] %get-tuple-element.6187)","jit(evolve_background)/jit(evaluate_thermo):","6.0","9.472","1.5786666666666667","9.472","1.5786666666666667","0.00035772329493964465","20.85930645561556","0.0","0.0","0.0","0.00943908014812985","0.00943908014812985","0.0","0.0","0.0","HBM","No","No","No",""
"240.0","5","data formatting","copy.261","%copy.261 = s64[] copy(s64[] %get-tuple-element.6211)","jit(evolve_background)/jit(evaluate_thermo):","6.0","9.472","1.5786666666666667","9.472","1.5786666666666667","0.00035772329493964465","20.8596641789105","0.0","0.0","0.0","0.00943908014812985","0.00943908014812985","0.0","0.0","0.0","HBM","No","No","No",""
"241.0","5","data formatting","copy.216","%copy.216 = s64[] copy(s64[] %get-tuple-element.6151)","jit(evolve_background)/jit(evaluate_thermo):","6.0","9.471","1.5785","9.471","1.5785","0.0003576855285444864","20.860021864439044","0.0","0.0","0.0","0.00944007677785724","0.00944007677785724","0.0","0.0","0.0","HBM","No","No","No",""
"242.0","5","loop fusion","loop_dynamic_update_slice_fusion.27","%loop_dynamic_update_slice_fusion.27 = f64[6]{0} fusion(f64[6]{0} %get-tuple-element.6093, s64[] %copy.171, f64[] %get-tuple-element.6096), kind=kLoop, calls=%fused_dynamic_update_slice.27","jit(evolve_background)/while/body/dynamic_update_slice:","6.0","9.439","1.5731666666666666","9.439","1.5731666666666666","0.00035647700389941997","20.860378341442942","0.0","0.0","0.0","0.014208120642507564","0.014208120642507564","0.0","0.0","0.0","HBM","No","No","No","<div class='source-info-cell' title='/home/user/git/DISCO-EB/.venv/lib/python3.12/site-packages/jax_cosmo/scipy/integrate.py:150:23
/home/user/git/DISCO-EB/src/discoeb/background.py:183:8
/home/user/git/DISCO-EB/src/discoeb/background.py:233:12
/home/user/git/DISCO-EB/scripts/profile_background.py:38:0
'>/home/user/git/DISCO-EB/.venv/lib/python3.12/site-packages/jax_cosmo/scipy/integrate.py:150</div>"
"243.0","5","data formatting","copy.225","%copy.225 = s64[] copy(s64[] %get-tuple-element.6163)","jit(evolve_background)/jit(evaluate_thermo):","6.0","9.408","1.5679999999999998","9.408","1.5679999999999998","0.0003553062456495119","20.860733647688594","0.0","0.0","0.0","0.009503291577708963","0.009503291577708963","0.0","0.0","0.0","HBM","No","No","No",""
"244.0","5","loop fusion","loop_dynamic_update_slice_fusion.29","%loop_dynamic_update_slice_fusion.29 = f64[6]{0} fusion(f64[6]{0} %get-tuple-element.6117, s64[] %copy.189, f64[] %get-tuple-element.6120), kind=kLoop, calls=%fused_dynamic_update_slice.29","jit(evolve_background)/while/body/dynamic_update_slice:","6.0","9.408","1.5679999999999998","9.408","1.5679999999999998","0.0003553062456495119","20.861088953934242","0.0","0.0","0.0","0.014254937366563445","0.014254937366563445","0.0","0.0","0.0","HBM","No","No","No","<div class='source-info-cell' title='/home/user/git/DISCO-EB/.venv/lib/python3.12/site-packages/jax_cosmo/scipy/integrate.py:150:23
/home/user/git/DISCO-EB/src/discoeb/background.py:183:8
/home/user/git/DISCO-EB/src/discoeb/background.py:233:12
/home/user/git/DISCO-EB/scripts/profile_background.py:38:0
'>/home/user/git/DISCO-EB/.venv/lib/python3.12/site-packages/jax_cosmo/scipy/integrate.py:150</div>"
"245.0","5","loop fusion","loop_dynamic_update_slice_fusion.31","%loop_dynamic_update_slice_fusion.31 = f64[6]{0} fusion(f64[6]{0} %get-tuple-element.6141, s64[] %copy.207, f64[] %get-tuple-element.6144), kind=kLoop, calls=%fused_dynamic_update_slice.31","jit(evolve_background)/while/body/dynamic_update_slice:","6.0","9.407","1.5678333333333334","9.407","1.5678333333333334","0.0003552684792543536","20.861444222413496","0.0","0.0","0.0","0.01425645272080673","0.01425645272080673","0.0","0.0","0.0","HBM","No","No","No","<div class='source-info-cell' title='/home/user/git/DISCO-EB/.venv/lib/python3.12/site-packages/jax_cosmo/scipy/integrate.py:150:23
/home/user/git/DISCO-EB/src/discoeb/background.py:183:8
/home/user/git/DISCO-EB/src/discoeb/background.py:233:12
/home/user/git/DISCO-EB/scripts/profile_background.py:38:0
'>/home/user/git/DISCO-EB/.venv/lib/python3.12/site-packages/jax_cosmo/scipy/integrate.py:150</div>"
"246.0","5","data formatting","copy.234","%copy.234 = s64[] copy(s64[] %get-tuple-element.6175)","jit(evolve_background)/jit(evaluate_thermo):","6.0","9.377","1.5628333333333335","9.377","1.5628333333333335","0.00035413548739960396","20.861798357900895","0.0","0.0","0.0","0.009534709092789372","0.009534709092789372","0.0","0.0","0.0","HBM","No","No","No",""
"247.0","5","data formatting","copy.162","%copy.162 = s64[] copy(s64[] %get-tuple-element.6079)","","6.0","9.375","1.5625","9.375","1.5625","0.0003540599546092872","20.862152417855505","0.0","0.0","0.0","0.0095367431640625","0.0095367431640625","0.0","0.0","0.0","HBM","No","No","No",""
"248.0","5","data formatting","copy.252","%copy.252 = s64[] copy(s64[] %get-tuple-element.6199)","jit(evolve_background)/jit(evaluate_thermo):","6.0","9.31","1.5516666666666667","9.31","1.5516666666666667","0.00035160513892399623","20.86250402299443","0.0","0.0","0.0","0.009603326225895374","0.009603326225895374","0.0","0.0","0.0","HBM","No","No","No",""
"249.0","5","loop fusion","loop_dynamic_update_slice_fusion.30","%loop_dynamic_update_slice_fusion.30 = f64[6]{0} fusion(f64[6]{0} %get-tuple-element.6129, s64[] %copy.198, f64[] %get-tuple-element.6132), kind=kLoop, calls=%fused_dynamic_update_slice.30","jit(evolve_background)/while/body/dynamic_update_slice:","6.0","9.184","1.5306666666666666","9.184","1.5306666666666666","0.0003468465731340474","20.862850869567566","0.0","0.0","0.0","0.01460261876574792","0.01460261876574792","0.0","0.0","0.0","HBM","No","No","No","<div class='source-info-cell' title='/home/user/git/DISCO-EB/.venv/lib/python3.12/site-packages/jax_cosmo/scipy/integrate.py:150:23
/home/user/git/DISCO-EB/src/discoeb/background.py:183:8
/home/user/git/DISCO-EB/src/discoeb/background.py:233:12
/home/user/git/DISCO-EB/scripts/profile_background.py:38:0
'>/home/user/git/DISCO-EB/.venv/lib/python3.12/site-packages/jax_cosmo/scipy/integrate.py:150</div>"
"250.0","5","loop fusion","loop_dynamic_update_slice_fusion.7","%loop_dynamic_update_slice_fusion.7 = f64[6]{0} fusion(f64[6]{0} %get-tuple-element.6081, s64[] %copy.162, f64[] %get-tuple-element.6084), kind=kLoop, calls=%fused_dynamic_update_slice.7","jit(evolve_background)/while/body/dynamic_update_slice:","6.0","9.183","1.5305","9.183","1.5305","0.00034680880673888906","20.863197678374306","0.0","0.0","0.0","0.014604208945293356","0.014604208945293356","0.0","0.0","0.0","HBM","No","No","No","<div class='source-info-cell' title='/home/user/git/DISCO-EB/.venv/lib/python3.12/site-packages/jax_cosmo/scipy/integrate.py:150:23
/home/user/git/DISCO-EB/src/discoeb/background.py:183:8
/home/user/git/DISCO-EB/src/discoeb/background.py:233:12
/home/user/git/DISCO-EB/scripts/profile_background.py:38:0
'>/home/user/git/DISCO-EB/.venv/lib/python3.12/site-packages/jax_cosmo/scipy/integrate.py:150</div>"
"251.0","5","loop fusion","loop_dynamic_update_slice_fusion.28","%loop_dynamic_update_slice_fusion.28 = f64[6]{0} fusion(f64[6]{0} %get-tuple-element.6105, s64[] %copy.180, f64[] %get-tuple-element.6108), kind=kLoop, calls=%fused_dynamic_update_slice.28","jit(evolve_background)/while/body/dynamic_update_slice:","6.0","9.12","1.5199999999999998","9.12","1.5199999999999998","0.0003444295238439146","20.863542107898148","0.0","0.0","0.0","0.014705093283402292","0.014705093283402292","0.0","0.0","0.0","HBM","No","No","No","<div class='source-info-cell' title='/home/user/git/DISCO-EB/.venv/lib/python3.12/site-packages/jax_cosmo/scipy/integrate.py:150:23
/home/user/git/DISCO-EB/src/discoeb/background.py:183:8
/home/user/git/DISCO-EB/src/discoeb/background.py:233:12
/home/user/git/DISCO-EB/scripts/profile_background.py:38:0
'>/home/user/git/DISCO-EB/.venv/lib/python3.12/site-packages/jax_cosmo/scipy/integrate.py:150</div>"
"252.0","5","data formatting","copy.171","%copy.171 = s64[] copy(s64[] %get-tuple-element.6091)","","6.0","8.864","1.4773333333333334","8.864","1.4773333333333334","0.00033476132668338373","20.863876869224832","0.0","0.0","0.0","0.010086526078867997","0.010086526078867997","0.0","0.0","0.0","HBM","No","No","No",""
"253.0","5","data formatting","copy.198","%copy.198 = s64[] copy(s64[] %get-tuple-element.6127)","","6.0","8.832","1.4720000000000002","8.832","1.4720000000000002","0.00033355280203831736","20.86421042202687","0.0","0.0","0.0","0.010123071463211722","0.010123071463211722","0.0","0.0","0.0","HBM","No","No","No",""
"254.0","5","data formatting","copy.189","%copy.189 = s64[] copy(s64[] %get-tuple-element.6115)","","6.0","8.801","1.4668333333333334","8.801","1.4668333333333334","0.0003323820437884093","20.864542804070656","0.0","0.0","0.0","0.01015872823123349","0.01015872823123349","0.0","0.0","0.0","HBM","No","No","No",""
"255.0","5","data formatting","copy.180","%copy.180 = s64[] copy(s64[] %get-tuple-element.6103)","","6.0","8.768","1.4613333333333334","8.768","1.4613333333333334","0.0003311357527481846","20.864873939823404","0.0","0.0","0.0","0.010196962495789911","0.010196962495789911","0.0","0.0","0.0","HBM","No","No","No",""
"256.0","5","data formatting","copy.207","%copy.207 = s64[] copy(s64[] %get-tuple-element.6139)","","6.0","8.735","1.4558333333333333","8.735","1.4558333333333333","0.0003298894617079599","20.865203829285115","0.0","0.0","0.0","0.010235485651183278","0.010235485651183278","0.0","0.0","0.0","HBM","No","No","No",""
"257.0","5","loop fusion","loop_multiply_pad_fusion","%loop_multiply_pad_fusion = (f64[1022]{0}, f64[1022]{0}, f64[1022]{0}, f64[1022]{0}, f64[1022]{0}, /*index=5*/f64[1022]{0}) fusion(f64[1022]{0} %get-tuple-element.6600, f64[1022]{0} %get-tuple-element.6601, f64[1024]{0} %get-tuple-element.6805, f64[1022]{0} %get-tuple-element.6602, f64[1024]{0} %get-tuple-element.6725, /*index=5*/f64[1024]{0} %get-tuple-element.4211.0), kind=kLoop, calls=%fused_multiply_pad","jit(evolve_background)/scatter:","1.0","5.504","5.504","5.504","5.504","0.00020786623895141515","20.865411695524067","0.0","2465.6664244186045","2465.6664244186045","15.230102161335392","15.230102161335392","0.0","0.0","150.7757977068705","HBM","No","No","No","<div class='source-info-cell' title='/home/user/git/DISCO-EB/src/discoeb/spline_interpolation.py:62:17
/home/user/git/DISCO-EB/src/discoeb/background.py:252:40
/home/user/git/DISCO-EB/scripts/profile_background.py:38:0
'>/home/user/git/DISCO-EB/src/discoeb/spline_interpolation.py:62</div>"
"258.0","5","loop fusion","loop_multiply_pad_slice_fusion","%loop_multiply_pad_slice_fusion = (f64[1022]{0}, f64[1022]{0}, f64[1022]{0}, f64[1022]{0}, f64[1022]{0}, /*index=5*/f64[1022]{0}, f64[1022]{0}, f64[1022]{0}, f64[1022]{0}, f64[1022]{0}, /*index=10*/f64[1022]{0}, f64[1022]{0}, f64[1022]{0}, f64[1022]{0}, f64[1022]{0}, /*index=15*/f64[1022]{0}) fusion(f64[1024]{0} %get-tuple-element.6827, f64[1024]{0} %get-tuple-element.6748, f64[1024]{0} %get-tuple-element.6818, f64[1024]{0} %get-tuple-element.6826), kind=kLoop, calls=%fused_multiply_pad_slice","jit(evolve_background)/scatter:","1.0","4.288","4.288","4.288","4.288","0.0001619423024388932","20.865573637826508","0.0","4314.0326492537315","4314.0326492537315","35.52926120473378","35.52926120473378","0.0","0.0","113.08301545383412","HBM","No","No","No","<div class='source-info-cell' title='/home/user/git/DISCO-EB/src/discoeb/spline_interpolation.py:62:17
/home/user/git/DISCO-EB/src/discoeb/background.py:250:40
/home/user/git/DISCO-EB/scripts/profile_background.py:38:0
'>/home/user/git/DISCO-EB/src/discoeb/spline_interpolation.py:62</div>"
"259.0","5","loop fusion","loop_divide_select_fusion.2","%loop_divide_select_fusion.2 = (f64[1024]{0}, f64[1024]{0}) fusion(f64[1024]{0} %get-tuple-element.6861, f64[1024]{0} %get-tuple-element.6827, f64[1024]{0} %input_concatenate_fusion.30, f64[1024]{0} %input_concatenate_fusion.13, f64[1024]{0} %get-tuple-element.6826, /*index=5*/s32[1024]{0} %get-tuple-element.6871, s32[1024]{0} %while.127.0, f64[1024]{0} %get-tuple-element.6794, f64[1024]{0} %input_concatenate_fusion.29, f64[1]{0} %get-tuple-element.5678, /*index=10*/f64[1024]{0} %get-tuple-element.6795, s32[] %while.109.0, s32[1024]{0} %get-tuple-element.6873, f64[1025]{0} %input_concatenate_fusion.12, f64[] %param__H0__.1, /*index=15*/f64[] %param__Omegab__.1, f64[] %param__YHe__.1), kind=kLoop, calls=%fused_divide_select.2","jit(evolve_background)/jit(_where)/select_n:","1.0","3.776","3.776","3.776","3.776","0.00014260590811783133","20.865716243734624","0.0","3164.047404661017","3164.047404661017","19.21543409511194","19.21543409511194","0.0","0.0","153.35322431585973","HBM","No","No","No","<div class='source-info-cell' title='/home/user/git/DISCO-EB/src/discoeb/background.py:313:16
/home/user/git/DISCO-EB/scripts/profile_background.py:38:0
'>/home/user/git/DISCO-EB/src/discoeb/background.py:313</div>"
"260.0","5","loop fusion","loop_multiply_pad_slice_fusion.2","%loop_multiply_pad_slice_fusion.2 = (f64[510]{0}, f64[510]{0}, f64[510]{0}, f64[510]{0}, f64[510]{0}, /*index=5*/f64[510]{0}, f64[510]{0}, f64[510]{0}, f64[510]{0}, f64[510]{0}) fusion(f64[512]{0} %get-tuple-element.6780, f64[512]{0} %get-tuple-element.6764, f64[512]{0} %get-tuple-element.6772, f64[512]{0} %get-tuple-element.6779), kind=kLoop, calls=%fused_multiply_pad_slice.2","jit(evolve_background)/scatter:","1.0","3.744","3.744","3.744","3.744","0.00014139738347276496","20.865857641118097","0.0","1865.4198717948718","1865.4198717948718","14.224559323400513","14.224559323400513","0.0","0.0","122.13437325125909","HBM","No","No","No","<div class='source-info-cell' title='/home/user/git/DISCO-EB/src/discoeb/spline_interpolation.py:62:17
/home/user/git/DISCO-EB/src/discoeb/background.py:166:43
/home/user/git/DISCO-EB/src/discoeb/background.py:233:12
/home/user/git/DISCO-EB/scripts/profile_background.py:38:0
'>/home/user/git/DISCO-EB/src/discoeb/spline_interpolation.py:62</div>"
"261.0","5","loop fusion","loop_divide_fusion.24","%loop_divide_fusion.24 = (f64[1]{0}, f64[1]{0}, f64[1]{0}) fusion(f64[1024]{0} %get-tuple-element.6794, s32[] %while.132.0, s32[] %while.109.0), kind=kLoop, calls=%fused_divide.24","jit(evolve_background)/div:","1.0","2.592","2.592","2.592","2.592","9.789049625037574e-05","20.86595553161435","0.0","2.5435956790123457","2.5435956790123457","0.028744523907885136","0.028744523907885136","0.0","0.0","82.4125","HBM","No","No","No","<div class='source-info-cell' title='/home/user/git/DISCO-EB/src/discoeb/spline_interpolation.py:159:12
/home/user/git/DISCO-EB/src/discoeb/background.py:323:47
/home/user/git/DISCO-EB/scripts/profile_background.py:38:0
'>/home/user/git/DISCO-EB/src/discoeb/spline_interpolation.py:159</div>"
"262.0","5","loop fusion","loop_multiply_pad_slice_fusion.1","%loop_multiply_pad_slice_fusion.1 = (f64[1022]{0}, f64[1022]{0}, f64[1022]{0}, f64[1022]{0}, f64[1022]{0}, /*index=5*/f64[1022]{0}) fusion(f64[1024]{0} %get-tuple-element.6795, f64[1024]{0} %get-tuple-element.6794), kind=kLoop, calls=%fused_multiply_pad_slice.1","jit(evolve_background)/scatter:","1.0","2.592","2.592","2.592","2.592","9.789049625037574e-05","20.8660534221106","0.0","1899.4193672839506","1899.4193672839506","23.513020556650044","23.513020556650044","0.0","0.0","75.23372555012224","HBM","No","No","No","<div class='source-info-cell' title='/home/user/git/DISCO-EB/src/discoeb/spline_interpolation.py:62:17
/home/user/git/DISCO-EB/src/discoeb/background.py:248:40
/home/user/git/DISCO-EB/scripts/profile_background.py:38:0
'>/home/user/git/DISCO-EB/src/discoeb/spline_interpolation.py:62</div>"
"263.0","5","input fusion","loop_multiply_fusion.17","%loop_multiply_fusion.17 = f64[8,8]{1,0} fusion(), kind=kInput, calls=%fused_multiply.17","jit(evolve_background)/vmap(jit(eigh))/div:","1.0","2.144","2.144","2.144","2.144","8.09711512194466e-05","20.86613439326182","0.0","31.75","31.75","0.2224053909529501","0.2224053909529501","0.0","0.0","132.953125","HBM","No","No","No","<div class='source-info-cell' title='/home/user/git/DISCO-EB/src/discoeb/util.py:115:15
/home/user/git/DISCO-EB/src/discoeb/background.py:42:15
/home/user/git/DISCO-EB/src/discoeb/background.py:64:11
/home/user/git/DISCO-EB/src/discoeb/background.py:164:48
/home/user/git/DISCO-EB/src/discoeb/background.py:164:26
/home/user/git/DISCO-EB/src/discoeb/background.py:233:12
/home/user/git/DISCO-EB/scripts/profile_background.py:38:0
'>/home/user/git/DISCO-EB/src/discoeb/util.py:115</div>"
"264.0","5","loop fusion","loop_slice_fusion.14","%loop_slice_fusion.14 = f64[6,1023]{1,0} fusion(f64[6,1023]{1,0} %while.73.0, f64[1023]{0} %get-tuple-element.6148), kind=kLoop, calls=%fused_slice.14","jit(evolve_background)/jit(evaluate_thermo)/vmap()/slice:","1.0","2.08","2.08","2.08","2.08","7.855410192931387e-05","20.86621294736375","0.0","17.70576923076923","17.70576923076923","43.97633557136242","43.97633557136242","0.0","0.0","0.37496945507860224","HBM","No","No","No","<div class='source-info-cell' title='/home/user/git/DISCO-EB/.venv/lib/python3.12/site-packages/jax_cosmo/scipy/integrate.py:150:53
/home/user/git/DISCO-EB/src/discoeb/thermodynamics_recfast.py:488:45
/home/user/git/DISCO-EB/src/discoeb/thermodynamics_recfast.py:488:21
/home/user/git/DISCO-EB/src/discoeb/background.py:237:82
/home/user/git/DISCO-EB/scripts/profile_background.py:38:0
'>/home/user/git/DISCO-EB/.venv/lib/python3.12/site-packages/jax_cosmo/scipy/integrate.py:150</div>"
"265.0","5","loop fusion","loop_slice_fusion.10","%loop_slice_fusion.10 = f64[6,1023]{1,0} fusion(f64[6,1023]{1,0} %while.97.0, f64[1023]{0} %get-tuple-element.6196), kind=kLoop, calls=%fused_slice.10","jit(evolve_background)/jit(evaluate_thermo)/vmap()/slice:","1.0","2.048","2.048","2.048","2.048","7.73455772842475e-05","20.866290292941034","0.0","17.982421875","17.982421875","44.66346581466496","44.66346581466496","0.0","0.0","0.37496945507860224","HBM","No","No","No","<div class='source-info-cell' title='/home/user/git/DISCO-EB/.venv/lib/python3.12/site-packages/jax_cosmo/scipy/integrate.py:150:53
/home/user/git/DISCO-EB/src/discoeb/thermodynamics_recfast.py:488:45
/home/user/git/DISCO-EB/src/discoeb/thermodynamics_recfast.py:488:21
/home/user/git/DISCO-EB/src/discoeb/background.py:237:82
/home/user/git/DISCO-EB/scripts/profile_background.py:38:0
'>/home/user/git/DISCO-EB/.venv/lib/python3.12/site-packages/jax_cosmo/scipy/integrate.py:150</div>"
"266.0","5","loop fusion","loop_pad_fusion.10","%loop_pad_fusion.10 = f64[510]{0} fusion(f64[510]{0} %get-tuple-element.6668), kind=kLoop, calls=%fused_pad.10","jit(evolve_background)/scatter:","1.0","2.016","2.016","2.016","2.016","7.613705263918113e-05","20.866366429993676","0.0","0.0","0.0","1.8885152207480536","1.8885152207480536","0.0","0.0","0.0","HBM","No","No","No","<div class='source-info-cell' title='/home/user/git/DISCO-EB/src/discoeb/spline_interpolation.py:75:25
/home/user/git/DISCO-EB/src/discoeb/background.py:167:43
/home/user/git/DISCO-EB/src/discoeb/background.py:233:12
/home/user/git/DISCO-EB/scripts/profile_background.py:38:0
'>/home/user/git/DISCO-EB/src/discoeb/spline_interpolation.py:75</div>"
"267.0","5","loop fusion","loop_pad_fusion.8","%loop_pad_fusion.8 = f64[1022]{0} fusion(f64[1022]{0} %get-tuple-element.6386), kind=kLoop, calls=%fused_pad.8","jit(evolve_background)/scatter:","1.0","2.016","2.016","2.016","2.016","7.613705263918113e-05","20.866442567046313","0.0","0.0","0.0","3.780726165998549","3.780726165998549","0.0","0.0","0.0","HBM","No","No","No","<div class='source-info-cell' title='/home/user/git/DISCO-EB/src/discoeb/spline_interpolation.py:75:25
/home/user/git/DISCO-EB/src/discoeb/background.py:248:40
/home/user/git/DISCO-EB/scripts/profile_background.py:38:0
'>/home/user/git/DISCO-EB/src/discoeb/spline_interpolation.py:75</div>"
"268.0","5","loop fusion","loop_slice_fusion.11","%loop_slice_fusion.11 = f64[6,1023]{1,0} fusion(f64[6,1023]{1,0} %while.91.0, f64[1023]{0} %get-tuple-element.6184), kind=kLoop, calls=%fused_slice.11","jit(evolve_background)/jit(evaluate_thermo)/vmap()/slice:","1.0","2.016","2.016","2.016","2.016","7.613705263918113e-05","20.866518704098954","0.0","18.267857142857142","18.267857142857142","45.37240971648504","45.37240971648504","0.0","0.0","0.37496945507860224","HBM","No","No","No","<div class='source-info-cell' title='/home/user/git/DISCO-EB/.venv/lib/python3.12/site-packages/jax_cosmo/scipy/integrate.py:150:53
/home/user/git/DISCO-EB/src/discoeb/thermodynamics_recfast.py:488:45
/home/user/git/DISCO-EB/src/discoeb/thermodynamics_recfast.py:488:21
/home/user/git/DISCO-EB/src/discoeb/background.py:237:82
/home/user/git/DISCO-EB/scripts/profile_background.py:38:0
'>/home/user/git/DISCO-EB/.venv/lib/python3.12/site-packages/jax_cosmo/scipy/integrate.py:150</div>"
"269.0","5","loop fusion","loop_slice_fusion.12","%loop_slice_fusion.12 = f64[6,1023]{1,0} fusion(f64[6,1023]{1,0} %while.85.0, f64[1023]{0} %get-tuple-element.6172), kind=kLoop, calls=%fused_slice.12","jit(evolve_background)/jit(evaluate_thermo)/vmap()/slice:","1.0","2.016","2.016","2.016","2.016","7.613705263918113e-05","20.866594841151596","0.0","18.267857142857142","18.267857142857142","45.37240971648504","45.37240971648504","0.0","0.0","0.37496945507860224","HBM","No","No","No","<div class='source-info-cell' title='/home/user/git/DISCO-EB/.venv/lib/python3.12/site-packages/jax_cosmo/scipy/integrate.py:150:53
/home/user/git/DISCO-EB/src/discoeb/thermodynamics_recfast.py:488:45
/home/user/git/DISCO-EB/src/discoeb/thermodynamics_recfast.py:488:21
/home/user/git/DISCO-EB/src/discoeb/background.py:237:82
/home/user/git/DISCO-EB/scripts/profile_background.py:38:0
'>/home/user/git/DISCO-EB/.venv/lib/python3.12/site-packages/jax_cosmo/scipy/integrate.py:150</div>"
"270.0","5","loop fusion","loop_slice_fusion.13","%loop_slice_fusion.13 = f64[6,1023]{1,0} fusion(f64[6,1023]{1,0} %while.79.0, f64[1023]{0} %get-tuple-element.6160), kind=kLoop, calls=%fused_slice.13","jit(evolve_background)/jit(evaluate_thermo)/vmap()/slice:","1.0","2.016","2.016","2.016","2.016","7.613705263918113e-05","20.866670978204237","0.0","18.267857142857142","18.267857142857142","45.37240971648504","45.37240971648504","0.0","0.0","0.37496945507860224","HBM","No","No","No","<div class='source-info-cell' title='/home/user/git/DISCO-EB/.venv/lib/python3.12/site-packages/jax_cosmo/scipy/integrate.py:150:53
/home/user/git/DISCO-EB/src/discoeb/thermodynamics_recfast.py:488:45
/home/user/git/DISCO-EB/src/discoeb/thermodynamics_recfast.py:488:21
/home/user/git/DISCO-EB/src/discoeb/background.py:237:82
/home/user/git/DISCO-EB/scripts/profile_background.py:38:0
'>/home/user/git/DISCO-EB/.venv/lib/python3.12/site-packages/jax_cosmo/scipy/integrate.py:150</div>"
"271.0","5","data formatting","copy.466","%copy.466 = f64[1022]{0} copy(f64[1022]{0} %get-tuple-element.6598)","","1.0","1.984","1.984","1.984","1.984","7.492852799411476e-05","20.866745906732227","0.0","0.0","0.0","7.6759005746533795","7.6759005746533795","0.0","0.0","0.0","HBM","No","No","No",""
"272.0","5","data formatting","copy.481","%copy.481 = f64[1022]{0} copy(f64[1022]{0} %get-tuple-element.6598)","","1.0","1.984","1.984","1.984","1.984","7.492852799411476e-05","20.86682083526022","0.0","0.0","0.0","7.6759005746533795","7.6759005746533795","0.0","0.0","0.0","HBM","No","No","No",""
"273.0","5","input fusion","input_concatenate_fusion.29","%input_concatenate_fusion.29 = f64[1024]{0} fusion(f64[1022]{0} %while.524.0), kind=kInput, calls=%fused_concatenate.30","jit(evolve_background)/concatenate:","1.0","1.984","1.984","1.984","1.984","7.492852799411476e-05","20.866895763788214","0.0","3.096774193548387","3.096774193548387","7.683411240577697","7.683411240577697","0.0","0.0","0.375366568914956","HBM","No","No","No","<div class='source-info-cell' title='/home/user/git/DISCO-EB/src/discoeb/spline_interpolation.py:85:21
/home/user/git/DISCO-EB/src/discoeb/background.py:248:40
/home/user/git/DISCO-EB/scripts/profile_background.py:38:0
'>/home/user/git/DISCO-EB/src/discoeb/spline_interpolation.py:85</div>"
"274.0","5","loop fusion","loop_pad_fusion.2","%loop_pad_fusion.2 = f64[1022]{0} fusion(f64[1022]{0} %get-tuple-element.6521), kind=kLoop, calls=%fused_pad.2","jit(evolve_background)/scatter:","1.0","1.984","1.984","1.984","1.984","7.492852799411476e-05","20.866970692316208","0.0","0.0","0.0","3.8417056202888484","3.8417056202888484","0.0","0.0","0.0","HBM","No","No","No","<div class='source-info-cell' title='/home/user/git/DISCO-EB/src/discoeb/spline_interpolation.py:75:25
/home/user/git/DISCO-EB/src/discoeb/background.py:256:40
/home/user/git/DISCO-EB/scripts/profile_background.py:38:0
'>/home/user/git/DISCO-EB/src/discoeb/spline_interpolation.py:75</div>"
"275.0","5","loop fusion","loop_pad_fusion.4","%loop_pad_fusion.4 = f64[1022]{0} fusion(f64[1022]{0} %get-tuple-element.6587), kind=kLoop, calls=%fused_pad.4","jit(evolve_background)/scatter:","1.0","1.984","1.984","1.984","1.984","7.492852799411476e-05","20.867045620844202","0.0","0.0","0.0","3.8417056202888484","3.8417056202888484","0.0","0.0","0.0","HBM","No","No","No","<div class='source-info-cell' title='/home/user/git/DISCO-EB/src/discoeb/spline_interpolation.py:75:25
/home/user/git/DISCO-EB/src/discoeb/background.py:252:40
/home/user/git/DISCO-EB/scripts/profile_background.py:38:0
'>/home/user/git/DISCO-EB/src/discoeb/spline_interpolation.py:75</div>"
"276.0","5","data formatting","copy.232","%copy.232 = f64[1023]{0} copy(f64[1023]{0} %get-tuple-element.6172)","","1.0","1.953","1.953","1.953","1.953","7.375776974420672e-05","20.867119378613946","0.0","0.0","0.0","7.805370149158296","7.805370149158296","0.0","0.0","0.0","HBM","No","No","No",""
"277.0","5","data formatting","copy.250","%copy.250 = f64[1023]{0} copy(f64[1023]{0} %get-tuple-element.6196)","","1.0","1.953","1.953","1.953","1.953","7.375776974420672e-05","20.86719313638369","0.0","0.0","0.0","7.805370149158296","7.805370149158296","0.0","0.0","0.0","HBM","No","No","No",""
"278.0","5","data formatting","copy.322","%copy.322 = f64[1022]{0} copy(f64[1022]{0} %get-tuple-element.6598)","","1.0","1.952","1.952","1.952","1.952","7.37200033490484e-05","20.86726685638704","0.0","0.0","0.0","7.801735010303435","7.801735010303435","0.0","0.0","0.0","HBM","No","No","No",""
"279.0","5","input fusion","input_concatenate_fusion.24","%input_concatenate_fusion.24 = f64[512]{0} fusion(f64[512]{0} %get-tuple-element.6836), kind=kInput, calls=%fused_concatenate.25","jit(evolve_background)/log:","1.0","1.952","1.952","1.952","1.952","7.37200033490484e-05","20.86734057639039","0.0","155.5548155737705","155.5548155737705","3.9085012967469264","3.9085012967469264","0.0","0.0","37.0657958984375","HBM","No","No","No","<div class='source-info-cell' title='/home/user/git/DISCO-EB/src/discoeb/background.py:160:11
/home/user/git/DISCO-EB/src/discoeb/background.py:233:12
/home/user/git/DISCO-EB/scripts/profile_background.py:38:0
'>/home/user/git/DISCO-EB/src/discoeb/background.py:160</div>"
"280.0","5","loop fusion","loop_pad_fusion.1","%loop_pad_fusion.1 = f64[1022]{0} fusion(f64[1022]{0} %get-tuple-element.6620), kind=kLoop, calls=%fused_pad.1","jit(evolve_background)/scatter:","1.0","1.952","1.952","1.952","1.952","7.37200033490484e-05","20.86741429639374","0.0","0.0","0.0","3.9046844009493213","3.9046844009493213","0.0","0.0","0.0","HBM","No","No","No","<div class='source-info-cell' title='/home/user/git/DISCO-EB/src/discoeb/spline_interpolation.py:75:25
/home/user/git/DISCO-EB/src/discoeb/background.py:320:17
/home/user/git/DISCO-EB/scripts/profile_background.py:38:0
'>/home/user/git/DISCO-EB/src/discoeb/spline_interpolation.py:75</div>"
"281.0","5","loop fusion","loop_pad_fusion.11","%loop_pad_fusion.11 = f64[510]{0} fusion(f64[510]{0} %get-tuple-element.5990), kind=kLoop, calls=%fused_pad.11","jit(evolve_background)/scatter:","1.0","1.952","1.952","1.952","1.952","7.37200033490484e-05","20.867488016397086","0.0","0.0","0.0","1.9504337525758588","1.9504337525758588","0.0","0.0","0.0","HBM","No","No","No","<div class='source-info-cell' title='/home/user/git/DISCO-EB/src/discoeb/spline_interpolation.py:75:25
/home/user/git/DISCO-EB/src/discoeb/background.py:166:43
/home/user/git/DISCO-EB/src/discoeb/background.py:233:12
/home/user/git/DISCO-EB/scripts/profile_background.py:38:0
'>/home/user/git/DISCO-EB/src/discoeb/spline_interpolation.py:75</div>"
"282.0","5","loop fusion","loop_pad_fusion.6","%loop_pad_fusion.6 = f64[1022]{0} fusion(f64[1022]{0} %get-tuple-element.6314), kind=kLoop, calls=%fused_pad.6","jit(evolve_background)/scatter:","1.0","1.952","1.952","1.952","1.952","7.37200033490484e-05","20.867561736400436","0.0","0.0","0.0","3.9046844009493213","3.9046844009493213","0.0","0.0","0.0","HBM","No","No","No","<div class='source-info-cell' title='/home/user/git/DISCO-EB/src/discoeb/spline_interpolation.py:75:25
/home/user/git/DISCO-EB/src/discoeb/background.py:250:40
/home/user/git/DISCO-EB/scripts/profile_background.py:38:0
'>/home/user/git/DISCO-EB/src/discoeb/spline_interpolation.py:75</div>"
"283.0","5","loop fusion","loop_pad_fusion.7","%loop_pad_fusion.7 = f64[1022]{0} fusion(f64[1022]{0} %get-tuple-element.6455), kind=kLoop, calls=%fused_pad.7","jit(evolve_background)/scatter:","1.0","1.952","1.952","1.952","1.952","7.37200033490484e-05","20.867635456403786","0.0","0.0","0.0","3.9046844009493213","3.9046844009493213","0.0","0.0","0.0","HBM","No","No","No","<div class='source-info-cell' title='/home/user/git/DISCO-EB/src/discoeb/spline_interpolation.py:75:25
/home/user/git/DISCO-EB/src/discoeb/background.py:249:40
/home/user/git/DISCO-EB/scripts/profile_background.py:38:0
'>/home/user/git/DISCO-EB/src/discoeb/spline_interpolation.py:75</div>"
"284.0","5","loop fusion","loop_pad_fusion.9","%loop_pad_fusion.9 = f64[510]{0} fusion(f64[510]{0} %get-tuple-element.6701), kind=kLoop, calls=%fused_pad.9","jit(evolve_background)/scatter:","1.0","1.952","1.952","1.952","1.952","7.37200033490484e-05","20.867709176407136","0.0","0.0","0.0","1.9504337525758588","1.9504337525758588","0.0","0.0","0.0","HBM","No","No","No","<div class='source-info-cell' title='/home/user/git/DISCO-EB/src/discoeb/spline_interpolation.py:75:25
/home/user/git/DISCO-EB/src/discoeb/background.py:168:43
/home/user/git/DISCO-EB/src/discoeb/background.py:233:12
/home/user/git/DISCO-EB/scripts/profile_background.py:38:0
'>/home/user/git/DISCO-EB/src/discoeb/spline_interpolation.py:75</div>"
"285.0","5","data formatting","copy.451","%copy.451 = f64[1022]{0} copy(f64[1022]{0} %get-tuple-element.6598)","","1.0","1.951","1.951","1.951","1.951","7.368223695389007e-05","20.867782858644087","0.0","0.0","0.0","7.805733849365609","7.805733849365609","0.0","0.0","0.0","HBM","No","No","No",""
"286.0","5","data formatting","copy.223","%copy.223 = f64[1023]{0} copy(f64[1023]{0} %get-tuple-element.6160)","","1.0","1.92","1.92","1.92","1.92","7.251147870398204e-05","20.867855370122793","0.0","0.0","0.0","7.939524948596954","7.939524948596954","0.0","0.0","0.0","HBM","No","No","No",""
"287.0","5","data formatting","copy.139","%copy.139 = f64[510]{0} copy(f64[510]{0} %get-tuple-element.6679)","","1.0","1.888","1.888","1.888","1.888","7.130295405891567e-05","20.867926673076852","0.0","0.0","0.0","4.025207737744864","4.025207737744864","0.0","0.0","0.0","HBM","No","No","No",""
"288.0","5","loop fusion","loop_pad_fusion.5","%loop_pad_fusion.5 = f64[1022]{0} fusion(f64[1022]{0} %get-tuple-element.6554), kind=kLoop, calls=%fused_pad.5","jit(evolve_background)/scatter:","1.0","1.888","1.888","1.888","1.888","7.130295405891567e-05","20.867997976030907","0.0","0.0","0.0","4.037046584032349","4.037046584032349","0.0","0.0","0.0","HBM","No","No","No","<div class='source-info-cell' title='/home/user/git/DISCO-EB/src/discoeb/spline_interpolation.py:75:25
/home/user/git/DISCO-EB/src/discoeb/background.py:251:40
/home/user/git/DISCO-EB/scripts/profile_background.py:38:0
'>/home/user/git/DISCO-EB/src/discoeb/spline_interpolation.py:75</div>"
"289.0","5","loop fusion","wrapped_slice.12","%wrapped_slice.12 = f64[1024]{0} fusion(f64[1025]{0} %wrapped_log.2), kind=kLoop, calls=%wrapped_slice_computation.12","jit(evolve_background)/jit(evaluate_thermo)/slice:","1.0","1.888","1.888","1.888","1.888","7.130295405891567e-05","20.868069278984965","0.0","0.0","0.0","8.081985732256355","8.081985732256355","0.0","0.0","0.0","HBM","No","No","No","<div class='source-info-cell' title='/home/user/git/DISCO-EB/src/discoeb/thermodynamics_recfast.py:453:18
/home/user/git/DISCO-EB/src/discoeb/thermodynamics_recfast.py:461:11
/home/user/git/DISCO-EB/src/discoeb/background.py:237:82
/home/user/git/DISCO-EB/scripts/profile_background.py:38:0
'>/home/user/git/DISCO-EB/src/discoeb/thermodynamics_recfast.py:453</div>"
"290.0","5","data formatting","copy.241","%copy.241 = f64[1023]{0} copy(f64[1023]{0} %get-tuple-element.6184)","","1.0","1.856","1.856","1.856","1.856","7.00944294138493e-05","20.86813937341438","0.0","0.0","0.0","8.213301670962366","8.213301670962366","0.0","0.0","0.0","HBM","No","No","No",""
"291.0","5","data formatting","copy.436","%copy.436 = f64[1022]{0} copy(f64[1022]{0} %get-tuple-element.6499)","","1.0","1.856","1.856","1.856","1.856","7.00944294138493e-05","20.868209467843794","0.0","0.0","0.0","8.20527302807775","8.20527302807775","0.0","0.0","0.0","HBM","No","No","No",""
"292.0","5","loop fusion","loop_pad_fusion.3","%loop_pad_fusion.3 = f64[1022]{0} fusion(f64[1022]{0} %get-tuple-element.6488), kind=kLoop, calls=%fused_pad.3","jit(evolve_background)/scatter:","1.0","1.856","1.856","1.856","1.856","7.00944294138493e-05","20.868279562273205","0.0","0.0","0.0","4.106650835481183","4.106650835481183","0.0","0.0","0.0","HBM","No","No","No","<div class='source-info-cell' title='/home/user/git/DISCO-EB/src/discoeb/spline_interpolation.py:75:25
/home/user/git/DISCO-EB/src/discoeb/background.py:255:40
/home/user/git/DISCO-EB/scripts/profile_background.py:38:0
'>/home/user/git/DISCO-EB/src/discoeb/spline_interpolation.py:75</div>"
"293.0","5","loop fusion","loop_broadcast_fusion.8","%loop_broadcast_fusion.8 = (s32[1024]{0}, s32[1024]{0}) fusion(), kind=kLoop, calls=%fused_broadcast.8","jit(evolve_background)/jit(searchsorted)/vmap()/broadcast_in_dim:","1.0","1.728","1.728","1.728","1.728","6.526033083358382e-05","20.86834482260404","0.0","0.0","0.0","4.4151588722511566","4.4151588722511566","0.0","0.0","0.0","HBM","No","No","No","<div class='source-info-cell' title='/home/user/git/DISCO-EB/src/discoeb/spline_interpolation.py:141:27
/home/user/git/DISCO-EB/src/discoeb/spline_interpolation.py:156:14
/home/user/git/DISCO-EB/src/discoeb/background.py:313:59
/home/user/git/DISCO-EB/scripts/profile_background.py:38:0
'>/home/user/git/DISCO-EB/src/discoeb/spline_interpolation.py:141</div>"
"294.0","5","loop fusion","loop_broadcast_fusion.7","%loop_broadcast_fusion.7 = (s32[1024]{0}, s32[1024]{0}) fusion(), kind=kLoop, calls=%fused_broadcast.7","jit(evolve_background)/jit(clip)/max:","1.0","1.696","1.696","1.696","1.696","6.405180618851746e-05","20.86840887441023","0.0","0.0","0.0","4.498463756633254","4.498463756633254","0.0","0.0","0.0","HBM","No","No","No","<div class='source-info-cell' title='/home/user/git/DISCO-EB/src/discoeb/spline_interpolation.py:139:18
/home/user/git/DISCO-EB/src/discoeb/spline_interpolation.py:156:14
/home/user/git/DISCO-EB/src/discoeb/background.py:86:20
/home/user/git/DISCO-EB/src/discoeb/thermodynamics_recfast.py:479:64
/home/user/git/DISCO-EB/src/discoeb/background.py:237:82
/home/user/git/DISCO-EB/scripts/profile_background.py:38:0
'>/home/user/git/DISCO-EB/src/discoeb/spline_interpolation.py:139</div>"
"295.0","5","data formatting","copy.380","%copy.380 = s32[] copy(s32[] %copy.618)","","1.0","1.6","1.6","1.6","1.6","6.0426232253318364e-05","20.868469300642484","0.0","0.0","0.0","0.004656612873077393","0.004656612873077393","0.0","0.0","0.0","HBM","No","No","No",""
"296.0","5","data formatting","copy.379","%copy.379 = s32[] copy(s32[] %copy.617)","","1.0","1.569","1.569","1.569","1.569","5.9255474003410315e-05","20.868528556116487","0.0","0.0","0.0","0.004748617333922133","0.004748617333922133","0.0","0.0","0.0","HBM","No","No","No",""
"297.0","5","loop fusion","wrapped_slice.10","%wrapped_slice.10 = f64[1]{0} fusion(f64[1024]{0} %get-tuple-element.6258), kind=kLoop, calls=%wrapped_slice_computation.10","jit(evolve_background)/slice:","1.0","1.568","1.568","1.568","1.568","5.9217707608251994e-05","20.868587773824093","0.0","0.0","0.0","0.009503291577708963","0.009503291577708963","0.0","0.0","0.0","HBM","No","No","No","<div class='source-info-cell' title='/home/user/git/DISCO-EB/src/discoeb/spline_interpolation.py:39:64
/home/user/git/DISCO-EB/src/discoeb/background.py:256:40
/home/user/git/DISCO-EB/scripts/profile_background.py:38:0
'>/home/user/git/DISCO-EB/src/discoeb/spline_interpolation.py:39</div>"
"298.0","5","loop fusion","wrapped_slice.14","%wrapped_slice.14 = f64[1]{0} fusion(f64[1024]{0} %get-tuple-element.6789), kind=kLoop, calls=%wrapped_slice_computation.14","jit(evolve_background)/slice:","1.0","1.568","1.568","1.568","1.568","5.9217707608251994e-05","20.8686469915317","0.0","0.0","0.0","0.009503291577708963","0.009503291577708963","0.0","0.0","0.0","HBM","No","No","No","<div class='source-info-cell' title='/home/user/git/DISCO-EB/src/discoeb/spline_interpolation.py:39:64
/home/user/git/DISCO-EB/src/discoeb/background.py:320:17
/home/user/git/DISCO-EB/scripts/profile_background.py:38:0
'>/home/user/git/DISCO-EB/src/discoeb/spline_interpolation.py:39</div>"
"299.0","5","loop fusion","wrapped_slice.11","%wrapped_slice.11 = f64[1]{0} fusion(f64[1025]{0} %wrapped_log.2), kind=kLoop, calls=%wrapped_slice_computation.11","jit(evolve_background)/slice:","1.0","1.536","1.536","1.536","1.536","5.8009182963185624e-05","20.868705000714662","0.0","0.0","0.0","0.009701276818911234","0.009701276818911234","0.0","0.0","0.0","HBM","No","No","No","<div class='source-info-cell' title='/home/user/git/DISCO-EB/src/discoeb/spline_interpolation.py:40:65
/home/user/git/DISCO-EB/src/discoeb/background.py:256:40
/home/user/git/DISCO-EB/scripts/profile_background.py:38:0
'>/home/user/git/DISCO-EB/src/discoeb/spline_interpolation.py:40</div>"
"300.0","5","loop fusion","wrapped_slice.13","%wrapped_slice.13 = f64[1]{0} fusion(f64[1024]{0} %get-tuple-element.6282), kind=kLoop, calls=%wrapped_slice_computation.13","jit(evolve_background)/slice:","1.0","1.536","1.536","1.536","1.536","5.8009182963185624e-05","20.868763009897627","0.0","0.0","0.0","0.009701276818911234","0.009701276818911234","0.0","0.0","0.0","HBM","No","No","No","<div class='source-info-cell' title='/home/user/git/DISCO-EB/src/discoeb/spline_interpolation.py:39:64
/home/user/git/DISCO-EB/src/discoeb/background.py:252:40
/home/user/git/DISCO-EB/scripts/profile_background.py:38:0
'>/home/user/git/DISCO-EB/src/discoeb/spline_interpolation.py:39</div>"
"301.0","5","loop fusion","wrapped_slice.1","%wrapped_slice.1 = f64[1]{0} fusion(f64[512]{0} %get-tuple-element.5934), kind=kLoop, calls=%wrapped_slice_computation.1","jit(evolve_background)/slice:","1.0","1.504","1.504","1.504","1.504","5.680065831811926e-05","20.868819810555944","0.0","0.0","0.0","0.00990768696399445","0.00990768696399445","0.0","0.0","0.0","HBM","No","No","No","<div class='source-info-cell' title='/home/user/git/DISCO-EB/src/discoeb/spline_interpolation.py:39:64
/home/user/git/DISCO-EB/src/discoeb/background.py:167:43
/home/user/git/DISCO-EB/src/discoeb/background.py:233:12
/home/user/git/DISCO-EB/scripts/profile_background.py:38:0
'>/home/user/git/DISCO-EB/src/discoeb/spline_interpolation.py:39</div>"
"302.0","5","loop fusion","wrapped_slice.2","%wrapped_slice.2 = f64[1]{0} fusion(f64[512]{0} %get-tuple-element.5946), kind=kLoop, calls=%wrapped_slice_computation.2","jit(evolve_background)/slice:","1.0","1.504","1.504","1.504","1.504","5.680065831811926e-05","20.86887661121426","0.0","0.0","0.0","0.00990768696399445","0.00990768696399445","0.0","0.0","0.0","HBM","No","No","No","<div class='source-info-cell' title='/home/user/git/DISCO-EB/src/discoeb/spline_interpolation.py:39:64
/home/user/git/DISCO-EB/src/discoeb/background.py:168:43
/home/user/git/DISCO-EB/src/discoeb/background.py:233:12
/home/user/git/DISCO-EB/scripts/profile_background.py:38:0
'>/home/user/git/DISCO-EB/src/discoeb/spline_interpolation.py:39</div>"
"303.0","5","loop fusion","wrapped_slice.9","%wrapped_slice.9 = f64[1]{0} fusion(f64[1024]{0} %get-tuple-element.6814), kind=kLoop, calls=%wrapped_slice_computation.9","jit(evolve_background)/slice:","1.0","1.504","1.504","1.504","1.504","5.680065831811926e-05","20.868933411872582","0.0","0.0","0.0","0.00990768696399445","0.00990768696399445","0.0","0.0","0.0","HBM","No","No","No","<div class='source-info-cell' title='/home/user/git/DISCO-EB/src/discoeb/spline_interpolation.py:39:64
/home/user/git/DISCO-EB/src/discoeb/background.py:250:40
/home/user/git/DISCO-EB/scripts/profile_background.py:38:0
'>/home/user/git/DISCO-EB/src/discoeb/spline_interpolation.py:39</div>"
"304.0","5","data formatting","copy.405","%copy.405 = s64[] copy(s64[] %copy.616)","","1.0","1.473","1.473","1.473","1.473","5.562990006821122e-05","20.868989041772647","0.0","0.0","0.0","0.010116199045381979","0.010116199045381979","0.0","0.0","0.0","HBM","No","No","No",""
"305.0","5","data formatting","copy.240","%copy.240 = s64[] copy(s64[] %copy.616)","","1.0","1.472","1.472","1.472","1.472","5.559213367305289e-05","20.869044633906324","0.0","0.0","0.0","0.010123071463211722","0.010123071463211722","0.0","0.0","0.0","HBM","No","No","No",""
"306.0","5","data formatting","copy.303","%copy.303 = s64[] copy(s64[] %copy.616)","","1.0","1.472","1.472","1.472","1.472","5.559213367305289e-05","20.869100226039997","0.0","0.0","0.0","0.010123071463211722","0.010123071463211722","0.0","0.0","0.0","HBM","No","No","No",""
"307.0","5","data formatting","copy.312","%copy.312 = s64[] copy(s64[] %copy.616)","","1.0","1.472","1.472","1.472","1.472","5.559213367305289e-05","20.86915581817367","0.0","0.0","0.0","0.010123071463211722","0.010123071463211722","0.0","0.0","0.0","HBM","No","No","No",""
"308.0","5","data formatting","copy.330","%copy.330 = s64[] copy(s64[] %copy.616)","","1.0","1.472","1.472","1.472","1.472","5.559213367305289e-05","20.869211410307344","0.0","0.0","0.0","0.010123071463211722","0.010123071463211722","0.0","0.0","0.0","HBM","No","No","No",""
"309.0","5","data formatting","copy.336","%copy.336 = s64[] copy(s64[] %copy.616)","","1.0","1.472","1.472","1.472","1.472","5.559213367305289e-05","20.86926700244102","0.0","0.0","0.0","0.010123071463211722","0.010123071463211722","0.0","0.0","0.0","HBM","No","No","No",""
"310.0","5","data formatting","copy.372","%copy.372 = s64[] copy(s64[] %copy.616)","","1.0","1.472","1.472","1.472","1.472","5.559213367305289e-05","20.869322594574694","0.0","0.0","0.0","0.010123071463211722","0.010123071463211722","0.0","0.0","0.0","HBM","No","No","No",""
"311.0","5","data formatting","copy.378","%copy.378 = s64[] copy(s64[] %copy.616)","","1.0","1.472","1.472","1.472","1.472","5.559213367305289e-05","20.869378186708367","0.0","0.0","0.0","0.010123071463211722","0.010123071463211722","0.0","0.0","0.0","HBM","No","No","No",""
"312.0","5","data formatting","copy.429","%copy.429 = s64[] copy(s64[] %copy.616)","","1.0","1.472","1.472","1.472","1.472","5.559213367305289e-05","20.86943377884204","0.0","0.0","0.0","0.010123071463211722","0.010123071463211722","0.0","0.0","0.0","HBM","No","No","No",""
"313.0","5","data formatting","copy.474","%copy.474 = s64[] copy(s64[] %copy.616)","","1.0","1.472","1.472","1.472","1.472","5.559213367305289e-05","20.869489370975717","0.0","0.0","0.0","0.010123071463211722","0.010123071463211722","0.0","0.0","0.0","HBM","No","No","No",""
"314.0","5","data formatting","copy.480","%copy.480 = s64[] copy(s64[] %copy.616)","","1.0","1.472","1.472","1.472","1.472","5.559213367305289e-05","20.86954496310939","0.0","0.0","0.0","0.010123071463211722","0.010123071463211722","0.0","0.0","0.0","HBM","No","No","No",""
"315.0","5","loop fusion","wrapped_slice.3","%wrapped_slice.3 = f64[1]{0} fusion(f64[512]{0} %input_concatenate_fusion.24), kind=kLoop, calls=%wrapped_slice_computation.3","jit(evolve_background)/slice:","1.0","1.472","1.472","1.472","1.472","5.559213367305289e-05","20.869600555243064","0.0","0.0","0.0","0.010123071463211722","0.010123071463211722","0.0","0.0","0.0","HBM","No","No","No","<div class='source-info-cell' title='/home/user/git/DISCO-EB/src/discoeb/spline_interpolation.py:40:65
/home/user/git/DISCO-EB/src/discoeb/background.py:167:43
/home/user/git/DISCO-EB/src/discoeb/background.py:233:12
/home/user/git/DISCO-EB/scripts/profile_background.py:38:0
'>/home/user/git/DISCO-EB/src/discoeb/spline_interpolation.py:40</div>"
"316.0","5","data formatting","copy.249","%copy.249 = s64[] copy(s64[] %copy.616)","","1.0","1.471","1.471","1.471","1.471","5.555436727789457e-05","20.869656109610343","0.0","0.0","0.0","0.010129953224913429","0.010129953224913429","0.0","0.0","0.0","HBM","No","No","No",""
"317.0","5","data formatting","copy.435","%copy.435 = s64[] copy(s64[] %copy.616)","","1.0","1.471","1.471","1.471","1.471","5.555436727789457e-05","20.869711663977622","0.0","0.0","0.0","0.010129953224913429","0.010129953224913429","0.0","0.0","0.0","HBM","No","No","No",""
"318.0","5","data formatting","copy.111","%copy.111 = s64[] copy(s64[] %copy.616)","","1.0","1.44","1.44","1.44","1.44","5.438360902798652e-05","20.869766047586648","0.0","0.0","0.0","0.01034802860683865","0.01034802860683865","0.0","0.0","0.0","HBM","No","No","No",""
"319.0","5","data formatting","copy.120","%copy.120 = s64[] copy(s64[] %copy.616)","","1.0","1.44","1.44","1.44","1.44","5.438360902798652e-05","20.869820431195677","0.0","0.0","0.0","0.01034802860683865","0.01034802860683865","0.0","0.0","0.0","HBM","No","No","No",""
"320.0","5","data formatting","copy.147","%copy.147 = s64[] copy(s64[] %copy.616)","","1.0","1.44","1.44","1.44","1.44","5.438360902798652e-05","20.869874814804703","0.0","0.0","0.0","0.01034802860683865","0.01034802860683865","0.0","0.0","0.0","HBM","No","No","No",""
"321.0","5","data formatting","copy.222","%copy.222 = s64[] copy(s64[] %copy.616)","","1.0","1.44","1.44","1.44","1.44","5.438360902798652e-05","20.869929198413733","0.0","0.0","0.0","0.01034802860683865","0.01034802860683865","0.0","0.0","0.0","HBM","No","No","No",""
"322.0","5","data formatting","copy.231","%copy.231 = s64[] copy(s64[] %copy.616)","","1.0","1.44","1.44","1.44","1.44","5.438360902798652e-05","20.86998358202276","0.0","0.0","0.0","0.01034802860683865","0.01034802860683865","0.0","0.0","0.0","HBM","No","No","No",""
"323.0","5","data formatting","copy.258","%copy.258 = s64[] copy(s64[] %copy.616)","","1.0","1.44","1.44","1.44","1.44","5.438360902798652e-05","20.870037965631784","0.0","0.0","0.0","0.01034802860683865","0.01034802860683865","0.0","0.0","0.0","HBM","No","No","No",""
"324.0","5","data formatting","copy.285","%copy.285 = s64[] copy(s64[] %copy.616)","","1.0","1.44","1.44","1.44","1.44","5.438360902798652e-05","20.870092349240814","0.0","0.0","0.0","0.01034802860683865","0.01034802860683865","0.0","0.0","0.0","HBM","No","No","No",""
"325.0","5","data formatting","copy.294","%copy.294 = s64[] copy(s64[] %copy.616)","","1.0","1.44","1.44","1.44","1.44","5.438360902798652e-05","20.87014673284984","0.0","0.0","0.0","0.01034802860683865","0.01034802860683865","0.0","0.0","0.0","HBM","No","No","No",""
"326.0","5","data formatting","copy.444","%copy.444 = s64[] copy(s64[] %copy.616)","","1.0","1.44","1.44","1.44","1.44","5.438360902798652e-05","20.870201116458865","0.0","0.0","0.0","0.01034802860683865","0.01034802860683865","0.0","0.0","0.0","HBM","No","No","No",""
"327.0","5","data formatting","copy.450","%copy.450 = s64[] copy(s64[] %copy.616)","","1.0","1.44","1.44","1.44","1.44","5.438360902798652e-05","20.870255500067895","0.0","0.0","0.0","0.01034802860683865","0.01034802860683865","0.0","0.0","0.0","HBM","No","No","No",""
"328.0","5","data formatting","copy.129","%copy.129 = s64[] copy(s64[] %copy.616)","","1.0","1.376","1.376","1.376","1.376","5.196655973785379e-05","20.870307466627633","0.0","0.0","0.0","0.010829332262970679","0.010829332262970679","0.0","0.0","0.0","HBM","No","No","No",""
"329.0","5","data formatting","copy.138","%copy.138 = s64[] copy(s64[] %copy.616)","","1.0","1.376","1.376","1.376","1.376","5.196655973785379e-05","20.87035943318737","0.0","0.0","0.0","0.010829332262970679","0.010829332262970679","0.0","0.0","0.0","HBM","No","No","No",""
"330.0","5","data formatting","copy.267","%copy.267 = s64[] copy(s64[] %copy.616)","","1.0","1.376","1.376","1.376","1.376","5.196655973785379e-05","20.87041139974711","0.0","0.0","0.0","0.010829332262970679","0.010829332262970679","0.0","0.0","0.0","HBM","No","No","No",""
"331.0","5","data formatting","copy.414","%copy.414 = s64[] copy(s64[] %copy.616)","","1.0","1.376","1.376","1.376","1.376","5.196655973785379e-05","20.87046336630685","0.0","0.0","0.0","0.010829332262970679","0.010829332262970679","0.0","0.0","0.0","HBM","No","No","No",""
"332.0","5","data formatting","copy.459","%copy.459 = s64[] copy(s64[] %copy.616)","","1.0","1.376","1.376","1.376","1.376","5.196655973785379e-05","20.87051533286659","0.0","0.0","0.0","0.010829332262970679","0.010829332262970679","0.0","0.0","0.0","HBM","No","No","No",""
"333.0","5","data formatting","copy.489","%copy.489 = s64[] copy(s64[] %copy.616)","","1.0","1.376","1.376","1.376","1.376","5.196655973785379e-05","20.870567299426327","0.0","0.0","0.0","0.010829332262970679","0.010829332262970679","0.0","0.0","0.0","HBM","No","No","No",""
"334.0","5","data formatting","copy.513","%copy.513 = s64[] copy(s64[] %copy.616)","","1.0","1.376","1.376","1.376","1.376","5.196655973785379e-05","20.870619265986065","0.0","0.0","0.0","0.010829332262970679","0.010829332262970679","0.0","0.0","0.0","HBM","No","No","No",""
"335.0","5","data formatting","copy.276","%copy.276 = s64[] copy(s64[] %copy.616)","","1.0","1.375","1.375","1.375","1.375","5.192879334269546e-05","20.87067119477941","0.0","0.0","0.0","0.010837208140980112","0.010837208140980112","0.0","0.0","0.0","HBM","No","No","No",""
"336.0","5","data formatting","copy.321","%copy.321 = s64[] copy(s64[] %copy.616)","","1.0","1.344","1.344","1.344","1.344","5.075803509278742e-05","20.8707219528145","0.0","0.0","0.0","0.011087173507327124","0.011087173507327124","0.0","0.0","0.0","HBM","No","No","No",""
"337.0","5","data formatting","copy.363","%copy.363 = s64[] copy(s64[] %copy.616)","","1.0","1.344","1.344","1.344","1.344","5.075803509278742e-05","20.870772710849593","0.0","0.0","0.0","0.011087173507327124","0.011087173507327124","0.0","0.0","0.0","HBM","No","No","No",""
"338.0","5","data formatting","copy.396","%copy.396 = s64[] copy(s64[] %copy.616)","","1.0","1.344","1.344","1.344","1.344","5.075803509278742e-05","20.870823468884684","0.0","0.0","0.0","0.011087173507327124","0.011087173507327124","0.0","0.0","0.0","HBM","No","No","No",""
"339.0","5","data formatting","copy.420","%copy.420 = s64[] copy(s64[] %copy.616)","","1.0","1.344","1.344","1.344","1.344","5.075803509278742e-05","20.870874226919774","0.0","0.0","0.0","0.011087173507327124","0.011087173507327124","0.0","0.0","0.0","HBM","No","No","No",""
"340.0","5","data formatting","copy.465","%copy.465 = s64[] copy(s64[] %copy.616)","","1.0","1.344","1.344","1.344","1.344","5.075803509278742e-05","20.87092498495487","0.0","0.0","0.0","0.011087173507327124","0.011087173507327124","0.0","0.0","0.0","HBM","No","No","No",""
"341.0","5","data formatting","copy.519","%copy.519 = s64[] copy(s64[] %copy.616)","","1.0","1.343","1.343","1.343","1.343","5.072026869762909e-05","20.870975705223564","0.0","0.0","0.0","0.011095429034882842","0.011095429034882842","0.0","0.0","0.0","HBM","No","No","No",""
