"Step","Rank","Category","Operation","# Occurrences","Total Time (us)","Avg. time (us)","Total self time (us)","Avg. self time (us)","Total self time (%)","Cumulative total self time (%)","Normalized FLOP Rate (GFLOP/s)","Model FLOP Rate (GFLOP/s)","Memory BW (GiB/s)","HBM BW (GiB/s)","SHM/L1 BW (GiB/s)","Operational Intensity (FLOP/Byte)","HBM Operational Intensity (FLOP/Byte)","SHM/L1 Operational Intensity (FLOP/Byte)","Bottleneck Operational Intensity (FLOP/Byte)","Bound by","Total Time per core (us)","Total Time (%)","Optimal FLOP Rate (GFLOP/s)","Roofline efficiency (%)","FLOP Rate / Peak (%)","Max memory BW utilization (among supported memories) (%)","Include Infeed/Outfeed","Program ID","Source Info"
"Total","0.0","Program","Program","1.0","2647856.635","2647856.635","0.0","0.0","0.0","0.0","0.7071895027277412","0.7071895027277412","0.005642709954582349","0.005642709954582349","0.0","116.72078730301997","116.72078730301997","0.0","116.72078730301997","HBM","2647856.635","1.0","181524.16841365665","3.895842128945608e-06","2.2675819173810078e-06","3.895842128945608e-06","True","0",""
"Total","1.0","custom-call","lu.62","12732.0","31205.959","2.450986412189758","31205.959","2.450986412189758","0.011785365788884564","0.011785365788884564","0.0","0.0","0.0","0.0","0.0","0.0","0.0","0.0","0.0","Unknown","31205.959","0.011785365788884563","0.0","0.0","0.0","0.0","True","5","<div class='source-info-cell' title='/home/user/git/DISCO-EB/src/discoeb/ode_integrators_stiff.py:185:21
/home/user/git/DISCO-EB/.venv/lib/python3.12/site-packages/equinox/_module/_prebuilt.py:34:15
/home/user/git/DISCO-EB/.venv/lib/python3.12/site-packages/diffrax/_integrate.py:356:64
/home/user/git/DISCO-EB/.venv/lib/python3.12/site-packages/equinox/_eval_shape.py:33:15
/home/user/git/DISCO-EB/.venv/lib/python3.12/site-packages/equinox/_eval_shape.py:38:30
/home/user/git/DISCO-EB/.venv/lib/python3.12/site-packages/diffrax/_integrate.py:655:36
/home/user/git/DISCO-EB/.venv/lib/python3.12/site-packages/diffrax/_adjoint.py:911:22
/home/user/git/DISCO-EB/.venv/lib/python3.12/site-packages/equinox/_module/_prebuilt.py:34:15
/home/user/git/DISCO-EB/.venv/lib/python3.12/site-packages/diffrax/_integrate.py:1435:29
/home/user/git/DISCO-EB/.venv/lib/python3.12/site-packages/equinox/_jit.py:55:14
'>/home/user/git/DISCO-EB/src/discoeb/ode_integrators_stiff.py:185</div>"
"Total","2.0","loop fusion","loop_gather_fusion.2","2122.0","24897.046","11.732820923656927","24897.046","11.732820923656927","0.009402716775109692","0.021188082563994258","13.24131690161154","13.24131690161154","0.016828040511585894","0.016828040511585894","0.0","732.8207547169811","732.8207547169811","0.0","732.8207547169811","Compute","24897.046","0.009402716775109692","311869.44","4.245788526638436e-05","4.245788526638436e-05","1.1618422655128686e-05","True","5","<div class='source-info-cell' title='/home/user/git/DISCO-EB/src/discoeb/ode_integrators_stiff.py:189:13
/home/user/git/DISCO-EB/.venv/lib/python3.12/site-packages/equinox/_module/_prebuilt.py:34:15
/home/user/git/DISCO-EB/.venv/lib/python3.12/site-packages/diffrax/_integrate.py:356:64
/home/user/git/DISCO-EB/.venv/lib/python3.12/site-packages/equinox/_eval_shape.py:33:15
/home/user/git/DISCO-EB/.venv/lib/python3.12/site-packages/equinox/_eval_shape.py:38:30
/home/user/git/DISCO-EB/.venv/lib/python3.12/site-packages/diffrax/_integrate.py:655:36
/home/user/git/DISCO-EB/.venv/lib/python3.12/site-packages/diffrax/_adjoint.py:911:22
/home/user/git/DISCO-EB/.venv/lib/python3.12/site-packages/equinox/_module/_prebuilt.py:34:15
/home/user/git/DISCO-EB/.venv/lib/python3.12/site-packages/diffrax/_integrate.py:1435:29
/home/user/git/DISCO-EB/.venv/lib/python3.12/site-packages/equinox/_jit.py:55:14
'>/home/user/git/DISCO-EB/src/discoeb/ode_integrators_stiff.py:189</div>"
"Total","3.0","input fusion","input_concatenate_fusion.2","2122.0","21702.214","10.227245051837889","21702.214","10.227245051837889","0.008196143897345107","0.029384226461339365","15.167232154286195","15.167232154286195","0.016755573261486793","0.016755573261486793","0.0","843.0380434782609","843.0380434782609","0.0","843.0380434782609","Compute","21702.214","0.008196143897345107","311869.44","4.863327472639254e-05","4.863327472639254e-05","1.156838978649335e-05","True","5","<div class='source-info-cell' title='/home/user/git/DISCO-EB/.venv/lib/python3.12/site-packages/equinox/internal/_loop/loop.py:103:29
/home/user/git/DISCO-EB/.venv/lib/python3.12/site-packages/equinox/_module/_prebuilt.py:82:15
/home/user/git/DISCO-EB/.venv/lib/python3.12/site-packages/diffrax/_integrate.py:674:18
/home/user/git/DISCO-EB/.venv/lib/python3.12/site-packages/diffrax/_adjoint.py:911:22
/home/user/git/DISCO-EB/.venv/lib/python3.12/site-packages/equinox/_module/_prebuilt.py:34:15
/home/user/git/DISCO-EB/.venv/lib/python3.12/site-packages/diffrax/_integrate.py:1435:29
/home/user/git/DISCO-EB/.venv/lib/python3.12/site-packages/equinox/_jit.py:55:14
/home/user/git/DISCO-EB/.venv/lib/python3.12/site-packages/equinox/_jit.py:263:37
/home/user/git/DISCO-EB/.venv/lib/python3.12/site-packages/equinox/_jit.py:209:19
/home/user/git/DISCO-EB/src/discoeb/thermodynamics_recfast.py:284:7
'>/home/user/git/DISCO-EB/.venv/lib/python3.12/site-packages/equinox/internal/_loop/loop.py:103</div>"
"Total","4.0","custom-call","triangular-solve.5","6366.0","15720.093","2.4693831291234685","15720.093","2.4693831291234685","0.005936912441636026","0.03532113890297539","0.0","0.0","0.0","0.0","0.0","0.0","0.0","0.0","0.0","Unknown","15720.093","0.005936912441636025","0.0","0.0","0.0","0.0","True","5","<div class='source-info-cell' title='/home/user/git/DISCO-EB/src/discoeb/ode_integrators_stiff.py:189:13
/home/user/git/DISCO-EB/.venv/lib/python3.12/site-packages/equinox/_module/_prebuilt.py:34:15
/home/user/git/DISCO-EB/.venv/lib/python3.12/site-packages/diffrax/_integrate.py:356:64
/home/user/git/DISCO-EB/.venv/lib/python3.12/site-packages/equinox/_eval_shape.py:33:15
/home/user/git/DISCO-EB/.venv/lib/python3.12/site-packages/equinox/_eval_shape.py:38:30
/home/user/git/DISCO-EB/.venv/lib/python3.12/site-packages/diffrax/_integrate.py:655:36
/home/user/git/DISCO-EB/.venv/lib/python3.12/site-packages/diffrax/_adjoint.py:911:22
/home/user/git/DISCO-EB/.venv/lib/python3.12/site-packages/equinox/_module/_prebuilt.py:34:15
/home/user/git/DISCO-EB/.venv/lib/python3.12/site-packages/diffrax/_integrate.py:1435:29
/home/user/git/DISCO-EB/.venv/lib/python3.12/site-packages/equinox/_jit.py:55:14
'>/home/user/git/DISCO-EB/src/discoeb/ode_integrators_stiff.py:189</div>"
"Total","5.0","custom-call","triangular-solve.7","6366.0","15651.903","2.458671536286522","15651.903","2.458671536286522","0.005911159536777565","0.04123229843975296","0.0","0.0","0.0","0.0","0.0","0.0","0.0","0.0","0.0","Unknown","15651.903","0.005911159536777564","0.0","0.0","0.0","0.0","True","5","<div class='source-info-cell' title='/home/user/git/DISCO-EB/src/discoeb/ode_integrators_stiff.py:189:13
/home/user/git/DISCO-EB/.venv/lib/python3.12/site-packages/equinox/_module/_prebuilt.py:34:15
/home/user/git/DISCO-EB/.venv/lib/python3.12/site-packages/diffrax/_integrate.py:356:64
/home/user/git/DISCO-EB/.venv/lib/python3.12/site-packages/equinox/_eval_shape.py:33:15
/home/user/git/DISCO-EB/.venv/lib/python3.12/site-packages/equinox/_eval_shape.py:38:30
/home/user/git/DISCO-EB/.venv/lib/python3.12/site-packages/diffrax/_integrate.py:655:36
/home/user/git/DISCO-EB/.venv/lib/python3.12/site-packages/diffrax/_adjoint.py:911:22
/home/user/git/DISCO-EB/.venv/lib/python3.12/site-packages/equinox/_module/_prebuilt.py:34:15
/home/user/git/DISCO-EB/.venv/lib/python3.12/site-packages/diffrax/_integrate.py:1435:29
/home/user/git/DISCO-EB/.venv/lib/python3.12/site-packages/equinox/_jit.py:55:14
'>/home/user/git/DISCO-EB/src/discoeb/ode_integrators_stiff.py:189</div>"
"Total","6.0","custom-call","triangular-solve.3","6366.0","15478.862","2.4314894753377314","15478.862","2.4314894753377314","0.005845808188931649","0.047078106628684606","0.0","0.0","0.0","0.0","0.0","0.0","0.0","0.0","0.0","Unknown","15478.862","0.005845808188931649","0.0","0.0","0.0","0.0","True","5","<div class='source-info-cell' title='/home/user/git/DISCO-EB/src/discoeb/ode_integrators_stiff.py:189:13
/home/user/git/DISCO-EB/.venv/lib/python3.12/site-packages/equinox/_module/_prebuilt.py:34:15
/home/user/git/DISCO-EB/.venv/lib/python3.12/site-packages/diffrax/_integrate.py:356:64
/home/user/git/DISCO-EB/.venv/lib/python3.12/site-packages/equinox/_eval_shape.py:33:15
/home/user/git/DISCO-EB/.venv/lib/python3.12/site-packages/equinox/_eval_shape.py:38:30
/home/user/git/DISCO-EB/.venv/lib/python3.12/site-packages/diffrax/_integrate.py:655:36
/home/user/git/DISCO-EB/.venv/lib/python3.12/site-packages/diffrax/_adjoint.py:911:22
/home/user/git/DISCO-EB/.venv/lib/python3.12/site-packages/equinox/_module/_prebuilt.py:34:15
/home/user/git/DISCO-EB/.venv/lib/python3.12/site-packages/diffrax/_integrate.py:1435:29
/home/user/git/DISCO-EB/.venv/lib/python3.12/site-packages/equinox/_jit.py:55:14
'>/home/user/git/DISCO-EB/src/discoeb/ode_integrators_stiff.py:189</div>"
"Total","7.0","custom-call","triangular-solve.1","6366.0","15447.276","2.4265278039585296","15447.276","2.4265278039585296","0.005833879295356941","0.052911985924041546","0.0","0.0","0.0","0.0","0.0","0.0","0.0","0.0","0.0","Unknown","15447.276","0.0058338792953569404","0.0","0.0","0.0","0.0","True","5","<div class='source-info-cell' title='/home/user/git/DISCO-EB/src/discoeb/ode_integrators_stiff.py:189:13
/home/user/git/DISCO-EB/.venv/lib/python3.12/site-packages/equinox/_module/_prebuilt.py:34:15
/home/user/git/DISCO-EB/.venv/lib/python3.12/site-packages/diffrax/_integrate.py:356:64
/home/user/git/DISCO-EB/.venv/lib/python3.12/site-packages/equinox/_eval_shape.py:33:15
/home/user/git/DISCO-EB/.venv/lib/python3.12/site-packages/equinox/_eval_shape.py:38:30
/home/user/git/DISCO-EB/.venv/lib/python3.12/site-packages/diffrax/_integrate.py:655:36
/home/user/git/DISCO-EB/.venv/lib/python3.12/site-packages/diffrax/_adjoint.py:911:22
/home/user/git/DISCO-EB/.venv/lib/python3.12/site-packages/equinox/_module/_prebuilt.py:34:15
/home/user/git/DISCO-EB/.venv/lib/python3.12/site-packages/diffrax/_integrate.py:1435:29
/home/user/git/DISCO-EB/.venv/lib/python3.12/site-packages/equinox/_jit.py:55:14
'>/home/user/git/DISCO-EB/src/discoeb/ode_integrators_stiff.py:189</div>"
"Total","8.0","custom-call","triangular-solve.2","6366.0","15077.158","2.368387998743324","15077.158","2.368387998743324","0.005694099068924856","0.0586060849929664","0.0","0.0","0.0","0.0","0.0","0.0","0.0","0.0","0.0","Unknown","15077.158","0.005694099068924855","0.0","0.0","0.0","0.0","True","5","<div class='source-info-cell' title='/home/user/git/DISCO-EB/src/discoeb/ode_integrators_stiff.py:189:13
/home/user/git/DISCO-EB/.venv/lib/python3.12/site-packages/equinox/_module/_prebuilt.py:34:15
/home/user/git/DISCO-EB/.venv/lib/python3.12/site-packages/diffrax/_integrate.py:356:64
/home/user/git/DISCO-EB/.venv/lib/python3.12/site-packages/equinox/_eval_shape.py:33:15
/home/user/git/DISCO-EB/.venv/lib/python3.12/site-packages/equinox/_eval_shape.py:38:30
/home/user/git/DISCO-EB/.venv/lib/python3.12/site-packages/diffrax/_integrate.py:655:36
/home/user/git/DISCO-EB/.venv/lib/python3.12/site-packages/diffrax/_adjoint.py:911:22
/home/user/git/DISCO-EB/.venv/lib/python3.12/site-packages/equinox/_module/_prebuilt.py:34:15
/home/user/git/DISCO-EB/.venv/lib/python3.12/site-packages/diffrax/_integrate.py:1435:29
/home/user/git/DISCO-EB/.venv/lib/python3.12/site-packages/equinox/_jit.py:55:14
'>/home/user/git/DISCO-EB/src/discoeb/ode_integrators_stiff.py:189</div>"
"Total","9.0","custom-call","triangular-solve.4","6366.0","14874.282","2.3365193213949103","14874.282","2.3365193213949103","0.005617480117083454","0.06422356511004985","0.0","0.0","0.0","0.0","0.0","0.0","0.0","0.0","0.0","Unknown","14874.282","0.005617480117083453","0.0","0.0","0.0","0.0","True","5","<div class='source-info-cell' title='/home/user/git/DISCO-EB/src/discoeb/ode_integrators_stiff.py:189:13
/home/user/git/DISCO-EB/.venv/lib/python3.12/site-packages/equinox/_module/_prebuilt.py:34:15
/home/user/git/DISCO-EB/.venv/lib/python3.12/site-packages/diffrax/_integrate.py:356:64
/home/user/git/DISCO-EB/.venv/lib/python3.12/site-packages/equinox/_eval_shape.py:33:15
/home/user/git/DISCO-EB/.venv/lib/python3.12/site-packages/equinox/_eval_shape.py:38:30
/home/user/git/DISCO-EB/.venv/lib/python3.12/site-packages/diffrax/_integrate.py:655:36
/home/user/git/DISCO-EB/.venv/lib/python3.12/site-packages/diffrax/_adjoint.py:911:22
/home/user/git/DISCO-EB/.venv/lib/python3.12/site-packages/equinox/_module/_prebuilt.py:34:15
/home/user/git/DISCO-EB/.venv/lib/python3.12/site-packages/diffrax/_integrate.py:1435:29
/home/user/git/DISCO-EB/.venv/lib/python3.12/site-packages/equinox/_jit.py:55:14
'>/home/user/git/DISCO-EB/src/discoeb/ode_integrators_stiff.py:189</div>"
"Total","10.0","custom-call","triangular-solve","6366.0","14834.48","2.3302670436694943","14834.48","2.3302670436694943","0.005602448336482538","0.06982601344653239","0.0","0.0","0.0","0.0","0.0","0.0","0.0","0.0","0.0","Unknown","14834.48","0.0056024483364825375","0.0","0.0","0.0","0.0","True","5","<div class='source-info-cell' title='/home/user/git/DISCO-EB/src/discoeb/ode_integrators_stiff.py:189:13
/home/user/git/DISCO-EB/.venv/lib/python3.12/site-packages/equinox/_module/_prebuilt.py:34:15
/home/user/git/DISCO-EB/.venv/lib/python3.12/site-packages/diffrax/_integrate.py:356:64
/home/user/git/DISCO-EB/.venv/lib/python3.12/site-packages/equinox/_eval_shape.py:33:15
/home/user/git/DISCO-EB/.venv/lib/python3.12/site-packages/equinox/_eval_shape.py:38:30
/home/user/git/DISCO-EB/.venv/lib/python3.12/site-packages/diffrax/_integrate.py:655:36
/home/user/git/DISCO-EB/.venv/lib/python3.12/site-packages/diffrax/_adjoint.py:911:22
/home/user/git/DISCO-EB/.venv/lib/python3.12/site-packages/equinox/_module/_prebuilt.py:34:15
/home/user/git/DISCO-EB/.venv/lib/python3.12/site-packages/diffrax/_integrate.py:1435:29
/home/user/git/DISCO-EB/.venv/lib/python3.12/site-packages/equinox/_jit.py:55:14
'>/home/user/git/DISCO-EB/src/discoeb/ode_integrators_stiff.py:189</div>"
"Total","11.0","loop fusion","loop_gather_fusion","2122.0","14695.121","6.925127709707822","14695.121","6.925127709707822","0.005549817465853849","0.07537583091238624","9.005898896647398","9.005898896647398","0.06630087538195054","0.06630087538195054","0.0","126.50507099391481","126.50507099391481","0.0","126.50507099391481","HBM","14695.121","0.005549817465853849","196740.68640973634","4.577547766551715e-05","2.8877144540508355e-05","4.577547766551715e-05","True","5","<div class='source-info-cell' title='/home/user/git/DISCO-EB/src/discoeb/ode_integrators_stiff.py:189:13
/home/user/git/DISCO-EB/.venv/lib/python3.12/site-packages/equinox/_module/_prebuilt.py:34:15
/home/user/git/DISCO-EB/.venv/lib/python3.12/site-packages/diffrax/_integrate.py:356:64
/home/user/git/DISCO-EB/.venv/lib/python3.12/site-packages/equinox/_eval_shape.py:33:15
/home/user/git/DISCO-EB/.venv/lib/python3.12/site-packages/equinox/_eval_shape.py:38:30
/home/user/git/DISCO-EB/.venv/lib/python3.12/site-packages/diffrax/_integrate.py:655:36
/home/user/git/DISCO-EB/.venv/lib/python3.12/site-packages/diffrax/_adjoint.py:911:22
/home/user/git/DISCO-EB/.venv/lib/python3.12/site-packages/equinox/_module/_prebuilt.py:34:15
/home/user/git/DISCO-EB/.venv/lib/python3.12/site-packages/diffrax/_integrate.py:1435:29
/home/user/git/DISCO-EB/.venv/lib/python3.12/site-packages/equinox/_jit.py:55:14
'>/home/user/git/DISCO-EB/src/discoeb/ode_integrators_stiff.py:189</div>"
"Total","12.0","custom-call","triangular-solve.6","6366.0","14555.926","2.286510524662268","14555.926","2.286510524662268","0.00549724853211322","0.08087307944449947","0.0","0.0","0.0","0.0","0.0","0.0","0.0","0.0","0.0","Unknown","14555.926","0.0054972485321132195","0.0","0.0","0.0","0.0","True","5","<div class='source-info-cell' title='/home/user/git/DISCO-EB/src/discoeb/ode_integrators_stiff.py:189:13
/home/user/git/DISCO-EB/.venv/lib/python3.12/site-packages/equinox/_module/_prebuilt.py:34:15
/home/user/git/DISCO-EB/.venv/lib/python3.12/site-packages/diffrax/_integrate.py:356:64
/home/user/git/DISCO-EB/.venv/lib/python3.12/site-packages/equinox/_eval_shape.py:33:15
/home/user/git/DISCO-EB/.venv/lib/python3.12/site-packages/equinox/_eval_shape.py:38:30
/home/user/git/DISCO-EB/.venv/lib/python3.12/site-packages/diffrax/_integrate.py:655:36
/home/user/git/DISCO-EB/.venv/lib/python3.12/site-packages/diffrax/_adjoint.py:911:22
/home/user/git/DISCO-EB/.venv/lib/python3.12/site-packages/equinox/_module/_prebuilt.py:34:15
/home/user/git/DISCO-EB/.venv/lib/python3.12/site-packages/diffrax/_integrate.py:1435:29
/home/user/git/DISCO-EB/.venv/lib/python3.12/site-packages/equinox/_jit.py:55:14
'>/home/user/git/DISCO-EB/src/discoeb/ode_integrators_stiff.py:189</div>"
"Total","13.0","input fusion","input_concatenate_fusion.5","877.0","13733.426","15.659550741163056","13733.426","15.659550741163056","0.005186619931936006","0.08605969937643547","15.021376020812287","15.021376020812287","0.01189462699165925","0.01189462699165925","0.0","1176.14","1176.14","0.0","1176.14","Compute","13733.426","0.005186619931936005","311869.44","4.8165591411624965e-05","4.8165591411624965e-05","8.212293262489607e-06","True","5","<div class='source-info-cell' title='/home/user/git/DISCO-EB/src/discoeb/thermodynamics_recfast.py:440:14
/home/user/git/DISCO-EB/src/discoeb/thermodynamics_recfast.py:452:12
/home/user/git/DISCO-EB/src/discoeb/thermodynamics_recfast.py:461:11
/home/user/git/DISCO-EB/src/discoeb/background.py:237:82
/home/user/git/DISCO-EB/scripts/profile_background.py:38:0
'>/home/user/git/DISCO-EB/src/discoeb/thermodynamics_recfast.py:440</div>"
"Total","14.0","input fusion","input_concatenate_fusion.3","2122.0","13131.891","6.188450047125353","13131.891","6.188450047125353","0.004959441846820381","0.09101914122325586","10.056960874865624","10.056960874865624","0.061551912048586496","0.061551912048586496","0.0","152.1687041564792","152.1687041564792","0.0","152.1687041564792","HBM","13131.891","0.004959441846820381","236652.76870415648","4.249669644659005e-05","3.2247343230762285e-05","4.249669644659005e-05","True","5","<div class='source-info-cell' title='/home/user/git/DISCO-EB/.venv/lib/python3.12/site-packages/equinox/internal/_loop/loop.py:103:29
/home/user/git/DISCO-EB/.venv/lib/python3.12/site-packages/equinox/_module/_prebuilt.py:82:15
/home/user/git/DISCO-EB/.venv/lib/python3.12/site-packages/diffrax/_integrate.py:674:18
/home/user/git/DISCO-EB/.venv/lib/python3.12/site-packages/diffrax/_adjoint.py:911:22
/home/user/git/DISCO-EB/.venv/lib/python3.12/site-packages/equinox/_module/_prebuilt.py:34:15
/home/user/git/DISCO-EB/.venv/lib/python3.12/site-packages/diffrax/_integrate.py:1435:29
/home/user/git/DISCO-EB/.venv/lib/python3.12/site-packages/equinox/_jit.py:55:14
/home/user/git/DISCO-EB/.venv/lib/python3.12/site-packages/equinox/_jit.py:263:37
/home/user/git/DISCO-EB/.venv/lib/python3.12/site-packages/equinox/_jit.py:209:19
/home/user/git/DISCO-EB/src/discoeb/thermodynamics_recfast.py:284:7
'>/home/user/git/DISCO-EB/.venv/lib/python3.12/site-packages/equinox/internal/_loop/loop.py:103</div>"
"Total","15.0","input fusion","input_concatenate_fusion.1","2122.0","13124.576","6.185002827521206","13124.576","6.185002827521206","0.00495667923501455","0.09597582045827041","10.062566135469824","10.062566135469824","0.06158621808915004","0.06158621808915004","0.0","152.1687041564792","152.1687041564792","0.0","152.1687041564792","HBM","13124.576","0.00495667923501455","236652.7687041565","4.252038203723364e-05","3.2265316330672936e-05","4.252038203723364e-05","True","5","<div class='source-info-cell' title='/home/user/git/DISCO-EB/.venv/lib/python3.12/site-packages/equinox/internal/_loop/loop.py:103:29
/home/user/git/DISCO-EB/.venv/lib/python3.12/site-packages/equinox/_module/_prebuilt.py:82:15
/home/user/git/DISCO-EB/.venv/lib/python3.12/site-packages/diffrax/_integrate.py:674:18
/home/user/git/DISCO-EB/.venv/lib/python3.12/site-packages/diffrax/_adjoint.py:911:22
/home/user/git/DISCO-EB/.venv/lib/python3.12/site-packages/equinox/_module/_prebuilt.py:34:15
/home/user/git/DISCO-EB/.venv/lib/python3.12/site-packages/diffrax/_integrate.py:1435:29
/home/user/git/DISCO-EB/.venv/lib/python3.12/site-packages/equinox/_jit.py:55:14
/home/user/git/DISCO-EB/.venv/lib/python3.12/site-packages/equinox/_jit.py:263:37
/home/user/git/DISCO-EB/.venv/lib/python3.12/site-packages/equinox/_jit.py:209:19
/home/user/git/DISCO-EB/src/discoeb/thermodynamics_recfast.py:284:7
'>/home/user/git/DISCO-EB/.venv/lib/python3.12/site-packages/equinox/internal/_loop/loop.py:103</div>"
"Total","16.0","loop fusion","loop_add_select_subtract_fusion","2122.0","10151.251","4.783812912346843","10151.251","4.783812912346843","0.003833761566173314","0.09980958202444372","6.90808788000612","6.90808788000612","0.08410265192342378","0.08410265192342378","0.0","76.49768518518519","76.49768518518519","0.0","76.49768518518519","HBM","10151.251","0.0038337615661733137","118969.20000000001","5.806618755111507e-05","2.2150576472020215e-05","5.806618755111507e-05","True","5","<div class='source-info-cell' title='/home/user/git/DISCO-EB/.venv/lib/python3.12/site-packages/equinox/internal/_loop/loop.py:103:29
/home/user/git/DISCO-EB/.venv/lib/python3.12/site-packages/equinox/_module/_prebuilt.py:82:15
/home/user/git/DISCO-EB/.venv/lib/python3.12/site-packages/diffrax/_integrate.py:674:18
/home/user/git/DISCO-EB/.venv/lib/python3.12/site-packages/diffrax/_adjoint.py:911:22
/home/user/git/DISCO-EB/.venv/lib/python3.12/site-packages/equinox/_module/_prebuilt.py:34:15
/home/user/git/DISCO-EB/.venv/lib/python3.12/site-packages/diffrax/_integrate.py:1435:29
/home/user/git/DISCO-EB/.venv/lib/python3.12/site-packages/equinox/_jit.py:55:14
/home/user/git/DISCO-EB/.venv/lib/python3.12/site-packages/equinox/_jit.py:263:37
/home/user/git/DISCO-EB/.venv/lib/python3.12/site-packages/equinox/_jit.py:209:19
/home/user/git/DISCO-EB/src/discoeb/thermodynamics_recfast.py:284:7
'>/home/user/git/DISCO-EB/.venv/lib/python3.12/site-packages/equinox/internal/_loop/loop.py:103</div>"
"Total","17.0","loop fusion","loop_add_fusion.14","2122.0","9189.388","4.330531573986805","9189.388","4.330531573986805","0.0034705005847116047","0.10328008260915532","6.555315326766048","6.555315326766048","0.07053956292775611","0.07053956292775611","0.0","86.54878048780488","86.54878048780488","0.0","86.54878048780488","HBM","9189.388","0.003470500584711604","134600.66341463418","4.870195406520809e-05","2.101942186693909e-05","4.870195406520809e-05","True","5","<div class='source-info-cell' title='/home/user/git/DISCO-EB/.venv/lib/python3.12/site-packages/equinox/internal/_loop/loop.py:103:29
/home/user/git/DISCO-EB/.venv/lib/python3.12/site-packages/equinox/_module/_prebuilt.py:82:15
/home/user/git/DISCO-EB/.venv/lib/python3.12/site-packages/diffrax/_integrate.py:674:18
/home/user/git/DISCO-EB/.venv/lib/python3.12/site-packages/diffrax/_adjoint.py:911:22
/home/user/git/DISCO-EB/.venv/lib/python3.12/site-packages/equinox/_module/_prebuilt.py:34:15
/home/user/git/DISCO-EB/.venv/lib/python3.12/site-packages/diffrax/_integrate.py:1435:29
/home/user/git/DISCO-EB/.venv/lib/python3.12/site-packages/equinox/_jit.py:55:14
/home/user/git/DISCO-EB/.venv/lib/python3.12/site-packages/equinox/_jit.py:263:37
/home/user/git/DISCO-EB/.venv/lib/python3.12/site-packages/equinox/_jit.py:209:19
/home/user/git/DISCO-EB/src/discoeb/thermodynamics_recfast.py:284:7
'>/home/user/git/DISCO-EB/.venv/lib/python3.12/site-packages/equinox/internal/_loop/loop.py:103</div>"
"Total","18.0","loop fusion","loop_add_fusion.13","2122.0","9189.232","4.330458058435438","9189.232","4.330458058435438","0.0034704416691351573","0.10675052427829047","6.555426612365429","6.555426612365429","0.07054076043499248","0.07054076043499248","0.0","86.54878048780488","86.54878048780488","0.0","86.54878048780488","HBM","9189.232","0.003470441669135157","134600.66341463415","4.870278084864703e-05","2.1019778700873768e-05","4.870278084864703e-05","True","5","<div class='source-info-cell' title='/home/user/git/DISCO-EB/.venv/lib/python3.12/site-packages/equinox/internal/_loop/loop.py:103:29
/home/user/git/DISCO-EB/.venv/lib/python3.12/site-packages/equinox/_module/_prebuilt.py:82:15
/home/user/git/DISCO-EB/.venv/lib/python3.12/site-packages/diffrax/_integrate.py:674:18
/home/user/git/DISCO-EB/.venv/lib/python3.12/site-packages/diffrax/_adjoint.py:911:22
/home/user/git/DISCO-EB/.venv/lib/python3.12/site-packages/equinox/_module/_prebuilt.py:34:15
/home/user/git/DISCO-EB/.venv/lib/python3.12/site-packages/diffrax/_integrate.py:1435:29
/home/user/git/DISCO-EB/.venv/lib/python3.12/site-packages/equinox/_jit.py:55:14
/home/user/git/DISCO-EB/.venv/lib/python3.12/site-packages/equinox/_jit.py:263:37
/home/user/git/DISCO-EB/.venv/lib/python3.12/site-packages/equinox/_jit.py:209:19
/home/user/git/DISCO-EB/src/discoeb/thermodynamics_recfast.py:284:7
'>/home/user/git/DISCO-EB/.venv/lib/python3.12/site-packages/equinox/internal/_loop/loop.py:103</div>"
"Total","19.0","loop fusion","loop_gather_fusion.3","2122.0","8347.098","3.9335994344957586","8347.098","3.9335994344957586","0.003152398014932557","0.10990292229322303","6.674294227766345","6.674294227766345","0.06558277157205182","0.06558277157205182","0.0","94.7797833935018","94.7797833935018","0.0","94.7797833935018","HBM","8347.098","0.0031523980149325568","147401.519133574","4.5279684137570906e-05","2.1400924142379404e-05","4.5279684137570906e-05","True","5","<div class='source-info-cell' title='/home/user/git/DISCO-EB/src/discoeb/ode_integrators_stiff.py:189:13
/home/user/git/DISCO-EB/.venv/lib/python3.12/site-packages/equinox/_module/_prebuilt.py:34:15
/home/user/git/DISCO-EB/.venv/lib/python3.12/site-packages/diffrax/_integrate.py:356:64
/home/user/git/DISCO-EB/.venv/lib/python3.12/site-packages/equinox/_eval_shape.py:33:15
/home/user/git/DISCO-EB/.venv/lib/python3.12/site-packages/equinox/_eval_shape.py:38:30
/home/user/git/DISCO-EB/.venv/lib/python3.12/site-packages/diffrax/_integrate.py:655:36
/home/user/git/DISCO-EB/.venv/lib/python3.12/site-packages/diffrax/_adjoint.py:911:22
/home/user/git/DISCO-EB/.venv/lib/python3.12/site-packages/equinox/_module/_prebuilt.py:34:15
/home/user/git/DISCO-EB/.venv/lib/python3.12/site-packages/diffrax/_integrate.py:1435:29
/home/user/git/DISCO-EB/.venv/lib/python3.12/site-packages/equinox/_jit.py:55:14
'>/home/user/git/DISCO-EB/src/discoeb/ode_integrators_stiff.py:189</div>"
"Total","20.0","input fusion","loop_divide_select_fusion","2122.0","6492.929","3.059815739868049","6492.929","3.059815739868049","0.0024521452234894134","0.11235506751671244","9.07963170396596","9.07963170396596","0.05113451457117729","0.05113451457117729","0.0","165.36904761904762","165.36904761904762","0.0","165.36904761904762","HBM","6492.929","0.002452145223489413","257181.94285714286","3.530431259324234e-05","2.91135665744164e-05","3.530431259324234e-05","True","5","<div class='source-info-cell' title='/home/user/git/DISCO-EB/.venv/lib/python3.12/site-packages/diffrax/_step_size_controller/pid.py:487:28
/home/user/git/DISCO-EB/.venv/lib/python3.12/site-packages/diffrax/_step_size_controller/pid.py:492:33
/home/user/git/DISCO-EB/.venv/lib/python3.12/site-packages/equinox/_module/_prebuilt.py:34:15
/home/user/git/DISCO-EB/.venv/lib/python3.12/site-packages/diffrax/_integrate.py:379:12
/home/user/git/DISCO-EB/.venv/lib/python3.12/site-packages/equinox/_eval_shape.py:33:15
/home/user/git/DISCO-EB/.venv/lib/python3.12/site-packages/equinox/_eval_shape.py:38:30
/home/user/git/DISCO-EB/.venv/lib/python3.12/site-packages/diffrax/_integrate.py:655:36
/home/user/git/DISCO-EB/.venv/lib/python3.12/site-packages/diffrax/_adjoint.py:911:22
/home/user/git/DISCO-EB/.venv/lib/python3.12/site-packages/equinox/_module/_prebuilt.py:34:15
/home/user/git/DISCO-EB/.venv/lib/python3.12/site-packages/diffrax/_integrate.py:1435:29
'>/home/user/git/DISCO-EB/.venv/lib/python3.12/site-packages/diffrax/_step_size_controller/pid.py:487</div>"
"Total","21.0","input fusion","loop_minimum_select_fusion","2122.0","5743.545","2.7066658812441093","5743.545","2.7066658812441093","0.0021691299007961587","0.1145241974175086","3.622168538768304","3.622168538768304","0.024774105232926922","0.024774105232926922","0.0","136.16666666666666","136.16666666666666","0.0","136.16666666666666","HBM","5743.545","0.0021691299007961583","211766.4","1.710454793002244e-05","1.161437471644642e-05","1.710454793002244e-05","True","5","<div class='source-info-cell' title='/home/user/git/DISCO-EB/src/discoeb/spline_interpolation.py:34:17
/home/user/git/DISCO-EB/src/discoeb/spline_interpolation.py:39:40
/home/user/git/DISCO-EB/src/discoeb/spline_interpolation.py:39:15
/home/user/git/DISCO-EB/src/discoeb/background.py:166:43
/home/user/git/DISCO-EB/src/discoeb/background.py:233:12
/home/user/git/DISCO-EB/scripts/profile_background.py:38:0
'>/home/user/git/DISCO-EB/src/discoeb/spline_interpolation.py:34</div>"
"Total","22.0","while","while.327","2999.0","5693.119","1.8983391130376792","5693.119","1.8983391130376792","0.0021500858183736223","0.11667428323588223","640.2375590603323","640.2375590603323","2.9126840865878254","0.22027878640355966","0.0","204.7141654034024","2706.877505567929","0.0","204.7141654034024","Compute","5693.119","0.002150085818373622","311869.44","0.0020529025192732326","0.0020529025192732326","0.000152084970358452","True","5","<div class='source-info-cell' title='/home/user/git/DISCO-EB/.venv/lib/python3.12/site-packages/equinox/internal/_loop/loop.py:103:29
/home/user/git/DISCO-EB/.venv/lib/python3.12/site-packages/equinox/_module/_prebuilt.py:82:15
/home/user/git/DISCO-EB/.venv/lib/python3.12/site-packages/diffrax/_integrate.py:674:18
/home/user/git/DISCO-EB/.venv/lib/python3.12/site-packages/diffrax/_adjoint.py:911:22
/home/user/git/DISCO-EB/.venv/lib/python3.12/site-packages/equinox/_module/_prebuilt.py:34:15
/home/user/git/DISCO-EB/.venv/lib/python3.12/site-packages/diffrax/_integrate.py:1435:29
/home/user/git/DISCO-EB/.venv/lib/python3.12/site-packages/equinox/_jit.py:55:14
/home/user/git/DISCO-EB/.venv/lib/python3.12/site-packages/equinox/_jit.py:263:37
/home/user/git/DISCO-EB/.venv/lib/python3.12/site-packages/equinox/_jit.py:209:19
/home/user/git/DISCO-EB/src/discoeb/thermodynamics_recfast.py:284:7
'>/home/user/git/DISCO-EB/.venv/lib/python3.12/site-packages/equinox/internal/_loop/loop.py:103</div>"
"Total","23.0","loop fusion","loop_select_fusion.12","877.0","5558.792","6.338417331812999","5558.792","6.338417331812999","0.0020993553527493005","0.11877363858863153","0.7099564077950749","0.7099564077950749","0.002350927749590989","0.002350927749590989","0.0","281.25","281.25","0.0","281.25","Compute","5558.792","0.0020993553527493","311869.44","2.2764539154431896e-06","2.2764539154431896e-06","1.62312850433259e-06","True","5","<div class='source-info-cell' title='/home/user/git/DISCO-EB/src/discoeb/spline_interpolation.py:34:17
/home/user/git/DISCO-EB/src/discoeb/spline_interpolation.py:39:40
/home/user/git/DISCO-EB/src/discoeb/spline_interpolation.py:39:15
/home/user/git/DISCO-EB/src/discoeb/background.py:166:43
/home/user/git/DISCO-EB/src/discoeb/background.py:233:12
/home/user/git/DISCO-EB/scripts/profile_background.py:38:0
'>/home/user/git/DISCO-EB/src/discoeb/spline_interpolation.py:34</div>"
"Total","24.0","loop fusion","loop_add_fusion.15","2122.0","5396.023","2.5428949104618286","5396.023","2.5428949104618286","0.002037883369014048","0.12081152195764558","2.8703506267486256","2.8703506267486256","0.0791089223897218","0.0791089223897218","0.0","33.791666666666664","33.791666666666664","0.0","33.791666666666664","HBM","5396.023","0.002037883369014048","52552.8","5.4618414751423816e-05","9.203693143992003e-06","5.4618414751423816e-05","True","5","<div class='source-info-cell' title='/home/user/git/DISCO-EB/.venv/lib/python3.12/site-packages/equinox/internal/_loop/loop.py:103:29
/home/user/git/DISCO-EB/.venv/lib/python3.12/site-packages/equinox/_module/_prebuilt.py:82:15
/home/user/git/DISCO-EB/.venv/lib/python3.12/site-packages/diffrax/_integrate.py:674:18
/home/user/git/DISCO-EB/.venv/lib/python3.12/site-packages/diffrax/_adjoint.py:911:22
/home/user/git/DISCO-EB/.venv/lib/python3.12/site-packages/equinox/_module/_prebuilt.py:34:15
/home/user/git/DISCO-EB/.venv/lib/python3.12/site-packages/diffrax/_integrate.py:1435:29
/home/user/git/DISCO-EB/.venv/lib/python3.12/site-packages/equinox/_jit.py:55:14
/home/user/git/DISCO-EB/.venv/lib/python3.12/site-packages/equinox/_jit.py:263:37
/home/user/git/DISCO-EB/.venv/lib/python3.12/site-packages/equinox/_jit.py:209:19
/home/user/git/DISCO-EB/src/discoeb/thermodynamics_recfast.py:284:7
'>/home/user/git/DISCO-EB/.venv/lib/python3.12/site-packages/equinox/internal/_loop/loop.py:103</div>"
"Total","25.0","custom-call","lu_pivots_to_permutation.24","2122.0","4849.326","2.2852620169651274","4849.326","2.2852620169651274","0.0018314156196753456","0.12264293757732092","0.0","0.0","0.0","0.0","0.0","0.0","0.0","0.0","0.0","Unknown","4849.326","0.0018314156196753454","0.0","0.0","0.0","0.0","True","5","<div class='source-info-cell' title='/home/user/git/DISCO-EB/src/discoeb/ode_integrators_stiff.py:189:13
/home/user/git/DISCO-EB/.venv/lib/python3.12/site-packages/equinox/_module/_prebuilt.py:34:15
/home/user/git/DISCO-EB/.venv/lib/python3.12/site-packages/diffrax/_integrate.py:356:64
/home/user/git/DISCO-EB/.venv/lib/python3.12/site-packages/equinox/_eval_shape.py:33:15
/home/user/git/DISCO-EB/.venv/lib/python3.12/site-packages/equinox/_eval_shape.py:38:30
/home/user/git/DISCO-EB/.venv/lib/python3.12/site-packages/diffrax/_integrate.py:655:36
/home/user/git/DISCO-EB/.venv/lib/python3.12/site-packages/diffrax/_adjoint.py:911:22
/home/user/git/DISCO-EB/.venv/lib/python3.12/site-packages/equinox/_module/_prebuilt.py:34:15
/home/user/git/DISCO-EB/.venv/lib/python3.12/site-packages/diffrax/_integrate.py:1435:29
/home/user/git/DISCO-EB/.venv/lib/python3.12/site-packages/equinox/_jit.py:55:14
'>/home/user/git/DISCO-EB/src/discoeb/ode_integrators_stiff.py:189</div>"
"Total","26.0","loop fusion","loop_and_fusion","2999.0","4750.206","1.5839299766588864","4750.206","1.5839299766588864","0.0017939815687944148","0.12443691914611534","0.005682069367096922","0.005682069367096922","0.014699554089190131","0.014699554089190131","0.0","0.36","0.36","0.0","0.36","HBM","4750.206","0.0017939815687944148","559.8720000000001","1.0148872183457864e-05","1.8219384903813985e-08","1.0148872183457864e-05","True","5","<div class='source-info-cell' title='/home/user/git/DISCO-EB/.venv/lib/python3.12/site-packages/equinox/internal/_loop/loop.py:103:29
/home/user/git/DISCO-EB/.venv/lib/python3.12/site-packages/equinox/_module/_prebuilt.py:82:15
/home/user/git/DISCO-EB/.venv/lib/python3.12/site-packages/diffrax/_integrate.py:674:18
/home/user/git/DISCO-EB/.venv/lib/python3.12/site-packages/diffrax/_adjoint.py:911:22
/home/user/git/DISCO-EB/.venv/lib/python3.12/site-packages/equinox/_module/_prebuilt.py:34:15
/home/user/git/DISCO-EB/.venv/lib/python3.12/site-packages/diffrax/_integrate.py:1435:29
/home/user/git/DISCO-EB/.venv/lib/python3.12/site-packages/equinox/_jit.py:55:14
/home/user/git/DISCO-EB/.venv/lib/python3.12/site-packages/equinox/_jit.py:263:37
/home/user/git/DISCO-EB/.venv/lib/python3.12/site-packages/equinox/_jit.py:209:19
/home/user/git/DISCO-EB/src/discoeb/thermodynamics_recfast.py:284:7
'>/home/user/git/DISCO-EB/.venv/lib/python3.12/site-packages/equinox/internal/_loop/loop.py:103</div>"
"Total","27.0","loop fusion","loop_gather_fusion.1","2122.0","4312.053","2.0320702167766256","4312.053","2.0320702167766256","0.0016285069754163636","0.1260654261215317","1.5496511754377786","1.5496511754377786","0.06416370820738204","0.06416370820738204","0.0","22.492857142857144","22.492857142857144","0.0","22.492857142857144","HBM","4312.053","0.0016285069754163634","34980.89142857143","4.42999338253589e-05","4.96890998822385e-06","4.42999338253589e-05","True","5","<div class='source-info-cell' title='/home/user/git/DISCO-EB/src/discoeb/ode_integrators_stiff.py:189:13
/home/user/git/DISCO-EB/.venv/lib/python3.12/site-packages/equinox/_module/_prebuilt.py:34:15
/home/user/git/DISCO-EB/.venv/lib/python3.12/site-packages/diffrax/_integrate.py:356:64
/home/user/git/DISCO-EB/.venv/lib/python3.12/site-packages/equinox/_eval_shape.py:33:15
/home/user/git/DISCO-EB/.venv/lib/python3.12/site-packages/equinox/_eval_shape.py:38:30
/home/user/git/DISCO-EB/.venv/lib/python3.12/site-packages/diffrax/_integrate.py:655:36
/home/user/git/DISCO-EB/.venv/lib/python3.12/site-packages/diffrax/_adjoint.py:911:22
/home/user/git/DISCO-EB/.venv/lib/python3.12/site-packages/equinox/_module/_prebuilt.py:34:15
/home/user/git/DISCO-EB/.venv/lib/python3.12/site-packages/diffrax/_integrate.py:1435:29
/home/user/git/DISCO-EB/.venv/lib/python3.12/site-packages/equinox/_jit.py:55:14
'>/home/user/git/DISCO-EB/src/discoeb/ode_integrators_stiff.py:189</div>"
"Total","28.0","loop fusion","loop_select_fusion.10","2122.0","3508.741","1.6535065975494816","3508.741","1.6535065975494816","0.0013251249911421282","0.12739055111267383","0.018143259932836307","0.018143259932836307","0.08335965592599702","0.08335965592599702","0.0","0.20270270270270271","0.20270270270270271","0.0","0.20270270270270271","HBM","3508.741","0.001325124991142128","315.2432432432432","5.7553207948812015e-05","5.817581848621111e-08","5.7553207948812015e-05","True","5","<div class='source-info-cell' title='/home/user/git/DISCO-EB/src/discoeb/ode_integrators_stiff.py:185:21
/home/user/git/DISCO-EB/.venv/lib/python3.12/site-packages/equinox/_module/_prebuilt.py:34:15
/home/user/git/DISCO-EB/.venv/lib/python3.12/site-packages/diffrax/_integrate.py:356:64
/home/user/git/DISCO-EB/.venv/lib/python3.12/site-packages/equinox/_eval_shape.py:33:15
/home/user/git/DISCO-EB/.venv/lib/python3.12/site-packages/equinox/_eval_shape.py:38:30
/home/user/git/DISCO-EB/.venv/lib/python3.12/site-packages/diffrax/_integrate.py:655:36
/home/user/git/DISCO-EB/.venv/lib/python3.12/site-packages/diffrax/_adjoint.py:911:22
/home/user/git/DISCO-EB/.venv/lib/python3.12/site-packages/equinox/_module/_prebuilt.py:34:15
/home/user/git/DISCO-EB/.venv/lib/python3.12/site-packages/diffrax/_integrate.py:1435:29
/home/user/git/DISCO-EB/.venv/lib/python3.12/site-packages/equinox/_jit.py:55:14
'>/home/user/git/DISCO-EB/src/discoeb/ode_integrators_stiff.py:185</div>"
"Total","29.0","loop fusion","loop_add_fusion.16","2122.0","3277.194","1.5443892554194156","3277.194","1.5443892554194156","0.0012376780361448838","0.12862822914881872","0.0019425154568206825","0.0019425154568206825","0.009648578647875203","0.009648578647875203","0.0","0.1875","0.1875","0.0","0.1875","HBM","3277.194","0.0012376780361448836","291.59999999999997","6.6615756406744945e-06","6.22861751642188e-09","6.6615756406744945e-06","True","5","<div class='source-info-cell' title='/home/user/git/DISCO-EB/.venv/lib/python3.12/site-packages/equinox/internal/_loop/loop.py:103:29
/home/user/git/DISCO-EB/.venv/lib/python3.12/site-packages/equinox/_module/_prebuilt.py:82:15
/home/user/git/DISCO-EB/.venv/lib/python3.12/site-packages/diffrax/_integrate.py:674:18
/home/user/git/DISCO-EB/.venv/lib/python3.12/site-packages/diffrax/_adjoint.py:911:22
/home/user/git/DISCO-EB/.venv/lib/python3.12/site-packages/equinox/_module/_prebuilt.py:34:15
/home/user/git/DISCO-EB/.venv/lib/python3.12/site-packages/diffrax/_integrate.py:1435:29
/home/user/git/DISCO-EB/.venv/lib/python3.12/site-packages/equinox/_jit.py:55:14
/home/user/git/DISCO-EB/.venv/lib/python3.12/site-packages/equinox/_jit.py:263:37
/home/user/git/DISCO-EB/.venv/lib/python3.12/site-packages/equinox/_jit.py:209:19
/home/user/git/DISCO-EB/src/discoeb/thermodynamics_recfast.py:284:7
'>/home/user/git/DISCO-EB/.venv/lib/python3.12/site-packages/equinox/internal/_loop/loop.py:103</div>"
"Total","30.0","data formatting","copy.91","2122.0","3257.749","1.5352257304429782","3257.749","1.5352257304429782","0.0012303343606063475","0.12985856350942507","0.0","0.0","0.029118508565280556","0.029118508565280556","0.0","0.0","0.0","0.0","0.0","HBM","3257.749","0.0012303343606063475","0.0","2.0104012666566336e-05","0.0","2.0104012666566336e-05","True","5",""
"Total","31.0","loop fusion","loop_add_fusion.12","2122.0","3190.918","1.503731385485391","3190.918","1.503731385485391","0.0012050947010580882","0.13106365821048316","0.0059851114945605","0.0059851114945605","0.014864185190599408","0.014864185190599408","0.0","0.375","0.375","0.0","0.375","HBM","3190.918","0.001205094701058088","583.2000000000002","1.0262536856242281e-05","1.9191080391078072e-08","1.0262536856242281e-05","True","5","<div class='source-info-cell' title='/home/user/git/DISCO-EB/src/discoeb/ode_integrators_stiff.py:185:21
/home/user/git/DISCO-EB/.venv/lib/python3.12/site-packages/equinox/_module/_prebuilt.py:34:15
/home/user/git/DISCO-EB/.venv/lib/python3.12/site-packages/diffrax/_integrate.py:356:64
/home/user/git/DISCO-EB/.venv/lib/python3.12/site-packages/equinox/_eval_shape.py:33:15
/home/user/git/DISCO-EB/.venv/lib/python3.12/site-packages/equinox/_eval_shape.py:38:30
/home/user/git/DISCO-EB/.venv/lib/python3.12/site-packages/diffrax/_integrate.py:655:36
/home/user/git/DISCO-EB/.venv/lib/python3.12/site-packages/diffrax/_adjoint.py:911:22
/home/user/git/DISCO-EB/.venv/lib/python3.12/site-packages/equinox/_module/_prebuilt.py:34:15
/home/user/git/DISCO-EB/.venv/lib/python3.12/site-packages/diffrax/_integrate.py:1435:29
/home/user/git/DISCO-EB/.venv/lib/python3.12/site-packages/equinox/_jit.py:55:14
'>/home/user/git/DISCO-EB/src/discoeb/ode_integrators_stiff.py:185</div>"
"Total","32.0","loop fusion","loop_dynamic_update_slice_fusion.33","1021.0","1987.829","1.94694319294809","1987.829","1.94694319294809","0.0007507313552117599","0.1318143895656949","1.067827765869197","1.067827765869197","0.0229608566615918","0.0229608566615918","0.0","43.3125","43.3125","0.0","43.3125","HBM","1987.829","0.0007507313552117598","67359.60000000002","1.5852644105208416e-05","3.4239576852069796e-06","1.5852644105208416e-05","True","5","<div class='source-info-cell' title='/home/user/git/DISCO-EB/src/discoeb/spline_interpolation.py:67:21
/home/user/git/DISCO-EB/src/discoeb/spline_interpolation.py:71:21
/home/user/git/DISCO-EB/src/discoeb/background.py:248:40
/home/user/git/DISCO-EB/scripts/profile_background.py:38:0
'>/home/user/git/DISCO-EB/src/discoeb/spline_interpolation.py:67</div>"
"Total","33.0","loop fusion","loop_dynamic_update_slice_fusion.39","1021.0","1984.759","1.9439363369245837","1984.759","1.9439363369245837","0.0007495719268803993","0.13256396149257532","1.0694794682880895","1.0694794682880895","0.022996372222902312","0.022996372222902312","0.0","43.3125","43.3125","0.0","43.3125","HBM","1984.759","0.0007495719268803992","67359.6","1.5877164773663878e-05","3.4292538194447315e-06","1.5877164773663878e-05","True","5","<div class='source-info-cell' title='/home/user/git/DISCO-EB/src/discoeb/spline_interpolation.py:67:21
/home/user/git/DISCO-EB/src/discoeb/spline_interpolation.py:71:21
/home/user/git/DISCO-EB/src/discoeb/background.py:248:40
/home/user/git/DISCO-EB/scripts/profile_background.py:38:0
'>/home/user/git/DISCO-EB/src/discoeb/spline_interpolation.py:67</div>"
"Total","34.0","loop fusion","loop_dynamic_update_slice_fusion.35","1021.0","1984.429","1.9436131243878552","1984.429","1.9436131243878552","0.0007494472977763769","0.1333134087903517","1.069657317041829","1.069657317041829","0.023000196397429874","0.023000196397429874","0.0","43.3125","43.3125","0.0","43.3125","HBM","1984.429","0.0007494472977763768","67359.59999999999","1.5879805061814933e-05","3.429824086136266e-06","1.5879805061814933e-05","True","5","<div class='source-info-cell' title='/home/user/git/DISCO-EB/src/discoeb/spline_interpolation.py:67:21
/home/user/git/DISCO-EB/src/discoeb/spline_interpolation.py:71:21
/home/user/git/DISCO-EB/src/discoeb/background.py:248:40
/home/user/git/DISCO-EB/scripts/profile_background.py:38:0
'>/home/user/git/DISCO-EB/src/discoeb/spline_interpolation.py:67</div>"
"Total","35.0","loop fusion","loop_dynamic_update_slice_fusion.43","1021.0","1984.16","1.9433496571988247","1984.16","1.9433496571988247","0.000749345706173401","0.1340627544965251","1.069802334489154","1.069802334489154","0.023003314620169427","0.023003314620169427","0.0","43.3125","43.3125","0.0","43.3125","HBM","1984.16","0.0007493457061734009","67359.6","1.588195794644199e-05","3.4302890802290667e-06","1.588195794644199e-05","True","5","<div class='source-info-cell' title='/home/user/git/DISCO-EB/src/discoeb/spline_interpolation.py:67:21
/home/user/git/DISCO-EB/src/discoeb/spline_interpolation.py:71:21
/home/user/git/DISCO-EB/src/discoeb/background.py:248:40
/home/user/git/DISCO-EB/scripts/profile_background.py:38:0
'>/home/user/git/DISCO-EB/src/discoeb/spline_interpolation.py:67</div>"
"Total","36.0","loop fusion","loop_dynamic_update_slice_fusion.45","1021.0","1982.62","1.941841332027424","1982.62","1.941841332027424","0.0007487641036879627","0.13481151860021306","1.0706333034066033","1.0706333034066033","0.02302118244381443","0.02302118244381443","0.0","43.3125","43.3125","0.0","43.3125","HBM","1982.62","0.0007487641036879627","67359.59999999999","1.5894294256595992e-05","3.432953557125069e-06","1.5894294256595992e-05","True","5","<div class='source-info-cell' title='/home/user/git/DISCO-EB/src/discoeb/spline_interpolation.py:67:21
/home/user/git/DISCO-EB/src/discoeb/spline_interpolation.py:71:21
/home/user/git/DISCO-EB/src/discoeb/background.py:248:40
/home/user/git/DISCO-EB/scripts/profile_background.py:38:0
'>/home/user/git/DISCO-EB/src/discoeb/spline_interpolation.py:67</div>"
"Total","37.0","loop fusion","loop_dynamic_update_slice_fusion.41","1021.0","1981.666","1.9409069539666992","1981.666","1.9409069539666992","0.0007484038122781523","0.1355599224124912","1.0711487203191659","1.0711487203191659","0.023032265142943043","0.023032265142943043","0.0","43.3125","43.3125","0.0","43.3125","HBM","1981.666","0.0007484038122781523","67359.6","1.590194597828915e-05","3.434606225987278e-06","1.590194597828915e-05","True","5","<div class='source-info-cell' title='/home/user/git/DISCO-EB/src/discoeb/spline_interpolation.py:67:21
/home/user/git/DISCO-EB/src/discoeb/spline_interpolation.py:71:21
/home/user/git/DISCO-EB/src/discoeb/background.py:248:40
/home/user/git/DISCO-EB/scripts/profile_background.py:38:0
'>/home/user/git/DISCO-EB/src/discoeb/spline_interpolation.py:67</div>"
"Total","38.0","loop fusion","loop_dynamic_update_slice_fusion.37","1021.0","1972.391","1.931822722820764","1972.391","1.931822722820764","0.0007449009791272178","0.13630482339161842","1.0761857055725765","1.0761857055725765","0.023140572400074513","0.023140572400074513","0.0","43.3125","43.3125","0.0","43.3125","HBM","1972.391","0.0007449009791272177","67359.59999999999","1.5976723519328746e-05","3.4507571680398585e-06","1.5976723519328746e-05","True","5","<div class='source-info-cell' title='/home/user/git/DISCO-EB/src/discoeb/spline_interpolation.py:67:21
/home/user/git/DISCO-EB/src/discoeb/spline_interpolation.py:71:21
/home/user/git/DISCO-EB/src/discoeb/background.py:248:40
/home/user/git/DISCO-EB/scripts/profile_background.py:38:0
'>/home/user/git/DISCO-EB/src/discoeb/spline_interpolation.py:67</div>"
"Total","39.0","loop fusion","loop_dynamic_update_slice_fusion.9","1021.0","1971.686","1.9311322233104797","1971.686","1.9311322233104797","0.0007446347260413516","0.13704945811765978","1.0765705086915462","1.0765705086915462","0.023148846589545885","0.023148846589545885","0.0","43.3125","43.3125","0.0","43.3125","HBM","1971.686","0.0007446347260413516","67359.6","1.5982436188628586e-05","3.451991027692698e-06","1.5982436188628586e-05","True","5","<div class='source-info-cell' title='/home/user/git/DISCO-EB/src/discoeb/spline_interpolation.py:67:21
/home/user/git/DISCO-EB/src/discoeb/spline_interpolation.py:71:21
/home/user/git/DISCO-EB/src/discoeb/background.py:248:40
/home/user/git/DISCO-EB/scripts/profile_background.py:38:0
'>/home/user/git/DISCO-EB/src/discoeb/spline_interpolation.py:67</div>"
"Total","40.0","loop fusion","loop_add_fusion.17","877.0","1956.394","2.230779931584949","1956.394","2.230779931584949","0.0007388594888937407","0.13778831760655352","2.392436799540379","2.392436799540379","0.03673889360656604","0.03673889360656604","0.0","60.64772727272727","60.64772727272727","0.0","60.64772727272727","HBM","1956.394","0.0007388594888937406","94319.34545454546","2.5365282042731586e-05","7.671276799484998e-06","2.5365282042731586e-05","True","5","<div class='source-info-cell' title='/home/user/git/DISCO-EB/src/discoeb/thermodynamics_recfast.py:440:14
/home/user/git/DISCO-EB/src/discoeb/thermodynamics_recfast.py:452:12
/home/user/git/DISCO-EB/src/discoeb/thermodynamics_recfast.py:461:11
/home/user/git/DISCO-EB/src/discoeb/background.py:237:82
/home/user/git/DISCO-EB/scripts/profile_background.py:38:0
'>/home/user/git/DISCO-EB/src/discoeb/thermodynamics_recfast.py:440</div>"
"Total","41.0","conditional","cond.23.clone.4","1024.0","1944.333","1.8987626953125","1944.333","1.8987626953125","0.0007343044839736953","0.1385226220905272","790.7791762007845","790.7791762007845","3.607057496247588","0.29674595937310183","0.0","204.17487081860213","2481.8214876033057","0.0","204.17487081860213","Compute","1944.333","0.0007343044839736952","311869.44","0.0025356096968038437","0.0025356096968038437","0.0002048794673880557","True","5","<div class='source-info-cell' title='/home/user/git/DISCO-EB/src/discoeb/thermodynamics_recfast.py:440:14
/home/user/git/DISCO-EB/src/discoeb/thermodynamics_recfast.py:452:12
/home/user/git/DISCO-EB/src/discoeb/thermodynamics_recfast.py:461:11
/home/user/git/DISCO-EB/src/discoeb/background.py:237:82
/home/user/git/DISCO-EB/scripts/profile_background.py:38:0
'>/home/user/git/DISCO-EB/src/discoeb/thermodynamics_recfast.py:440</div>"
"Total","42.0","loop fusion","loop_dynamic_update_slice_fusion.34","1021.0","1943.928","1.9039451518119492","1943.928","1.9039451518119492","0.0007341515300733041","0.13925677362060052","1.1397387146025983","1.1397387146025983","0.027392629524454915","0.027392629524454915","0.0","38.75","38.75","0.0","38.75","HBM","1943.928","0.000734151530073304","60264.0","1.891243054896121e-05","3.6545379842366035e-06","1.891243054896121e-05","True","5","<div class='source-info-cell' title='/home/user/git/DISCO-EB/src/discoeb/spline_interpolation.py:68:21
/home/user/git/DISCO-EB/src/discoeb/spline_interpolation.py:71:21
/home/user/git/DISCO-EB/src/discoeb/background.py:248:40
/home/user/git/DISCO-EB/scripts/profile_background.py:38:0
'>/home/user/git/DISCO-EB/src/discoeb/spline_interpolation.py:68</div>"
"Total","43.0","loop fusion","loop_dynamic_update_slice_fusion.44","1021.0","1941.091","1.9011665034280116","1941.091","1.9011665034280116","0.0007330800974426623","0.13998985371804318","1.1414044988102052","1.1414044988102052","0.027432665200248004","0.027432665200248004","0.0","38.75","38.75","0.0","38.75","HBM","1941.091","0.0007330800974426623","60264.0","1.894007199671786e-05","3.6598792713072665e-06","1.894007199671786e-05","True","5","<div class='source-info-cell' title='/home/user/git/DISCO-EB/src/discoeb/spline_interpolation.py:68:21
/home/user/git/DISCO-EB/src/discoeb/spline_interpolation.py:71:21
/home/user/git/DISCO-EB/src/discoeb/background.py:248:40
/home/user/git/DISCO-EB/scripts/profile_background.py:38:0
'>/home/user/git/DISCO-EB/src/discoeb/spline_interpolation.py:68</div>"
"Total","44.0","loop fusion","loop_dynamic_update_slice_fusion.36","1021.0","1939.198","1.8993124387855045","1939.198","1.8993124387855045","0.0007323651795823154","0.14072221889762548","1.1425187113435555","1.1425187113435555","0.027459444330189386","0.027459444330189386","0.0","38.75","38.75","0.0","38.75","HBM","1939.198","0.0007323651795823153","60264.00000000001","1.8958560854632207e-05","3.663451960357371e-06","1.8958560854632207e-05","True","5","<div class='source-info-cell' title='/home/user/git/DISCO-EB/src/discoeb/spline_interpolation.py:68:21
/home/user/git/DISCO-EB/src/discoeb/spline_interpolation.py:71:21
/home/user/git/DISCO-EB/src/discoeb/background.py:248:40
/home/user/git/DISCO-EB/scripts/profile_background.py:38:0
'>/home/user/git/DISCO-EB/src/discoeb/spline_interpolation.py:68</div>"
"Total","45.0","loop fusion","loop_dynamic_update_slice_fusion.42","1021.0","1934.256","1.89447208619001","1934.256","1.89447208619001","0.000730498764333591","0.14145271766195908","1.1454378324275587","1.1454378324275587","0.02752960286860405","0.02752960286860405","0.0","38.75","38.75","0.0","38.75","HBM","1934.256","0.0007304987643335909","60264.00000000001","1.9006999741596285e-05","3.6728120345089237e-06","1.9006999741596285e-05","True","5","<div class='source-info-cell' title='/home/user/git/DISCO-EB/src/discoeb/spline_interpolation.py:68:21
/home/user/git/DISCO-EB/src/discoeb/spline_interpolation.py:71:21
/home/user/git/DISCO-EB/src/discoeb/background.py:248:40
/home/user/git/DISCO-EB/scripts/profile_background.py:38:0
'>/home/user/git/DISCO-EB/src/discoeb/spline_interpolation.py:68</div>"
"Total","46.0","loop fusion","loop_dynamic_update_slice_fusion.38","1021.0","1933.264","1.8935004897159646","1933.264","1.8935004897159646","0.0007301241216936203","0.1421828417836527","1.1460255816070646","1.1460255816070646","0.027543728909354644","0.027543728909354644","0.0","38.75","38.75","0.0","38.75","HBM","1933.264","0.0007301241216936203","60264.00000000001","1.9016752648464497e-05","3.6746966346143585e-06","1.9016752648464497e-05","True","5","<div class='source-info-cell' title='/home/user/git/DISCO-EB/src/discoeb/spline_interpolation.py:68:21
/home/user/git/DISCO-EB/src/discoeb/spline_interpolation.py:71:21
/home/user/git/DISCO-EB/src/discoeb/background.py:248:40
/home/user/git/DISCO-EB/scripts/profile_background.py:38:0
'>/home/user/git/DISCO-EB/src/discoeb/spline_interpolation.py:68</div>"
"Total","47.0","loop fusion","loop_dynamic_update_slice_fusion.40","1021.0","1932.188","1.8924466209598434","1932.188","1.8924466209598434","0.0007297177552817169","0.14291255953893442","1.1466637821992476","1.1466637821992476","0.02755906750596453","0.02755906750596453","0.0","38.75","38.75","0.0","38.75","HBM","1932.188","0.0007297177552817168","60264.00000000001","1.9027342728648073e-05","3.67674300566047e-06","1.9027342728648073e-05","True","5","<div class='source-info-cell' title='/home/user/git/DISCO-EB/src/discoeb/spline_interpolation.py:68:21
/home/user/git/DISCO-EB/src/discoeb/spline_interpolation.py:71:21
/home/user/git/DISCO-EB/src/discoeb/background.py:248:40
/home/user/git/DISCO-EB/scripts/profile_background.py:38:0
'>/home/user/git/DISCO-EB/src/discoeb/spline_interpolation.py:68</div>"
"Total","48.0","loop fusion","loop_dynamic_update_slice_fusion.32","1021.0","1931.715","1.8919833496571987","1931.715","1.8919833496571987","0.0007295391202326179","0.14364209865916705","1.14694455445032","1.14694455445032","0.02756581562301613","0.02756581562301613","0.0","38.75","38.75","0.0","38.75","HBM","1931.715","0.0007295391202326179","60264.0","1.9032001766399842e-05","3.6776432934574164e-06","1.9032001766399842e-05","True","5","<div class='source-info-cell' title='/home/user/git/DISCO-EB/src/discoeb/spline_interpolation.py:68:21
/home/user/git/DISCO-EB/src/discoeb/spline_interpolation.py:71:21
/home/user/git/DISCO-EB/src/discoeb/background.py:248:40
/home/user/git/DISCO-EB/scripts/profile_background.py:38:0
'>/home/user/git/DISCO-EB/src/discoeb/spline_interpolation.py:68</div>"
"Total","49.0","loop fusion","loop_dynamic_update_slice_fusion.8","1021.0","1930.64","1.890930460333007","1930.64","1.890930460333007","0.000729133131484666","0.14437123179065173","1.1475831848506195","1.1475831848506195","0.027581164549690566","0.027581164549690566","0.0","38.75","38.75","0.0","38.75","HBM","1930.64","0.0007291331314846659","60264.000000000015","1.9042598978670836e-05","3.679691042670354e-06","1.9042598978670836e-05","True","5","<div class='source-info-cell' title='/home/user/git/DISCO-EB/src/discoeb/spline_interpolation.py:68:21
/home/user/git/DISCO-EB/src/discoeb/spline_interpolation.py:71:21
/home/user/git/DISCO-EB/src/discoeb/background.py:248:40
/home/user/git/DISCO-EB/scripts/profile_background.py:38:0
'>/home/user/git/DISCO-EB/src/discoeb/spline_interpolation.py:68</div>"
"Total","50.0","loop fusion","loop_select_fusion.3","1024.0","1854.801","1.8113291015625","1854.801","1.8113291015625","0.0007004914750605446","0.14507172326571227","0.056864321293766826","0.056864321293766826","0.016453289665575983","0.016453289665575983","0.0","3.21875","3.21875","0.0","3.21875","HBM","1854.801","0.0007004914750605445","5005.800000000001","1.1359687021808066e-05","1.8233373970135332e-07","1.1359687021808066e-05","True","5","<div class='source-info-cell' title='/home/user/git/DISCO-EB/src/discoeb/spline_interpolation.py:34:17
/home/user/git/DISCO-EB/src/discoeb/spline_interpolation.py:39:40
/home/user/git/DISCO-EB/src/discoeb/spline_interpolation.py:39:15
/home/user/git/DISCO-EB/src/discoeb/background.py:166:43
/home/user/git/DISCO-EB/src/discoeb/background.py:233:12
/home/user/git/DISCO-EB/scripts/profile_background.py:38:0
'>/home/user/git/DISCO-EB/src/discoeb/spline_interpolation.py:34</div>"
"Total","51.0","loop fusion","loop_dynamic_update_slice_fusion.55","1024.0","1851.993","1.8085869140625","1851.993","1.8085869140625","0.0006994309946844988","0.14577115426039677","0.023222549977240735","0.023222549977240735","0.07878656690935454","0.07878656690935454","0.0","0.27450980392156865","0.27450980392156865","0.0","0.27450980392156865","HBM","1851.993","0.0006994309946844988","426.91764705882355","5.439585394801208e-05","7.446240958152467e-08","5.439585394801208e-05","True","5","<div class='source-info-cell' title='/home/user/git/DISCO-EB/src/discoeb/thermodynamics_recfast.py:450:11
/home/user/git/DISCO-EB/src/discoeb/thermodynamics_recfast.py:452:12
/home/user/git/DISCO-EB/src/discoeb/thermodynamics_recfast.py:461:11
/home/user/git/DISCO-EB/src/discoeb/background.py:237:82
/home/user/git/DISCO-EB/scripts/profile_background.py:38:0
'>/home/user/git/DISCO-EB/src/discoeb/thermodynamics_recfast.py:450</div>"
"Total","52.0","loop fusion","loop_select_fusion.19","1024.0","1849.428","1.80608203125","1849.428","1.80608203125","0.0006984622866486879","0.14646961654704546","0.05702952480442602","0.05702952480442602","0.01650109013435505","0.01650109013435505","0.0","3.21875","3.21875","0.0","3.21875","HBM","1849.428","0.0006984622866486878","5005.800000000001","1.1392689441133487e-05","1.828634598004409e-07","1.1392689441133487e-05","True","5","<div class='source-info-cell' title='/home/user/git/DISCO-EB/src/discoeb/spline_interpolation.py:34:17
/home/user/git/DISCO-EB/src/discoeb/spline_interpolation.py:39:40
/home/user/git/DISCO-EB/src/discoeb/spline_interpolation.py:39:15
/home/user/git/DISCO-EB/src/discoeb/background.py:166:43
/home/user/git/DISCO-EB/src/discoeb/background.py:233:12
/home/user/git/DISCO-EB/scripts/profile_background.py:38:0
'>/home/user/git/DISCO-EB/src/discoeb/spline_interpolation.py:34</div>"
"Total","53.0","loop fusion","loop_select_fusion.18","1024.0","1849.152","1.8058125","1849.152","1.8058125","0.0006983580513980509","0.14716797459844352","0.057038036894749594","0.057038036894749594","0.016503553047559096","0.016503553047559096","0.0","3.21875","3.21875","0.0","3.21875","HBM","1849.152","0.0006983580513980509","5005.8","1.1394389886681367e-05","1.828907535626113e-07","1.1394389886681367e-05","True","5","<div class='source-info-cell' title='/home/user/git/DISCO-EB/src/discoeb/spline_interpolation.py:34:17
/home/user/git/DISCO-EB/src/discoeb/spline_interpolation.py:39:40
/home/user/git/DISCO-EB/src/discoeb/spline_interpolation.py:39:15
/home/user/git/DISCO-EB/src/discoeb/background.py:166:43
/home/user/git/DISCO-EB/src/discoeb/background.py:233:12
/home/user/git/DISCO-EB/scripts/profile_background.py:38:0
'>/home/user/git/DISCO-EB/src/discoeb/spline_interpolation.py:34</div>"
"Total","54.0","loop fusion","loop_add_multiply_subtract_fusion.9","1021.0","1826.717","1.7891449559255632","1826.717","1.7891449559255632","0.000689885160644281","0.1478578597590878","0.18779920480293336","0.18779920480293336","0.03331459789101093","0.03331459789101093","0.0","5.25","5.25","0.0","5.25","HBM","1826.717","0.0006898851606442809","8164.800000000002","2.3001078385622834e-05","6.021725142512629e-07","2.3001078385622834e-05","True","5","<div class='source-info-cell' title='/home/user/git/DISCO-EB/src/discoeb/spline_interpolation.py:68:42
/home/user/git/DISCO-EB/src/discoeb/spline_interpolation.py:71:21
/home/user/git/DISCO-EB/src/discoeb/background.py:248:40
/home/user/git/DISCO-EB/scripts/profile_background.py:38:0
'>/home/user/git/DISCO-EB/src/discoeb/spline_interpolation.py:68</div>"
"Total","55.0","loop fusion","loop_add_multiply_subtract_fusion.8","1021.0","1826.148","1.7885876591576884","1826.148","1.7885876591576884","0.00068967026985583","0.14854753002894364","0.1878577201847824","0.1878577201847824","0.03332497821407346","0.03332497821407346","0.0","5.25","5.25","0.0","5.25","HBM","1826.148","0.00068967026985583","8164.800000000001","2.30082451725434e-05","6.023601420670854e-07","2.30082451725434e-05","True","5","<div class='source-info-cell' title='/home/user/git/DISCO-EB/src/discoeb/spline_interpolation.py:68:42
/home/user/git/DISCO-EB/src/discoeb/spline_interpolation.py:71:21
/home/user/git/DISCO-EB/src/discoeb/background.py:248:40
/home/user/git/DISCO-EB/scripts/profile_background.py:38:0
'>/home/user/git/DISCO-EB/src/discoeb/spline_interpolation.py:68</div>"
"Total","56.0","loop fusion","loop_add_multiply_subtract_fusion.7","1021.0","1825.51","1.7879627815866797","1825.51","1.7879627815866797","0.00068942932025472","0.14923695934919837","0.1879233748377166","0.1879233748377166","0.03333662500653178","0.03333662500653178","0.0","5.25","5.25","0.0","5.25","HBM","1825.51","0.00068942932025472","8164.800000000001","2.3016286355785392e-05","6.025706617413896e-07","2.3016286355785392e-05","True","5","<div class='source-info-cell' title='/home/user/git/DISCO-EB/src/discoeb/spline_interpolation.py:68:42
/home/user/git/DISCO-EB/src/discoeb/spline_interpolation.py:71:21
/home/user/git/DISCO-EB/src/discoeb/background.py:248:40
/home/user/git/DISCO-EB/scripts/profile_background.py:38:0
'>/home/user/git/DISCO-EB/src/discoeb/spline_interpolation.py:68</div>"
"Total","57.0","loop fusion","loop_add_multiply_subtract_fusion.4","1021.0","1824.718","1.787187071498531","1824.718","1.787187071498531","0.000689130210405066","0.14992608955960343","0.18800494103746443","0.18800494103746443","0.03335109442427478","0.03335109442427478","0.0","5.25","5.25","0.0","5.25","HBM","1824.718","0.000689130210405066","8164.8","2.302627633713801e-05","6.02832201313038e-07","2.302627633713801e-05","True","5","<div class='source-info-cell' title='/home/user/git/DISCO-EB/src/discoeb/spline_interpolation.py:68:42
/home/user/git/DISCO-EB/src/discoeb/spline_interpolation.py:71:21
/home/user/git/DISCO-EB/src/discoeb/background.py:248:40
/home/user/git/DISCO-EB/scripts/profile_background.py:38:0
'>/home/user/git/DISCO-EB/src/discoeb/spline_interpolation.py:68</div>"
"Total","58.0","loop fusion","loop_add_multiply_subtract_fusion.5","1021.0","1822.976","1.7854809010773753","1822.976","1.7854809010773753","0.0006884723198014081","0.15061456187940483","0.18818459486027245","0.18818459486027245","0.033382964073950416","0.033382964073950416","0.0","5.25","5.25","0.0","5.25","HBM","1822.976","0.000688472319801408","8164.8","2.3048279793782144e-05","6.034082559043697e-07","2.3048279793782144e-05","True","5","<div class='source-info-cell' title='/home/user/git/DISCO-EB/src/discoeb/spline_interpolation.py:68:42
/home/user/git/DISCO-EB/src/discoeb/spline_interpolation.py:71:21
/home/user/git/DISCO-EB/src/discoeb/background.py:248:40
/home/user/git/DISCO-EB/scripts/profile_background.py:38:0
'>/home/user/git/DISCO-EB/src/discoeb/spline_interpolation.py:68</div>"
"Total","59.0","loop fusion","loop_add_multiply_subtract_fusion.10","1021.0","1820.202","1.7827639569049951","1820.202","1.7827639569049951","0.0006874246799997161","0.15130198655940455","0.18847138943919411","0.18847138943919411","0.033433839934069856","0.033433839934069856","0.0","5.25","5.25","0.0","5.25","HBM","1820.202","0.0006874246799997161","8164.800000000001","2.3083405526062375e-05","6.043278541148312e-07","2.3083405526062375e-05","True","5","<div class='source-info-cell' title='/home/user/git/DISCO-EB/src/discoeb/spline_interpolation.py:68:42
/home/user/git/DISCO-EB/src/discoeb/spline_interpolation.py:71:21
/home/user/git/DISCO-EB/src/discoeb/background.py:248:40
/home/user/git/DISCO-EB/scripts/profile_background.py:38:0
'>/home/user/git/DISCO-EB/src/discoeb/spline_interpolation.py:68</div>"
"Total","60.0","loop fusion","loop_add_multiply_subtract_fusion.6","1021.0","1815.747","1.7784005876591578","1815.747","1.7784005876591578","0.0006857421870954129","0.15198772874649996","0.1889338107126158","0.1889338107126158","0.03351587105234035","0.03351587105234035","0.0","5.25","5.25","0.0","5.25","HBM","1815.747","0.0006857421870954128","8164.8","2.314004148449635e-05","6.058105940505611e-07","2.314004148449635e-05","True","5","<div class='source-info-cell' title='/home/user/git/DISCO-EB/src/discoeb/spline_interpolation.py:68:42
/home/user/git/DISCO-EB/src/discoeb/spline_interpolation.py:71:21
/home/user/git/DISCO-EB/src/discoeb/background.py:248:40
/home/user/git/DISCO-EB/scripts/profile_background.py:38:0
'>/home/user/git/DISCO-EB/src/discoeb/spline_interpolation.py:68</div>"
"Total","61.0","loop fusion","loop_add_multiply_subtract_fusion.1","1021.0","1814.682","1.7773574926542606","1814.682","1.7773574926542606","0.0006853399749869767","0.15267306872148695","0.18904469212787695","0.18904469212787695","0.03353554083617616","0.03353554083617616","0.0","5.25","5.25","0.0","5.25","HBM","1814.682","0.0006853399749869765","8164.8","2.3153621904746834e-05","6.061661319809884e-07","2.3153621904746834e-05","True","5","<div class='source-info-cell' title='/home/user/git/DISCO-EB/src/discoeb/spline_interpolation.py:68:42
/home/user/git/DISCO-EB/src/discoeb/spline_interpolation.py:71:21
/home/user/git/DISCO-EB/src/discoeb/background.py:248:40
/home/user/git/DISCO-EB/scripts/profile_background.py:38:0
'>/home/user/git/DISCO-EB/src/discoeb/spline_interpolation.py:68</div>"
"Total","62.0","loop fusion","loop_select_fusion.16","1024.0","1813.858","1.771345703125","1813.858","1.771345703125","0.000685028779890872","0.15335809750137783","0.003387255231666426","0.003387255231666426","0.016824678737255065","0.016824678737255065","0.0","0.1875","0.1875","0.0","0.1875","HBM","1813.858","0.000685028779890872","291.6","1.1616101617511748e-05","1.0861132247091686e-08","1.1616101617511748e-05","True","5","<div class='source-info-cell' title='/home/user/git/DISCO-EB/src/discoeb/spline_interpolation.py:34:17
/home/user/git/DISCO-EB/src/discoeb/spline_interpolation.py:39:40
/home/user/git/DISCO-EB/src/discoeb/spline_interpolation.py:39:15
/home/user/git/DISCO-EB/src/discoeb/background.py:166:43
/home/user/git/DISCO-EB/src/discoeb/background.py:233:12
/home/user/git/DISCO-EB/scripts/profile_background.py:38:0
'>/home/user/git/DISCO-EB/src/discoeb/spline_interpolation.py:34</div>"
"Total","63.0","loop fusion","loop_select_fusion.14","1024.0","1813.283","1.7707841796875","1813.283","1.7707841796875","0.0006848116231187117","0.15404290912449653","0.003388329345171162","0.003388329345171162","0.016830013916746583","0.016830013916746583","0.0","0.1875","0.1875","0.0","0.1875","HBM","1813.283","0.0006848116231187116","291.6000000000001","1.1619785134331828e-05","1.0864576359809932e-08","1.1619785134331828e-05","True","5","<div class='source-info-cell' title='/home/user/git/DISCO-EB/src/discoeb/spline_interpolation.py:34:17
/home/user/git/DISCO-EB/src/discoeb/spline_interpolation.py:39:40
/home/user/git/DISCO-EB/src/discoeb/spline_interpolation.py:39:15
/home/user/git/DISCO-EB/src/discoeb/background.py:166:43
/home/user/git/DISCO-EB/src/discoeb/background.py:233:12
/home/user/git/DISCO-EB/scripts/profile_background.py:38:0
'>/home/user/git/DISCO-EB/src/discoeb/spline_interpolation.py:34</div>"
"Total","64.0","loop fusion","loop_select_fusion.17","1024.0","1811.655","1.7691943359375","1811.655","1.7691943359375","0.0006841967862055341","0.15472710591070207","0.003391374185482335","0.003391374185482335","0.016845137802175357","0.016845137802175357","0.0","0.1875","0.1875","0.0","0.1875","HBM","1811.655","0.0006841967862055341","291.6","1.1630226973533385e-05","1.0874339548890508e-08","1.1630226973533385e-05","True","5","<div class='source-info-cell' title='/home/user/git/DISCO-EB/src/discoeb/spline_interpolation.py:34:17
/home/user/git/DISCO-EB/src/discoeb/spline_interpolation.py:39:40
/home/user/git/DISCO-EB/src/discoeb/spline_interpolation.py:39:15
/home/user/git/DISCO-EB/src/discoeb/background.py:166:43
/home/user/git/DISCO-EB/src/discoeb/background.py:233:12
/home/user/git/DISCO-EB/scripts/profile_background.py:38:0
'>/home/user/git/DISCO-EB/src/discoeb/spline_interpolation.py:34</div>"
"Total","65.0","loop fusion","loop_select_fusion.15","1024.0","1810.386","1.767955078125","1810.386","1.767955078125","0.000683717530650975","0.15541082344135304","0.0033937513878255798","0.0033937513878255798","0.016856945493944387","0.016856945493944387","0.0","0.1875","0.1875","0.0","0.1875","HBM","1810.386","0.000683717530650975","291.59999999999997","1.163837924494369e-05","1.0881961976863074e-08","1.163837924494369e-05","True","5","<div class='source-info-cell' title='/home/user/git/DISCO-EB/src/discoeb/spline_interpolation.py:34:17
/home/user/git/DISCO-EB/src/discoeb/spline_interpolation.py:39:40
/home/user/git/DISCO-EB/src/discoeb/spline_interpolation.py:39:15
/home/user/git/DISCO-EB/src/discoeb/background.py:166:43
/home/user/git/DISCO-EB/src/discoeb/background.py:233:12
/home/user/git/DISCO-EB/scripts/profile_background.py:38:0
'>/home/user/git/DISCO-EB/src/discoeb/spline_interpolation.py:34</div>"
"Total","66.0","loop fusion","loop_select_fusion.13","1024.0","1801.506","1.759283203125","1801.506","1.759283203125","0.000680363874760916","0.15609118731611396","0.003410479898484934","0.003410479898484934","0.016940036905233734","0.016940036905233734","0.0","0.1875","0.1875","0.0","0.1875","HBM","1801.506","0.0006803638747609158","291.59999999999997","1.1695747251320077e-05","1.0935601444261208e-08","1.1695747251320077e-05","True","5","<div class='source-info-cell' title='/home/user/git/DISCO-EB/src/discoeb/spline_interpolation.py:34:17
/home/user/git/DISCO-EB/src/discoeb/spline_interpolation.py:39:40
/home/user/git/DISCO-EB/src/discoeb/spline_interpolation.py:39:15
/home/user/git/DISCO-EB/src/discoeb/background.py:166:43
/home/user/git/DISCO-EB/src/discoeb/background.py:233:12
/home/user/git/DISCO-EB/scripts/profile_background.py:38:0
'>/home/user/git/DISCO-EB/src/discoeb/spline_interpolation.py:34</div>"
"Total","67.0","loop fusion","loop_select_fusion.2","1024.0","1799.985","1.7577978515625","1799.985","1.7577978515625","0.0006797894478905577","0.1567709767640045","0.003413361778014817","0.003413361778014817","0.016954351355705742","0.016954351355705742","0.0","0.1875","0.1875","0.0","0.1875","HBM","1799.985","0.0006797894478905577","291.59999999999997","1.1705630240105682e-05","1.0944842104487111e-08","1.1705630240105682e-05","True","5","<div class='source-info-cell' title='/home/user/git/DISCO-EB/src/discoeb/spline_interpolation.py:34:17
/home/user/git/DISCO-EB/src/discoeb/spline_interpolation.py:39:40
/home/user/git/DISCO-EB/src/discoeb/spline_interpolation.py:39:15
/home/user/git/DISCO-EB/src/discoeb/background.py:166:43
/home/user/git/DISCO-EB/src/discoeb/background.py:233:12
/home/user/git/DISCO-EB/scripts/profile_background.py:38:0
'>/home/user/git/DISCO-EB/src/discoeb/spline_interpolation.py:34</div>"
"Total","68.0","loop fusion","loop_dynamic_update_slice_fusion.47","1021.0","1741.58","1.7057590597453476","1741.58","1.7057590597453476","0.0006577319847983386","0.15742870874880285","0.0973173784724216","0.0973173784724216","0.021839487102111955","0.021839487102111955","0.0","4.15","4.15","0.0","4.15","HBM","1741.58","0.0006577319847983386","6454.080000000001","1.5078427672483389e-05","3.1204525352795577e-07","1.5078427672483389e-05","True","5","<div class='source-info-cell' title='/home/user/git/DISCO-EB/src/discoeb/spline_interpolation.py:79:24
/home/user/git/DISCO-EB/src/discoeb/spline_interpolation.py:82:25
/home/user/git/DISCO-EB/src/discoeb/background.py:248:40
/home/user/git/DISCO-EB/scripts/profile_background.py:38:0
'>/home/user/git/DISCO-EB/src/discoeb/spline_interpolation.py:79</div>"
"Total","69.0","loop fusion","loop_dynamic_update_slice_fusion.49","1021.0","1741.037","1.7052272282076395","1741.037","1.7052272282076395","0.0006575269132726289","0.15808623566207547","0.0973477301171658","0.0973477301171658","0.02184629846884135","0.02184629846884135","0.0","4.15","4.15","0.0","4.15","HBM","1741.037","0.0006575269132726289","6454.08","1.508313037910373e-05","3.121425751659598e-07","1.508313037910373e-05","True","5","<div class='source-info-cell' title='/home/user/git/DISCO-EB/src/discoeb/spline_interpolation.py:79:24
/home/user/git/DISCO-EB/src/discoeb/spline_interpolation.py:82:25
/home/user/git/DISCO-EB/src/discoeb/background.py:248:40
/home/user/git/DISCO-EB/scripts/profile_background.py:38:0
'>/home/user/git/DISCO-EB/src/discoeb/spline_interpolation.py:79</div>"
"Total","70.0","loop fusion","loop_multiply_fusion.9","1021.0","1740.625","1.7048237022526935","1740.625","1.7048237022526935","0.0006573713157245767","0.15874360697780004","0.07097508078994615","0.07097508078994615","0.01748117553053467","0.01748117553053467","0.0","3.78125","3.78125","0.0","3.78125","HBM","1740.625","0.0006573713157245766","5880.600000000002","1.2069360403691141e-05","2.275794665548062e-07","1.2069360403691141e-05","True","5","<div class='source-info-cell' title='/home/user/git/DISCO-EB/src/discoeb/spline_interpolation.py:79:52
/home/user/git/DISCO-EB/src/discoeb/spline_interpolation.py:82:25
/home/user/git/DISCO-EB/src/discoeb/background.py:248:40
/home/user/git/DISCO-EB/scripts/profile_background.py:38:0
'>/home/user/git/DISCO-EB/src/discoeb/spline_interpolation.py:79</div>"
"Total","71.0","loop fusion","loop_multiply_fusion.1","1021.0","1740.57","1.704769833496572","1740.57","1.704769833496572","0.0006573505442072395","0.15940095752200728","0.07097732352045594","0.07097732352045594","0.017481727915474192","0.017481727915474192","0.0","3.78125","3.78125","0.0","3.78125","HBM","1740.57","0.0006573505442072395","5880.599999999999","1.2069741781528406e-05","2.275866578028804e-07","1.2069741781528406e-05","True","5","<div class='source-info-cell' title='/home/user/git/DISCO-EB/src/discoeb/spline_interpolation.py:79:52
/home/user/git/DISCO-EB/src/discoeb/spline_interpolation.py:82:25
/home/user/git/DISCO-EB/src/discoeb/background.py:248:40
/home/user/git/DISCO-EB/scripts/profile_background.py:38:0
'>/home/user/git/DISCO-EB/src/discoeb/spline_interpolation.py:79</div>"
"Total","72.0","conditional","cond.16.clone","919.0","1739.075","1.892355821545158","1739.075","1.892355821545158","0.0006567859365996226","0.1600577434586069","793.4564857754841","793.4564857754841","3.493279413605734","0.2977506403538277","0.0","211.53874330797407","2481.8214876033057","0.0","211.53874330797407","Compute","1739.075","0.0006567859365996226","311869.44","0.0025441944096077002","0.0025441944096077002","0.00020557311964421743","True","5","<div class='source-info-cell' title='/home/user/git/DISCO-EB/src/discoeb/thermodynamics_recfast.py:440:14
/home/user/git/DISCO-EB/src/discoeb/thermodynamics_recfast.py:452:12
/home/user/git/DISCO-EB/src/discoeb/thermodynamics_recfast.py:461:11
/home/user/git/DISCO-EB/src/discoeb/background.py:237:82
/home/user/git/DISCO-EB/scripts/profile_background.py:38:0
'>/home/user/git/DISCO-EB/src/discoeb/thermodynamics_recfast.py:440</div>"
"Total","73.0","loop fusion","loop_multiply_fusion.7","1021.0","1738.875","1.7031096963761019","1738.875","1.7031096963761019","0.000656710403809306","0.1607144538624162","0.0710465099561498","0.0710465099561498","0.01749876854738662","0.01749876854738662","0.0","3.78125","3.78125","0.0","3.78125","HBM","1738.875","0.0006567104038093059","5880.6","1.208150698162599e-05","2.2780850203261277e-07","1.208150698162599e-05","True","5","<div class='source-info-cell' title='/home/user/git/DISCO-EB/src/discoeb/spline_interpolation.py:79:52
/home/user/git/DISCO-EB/src/discoeb/spline_interpolation.py:82:25
/home/user/git/DISCO-EB/src/discoeb/background.py:248:40
/home/user/git/DISCO-EB/scripts/profile_background.py:38:0
'>/home/user/git/DISCO-EB/src/discoeb/spline_interpolation.py:79</div>"
"Total","74.0","loop fusion","loop_dynamic_update_slice_fusion.48","1021.0","1738.539","1.7027806072477962","1738.539","1.7027806072477962","0.0006565835087215741","0.16137103737113778","0.09748760309662309","0.09748760309662309","0.021877688074467203","0.021877688074467203","0.0","4.15","4.15","0.0","4.15","HBM","1738.539","0.000656583508721574","6454.080000000002","1.5104802403537462e-05","3.125910736769306e-07","1.5104802403537462e-05","True","5","<div class='source-info-cell' title='/home/user/git/DISCO-EB/src/discoeb/spline_interpolation.py:79:24
/home/user/git/DISCO-EB/src/discoeb/spline_interpolation.py:82:25
/home/user/git/DISCO-EB/src/discoeb/background.py:248:40
/home/user/git/DISCO-EB/scripts/profile_background.py:38:0
'>/home/user/git/DISCO-EB/src/discoeb/spline_interpolation.py:79</div>"
"Total","75.0","loop fusion","loop_dynamic_update_slice_fusion.10","1021.0","1737.0","1.7012732615083253","1737.0","1.7012732615083253","0.0006560022839000874","0.16202703965503787","0.09757397812320093","0.09757397812320093","0.021897071932812977","0.021897071932812977","0.0","4.15","4.15","0.0","4.15","HBM","1737.0","0.0006560022839000874","6454.080000000001","1.5118185414993448e-05","3.128680326074941e-07","1.5118185414993448e-05","True","5","<div class='source-info-cell' title='/home/user/git/DISCO-EB/src/discoeb/spline_interpolation.py:79:24
/home/user/git/DISCO-EB/src/discoeb/spline_interpolation.py:82:25
/home/user/git/DISCO-EB/src/discoeb/background.py:248:40
/home/user/git/DISCO-EB/scripts/profile_background.py:38:0
'>/home/user/git/DISCO-EB/src/discoeb/spline_interpolation.py:79</div>"
"Total","76.0","loop fusion","loop_multiply_fusion.12","1021.0","1735.322","1.6996297747306561","1735.322","1.6996297747306561","0.0006553685637893307","0.1626824082188272","0.07119197474589731","0.07119197474589731","0.017534596552015655","0.017534596552015655","0.0","3.78125","3.78125","0.0","3.78125","HBM","1735.322","0.0006553685637893307","5880.6","1.2106243367326004e-05","2.2827493051546604e-07","1.2106243367326004e-05","True","5","<div class='source-info-cell' title='/home/user/git/DISCO-EB/src/discoeb/spline_interpolation.py:79:52
/home/user/git/DISCO-EB/src/discoeb/spline_interpolation.py:82:25
/home/user/git/DISCO-EB/src/discoeb/background.py:248:40
/home/user/git/DISCO-EB/scripts/profile_background.py:38:0
'>/home/user/git/DISCO-EB/src/discoeb/spline_interpolation.py:79</div>"
"Total","77.0","loop fusion","loop_multiply_fusion.6","1021.0","1735.26","1.6995690499510283","1735.26","1.6995690499510283","0.0006553451486243326","0.16333775336745154","0.07119451840070076","0.07119451840070076","0.01753522305466438","0.01753522305466438","0.0","3.78125","3.78125","0.0","3.78125","HBM","1735.26","0.0006553451486243326","5880.600000000001","1.2106675917542555e-05","2.2828308666825696e-07","1.2106675917542555e-05","True","5","<div class='source-info-cell' title='/home/user/git/DISCO-EB/src/discoeb/spline_interpolation.py:79:52
/home/user/git/DISCO-EB/src/discoeb/spline_interpolation.py:82:25
/home/user/git/DISCO-EB/src/discoeb/background.py:248:40
/home/user/git/DISCO-EB/scripts/profile_background.py:38:0
'>/home/user/git/DISCO-EB/src/discoeb/spline_interpolation.py:79</div>"
"Total","78.0","loop fusion","loop_dynamic_update_slice_fusion.52","1021.0","1734.383","1.6987100881488737","1734.383","1.6987100881488737","0.0006550139373387941","0.16399276730479034","0.09772120690758615","0.09772120690758615","0.02193011229197711","0.02193011229197711","0.0","4.15","4.15","0.0","4.15","HBM","1734.383","0.000655013937338794","6454.080000000001","1.5140997153364405e-05","3.1334011728621484e-07","1.5140997153364405e-05","True","5","<div class='source-info-cell' title='/home/user/git/DISCO-EB/src/discoeb/spline_interpolation.py:79:24
/home/user/git/DISCO-EB/src/discoeb/spline_interpolation.py:82:25
/home/user/git/DISCO-EB/src/discoeb/background.py:248:40
/home/user/git/DISCO-EB/scripts/profile_background.py:38:0
'>/home/user/git/DISCO-EB/src/discoeb/spline_interpolation.py:79</div>"
"Total","79.0","loop fusion","loop_dynamic_update_slice_fusion.51","1021.0","1734.253","1.6985827619980411","1734.253","1.6985827619980411","0.0006549648410250882","0.16464773214581543","0.09772853211152006","0.09772853211152006","0.02193175617819092","0.02193175617819092","0.0","4.15","4.15","0.0","4.15","HBM","1734.253","0.0006549648410250882","6454.080000000001","1.5142132125960641e-05","3.1336360533279585e-07","1.5142132125960641e-05","True","5","<div class='source-info-cell' title='/home/user/git/DISCO-EB/src/discoeb/spline_interpolation.py:79:24
/home/user/git/DISCO-EB/src/discoeb/spline_interpolation.py:82:25
/home/user/git/DISCO-EB/src/discoeb/background.py:248:40
/home/user/git/DISCO-EB/scripts/profile_background.py:38:0
'>/home/user/git/DISCO-EB/src/discoeb/spline_interpolation.py:79</div>"
"Total","80.0","loop fusion","loop_multiply_fusion.8","1021.0","1733.38","1.6977277179236043","1733.38","1.6977277179236043","0.0006546351403953561","0.16530236728621078","0.07127173499175023","0.07127173499175023","0.017554241515326655","0.017554241515326655","0.0","3.78125","3.78125","0.0","3.78125","HBM","1733.38","0.000654635140395356","5880.6","1.211980665097953e-05","2.28530679350148e-07","1.211980665097953e-05","True","5","<div class='source-info-cell' title='/home/user/git/DISCO-EB/src/discoeb/spline_interpolation.py:79:52
/home/user/git/DISCO-EB/src/discoeb/spline_interpolation.py:82:25
/home/user/git/DISCO-EB/src/discoeb/background.py:248:40
/home/user/git/DISCO-EB/scripts/profile_background.py:38:0
'>/home/user/git/DISCO-EB/src/discoeb/spline_interpolation.py:79</div>"
"Total","81.0","loop fusion","loop_multiply_fusion.10","1021.0","1731.837","1.6962164544564153","1731.837","1.6962164544564153","0.0006540524049180632","0.16595641969112884","0.07133523535990974","0.07133523535990974","0.017569881667753324","0.017569881667753324","0.0","3.78125","3.78125","0.0","3.78125","HBM","1731.837","0.0006540524049180631","5880.6","1.2130604931454229e-05","2.2873429137497324e-07","1.2130604931454229e-05","True","5","<div class='source-info-cell' title='/home/user/git/DISCO-EB/src/discoeb/spline_interpolation.py:79:52
/home/user/git/DISCO-EB/src/discoeb/spline_interpolation.py:82:25
/home/user/git/DISCO-EB/src/discoeb/background.py:248:40
/home/user/git/DISCO-EB/scripts/profile_background.py:38:0
'>/home/user/git/DISCO-EB/src/discoeb/spline_interpolation.py:79</div>"
"Total","82.0","loop fusion","loop_multiply_fusion.11","1021.0","1731.655","1.6960381978452497","1731.655","1.6960381978452497","0.000653983670078875","0.16661040336120772","0.07134273281918165","0.07134273281918165","0.017571728293359193","0.017571728293359193","0.0","3.78125","3.78125","0.0","3.78125","HBM","1731.655","0.000653983670078875","5880.6","1.213187987946496e-05","2.2875833175312606e-07","1.213187987946496e-05","True","5","<div class='source-info-cell' title='/home/user/git/DISCO-EB/src/discoeb/spline_interpolation.py:79:52
/home/user/git/DISCO-EB/src/discoeb/spline_interpolation.py:82:25
/home/user/git/DISCO-EB/src/discoeb/background.py:248:40
/home/user/git/DISCO-EB/scripts/profile_background.py:38:0
'>/home/user/git/DISCO-EB/src/discoeb/spline_interpolation.py:79</div>"
"Total","83.0","loop fusion","loop_dynamic_update_slice_fusion.50","1021.0","1730.24","1.6946523016650343","1730.24","1.6946523016650343","0.0006534492755873847","0.1672638526367951","0.09795519696689477","0.09795519696689477","0.021982623189439696","0.021982623189439696","0.0","4.15","4.15","0.0","4.15","HBM","1730.24","0.0006534492755873847","6454.080000000001","1.5177251748799947e-05","3.140903993892276e-07","1.5177251748799947e-05","True","5","<div class='source-info-cell' title='/home/user/git/DISCO-EB/src/discoeb/spline_interpolation.py:79:24
/home/user/git/DISCO-EB/src/discoeb/spline_interpolation.py:82:25
/home/user/git/DISCO-EB/src/discoeb/background.py:248:40
/home/user/git/DISCO-EB/scripts/profile_background.py:38:0
'>/home/user/git/DISCO-EB/src/discoeb/spline_interpolation.py:79</div>"
"Total","84.0","loop fusion","loop_dynamic_update_slice_fusion.46","1021.0","1729.65","1.6940744368266407","1729.65","1.6940744368266407","0.0006532264538559507","0.16791707909065107","0.0979886104125112","0.0979886104125112","0.021990121670451328","0.021990121670451328","0.0","4.15","4.15","0.0","4.15","HBM","1729.65","0.0006532264538559506","6454.080000000001","1.5182428853145791e-05","3.141975385998423e-07","1.5182428853145791e-05","True","5","<div class='source-info-cell' title='/home/user/git/DISCO-EB/src/discoeb/spline_interpolation.py:79:24
/home/user/git/DISCO-EB/src/discoeb/spline_interpolation.py:82:25
/home/user/git/DISCO-EB/src/discoeb/background.py:248:40
/home/user/git/DISCO-EB/scripts/profile_background.py:38:0
'>/home/user/git/DISCO-EB/src/discoeb/spline_interpolation.py:79</div>"
"Total","85.0","conditional","cond.11.clone","907.0","1715.451","1.8913461962513782","1715.451","1.8913461962513782","0.0006478640034074202","0.16856494309405848","793.8800432072965","793.8800432072965","3.3099970586945813","0.2979095835332076","0.0","223.37131806010117","2481.8214876033057","0.0","223.37131806010117","Compute","1715.451","0.0006478640034074201","311869.44","0.0025455525338016335","0.0025455525338016335","0.00020568285725953365","True","5","<div class='source-info-cell' title='/home/user/git/DISCO-EB/src/discoeb/thermodynamics_recfast.py:440:14
/home/user/git/DISCO-EB/src/discoeb/thermodynamics_recfast.py:452:12
/home/user/git/DISCO-EB/src/discoeb/thermodynamics_recfast.py:461:11
/home/user/git/DISCO-EB/src/discoeb/background.py:237:82
/home/user/git/DISCO-EB/scripts/profile_background.py:38:0
'>/home/user/git/DISCO-EB/src/discoeb/thermodynamics_recfast.py:440</div>"
"Total","86.0","loop fusion","wrapped_log.1","877.0","1682.375","1.9183295324971494","1682.375","1.9183295324971494","0.0006353723905448529","0.16920031548460332","0.3169424177130545","0.3169424177130545","0.007767779696562535","0.007767779696562535","0.0","38.0","38.0","0.0","38.0","HBM","1682.375","0.0006353723905448529","59097.600000000006","5.363033654717864e-06","1.0162663507942762e-06","5.363033654717864e-06","True","5","<div class='source-info-cell' title='/home/user/git/DISCO-EB/src/discoeb/thermodynamics_recfast.py:440:14
/home/user/git/DISCO-EB/src/discoeb/thermodynamics_recfast.py:452:12
/home/user/git/DISCO-EB/src/discoeb/thermodynamics_recfast.py:461:11
/home/user/git/DISCO-EB/src/discoeb/background.py:237:82
/home/user/git/DISCO-EB/scripts/profile_background.py:38:0
'>/home/user/git/DISCO-EB/src/discoeb/thermodynamics_recfast.py:440</div>"
"Total","87.0","conditional","cond.7.clone","877.0","1663.556","1.8968711516533638","1663.556","1.8968711516533638","0.000628265132640008","0.16982858061724332","11088742473177.668","11088742473177.668","0.011783479215912534","0.003927826405304178","0.0","876413154395170.5","2629239463185511.5","0.0","876413154395170.5","Compute","1663.556","0.000628265132640008","311869.44","35555719.961461015","35555719.961461015","2.7118515231395777e-06","True","5","<div class='source-info-cell' title='/home/user/git/DISCO-EB/.venv/lib/python3.12/site-packages/equinox/_ad.py:819:15
/home/user/git/DISCO-EB/.venv/lib/python3.12/site-packages/equinox/_errors.py:342:16
/home/user/git/DISCO-EB/.venv/lib/python3.12/site-packages/equinox/_jit.py:55:14
/home/user/git/DISCO-EB/.venv/lib/python3.12/site-packages/equinox/_jit.py:263:37
/home/user/git/DISCO-EB/.venv/lib/python3.12/site-packages/equinox/_jit.py:209:19
/home/user/git/DISCO-EB/.venv/lib/python3.12/site-packages/equinox/_errors.py:271:15
/home/user/git/DISCO-EB/.venv/lib/python3.12/site-packages/equinox/_errors.py:250:11
/home/user/git/DISCO-EB/.venv/lib/python3.12/site-packages/diffrax/_integrate.py:1034:14
/home/user/git/DISCO-EB/.venv/lib/python3.12/site-packages/equinox/_jit.py:55:14
/home/user/git/DISCO-EB/.venv/lib/python3.12/site-packages/equinox/_jit.py:263:37
'>/home/user/git/DISCO-EB/.venv/lib/python3.12/site-packages/equinox/_ad.py:819</div>"
"Total","88.0","loop fusion","loop_dynamic_update_slice_fusion.3","1024.0","1597.641","1.5601962890625","1597.641","1.5601962890625","0.0006033714132713988","0.17043195203051473","0.0","0.0","0.014326236991758473","0.014326236991758473","0.0","0.0","0.0","0.0","0.0","HBM","1597.641","0.0006033714132713987","0.0","9.891126439420663e-06","0.0","9.891126439420663e-06","True","5","<div class='source-info-cell' title='/home/user/git/DISCO-EB/src/discoeb/spline_interpolation.py:40:15
/home/user/git/DISCO-EB/src/discoeb/background.py:248:40
/home/user/git/DISCO-EB/scripts/profile_background.py:38:0
'>/home/user/git/DISCO-EB/src/discoeb/spline_interpolation.py:40</div>"
"Total","89.0","loop fusion","loop_dynamic_update_slice_fusion.17","1024.0","1593.191","1.5558505859375","1593.191","1.5558505859375","0.0006016908086868533","0.17103364283920158","0.0","0.0","0.01436625212780514","0.01436625212780514","0.0","0.0","0.0","0.0","0.0","HBM","1593.191","0.0006016908086868533","0.0","9.918753706117136e-06","0.0","9.918753706117136e-06","True","5","<div class='source-info-cell' title='/home/user/git/DISCO-EB/src/discoeb/spline_interpolation.py:39:15
/home/user/git/DISCO-EB/src/discoeb/background.py:248:40
/home/user/git/DISCO-EB/scripts/profile_background.py:38:0
'>/home/user/git/DISCO-EB/src/discoeb/spline_interpolation.py:39</div>"
"Total","90.0","loop fusion","loop_dynamic_update_slice_fusion.15","1024.0","1593.092","1.55575390625","1593.092","1.55575390625","0.0006016534199556466","0.17163529625915722","0.0","0.0","0.014367144894174346","0.014367144894174346","0.0","0.0","0.0","0.0","0.0","HBM","1593.092","0.0006016534199556465","0.0","9.919370090241159e-06","0.0","9.919370090241159e-06","True","5","<div class='source-info-cell' title='/home/user/git/DISCO-EB/src/discoeb/spline_interpolation.py:39:15
/home/user/git/DISCO-EB/src/discoeb/background.py:248:40
/home/user/git/DISCO-EB/scripts/profile_background.py:38:0
'>/home/user/git/DISCO-EB/src/discoeb/spline_interpolation.py:39</div>"
"Total","91.0","loop fusion","loop_dynamic_update_slice_fusion.16","1024.0","1592.598","1.555271484375","1592.598","1.555271484375","0.0006014668539635644","0.17223676311312078","0.0","0.0","0.01437160136691745","0.01437160136691745","0.0","0.0","0.0","0.0","0.0","HBM","1592.598","0.0006014668539635644","0.0","9.922446929986391e-06","0.0","9.922446929986391e-06","True","5","<div class='source-info-cell' title='/home/user/git/DISCO-EB/src/discoeb/spline_interpolation.py:39:15
/home/user/git/DISCO-EB/src/discoeb/background.py:248:40
/home/user/git/DISCO-EB/scripts/profile_background.py:38:0
'>/home/user/git/DISCO-EB/src/discoeb/spline_interpolation.py:39</div>"
"Total","92.0","loop fusion","loop_dynamic_update_slice_fusion.19","1024.0","1592.518","1.555193359375","1592.518","1.555193359375","0.0006014366408474378","0.17283819975396822","0.0","0.0","0.014372323323033082","0.014372323323033082","0.0","0.0","0.0","0.0","0.0","HBM","1592.518","0.0006014366408474377","0.0","9.922945383224847e-06","0.0","9.922945383224847e-06","True","5","<div class='source-info-cell' title='/home/user/git/DISCO-EB/src/discoeb/spline_interpolation.py:40:15
/home/user/git/DISCO-EB/src/discoeb/background.py:248:40
/home/user/git/DISCO-EB/scripts/profile_background.py:38:0
'>/home/user/git/DISCO-EB/src/discoeb/spline_interpolation.py:40</div>"
"Total","93.0","loop fusion","loop_dynamic_update_slice_fusion.18","1024.0","1592.296","1.5549765625","1592.296","1.5549765625","0.0006013527994501863","0.17343955255341842","0.0","0.0","0.014374327131230625","0.014374327131230625","0.0","0.0","0.0","0.0","0.0","HBM","1592.296","0.0006013527994501863","0.0","9.924328853305207e-06","0.0","9.924328853305207e-06","True","5","<div class='source-info-cell' title='/home/user/git/DISCO-EB/src/discoeb/spline_interpolation.py:39:15
/home/user/git/DISCO-EB/src/discoeb/background.py:248:40
/home/user/git/DISCO-EB/scripts/profile_background.py:38:0
'>/home/user/git/DISCO-EB/src/discoeb/spline_interpolation.py:39</div>"
"Total","94.0","loop fusion","loop_dynamic_update_slice_fusion.20","1024.0","1591.824","1.554515625","1591.824","1.554515625","0.000601174542065039","0.17404072709548346","0.0","0.0","0.01437858933760893","0.01437858933760893","0.0","0.0","0.0","0.0","0.0","HBM","1591.824","0.0006011745420650389","0.0","9.927271567586911e-06","0.0","9.927271567586911e-06","True","5","<div class='source-info-cell' title='/home/user/git/DISCO-EB/src/discoeb/spline_interpolation.py:40:15
/home/user/git/DISCO-EB/src/discoeb/background.py:248:40
/home/user/git/DISCO-EB/scripts/profile_background.py:38:0
'>/home/user/git/DISCO-EB/src/discoeb/spline_interpolation.py:40</div>"
"Total","95.0","loop fusion","loop_dynamic_update_slice_fusion.14","1024.0","1581.233","1.5441728515625","1581.233","1.5441728515625","0.0005971747031538209","0.17463790179863728","0.0","0.0","0.014474896232085971","0.014474896232085971","0.0","0.0","0.0","0.0","0.0","HBM","1581.233","0.0005971747031538209","0.0","9.993763813304217e-06","0.0","9.993763813304217e-06","True","5","<div class='source-info-cell' title='/home/user/git/DISCO-EB/src/discoeb/spline_interpolation.py:39:15
/home/user/git/DISCO-EB/src/discoeb/background.py:248:40
/home/user/git/DISCO-EB/scripts/profile_background.py:38:0
'>/home/user/git/DISCO-EB/src/discoeb/spline_interpolation.py:39</div>"
"Total","96.0","loop fusion","loop_dynamic_update_slice_fusion.2","1024.0","1579.538","1.542517578125","1579.538","1.542517578125","0.0005965345627558874","0.17523443636139316","0.0","0.0","0.014490429222817052","0.014490429222817052","0.0","0.0","0.0","0.0","0.0","HBM","1579.538","0.0005965345627558873","0.0","1.0004488107156947e-05","0.0","1.0004488107156947e-05","True","5","<div class='source-info-cell' title='/home/user/git/DISCO-EB/src/discoeb/spline_interpolation.py:39:15
/home/user/git/DISCO-EB/src/discoeb/background.py:248:40
/home/user/git/DISCO-EB/scripts/profile_background.py:38:0
'>/home/user/git/DISCO-EB/src/discoeb/spline_interpolation.py:39</div>"
"Total","97.0","loop fusion","loop_abs_compare_fusion","877.0","1525.889","1.7398962371721778","1525.889","1.7398962371721778","0.0005762732694173981","0.17581070963081055","0.17069983465376576","0.17069983465376576","0.013381869486210573","0.013381869486210573","0.0","11.88","11.88","0.0","11.88","HBM","1525.889","0.0005762732694173981","18475.775999999998","9.23911583761168e-06","5.473438970287238e-07","9.23911583761168e-06","True","5","<div class='source-info-cell' title='/home/user/git/DISCO-EB/.venv/lib/python3.12/site-packages/diffrax/_integrate.py:1033:19
/home/user/git/DISCO-EB/.venv/lib/python3.12/site-packages/equinox/_jit.py:55:14
/home/user/git/DISCO-EB/.venv/lib/python3.12/site-packages/equinox/_jit.py:263:37
/home/user/git/DISCO-EB/.venv/lib/python3.12/site-packages/equinox/_jit.py:209:19
/home/user/git/DISCO-EB/src/discoeb/thermodynamics_recfast.py:284:7
/home/user/git/DISCO-EB/src/discoeb/thermodynamics_recfast.py:432:14
/home/user/git/DISCO-EB/src/discoeb/thermodynamics_recfast.py:446:16
/home/user/git/DISCO-EB/src/discoeb/thermodynamics_recfast.py:443:14
/home/user/git/DISCO-EB/src/discoeb/thermodynamics_recfast.py:440:14
/home/user/git/DISCO-EB/src/discoeb/thermodynamics_recfast.py:452:12
'>/home/user/git/DISCO-EB/.venv/lib/python3.12/site-packages/diffrax/_integrate.py:1033</div>"
"Total","98.0","data formatting","copy.366","1021.0","1500.327","1.469468168462292","1500.327","1.469468168462292","0.0005666194234870273","0.17637732905429757","0.0","0.0","0.01014051308742591","0.01014051308742591","0.0","0.0","0.0","0.0","0.0","HBM","1500.327","0.0005666194234870273","0.0","7.00121721887125e-06","0.0","7.00121721887125e-06","True","5","<div class='source-info-cell' title='/home/user/git/DISCO-EB/src/discoeb/spline_interpolation.py:66:46
/home/user/git/DISCO-EB/src/discoeb/spline_interpolation.py:71:21
/home/user/git/DISCO-EB/src/discoeb/background.py:248:40
/home/user/git/DISCO-EB/scripts/profile_background.py:38:0
'>/home/user/git/DISCO-EB/src/discoeb/spline_interpolation.py:66</div>"
"Total","99.0","data formatting","copy.324","1021.0","1497.602","1.4667992164544565","1497.602","1.4667992164544565","0.000565590289218963","0.17694291934351652","0.0","0.0","0.0101589645172205","0.0101589645172205","0.0","0.0","0.0","0.0","0.0","HBM","1497.602","0.0005655902892189629","0.0","7.013956462623212e-06","0.0","7.013956462623212e-06","True","5","<div class='source-info-cell' title='/home/user/git/DISCO-EB/src/discoeb/spline_interpolation.py:66:46
/home/user/git/DISCO-EB/src/discoeb/spline_interpolation.py:71:21
/home/user/git/DISCO-EB/src/discoeb/background.py:248:40
/home/user/git/DISCO-EB/scripts/profile_background.py:38:0
'>/home/user/git/DISCO-EB/src/discoeb/spline_interpolation.py:66</div>"
"Total","100.0","data formatting","copy.483","1021.0","1494.877","1.464130264446621","1494.877","1.464130264446621","0.0005645611549508987","0.17750748049846743","0.0","0.0","0.010177483216959292","0.010177483216959292","0.0","0.0","0.0","0.0","0.0","HBM","1494.877","0.0005645611549508986","0.0","7.026742150917733e-06","0.0","7.026742150917733e-06","True","5","<div class='source-info-cell' title='/home/user/git/DISCO-EB/src/discoeb/spline_interpolation.py:66:46
/home/user/git/DISCO-EB/src/discoeb/spline_interpolation.py:71:21
/home/user/git/DISCO-EB/src/discoeb/background.py:248:40
/home/user/git/DISCO-EB/scripts/profile_background.py:38:0
'>/home/user/git/DISCO-EB/src/discoeb/spline_interpolation.py:66</div>"
"Total","101.0","data formatting","copy.453","1021.0","1492.055","1.4613663075416259","1492.055","1.4613663075416259","0.0005634953872795308","0.17807097588574697","0.0","0.0","0.010196732411954288","0.010196732411954288","0.0","0.0","0.0","0.0","0.0","HBM","1492.055","0.0005634953872795307","0.0","7.040032188047657e-06","0.0","7.040032188047657e-06","True","5","<div class='source-info-cell' title='/home/user/git/DISCO-EB/src/discoeb/spline_interpolation.py:66:46
/home/user/git/DISCO-EB/src/discoeb/spline_interpolation.py:71:21
/home/user/git/DISCO-EB/src/discoeb/background.py:248:40
/home/user/git/DISCO-EB/scripts/profile_background.py:38:0
'>/home/user/git/DISCO-EB/src/discoeb/spline_interpolation.py:66</div>"
"Total","102.0","loop fusion","loop_add_fusion.23","1024.0","1486.12","1.4512890625","1486.12","1.4512890625","0.0005612539517268842","0.17863222983747384","0.0020671278227868545","0.0020671278227868545","0.010267534965211421","0.010267534965211421","0.0","0.1875","0.1875","0.0","0.1875","HBM","1486.12","0.0005612539517268842","291.6000000000001","7.0889157160043e-06","6.628183328212134e-09","7.0889157160043e-06","True","5","<div class='source-info-cell' title='/home/user/git/DISCO-EB/src/discoeb/spline_interpolation.py:40:15
/home/user/git/DISCO-EB/src/discoeb/background.py:248:40
/home/user/git/DISCO-EB/scripts/profile_background.py:38:0
'>/home/user/git/DISCO-EB/src/discoeb/spline_interpolation.py:40</div>"
"Total","103.0","data formatting","copy.438","1021.0","1486.113","1.4555465230166504","1486.113","1.4555465230166504","0.0005612513080792232","0.17919348114555306","0.0","0.0","0.010237502517586788","0.010237502517586788","0.0","0.0","0.0","0.0","0.0","HBM","1486.113","0.0005612513080792231","0.0","7.06818070115627e-06","0.0","7.06818070115627e-06","True","5","<div class='source-info-cell' title='/home/user/git/DISCO-EB/src/discoeb/spline_interpolation.py:66:46
/home/user/git/DISCO-EB/src/discoeb/spline_interpolation.py:71:21
/home/user/git/DISCO-EB/src/discoeb/background.py:248:40
/home/user/git/DISCO-EB/scripts/profile_background.py:38:0
'>/home/user/git/DISCO-EB/src/discoeb/spline_interpolation.py:66</div>"
"Total","104.0","data formatting","copy.468","1021.0","1485.856","1.4552948090107738","1485.856","1.4552948090107738","0.0005611542484436663","0.17975463539399672","0.0","0.0","0.010239273239747632","0.010239273239747632","0.0","0.0","0.0","0.0","0.0","HBM","1485.856","0.0005611542484436663","0.0","7.069403243879251e-06","0.0","7.069403243879251e-06","True","5","<div class='source-info-cell' title='/home/user/git/DISCO-EB/src/discoeb/spline_interpolation.py:66:46
/home/user/git/DISCO-EB/src/discoeb/spline_interpolation.py:71:21
/home/user/git/DISCO-EB/src/discoeb/background.py:248:40
/home/user/git/DISCO-EB/scripts/profile_background.py:38:0
'>/home/user/git/DISCO-EB/src/discoeb/spline_interpolation.py:66</div>"
"Total","105.0","data formatting","copy.423","1021.0","1485.831","1.4552703232125366","1485.831","1.4552703232125366","0.0005611448068448767","0.1803157802008416","0.0","0.0","0.01023944552167673","0.01023944552167673","0.0","0.0","0.0","0.0","0.0","HBM","1485.831","0.0005611448068448767","0.0","7.069522190839637e-06","0.0","7.069522190839637e-06","True","5","<div class='source-info-cell' title='/home/user/git/DISCO-EB/src/discoeb/spline_interpolation.py:66:46
/home/user/git/DISCO-EB/src/discoeb/spline_interpolation.py:71:21
/home/user/git/DISCO-EB/src/discoeb/background.py:248:40
/home/user/git/DISCO-EB/scripts/profile_background.py:38:0
'>/home/user/git/DISCO-EB/src/discoeb/spline_interpolation.py:66</div>"
"Total","106.0","loop fusion","loop_add_fusion.22","1024.0","1485.689","1.4508681640625","1485.689","1.4508681640625","0.0005610911785637519","0.18087687137940536","0.002067727498823778","0.002067727498823778","0.010270513588308185","0.010270513588308185","0.0","0.1875","0.1875","0.0","0.1875","HBM","1485.689","0.0005610911785637518","291.6","7.090972218188539e-06","6.630106171427947e-09","7.090972218188539e-06","True","5","<div class='source-info-cell' title='/home/user/git/DISCO-EB/src/discoeb/spline_interpolation.py:39:15
/home/user/git/DISCO-EB/src/discoeb/background.py:248:40
/home/user/git/DISCO-EB/scripts/profile_background.py:38:0
'>/home/user/git/DISCO-EB/src/discoeb/spline_interpolation.py:39</div>"
"Total","107.0","data formatting","copy.408","1021.0","1485.684","1.455126346718903","1485.684","1.455126346718903","0.000561089290243994","0.18143796066964935","0.0","0.0","0.010240458656698502","0.010240458656698502","0.0","0.0","0.0","0.0","0.0","HBM","1485.684","0.0005610892902439938","0.0","7.0702216799382966e-06","0.0","7.0702216799382966e-06","True","5","<div class='source-info-cell' title='/home/user/git/DISCO-EB/src/discoeb/spline_interpolation.py:66:46
/home/user/git/DISCO-EB/src/discoeb/spline_interpolation.py:71:21
/home/user/git/DISCO-EB/src/discoeb/background.py:248:40
/home/user/git/DISCO-EB/scripts/profile_background.py:38:0
'>/home/user/git/DISCO-EB/src/discoeb/spline_interpolation.py:66</div>"
"Total","108.0","loop fusion","loop_add_fusion.18","1024.0","1485.651","1.4508310546875","1485.651","1.4508310546875","0.0005610768273335917","0.18199903749698293","0.0020677803871838","0.0020677803871838","0.010270776287634176","0.010270776287634176","0.0","0.1875","0.1875","0.0","0.1875","HBM","1485.651","0.0005610768273335917","291.59999999999997","7.091153591165296e-06","6.630275756367152e-09","7.091153591165296e-06","True","5","<div class='source-info-cell' title='/home/user/git/DISCO-EB/src/discoeb/spline_interpolation.py:39:15
/home/user/git/DISCO-EB/src/discoeb/background.py:248:40
/home/user/git/DISCO-EB/scripts/profile_background.py:38:0
'>/home/user/git/DISCO-EB/src/discoeb/spline_interpolation.py:39</div>"
"Total","109.0","loop fusion","loop_add_fusion.24","1024.0","1485.441","1.4506259765625","1485.441","1.4506259765625","0.0005609975179037592","0.18256003501488668","0.002068072713759752","0.002068072713759752","0.010272228289444008","0.010272228289444008","0.0","0.1875","0.1875","0.0","0.1875","HBM","1485.441","0.0005609975179037592","291.6000000000001","7.092156082852372e-06","6.631213092760073e-09","7.092156082852372e-06","True","5","<div class='source-info-cell' title='/home/user/git/DISCO-EB/src/discoeb/spline_interpolation.py:40:15
/home/user/git/DISCO-EB/src/discoeb/background.py:248:40
/home/user/git/DISCO-EB/scripts/profile_background.py:38:0
'>/home/user/git/DISCO-EB/src/discoeb/spline_interpolation.py:40</div>"
"Total","110.0","loop fusion","loop_add_fusion.19","1024.0","1484.152","1.4493671875","1484.152","1.4493671875","0.0005605107090701684","0.18312054572395686","0.002069868854403053","0.002069868854403053","0.010281149816528225","0.010281149816528225","0.0","0.1875","0.1875","0.0","0.1875","HBM","1484.152","0.0005605107090701684","291.6","7.098315687253267e-06","6.6369723638297266e-09","7.098315687253267e-06","True","5","<div class='source-info-cell' title='/home/user/git/DISCO-EB/src/discoeb/spline_interpolation.py:39:15
/home/user/git/DISCO-EB/src/discoeb/background.py:248:40
/home/user/git/DISCO-EB/scripts/profile_background.py:38:0
'>/home/user/git/DISCO-EB/src/discoeb/spline_interpolation.py:39</div>"
"Total","111.0","loop fusion","loop_add_fusion.20","1024.0","1481.739","1.4470107421875","1481.739","1.4470107421875","0.0005595994059549981","0.18368014512991185","0.002073239619123206","0.002073239619123206","0.010297892586008736","0.010297892586008736","0.0","0.1875","0.1875","0.0","0.1875","HBM","1481.739","0.0005595994059549981","291.6","7.10987523704803e-06","6.647780619746539e-09","7.10987523704803e-06","True","5","<div class='source-info-cell' title='/home/user/git/DISCO-EB/src/discoeb/spline_interpolation.py:39:15
/home/user/git/DISCO-EB/src/discoeb/background.py:248:40
/home/user/git/DISCO-EB/scripts/profile_background.py:38:0
'>/home/user/git/DISCO-EB/src/discoeb/spline_interpolation.py:39</div>"
"Total","112.0","loop fusion","loop_add_fusion.21","1024.0","1480.901","1.4461923828125","1480.901","1.4461923828125","0.0005592829235635714","0.18423942805347543","0.0020744128067980237","0.0020744128067980237","0.010303719872226435","0.010303719872226435","0.0","0.1875","0.1875","0.0","0.1875","HBM","1480.901","0.0005592829235635712","291.6","7.113898514396514e-06","6.651542410817885e-09","7.113898514396514e-06","True","5","<div class='source-info-cell' title='/home/user/git/DISCO-EB/src/discoeb/spline_interpolation.py:39:15
/home/user/git/DISCO-EB/src/discoeb/background.py:248:40
/home/user/git/DISCO-EB/scripts/profile_background.py:38:0
'>/home/user/git/DISCO-EB/src/discoeb/spline_interpolation.py:39</div>"
"Total","113.0","loop fusion","loop_minimum_multiply_select_fusion","877.0","1480.202","1.6878015963511972","1480.202","1.6878015963511972","0.0005590189364614146","0.18479844698993683","0.23699468045577562","0.23699468045577562","0.030900589436114383","0.030900589436114383","0.0","7.142857142857143","7.142857142857143","0.0","7.142857142857143","HBM","1480.202","0.0005590189364614146","11108.571428571428","2.133439767477404e-05","7.59916330550937e-07","2.133439767477404e-05","True","5","<div class='source-info-cell' title='/home/user/git/DISCO-EB/.venv/lib/python3.12/site-packages/diffrax/_integrate.py:1254:12
/home/user/git/DISCO-EB/.venv/lib/python3.12/site-packages/equinox/_jit.py:55:14
/home/user/git/DISCO-EB/.venv/lib/python3.12/site-packages/equinox/_jit.py:263:37
/home/user/git/DISCO-EB/.venv/lib/python3.12/site-packages/equinox/_jit.py:209:19
/home/user/git/DISCO-EB/src/discoeb/thermodynamics_recfast.py:284:7
/home/user/git/DISCO-EB/src/discoeb/thermodynamics_recfast.py:432:14
/home/user/git/DISCO-EB/src/discoeb/thermodynamics_recfast.py:446:16
/home/user/git/DISCO-EB/src/discoeb/thermodynamics_recfast.py:443:14
/home/user/git/DISCO-EB/src/discoeb/thermodynamics_recfast.py:440:14
/home/user/git/DISCO-EB/src/discoeb/thermodynamics_recfast.py:452:12
'>/home/user/git/DISCO-EB/.venv/lib/python3.12/site-packages/diffrax/_integrate.py:1254</div>"
"Total","114.0","loop fusion","loop_add_fusion.3","1024.0","1480.014","1.445326171875","1480.014","1.445326171875","0.0005589479356385169","0.18535739492557535","0.002075656041091503","0.002075656041091503","0.01030989508376272","0.01030989508376272","0.0","0.1875","0.1875","0.0","0.1875","HBM","1480.014","0.0005589479356385169","291.59999999999997","7.118162006486636e-06","6.655528804269835e-09","7.118162006486636e-06","True","5","<div class='source-info-cell' title='/home/user/git/DISCO-EB/src/discoeb/spline_interpolation.py:40:15
/home/user/git/DISCO-EB/src/discoeb/background.py:248:40
/home/user/git/DISCO-EB/scripts/profile_background.py:38:0
'>/home/user/git/DISCO-EB/src/discoeb/spline_interpolation.py:40</div>"
"Total","115.0","loop fusion","loop_add_fusion.28","1021.0","1479.433","1.4490039177277179","1479.433","1.4490039177277179","0.0005587285128826471","0.18591612343845798","0.0020703877769388678","0.0020703877769388678","0.010283727332645992","0.010283727332645992","0.0","0.1875","0.1875","0.0","0.1875","HBM","1479.433","0.000558728512882647","291.59999999999997","7.100095256992002e-06","6.638636273367688e-09","7.100095256992002e-06","True","5","<div class='source-info-cell' title='/home/user/git/DISCO-EB/src/discoeb/spline_interpolation.py:82:25
/home/user/git/DISCO-EB/src/discoeb/background.py:248:40
/home/user/git/DISCO-EB/scripts/profile_background.py:38:0
'>/home/user/git/DISCO-EB/src/discoeb/spline_interpolation.py:82</div>"
"Total","116.0","loop fusion","loop_add_fusion.2","1024.0","1479.022","1.444357421875","1479.022","1.444357421875","0.0005585732929985464","0.18647469673145653","0.0020770482115884687","0.0020770482115884687","0.010316810069424254","0.010316810069424254","0.0","0.1875","0.1875","0.0","0.1875","HBM","1479.022","0.0005585732929985464","291.6000000000001","7.122936253732745e-06","6.659992757188613e-09","7.122936253732745e-06","True","5","<div class='source-info-cell' title='/home/user/git/DISCO-EB/src/discoeb/spline_interpolation.py:39:15
/home/user/git/DISCO-EB/src/discoeb/background.py:248:40
/home/user/git/DISCO-EB/scripts/profile_background.py:38:0
'>/home/user/git/DISCO-EB/src/discoeb/spline_interpolation.py:39</div>"
"Total","117.0","loop fusion","loop_add_fusion.29","1021.0","1478.325","1.4479187071498532","1478.325","1.4479187071498532","0.0005583100612242929","0.1870330067926808","0.0020719395261529095","0.0020719395261529095","0.010291434954369611","0.010291434954369611","0.0","0.1875","0.1875","0.0","0.1875","HBM","1478.325","0.0005583100612242928","291.6","7.105416756354284e-06","6.6436119106537324e-09","7.105416756354284e-06","True","5","<div class='source-info-cell' title='/home/user/git/DISCO-EB/src/discoeb/spline_interpolation.py:82:25
/home/user/git/DISCO-EB/src/discoeb/background.py:248:40
/home/user/git/DISCO-EB/scripts/profile_background.py:38:0
'>/home/user/git/DISCO-EB/src/discoeb/spline_interpolation.py:82</div>"
"Total","118.0","loop fusion","loop_add_fusion.32","1021.0","1477.865","1.4474681684622919","1477.865","1.4474681684622919","0.0005581363358065646","0.18759114312848738","0.002072584437685445","0.002072584437685445","0.010294638264603638","0.010294638264603638","0.0","0.1875","0.1875","0.0","0.1875","HBM","1477.865","0.0005581363358065645","291.6","7.107628387124295e-06","6.6456798001286846e-09","7.107628387124295e-06","True","5","<div class='source-info-cell' title='/home/user/git/DISCO-EB/src/discoeb/spline_interpolation.py:82:25
/home/user/git/DISCO-EB/src/discoeb/background.py:248:40
/home/user/git/DISCO-EB/scripts/profile_background.py:38:0
'>/home/user/git/DISCO-EB/src/discoeb/spline_interpolation.py:82</div>"
"Total","119.0","loop fusion","loop_add_fusion.30","1021.0","1477.77","1.4473751224289912","1477.77","1.4473751224289912","0.0005581004577311641","0.18814924358621854","0.002072717675957693","0.002072717675957693","0.010295300066260959","0.010295300066260959","0.0","0.1875","0.1875","0.0","0.1875","HBM","1477.77","0.0005581004577311641","291.6","7.108085308496889e-06","6.6461070246501e-09","7.108085308496889e-06","True","5","<div class='source-info-cell' title='/home/user/git/DISCO-EB/src/discoeb/spline_interpolation.py:82:25
/home/user/git/DISCO-EB/src/discoeb/background.py:248:40
/home/user/git/DISCO-EB/scripts/profile_background.py:38:0
'>/home/user/git/DISCO-EB/src/discoeb/spline_interpolation.py:82</div>"
"Total","120.0","loop fusion","loop_add_fusion.33","1021.0","1477.203","1.4468197845249755","1477.203","1.4468197845249755","0.0005578863222706165","0.18870712990848915","0.0020735132544409942","0.0020735132544409942","0.010299251747334967","0.010299251747334967","0.0","0.1875","0.1875","0.0","0.1875","HBM","1477.203","0.0005578863222706164","291.6","7.110813629770213e-06","6.648658023181092e-09","7.110813629770213e-06","True","5","<div class='source-info-cell' title='/home/user/git/DISCO-EB/src/discoeb/spline_interpolation.py:82:25
/home/user/git/DISCO-EB/src/discoeb/background.py:248:40
/home/user/git/DISCO-EB/scripts/profile_background.py:38:0
'>/home/user/git/DISCO-EB/src/discoeb/spline_interpolation.py:82</div>"
"Total","121.0","loop fusion","loop_add_fusion.31","1021.0","1477.195","1.4468119490695397","1477.195","1.4468119490695397","0.0005578833009590038","0.18926501320944816","0.0020735244839036144","0.0020735244839036144","0.010299307524679177","0.010299307524679177","0.0","0.1875","0.1875","0.0","0.1875","HBM","1477.195","0.0005578833009590038","291.59999999999997","7.110852139587156e-06","6.6486940301159816e-09","7.110852139587156e-06","True","5","<div class='source-info-cell' title='/home/user/git/DISCO-EB/src/discoeb/spline_interpolation.py:82:25
/home/user/git/DISCO-EB/src/discoeb/background.py:248:40
/home/user/git/DISCO-EB/scripts/profile_background.py:38:0
'>/home/user/git/DISCO-EB/src/discoeb/spline_interpolation.py:82</div>"
"Total","122.0","loop fusion","loop_add_fusion.27","1021.0","1477.045","1.4466650342801175","1477.045","1.4466650342801175","0.0005578266513662664","0.18982283986081444","0.0020737350588506103","0.0020737350588506103","0.010300353461755367","0.010300353461755367","0.0","0.1875","0.1875","0.0","0.1875","HBM","1477.045","0.0005578266513662662","291.6","7.111574275893725e-06","6.6493692323640634e-09","7.111574275893725e-06","True","5","<div class='source-info-cell' title='/home/user/git/DISCO-EB/src/discoeb/spline_interpolation.py:82:25
/home/user/git/DISCO-EB/src/discoeb/background.py:248:40
/home/user/git/DISCO-EB/scripts/profile_background.py:38:0
'>/home/user/git/DISCO-EB/src/discoeb/spline_interpolation.py:82</div>"
"Total","123.0","loop fusion","loop_add_fusion.9","1021.0","1476.482","1.4461136141038198","1476.482","1.4461136141038198","0.000557614026561525","0.19038045388737596","0.00207452579848586","0.00207452579848586","0.010304281108011109","0.010304281108011109","0.0","0.1875","0.1875","0.0","0.1875","HBM","1476.482","0.0005576140265615249","291.59999999999997","7.11428600303793e-06","6.651904715273994e-09","7.11428600303793e-06","True","5","<div class='source-info-cell' title='/home/user/git/DISCO-EB/src/discoeb/spline_interpolation.py:82:25
/home/user/git/DISCO-EB/src/discoeb/background.py:248:40
/home/user/git/DISCO-EB/scripts/profile_background.py:38:0
'>/home/user/git/DISCO-EB/src/discoeb/spline_interpolation.py:82</div>"
"Total","124.0","custom-call","lu.69","588.0","1439.324","2.447829931972789","1439.324","2.447829931972789","0.0005435807894485949","0.19092403467682456","0.0","0.0","0.0","0.0","0.0","0.0","0.0","0.0","0.0","Unknown","1439.324","0.0005435807894485949","0.0","0.0","0.0","0.0","True","5","<div class='source-info-cell' title='/home/user/git/DISCO-EB/src/discoeb/ode_integrators_stiff.py:185:21
/home/user/git/DISCO-EB/.venv/lib/python3.12/site-packages/equinox/_module/_prebuilt.py:34:15
/home/user/git/DISCO-EB/.venv/lib/python3.12/site-packages/diffrax/_integrate.py:356:64
/home/user/git/DISCO-EB/.venv/lib/python3.12/site-packages/equinox/_eval_shape.py:33:15
/home/user/git/DISCO-EB/.venv/lib/python3.12/site-packages/equinox/_eval_shape.py:38:30
/home/user/git/DISCO-EB/.venv/lib/python3.12/site-packages/diffrax/_integrate.py:655:36
/home/user/git/DISCO-EB/.venv/lib/python3.12/site-packages/diffrax/_adjoint.py:911:22
/home/user/git/DISCO-EB/.venv/lib/python3.12/site-packages/equinox/_module/_prebuilt.py:34:15
/home/user/git/DISCO-EB/.venv/lib/python3.12/site-packages/diffrax/_integrate.py:1435:29
/home/user/git/DISCO-EB/.venv/lib/python3.12/site-packages/equinox/_jit.py:55:14
'>/home/user/git/DISCO-EB/src/discoeb/ode_integrators_stiff.py:185</div>"
"Total","125.0","data formatting","copy.81","877.0","1363.665","1.5549201824401369","1363.665","1.5549201824401369","0.0005150071125357586","0.19143904178936033","0.0","0.0","0.009583232221259909","0.009583232221259909","0.0","0.0","0.0","0.0","0.0","HBM","1363.665","0.0005150071125357585","0.0","6.61645913391923e-06","0.0","6.61645913391923e-06","True","5",""
"Total","126.0","loop fusion","wrapped_slice.6","877.0","1358.998","1.5495986316989738","1358.998","1.5495986316989738","0.0005132445548737196","0.19195228634423406","0.0","0.0","0.028848427371499577","0.028848427371499577","0.0","0.0","0.0","0.0","0.0","HBM","1358.998","0.0005132445548737196","0.0","1.991754309761155e-05","0.0","1.991754309761155e-05","True","5","<div class='source-info-cell' title='/home/user/git/DISCO-EB/src/discoeb/thermodynamics_recfast.py:440:14
/home/user/git/DISCO-EB/src/discoeb/thermodynamics_recfast.py:452:12
/home/user/git/DISCO-EB/src/discoeb/thermodynamics_recfast.py:461:11
/home/user/git/DISCO-EB/src/discoeb/background.py:237:82
/home/user/git/DISCO-EB/scripts/profile_background.py:38:0
'>/home/user/git/DISCO-EB/src/discoeb/thermodynamics_recfast.py:440</div>"
"Total","127.0","data formatting","copy.614","877.0","1285.649","1.4659623717217787","1285.649","1.4659623717217787","0.00048554328168904054","0.1924378296259231","0.0","0.0","0.010164763762896711","0.010164763762896711","0.0","0.0","0.0","0.0","0.0","HBM","1285.649","0.00048554328168904054","0.0","7.017960380209503e-06","0.0","7.017960380209503e-06","True","5",""
"Total","128.0","loop fusion","loop_gather_fusion.6","98.0","1141.8","11.651020408163264","1141.8","11.651020408163264","0.0004312166999177431","0.19286904632584084","13.334282711508145","13.334282711508145","0.016946188308119794","0.016946188308119794","0.0","732.8207547169811","732.8207547169811","0.0","732.8207547169811","Compute","1141.8","0.00043121669991774307","311869.44","4.275597734586673e-05","4.275597734586673e-05","1.1699994305432114e-05","True","5","<div class='source-info-cell' title='/home/user/git/DISCO-EB/src/discoeb/ode_integrators_stiff.py:189:13
/home/user/git/DISCO-EB/.venv/lib/python3.12/site-packages/equinox/_module/_prebuilt.py:34:15
/home/user/git/DISCO-EB/.venv/lib/python3.12/site-packages/diffrax/_integrate.py:356:64
/home/user/git/DISCO-EB/.venv/lib/python3.12/site-packages/equinox/_eval_shape.py:33:15
/home/user/git/DISCO-EB/.venv/lib/python3.12/site-packages/equinox/_eval_shape.py:38:30
/home/user/git/DISCO-EB/.venv/lib/python3.12/site-packages/diffrax/_integrate.py:655:36
/home/user/git/DISCO-EB/.venv/lib/python3.12/site-packages/diffrax/_adjoint.py:911:22
/home/user/git/DISCO-EB/.venv/lib/python3.12/site-packages/equinox/_module/_prebuilt.py:34:15
/home/user/git/DISCO-EB/.venv/lib/python3.12/site-packages/diffrax/_integrate.py:1435:29
/home/user/git/DISCO-EB/.venv/lib/python3.12/site-packages/equinox/_jit.py:55:14
'>/home/user/git/DISCO-EB/src/discoeb/ode_integrators_stiff.py:189</div>"
"Total","129.0","input fusion","input_concatenate_fusion.7","98.0","996.862","10.172061224489795","996.862","10.172061224489795","0.0003764788421031715","0.19324552516794402","15.249514978000967","15.249514978000967","0.016846472897418405","0.016846472897418405","0.0","843.0380434782609","843.0380434782609","0.0","843.0380434782609","Compute","996.862","0.0003764788421031715","311869.44","4.88971121312847e-05","4.88971121312847e-05","1.1631148750540512e-05","True","5","<div class='source-info-cell' title='/home/user/git/DISCO-EB/.venv/lib/python3.12/site-packages/equinox/internal/_loop/loop.py:103:29
/home/user/git/DISCO-EB/.venv/lib/python3.12/site-packages/equinox/_module/_prebuilt.py:82:15
/home/user/git/DISCO-EB/.venv/lib/python3.12/site-packages/diffrax/_integrate.py:674:18
/home/user/git/DISCO-EB/.venv/lib/python3.12/site-packages/diffrax/_adjoint.py:911:22
/home/user/git/DISCO-EB/.venv/lib/python3.12/site-packages/equinox/_module/_prebuilt.py:34:15
/home/user/git/DISCO-EB/.venv/lib/python3.12/site-packages/diffrax/_integrate.py:1435:29
/home/user/git/DISCO-EB/.venv/lib/python3.12/site-packages/equinox/_jit.py:55:14
/home/user/git/DISCO-EB/.venv/lib/python3.12/site-packages/equinox/_jit.py:263:37
/home/user/git/DISCO-EB/.venv/lib/python3.12/site-packages/equinox/_jit.py:209:19
/home/user/git/DISCO-EB/src/discoeb/thermodynamics_recfast.py:284:7
'>/home/user/git/DISCO-EB/.venv/lib/python3.12/site-packages/equinox/internal/_loop/loop.py:103</div>"
"Total","130.0","loop fusion","loop_dynamic_update_slice_fusion.22","509.0","987.351","1.9397858546168958","987.351","1.9397858546168958","0.00037288688025966335","0.19361841204820368","1.0717677907856478","1.0717677907856478","0.023045576641949388","0.023045576641949388","0.0","43.3125","43.3125","0.0","43.3125","HBM","987.351","0.0003728868802596633","67359.6","1.5911136508911092e-05","3.436591256859434e-06","1.5911136508911092e-05","True","5","<div class='source-info-cell' title='/home/user/git/DISCO-EB/src/discoeb/spline_interpolation.py:67:21
/home/user/git/DISCO-EB/src/discoeb/spline_interpolation.py:71:21
/home/user/git/DISCO-EB/src/discoeb/background.py:166:43
/home/user/git/DISCO-EB/src/discoeb/background.py:233:12
/home/user/git/DISCO-EB/scripts/profile_background.py:38:0
'>/home/user/git/DISCO-EB/src/discoeb/spline_interpolation.py:67</div>"
"Total","131.0","loop fusion","loop_dynamic_update_slice_fusion.24","509.0","986.343","1.9378055009823183","986.343","1.9378055009823183","0.0003725061949964674","0.19399091824320014","1.072863091237024","1.072863091237024","0.023069128227204302","0.023069128227204302","0.0","43.3125","43.3125","0.0","43.3125","HBM","986.343","0.0003725061949964674","67359.6","1.59273970040948e-05","3.44010330488625e-06","1.59273970040948e-05","True","5","<div class='source-info-cell' title='/home/user/git/DISCO-EB/src/discoeb/spline_interpolation.py:67:21
/home/user/git/DISCO-EB/src/discoeb/spline_interpolation.py:71:21
/home/user/git/DISCO-EB/src/discoeb/background.py:166:43
/home/user/git/DISCO-EB/src/discoeb/background.py:233:12
/home/user/git/DISCO-EB/scripts/profile_background.py:38:0
'>/home/user/git/DISCO-EB/src/discoeb/spline_interpolation.py:67</div>"
"Total","132.0","loop fusion","loop_dynamic_update_slice_fusion.5","509.0","986.021","1.937172888015717","986.021","1.937172888015717","0.0003723845872040576","0.1943633028304042","1.0732134508291407","1.0732134508291407","0.023076661798283573","0.023076661798283573","0.0","43.3125","43.3125","0.0","43.3125","HBM","986.021","0.0003723845872040576","67359.60000000002","1.5932598335339587e-05","3.441226722403903e-06","1.5932598335339587e-05","True","5","<div class='source-info-cell' title='/home/user/git/DISCO-EB/src/discoeb/spline_interpolation.py:67:21
/home/user/git/DISCO-EB/src/discoeb/spline_interpolation.py:71:21
/home/user/git/DISCO-EB/src/discoeb/background.py:166:43
/home/user/git/DISCO-EB/src/discoeb/background.py:233:12
/home/user/git/DISCO-EB/scripts/profile_background.py:38:0
'>/home/user/git/DISCO-EB/src/discoeb/spline_interpolation.py:67</div>"
"Total","133.0","loop fusion","loop_dynamic_update_slice_fusion.4","509.0","973.829","1.9132200392927308","973.829","1.9132200392927308","0.0003677801083063547","0.19473108293871055","1.13421350154904","1.13421350154904","0.02725983583035584","0.02725983583035584","0.0","38.75","38.75","0.0","38.75","HBM","973.829","0.0003677801083063547","60264.000000000015","1.8820747072033714e-05","3.636821554394813e-06","1.8820747072033714e-05","True","5","<div class='source-info-cell' title='/home/user/git/DISCO-EB/src/discoeb/spline_interpolation.py:68:21
/home/user/git/DISCO-EB/src/discoeb/spline_interpolation.py:71:21
/home/user/git/DISCO-EB/src/discoeb/background.py:166:43
/home/user/git/DISCO-EB/src/discoeb/background.py:233:12
/home/user/git/DISCO-EB/scripts/profile_background.py:38:0
'>/home/user/git/DISCO-EB/src/discoeb/spline_interpolation.py:68</div>"
"Total","134.0","loop fusion","loop_dynamic_update_slice_fusion.21","509.0","965.545","1.8969449901768172","965.545","1.8969449901768172","0.0003646515401314392","0.195095734478842","1.1439446115924168","1.1439446115924168","0.027493714603503305","0.027493714603503305","0.0","38.75","38.75","0.0","38.75","HBM","965.545","0.00036465154013143916","60264.0","1.8982221750836598e-05","3.668024066713355e-06","1.8982221750836598e-05","True","5","<div class='source-info-cell' title='/home/user/git/DISCO-EB/src/discoeb/spline_interpolation.py:68:21
/home/user/git/DISCO-EB/src/discoeb/spline_interpolation.py:71:21
/home/user/git/DISCO-EB/src/discoeb/background.py:166:43
/home/user/git/DISCO-EB/src/discoeb/background.py:233:12
/home/user/git/DISCO-EB/scripts/profile_background.py:38:0
'>/home/user/git/DISCO-EB/src/discoeb/spline_interpolation.py:68</div>"
"Total","135.0","loop fusion","loop_dynamic_update_slice_fusion.23","509.0","959.798","1.8856542239685659","959.798","1.8856542239685659","0.0003624811054016903","0.19545821558424367","1.1507942296191491","1.1507942296191491","0.027658339220168825","0.027658339220168825","0.0","38.75","38.75","0.0","38.75","HBM","959.798","0.0003624811054016903","60264.000000000015","1.909588194642156e-05","3.689987161355563e-06","1.909588194642156e-05","True","5","<div class='source-info-cell' title='/home/user/git/DISCO-EB/src/discoeb/spline_interpolation.py:68:21
/home/user/git/DISCO-EB/src/discoeb/spline_interpolation.py:71:21
/home/user/git/DISCO-EB/src/discoeb/background.py:166:43
/home/user/git/DISCO-EB/src/discoeb/background.py:233:12
/home/user/git/DISCO-EB/scripts/profile_background.py:38:0
'>/home/user/git/DISCO-EB/src/discoeb/spline_interpolation.py:68</div>"
"Total","136.0","loop fusion","loop_select_fusion.1","512.0","917.761","1.792501953125","917.761","1.792501953125","0.00034660524586898565","0.19580482083011266","0.057461583135478625","0.057461583135478625","0.0166261031602999","0.0166261031602999","0.0","3.21875","3.21875","0.0","3.21875","HBM","917.761","0.00034660524586898565","5005.800000000001","1.1479000985952019e-05","1.8424884187267155e-07","1.1479000985952019e-05","True","5","<div class='source-info-cell' title='/home/user/git/DISCO-EB/src/discoeb/spline_interpolation.py:34:17
/home/user/git/DISCO-EB/src/discoeb/spline_interpolation.py:39:40
/home/user/git/DISCO-EB/src/discoeb/spline_interpolation.py:39:15
/home/user/git/DISCO-EB/src/discoeb/background.py:166:43
/home/user/git/DISCO-EB/src/discoeb/background.py:233:12
/home/user/git/DISCO-EB/scripts/profile_background.py:38:0
'>/home/user/git/DISCO-EB/src/discoeb/spline_interpolation.py:34</div>"
"Total","137.0","loop fusion","loop_add_multiply_subtract_fusion","509.0","911.897","1.7915461689587426","911.897","1.7915461689587426","0.0003443906244569016","0.19614921145456957","0.1875474971405762","0.1875474971405762","0.0332699462666001","0.0332699462666001","0.0","5.25","5.25","0.0","5.25","HBM","911.897","0.0003443906244569015","8164.799999999999","2.2970249992721953e-05","6.013654211857892e-07","2.2970249992721953e-05","True","5","<div class='source-info-cell' title='/home/user/git/DISCO-EB/src/discoeb/spline_interpolation.py:68:42
/home/user/git/DISCO-EB/src/discoeb/spline_interpolation.py:71:21
/home/user/git/DISCO-EB/src/discoeb/background.py:166:43
/home/user/git/DISCO-EB/src/discoeb/background.py:233:12
/home/user/git/DISCO-EB/scripts/profile_background.py:38:0
'>/home/user/git/DISCO-EB/src/discoeb/spline_interpolation.py:68</div>"
"Total","138.0","loop fusion","loop_add_multiply_subtract_fusion.3","509.0","906.442","1.7808290766208252","906.442","1.7808290766208252","0.000342330467601015","0.19649154192217058","0.18867616460843606","0.18867616460843606","0.033470165979371906","0.033470165979371906","0.0","5.25","5.25","0.0","5.25","HBM","906.442","0.00034233046760101494","8164.8","2.3108485769208807e-05","6.049844595495989e-07","2.3108485769208807e-05","True","5","<div class='source-info-cell' title='/home/user/git/DISCO-EB/src/discoeb/spline_interpolation.py:68:42
/home/user/git/DISCO-EB/src/discoeb/spline_interpolation.py:71:21
/home/user/git/DISCO-EB/src/discoeb/background.py:166:43
/home/user/git/DISCO-EB/src/discoeb/background.py:233:12
/home/user/git/DISCO-EB/scripts/profile_background.py:38:0
'>/home/user/git/DISCO-EB/src/discoeb/spline_interpolation.py:68</div>"
"Total","139.0","loop fusion","loop_add_multiply_subtract_fusion.2","509.0","905.608","1.779190569744597","905.608","1.779190569744597","0.0003420154958653946","0.196833557418036","0.1888499218204786","0.1888499218204786","0.03350098960110095","0.03350098960110095","0.0","5.25","5.25","0.0","5.25","HBM","905.608","0.0003420154958653945","8164.8","2.312976702680759e-05","6.055416068354713e-07","2.312976702680759e-05","True","5","<div class='source-info-cell' title='/home/user/git/DISCO-EB/src/discoeb/spline_interpolation.py:68:42
/home/user/git/DISCO-EB/src/discoeb/spline_interpolation.py:71:21
/home/user/git/DISCO-EB/src/discoeb/background.py:166:43
/home/user/git/DISCO-EB/src/discoeb/background.py:233:12
/home/user/git/DISCO-EB/scripts/profile_background.py:38:0
'>/home/user/git/DISCO-EB/src/discoeb/spline_interpolation.py:68</div>"
"Total","140.0","loop fusion","loop_select_fusion","512.0","902.211","1.762130859375","902.211","1.762130859375","0.0003407325714218663","0.19717428998945785","0.0034049684608145987","0.0034049684608145987","0.016912661298188563","0.016912661298188563","0.0","0.1875","0.1875","0.0","0.1875","HBM","902.211","0.00034073257142186626","291.59999999999997","1.1676846573438268e-05","1.0917929184772316e-08","1.1676846573438268e-05","True","5","<div class='source-info-cell' title='/home/user/git/DISCO-EB/src/discoeb/spline_interpolation.py:34:17
/home/user/git/DISCO-EB/src/discoeb/spline_interpolation.py:39:40
/home/user/git/DISCO-EB/src/discoeb/spline_interpolation.py:39:15
/home/user/git/DISCO-EB/src/discoeb/background.py:166:43
/home/user/git/DISCO-EB/src/discoeb/background.py:233:12
/home/user/git/DISCO-EB/scripts/profile_background.py:38:0
'>/home/user/git/DISCO-EB/src/discoeb/spline_interpolation.py:34</div>"
"Total","141.0","loop fusion","loop_select_fusion.8","512.0","901.151","1.760060546875","901.151","1.760060546875","0.00034033224763318804","0.19751462223709104","0.0034089736348292352","0.0034089736348292352","0.016932555212722394","0.016932555212722394","0.0","0.1875","0.1875","0.0","0.1875","HBM","901.151","0.00034033224763318804","291.6","1.1690581738097513e-05","1.0930771655052945e-08","1.1690581738097513e-05","True","5","<div class='source-info-cell' title='/home/user/git/DISCO-EB/src/discoeb/spline_interpolation.py:34:17
/home/user/git/DISCO-EB/src/discoeb/spline_interpolation.py:39:40
/home/user/git/DISCO-EB/src/discoeb/spline_interpolation.py:39:15
/home/user/git/DISCO-EB/src/discoeb/background.py:166:43
/home/user/git/DISCO-EB/src/discoeb/background.py:233:12
/home/user/git/DISCO-EB/scripts/profile_background.py:38:0
'>/home/user/git/DISCO-EB/src/discoeb/spline_interpolation.py:34</div>"
"Total","142.0","loop fusion","loop_select_fusion.9","512.0","899.388","1.7566171875","899.388","1.7566171875","0.0003396664260865468","0.19785428866317759","0.0034156559793993247","0.0034156559793993247","0.016965746777252978","0.016965746777252978","0.0","0.1875","0.1875","0.0","0.1875","HBM","899.388","0.00033966642608654677","291.59999999999997","1.1713497871739798e-05","1.0952198392376389e-08","1.1713497871739798e-05","True","5","<div class='source-info-cell' title='/home/user/git/DISCO-EB/src/discoeb/spline_interpolation.py:34:17
/home/user/git/DISCO-EB/src/discoeb/spline_interpolation.py:39:40
/home/user/git/DISCO-EB/src/discoeb/spline_interpolation.py:39:15
/home/user/git/DISCO-EB/src/discoeb/background.py:166:43
/home/user/git/DISCO-EB/src/discoeb/background.py:233:12
/home/user/git/DISCO-EB/scripts/profile_background.py:38:0
'>/home/user/git/DISCO-EB/src/discoeb/spline_interpolation.py:34</div>"
"Total","143.0","loop fusion","loop_dynamic_update_slice_fusion.6","509.0","872.708","1.7145540275049116","872.708","1.7145540275049116","0.000329590351858306","0.1981838790150359","0.09681817973480247","0.09681817973480247","0.021727459378361538","0.021727459378361538","0.0","4.15","4.15","0.0","4.15","HBM","872.708","0.00032959035185830594","6454.080000000001","1.500108144534968e-05","3.1044458775698724e-07","1.500108144534968e-05","True","5","<div class='source-info-cell' title='/home/user/git/DISCO-EB/src/discoeb/spline_interpolation.py:79:24
/home/user/git/DISCO-EB/src/discoeb/spline_interpolation.py:82:25
/home/user/git/DISCO-EB/src/discoeb/background.py:166:43
/home/user/git/DISCO-EB/src/discoeb/background.py:233:12
/home/user/git/DISCO-EB/scripts/profile_background.py:38:0
'>/home/user/git/DISCO-EB/src/discoeb/spline_interpolation.py:79</div>"
"Total","144.0","loop fusion","loop_multiply_fusion","509.0","867.727","1.7047681728880157","867.727","1.7047681728880157","0.00032770920771546985","0.19851158822275136","0.07097739265921194","0.07097739265921194","0.017481744944362585","0.017481744944362585","0.0","3.78125","3.78125","0.0","3.78125","HBM","867.727","0.00032770920771546985","5880.599999999999","1.2069753538620539e-05","2.275868794942266e-07","1.2069753538620539e-05","True","5","<div class='source-info-cell' title='/home/user/git/DISCO-EB/src/discoeb/spline_interpolation.py:79:52
/home/user/git/DISCO-EB/src/discoeb/spline_interpolation.py:82:25
/home/user/git/DISCO-EB/src/discoeb/background.py:166:43
/home/user/git/DISCO-EB/src/discoeb/background.py:233:12
/home/user/git/DISCO-EB/scripts/profile_background.py:38:0
'>/home/user/git/DISCO-EB/src/discoeb/spline_interpolation.py:79</div>"
"Total","145.0","loop fusion","loop_dynamic_update_slice_fusion.26","509.0","866.567","1.7024891944990177","866.567","1.7024891944990177","0.0003272711175316333","0.198838859340283","0.09750428991641731","0.09750428991641731","0.02188143284843658","0.02188143284843658","0.0","4.15","4.15","0.0","4.15","HBM","866.567","0.00032727111753163326","6454.08","1.510738787192246e-05","3.1264457946382086e-07","1.510738787192246e-05","True","5","<div class='source-info-cell' title='/home/user/git/DISCO-EB/src/discoeb/spline_interpolation.py:79:24
/home/user/git/DISCO-EB/src/discoeb/spline_interpolation.py:82:25
/home/user/git/DISCO-EB/src/discoeb/background.py:166:43
/home/user/git/DISCO-EB/src/discoeb/background.py:233:12
/home/user/git/DISCO-EB/scripts/profile_background.py:38:0
'>/home/user/git/DISCO-EB/src/discoeb/spline_interpolation.py:79</div>"
"Total","146.0","loop fusion","loop_multiply_fusion.5","509.0","866.209","1.7017858546168958","866.209","1.7017858546168958","0.0003271359138369665","0.19916599525411996","0.07110177797737036","0.07110177797737036","0.01751238107123906","0.01751238107123906","0.0","3.78125","3.78125","0.0","3.78125","HBM","866.209","0.0003271359138369665","5880.599999999999","1.2090905345946054e-05","2.2798571728403513e-07","1.2090905345946054e-05","True","5","<div class='source-info-cell' title='/home/user/git/DISCO-EB/src/discoeb/spline_interpolation.py:79:52
/home/user/git/DISCO-EB/src/discoeb/spline_interpolation.py:82:25
/home/user/git/DISCO-EB/src/discoeb/background.py:166:43
/home/user/git/DISCO-EB/src/discoeb/background.py:233:12
/home/user/git/DISCO-EB/scripts/profile_background.py:38:0
'>/home/user/git/DISCO-EB/src/discoeb/spline_interpolation.py:79</div>"
"Total","147.0","loop fusion","loop_multiply_fusion.4","509.0","864.911","1.6992357563850686","864.911","1.6992357563850686","0.00032664570602781144","0.19949264096014777","0.07120848272249977","0.07120848272249977","0.017538662469707186","0.017538662469707186","0.0","3.78125","3.78125","0.0","3.78125","HBM","864.911","0.00032664570602781144","5880.6","1.2109050559891808e-05","2.283278628470291e-07","1.2109050559891808e-05","True","5","<div class='source-info-cell' title='/home/user/git/DISCO-EB/src/discoeb/spline_interpolation.py:79:52
/home/user/git/DISCO-EB/src/discoeb/spline_interpolation.py:82:25
/home/user/git/DISCO-EB/src/discoeb/background.py:166:43
/home/user/git/DISCO-EB/src/discoeb/background.py:233:12
/home/user/git/DISCO-EB/scripts/profile_background.py:38:0
'>/home/user/git/DISCO-EB/src/discoeb/spline_interpolation.py:79</div>"
"Total","148.0","loop fusion","loop_dynamic_update_slice_fusion.25","509.0","861.842","1.693206286836935","861.842","1.693206286836935","0.0003254866553604025","0.19981812761550816","0.09803885166886737","0.09803885166886737","0.0220013965659264","0.0220013965659264","0.0","4.15","4.15","0.0","4.15","HBM","861.842","0.0003254866553604025","6454.080000000001","1.5190213271119566e-05","3.143586356805828e-07","1.5190213271119566e-05","True","5","<div class='source-info-cell' title='/home/user/git/DISCO-EB/src/discoeb/spline_interpolation.py:79:24
/home/user/git/DISCO-EB/src/discoeb/spline_interpolation.py:82:25
/home/user/git/DISCO-EB/src/discoeb/background.py:166:43
/home/user/git/DISCO-EB/src/discoeb/background.py:233:12
/home/user/git/DISCO-EB/scripts/profile_background.py:38:0
'>/home/user/git/DISCO-EB/src/discoeb/spline_interpolation.py:79</div>"
"Total","149.0","loop fusion","loop_dynamic_update_slice_fusion","512.0","791.162","1.54523828125","791.162","1.54523828125","0.0002987933672624991","0.20011692098277065","0.0","0.0","0.014464915904549257","0.014464915904549257","0.0","0.0","0.0","0.0","0.0","HBM","791.162","0.0002987933672624991","0.0","9.986873191459187e-06","0.0","9.986873191459187e-06","True","5","<div class='source-info-cell' title='/home/user/git/DISCO-EB/src/discoeb/spline_interpolation.py:39:15
/home/user/git/DISCO-EB/src/discoeb/background.py:166:43
/home/user/git/DISCO-EB/src/discoeb/background.py:233:12
/home/user/git/DISCO-EB/scripts/profile_background.py:38:0
'>/home/user/git/DISCO-EB/src/discoeb/spline_interpolation.py:39</div>"
"Total","150.0","loop fusion","loop_dynamic_update_slice_fusion.1","512.0","790.725","1.544384765625","790.725","1.544384765625","0.00029862832811565726","0.20041554931088632","0.0","0.0","0.014472910046950583","0.014472910046950583","0.0","0.0","0.0","0.0","0.0","HBM","790.725","0.0002986283281156572","0.0","9.992392510545681e-06","0.0","9.992392510545681e-06","True","5","<div class='source-info-cell' title='/home/user/git/DISCO-EB/src/discoeb/spline_interpolation.py:40:15
/home/user/git/DISCO-EB/src/discoeb/background.py:167:43
/home/user/git/DISCO-EB/src/discoeb/background.py:233:12
/home/user/git/DISCO-EB/scripts/profile_background.py:38:0
'>/home/user/git/DISCO-EB/src/discoeb/spline_interpolation.py:40</div>"
"Total","151.0","loop fusion","loop_dynamic_update_slice_fusion.12","512.0","789.431","1.541857421875","789.431","1.541857421875","0.00029813963096230855","0.20071368894184863","0.0","0.0","0.014496633394020502","0.014496633394020502","0.0","0.0","0.0","0.0","0.0","HBM","789.431","0.0002981396309623085","0.0","1.0008771593592389e-05","0.0","1.0008771593592389e-05","True","5","<div class='source-info-cell' title='/home/user/git/DISCO-EB/src/discoeb/spline_interpolation.py:39:15
/home/user/git/DISCO-EB/src/discoeb/background.py:166:43
/home/user/git/DISCO-EB/src/discoeb/background.py:233:12
/home/user/git/DISCO-EB/scripts/profile_background.py:38:0
'>/home/user/git/DISCO-EB/src/discoeb/spline_interpolation.py:39</div>"
"Total","152.0","loop fusion","loop_dynamic_update_slice_fusion.13","512.0","788.549","1.540134765625","788.549","1.540134765625","0.0002978065313570121","0.20101149547320565","0.0","0.0","0.014512848024504501","0.014512848024504501","0.0","0.0","0.0","0.0","0.0","HBM","788.549","0.00029780653135701206","0.0","1.0019966505443839e-05","0.0","1.0019966505443839e-05","True","5","<div class='source-info-cell' title='/home/user/git/DISCO-EB/src/discoeb/spline_interpolation.py:39:15
/home/user/git/DISCO-EB/src/discoeb/background.py:166:43
/home/user/git/DISCO-EB/src/discoeb/background.py:233:12
/home/user/git/DISCO-EB/scripts/profile_background.py:38:0
'>/home/user/git/DISCO-EB/src/discoeb/spline_interpolation.py:39</div>"
"Total","153.0","data formatting","copy.141","509.0","745.605","1.464842829076621","745.605","1.464842829076621","0.0002815881306202215","0.20129308360382586","0.0","0.0","0.01017253243697193","0.01017253243697193","0.0","0.0","0.0","0.0","0.0","HBM","745.605","0.00028158813062022144","0.0","7.023324031361501e-06","0.0","7.023324031361501e-06","True","5","<div class='source-info-cell' title='/home/user/git/DISCO-EB/src/discoeb/spline_interpolation.py:66:46
/home/user/git/DISCO-EB/src/discoeb/spline_interpolation.py:71:21
/home/user/git/DISCO-EB/src/discoeb/background.py:166:43
/home/user/git/DISCO-EB/src/discoeb/background.py:233:12
/home/user/git/DISCO-EB/scripts/profile_background.py:38:0
'>/home/user/git/DISCO-EB/src/discoeb/spline_interpolation.py:66</div>"
"Total","154.0","data formatting","copy.522","509.0","744.093","1.4618722986247543","744.093","1.4618722986247543","0.0002810171027254276","0.2015741007065513","0.0","0.0","0.010193203064225113","0.010193203064225113","0.0","0.0","0.0","0.0","0.0","HBM","744.093","0.00028101710272542755","0.0","7.037595454336074e-06","0.0","7.037595454336074e-06","True","5","<div class='source-info-cell' title='/home/user/git/DISCO-EB/src/discoeb/spline_interpolation.py:66:46
/home/user/git/DISCO-EB/src/discoeb/spline_interpolation.py:71:21
/home/user/git/DISCO-EB/src/discoeb/background.py:166:43
/home/user/git/DISCO-EB/src/discoeb/background.py:233:12
/home/user/git/DISCO-EB/scripts/profile_background.py:38:0
'>/home/user/git/DISCO-EB/src/discoeb/spline_interpolation.py:66</div>"
"Total","155.0","data formatting","copy.507","509.0","743.464","1.4606365422396859","743.464","1.4606365422396859","0.00028077955209988175","0.20185488025865117","0.0","0.0","0.010201826917871554","0.010201826917871554","0.0","0.0","0.0","0.0","0.0","HBM","743.464","0.0002807795520998817","0.0","7.0435495389195605e-06","0.0","7.0435495389195605e-06","True","5","<div class='source-info-cell' title='/home/user/git/DISCO-EB/src/discoeb/spline_interpolation.py:66:46
/home/user/git/DISCO-EB/src/discoeb/spline_interpolation.py:71:21
/home/user/git/DISCO-EB/src/discoeb/background.py:166:43
/home/user/git/DISCO-EB/src/discoeb/background.py:233:12
/home/user/git/DISCO-EB/scripts/profile_background.py:38:0
'>/home/user/git/DISCO-EB/src/discoeb/spline_interpolation.py:66</div>"
"Total","156.0","loop fusion","loop_add_fusion.1","512.0","742.184","1.449578125","742.184","1.449578125","0.0002802961422418552","0.202135176400893","0.0020695676543822017","0.0020695676543822017","0.010279653739840794","0.010279653739840794","0.0","0.1875","0.1875","0.0","0.1875","HBM","742.184","0.00028029614224185515","291.59999999999997","7.097282765371062e-06","6.6360065750020314e-09","7.097282765371062e-06","True","5","<div class='source-info-cell' title='/home/user/git/DISCO-EB/src/discoeb/spline_interpolation.py:40:15
/home/user/git/DISCO-EB/src/discoeb/background.py:167:43
/home/user/git/DISCO-EB/src/discoeb/background.py:233:12
/home/user/git/DISCO-EB/scripts/profile_background.py:38:0
'>/home/user/git/DISCO-EB/src/discoeb/spline_interpolation.py:40</div>"
"Total","157.0","loop fusion","loop_add_fusion","512.0","741.409","1.448064453125","741.409","1.448064453125","0.00028000345267937816","0.20241517985357238","0.0020717309878892755","0.0020717309878892755","0.010290399133609114","0.010290399133609114","0.0","0.1875","0.1875","0.0","0.1875","HBM","741.409","0.00028000345267937816","291.59999999999997","7.104701604558558e-06","6.642943238969729e-09","7.104701604558558e-06","True","5","<div class='source-info-cell' title='/home/user/git/DISCO-EB/src/discoeb/spline_interpolation.py:39:15
/home/user/git/DISCO-EB/src/discoeb/background.py:166:43
/home/user/git/DISCO-EB/src/discoeb/background.py:233:12
/home/user/git/DISCO-EB/scripts/profile_background.py:38:0
'>/home/user/git/DISCO-EB/src/discoeb/spline_interpolation.py:39</div>"
"Total","158.0","loop fusion","loop_add_fusion.11","512.0","741.122","1.44750390625","741.122","1.44750390625","0.0002798950631252738","0.20269507491669767","0.0020725332671274097","0.0020725332671274097","0.010294384097692417","0.010294384097692417","0.0","0.1875","0.1875","0.0","0.1875","HBM","741.122","0.0002798950631252738","291.6","7.107452905100855e-06","6.645515723269999e-09","7.107452905100855e-06","True","5","<div class='source-info-cell' title='/home/user/git/DISCO-EB/src/discoeb/spline_interpolation.py:39:15
/home/user/git/DISCO-EB/src/discoeb/background.py:166:43
/home/user/git/DISCO-EB/src/discoeb/background.py:233:12
/home/user/git/DISCO-EB/scripts/profile_background.py:38:0
'>/home/user/git/DISCO-EB/src/discoeb/spline_interpolation.py:39</div>"
"Total","159.0","loop fusion","loop_add_fusion.10","512.0","738.846","1.44305859375","738.846","1.44305859375","0.0002790354999714703","0.20297411041666913","0.002078917663491445","0.002078917663491445","0.010326095737474384","0.010326095737474384","0.0","0.1875","0.1875","0.0","0.1875","HBM","738.846","0.0002790354999714703","291.6000000000001","7.129347268489178e-06","6.665987098612307e-09","7.129347268489178e-06","True","5","<div class='source-info-cell' title='/home/user/git/DISCO-EB/src/discoeb/spline_interpolation.py:39:15
/home/user/git/DISCO-EB/src/discoeb/background.py:166:43
/home/user/git/DISCO-EB/src/discoeb/background.py:233:12
/home/user/git/DISCO-EB/scripts/profile_background.py:38:0
'>/home/user/git/DISCO-EB/src/discoeb/spline_interpolation.py:39</div>"
"Total","160.0","loop fusion","loop_add_fusion.26","509.0","736.806","1.4475559921414538","736.806","1.4475559921414538","0.00027826506551024055","0.20325237548217936","0.0020724586933331163","0.0020724586933331163","0.010294013685649216","0.010294013685649216","0.0","0.1875","0.1875","0.0","0.1875","HBM","736.806","0.0002782650655102405","291.6","7.107197165065555e-06","6.645276604636595e-09","7.107197165065555e-06","True","5","<div class='source-info-cell' title='/home/user/git/DISCO-EB/src/discoeb/spline_interpolation.py:82:25
/home/user/git/DISCO-EB/src/discoeb/background.py:166:43
/home/user/git/DISCO-EB/src/discoeb/background.py:233:12
/home/user/git/DISCO-EB/scripts/profile_background.py:38:0
'>/home/user/git/DISCO-EB/src/discoeb/spline_interpolation.py:82</div>"
"Total","161.0","loop fusion","loop_add_fusion.8","509.0","736.172","1.4463104125736739","736.172","1.4463104125736739","0.00027802562656493676","0.2035304011087443","0.0020742435191775837","0.0020742435191775837","0.010302879011519668","0.010302879011519668","0.0","0.1875","0.1875","0.0","0.1875","HBM","736.172","0.00027802562656493676","291.6","7.113317967001315e-06","6.6509995951433515e-09","7.113317967001315e-06","True","5","<div class='source-info-cell' title='/home/user/git/DISCO-EB/src/discoeb/spline_interpolation.py:82:25
/home/user/git/DISCO-EB/src/discoeb/background.py:166:43
/home/user/git/DISCO-EB/src/discoeb/background.py:233:12
/home/user/git/DISCO-EB/scripts/profile_background.py:38:0
'>/home/user/git/DISCO-EB/src/discoeb/spline_interpolation.py:82</div>"
"Total","162.0","loop fusion","loop_add_fusion.25","509.0","735.875","1.4457269155206287","735.875","1.4457269155206287","0.00027791346037131656","0.2038083145691156","0.002075080686257856","0.002075080686257856","0.010307037265389443","0.010307037265389443","0.0","0.1875","0.1875","0.0","0.1875","HBM","735.875","0.0002779134603713165","291.6","7.116188910349301e-06","6.653683946262436e-09","7.116188910349301e-06","True","5","<div class='source-info-cell' title='/home/user/git/DISCO-EB/src/discoeb/spline_interpolation.py:82:25
/home/user/git/DISCO-EB/src/discoeb/background.py:166:43
/home/user/git/DISCO-EB/src/discoeb/background.py:233:12
/home/user/git/DISCO-EB/scripts/profile_background.py:38:0
'>/home/user/git/DISCO-EB/src/discoeb/spline_interpolation.py:82</div>"
"Total","163.0","custom-call","triangular-solve.13","294.0","724.968","2.465877551020408","724.968","2.465877551020408","0.0002737942796513981","0.204082108848767","0.0","0.0","0.0","0.0","0.0","0.0","0.0","0.0","0.0","Unknown","724.968","0.0002737942796513981","0.0","0.0","0.0","0.0","True","5","<div class='source-info-cell' title='/home/user/git/DISCO-EB/src/discoeb/ode_integrators_stiff.py:189:13
/home/user/git/DISCO-EB/.venv/lib/python3.12/site-packages/equinox/_module/_prebuilt.py:34:15
/home/user/git/DISCO-EB/.venv/lib/python3.12/site-packages/diffrax/_integrate.py:356:64
/home/user/git/DISCO-EB/.venv/lib/python3.12/site-packages/equinox/_eval_shape.py:33:15
/home/user/git/DISCO-EB/.venv/lib/python3.12/site-packages/equinox/_eval_shape.py:38:30
/home/user/git/DISCO-EB/.venv/lib/python3.12/site-packages/diffrax/_integrate.py:655:36
/home/user/git/DISCO-EB/.venv/lib/python3.12/site-packages/diffrax/_adjoint.py:911:22
/home/user/git/DISCO-EB/.venv/lib/python3.12/site-packages/equinox/_module/_prebuilt.py:34:15
/home/user/git/DISCO-EB/.venv/lib/python3.12/site-packages/diffrax/_integrate.py:1435:29
/home/user/git/DISCO-EB/.venv/lib/python3.12/site-packages/equinox/_jit.py:55:14
'>/home/user/git/DISCO-EB/src/discoeb/ode_integrators_stiff.py:189</div>"
"Total","164.0","custom-call","triangular-solve.15","294.0","722.591","2.4577925170068027","722.591","2.4577925170068027","0.0002728965724384848","0.2043550054212055","0.0","0.0","0.0","0.0","0.0","0.0","0.0","0.0","0.0","Unknown","722.591","0.00027289657243848475","0.0","0.0","0.0","0.0","True","5","<div class='source-info-cell' title='/home/user/git/DISCO-EB/src/discoeb/ode_integrators_stiff.py:189:13
/home/user/git/DISCO-EB/.venv/lib/python3.12/site-packages/equinox/_module/_prebuilt.py:34:15
/home/user/git/DISCO-EB/.venv/lib/python3.12/site-packages/diffrax/_integrate.py:356:64
/home/user/git/DISCO-EB/.venv/lib/python3.12/site-packages/equinox/_eval_shape.py:33:15
/home/user/git/DISCO-EB/.venv/lib/python3.12/site-packages/equinox/_eval_shape.py:38:30
/home/user/git/DISCO-EB/.venv/lib/python3.12/site-packages/diffrax/_integrate.py:655:36
/home/user/git/DISCO-EB/.venv/lib/python3.12/site-packages/diffrax/_adjoint.py:911:22
/home/user/git/DISCO-EB/.venv/lib/python3.12/site-packages/equinox/_module/_prebuilt.py:34:15
/home/user/git/DISCO-EB/.venv/lib/python3.12/site-packages/diffrax/_integrate.py:1435:29
/home/user/git/DISCO-EB/.venv/lib/python3.12/site-packages/equinox/_jit.py:55:14
'>/home/user/git/DISCO-EB/src/discoeb/ode_integrators_stiff.py:189</div>"
"Total","165.0","custom-call","triangular-solve.11","294.0","714.541","2.4304115646258504","714.541","2.4304115646258504","0.0002698563776282397","0.20462486179883374","0.0","0.0","0.0","0.0","0.0","0.0","0.0","0.0","0.0","Unknown","714.541","0.00026985637762823967","0.0","0.0","0.0","0.0","True","5","<div class='source-info-cell' title='/home/user/git/DISCO-EB/src/discoeb/ode_integrators_stiff.py:189:13
/home/user/git/DISCO-EB/.venv/lib/python3.12/site-packages/equinox/_module/_prebuilt.py:34:15
/home/user/git/DISCO-EB/.venv/lib/python3.12/site-packages/diffrax/_integrate.py:356:64
/home/user/git/DISCO-EB/.venv/lib/python3.12/site-packages/equinox/_eval_shape.py:33:15
/home/user/git/DISCO-EB/.venv/lib/python3.12/site-packages/equinox/_eval_shape.py:38:30
/home/user/git/DISCO-EB/.venv/lib/python3.12/site-packages/diffrax/_integrate.py:655:36
/home/user/git/DISCO-EB/.venv/lib/python3.12/site-packages/diffrax/_adjoint.py:911:22
/home/user/git/DISCO-EB/.venv/lib/python3.12/site-packages/equinox/_module/_prebuilt.py:34:15
/home/user/git/DISCO-EB/.venv/lib/python3.12/site-packages/diffrax/_integrate.py:1435:29
/home/user/git/DISCO-EB/.venv/lib/python3.12/site-packages/equinox/_jit.py:55:14
'>/home/user/git/DISCO-EB/src/discoeb/ode_integrators_stiff.py:189</div>"
"Total","166.0","custom-call","triangular-solve.9","294.0","712.136","2.4222312925170066","712.136","2.4222312925170066","0.000268948095824682","0.2048938098946584","0.0","0.0","0.0","0.0","0.0","0.0","0.0","0.0","0.0","Unknown","712.136","0.000268948095824682","0.0","0.0","0.0","0.0","True","5","<div class='source-info-cell' title='/home/user/git/DISCO-EB/src/discoeb/ode_integrators_stiff.py:189:13
/home/user/git/DISCO-EB/.venv/lib/python3.12/site-packages/equinox/_module/_prebuilt.py:34:15
/home/user/git/DISCO-EB/.venv/lib/python3.12/site-packages/diffrax/_integrate.py:356:64
/home/user/git/DISCO-EB/.venv/lib/python3.12/site-packages/equinox/_eval_shape.py:33:15
/home/user/git/DISCO-EB/.venv/lib/python3.12/site-packages/equinox/_eval_shape.py:38:30
/home/user/git/DISCO-EB/.venv/lib/python3.12/site-packages/diffrax/_integrate.py:655:36
/home/user/git/DISCO-EB/.venv/lib/python3.12/site-packages/diffrax/_adjoint.py:911:22
/home/user/git/DISCO-EB/.venv/lib/python3.12/site-packages/equinox/_module/_prebuilt.py:34:15
/home/user/git/DISCO-EB/.venv/lib/python3.12/site-packages/diffrax/_integrate.py:1435:29
/home/user/git/DISCO-EB/.venv/lib/python3.12/site-packages/equinox/_jit.py:55:14
'>/home/user/git/DISCO-EB/src/discoeb/ode_integrators_stiff.py:189</div>"
"Total","167.0","custom-call","triangular-solve.10","294.0","695.462","2.365517006802721","695.462","2.365517006802721","0.00026265092709598306","0.2051564608217544","0.0","0.0","0.0","0.0","0.0","0.0","0.0","0.0","0.0","Unknown","695.462","0.00026265092709598306","0.0","0.0","0.0","0.0","True","5","<div class='source-info-cell' title='/home/user/git/DISCO-EB/src/discoeb/ode_integrators_stiff.py:189:13
/home/user/git/DISCO-EB/.venv/lib/python3.12/site-packages/equinox/_module/_prebuilt.py:34:15
/home/user/git/DISCO-EB/.venv/lib/python3.12/site-packages/diffrax/_integrate.py:356:64
/home/user/git/DISCO-EB/.venv/lib/python3.12/site-packages/equinox/_eval_shape.py:33:15
/home/user/git/DISCO-EB/.venv/lib/python3.12/site-packages/equinox/_eval_shape.py:38:30
/home/user/git/DISCO-EB/.venv/lib/python3.12/site-packages/diffrax/_integrate.py:655:36
/home/user/git/DISCO-EB/.venv/lib/python3.12/site-packages/diffrax/_adjoint.py:911:22
/home/user/git/DISCO-EB/.venv/lib/python3.12/site-packages/equinox/_module/_prebuilt.py:34:15
/home/user/git/DISCO-EB/.venv/lib/python3.12/site-packages/diffrax/_integrate.py:1435:29
/home/user/git/DISCO-EB/.venv/lib/python3.12/site-packages/equinox/_jit.py:55:14
'>/home/user/git/DISCO-EB/src/discoeb/ode_integrators_stiff.py:189</div>"
"Total","168.0","custom-call","triangular-solve.12","294.0","685.521","2.331704081632653","685.521","2.331704081632653","0.0002588965697532941","0.20541535739150768","0.0","0.0","0.0","0.0","0.0","0.0","0.0","0.0","0.0","Unknown","685.521","0.0002588965697532941","0.0","0.0","0.0","0.0","True","5","<div class='source-info-cell' title='/home/user/git/DISCO-EB/src/discoeb/ode_integrators_stiff.py:189:13
/home/user/git/DISCO-EB/.venv/lib/python3.12/site-packages/equinox/_module/_prebuilt.py:34:15
/home/user/git/DISCO-EB/.venv/lib/python3.12/site-packages/diffrax/_integrate.py:356:64
/home/user/git/DISCO-EB/.venv/lib/python3.12/site-packages/equinox/_eval_shape.py:33:15
/home/user/git/DISCO-EB/.venv/lib/python3.12/site-packages/equinox/_eval_shape.py:38:30
/home/user/git/DISCO-EB/.venv/lib/python3.12/site-packages/diffrax/_integrate.py:655:36
/home/user/git/DISCO-EB/.venv/lib/python3.12/site-packages/diffrax/_adjoint.py:911:22
/home/user/git/DISCO-EB/.venv/lib/python3.12/site-packages/equinox/_module/_prebuilt.py:34:15
/home/user/git/DISCO-EB/.venv/lib/python3.12/site-packages/diffrax/_integrate.py:1435:29
/home/user/git/DISCO-EB/.venv/lib/python3.12/site-packages/equinox/_jit.py:55:14
'>/home/user/git/DISCO-EB/src/discoeb/ode_integrators_stiff.py:189</div>"
"Total","169.0","custom-call","triangular-solve.8","294.0","684.048","2.3266938775510204","684.048","2.3266938775510204","0.000258340270752612","0.2056736976622603","0.0","0.0","0.0","0.0","0.0","0.0","0.0","0.0","0.0","Unknown","684.048","0.000258340270752612","0.0","0.0","0.0","0.0","True","5","<div class='source-info-cell' title='/home/user/git/DISCO-EB/src/discoeb/ode_integrators_stiff.py:189:13
/home/user/git/DISCO-EB/.venv/lib/python3.12/site-packages/equinox/_module/_prebuilt.py:34:15
/home/user/git/DISCO-EB/.venv/lib/python3.12/site-packages/diffrax/_integrate.py:356:64
/home/user/git/DISCO-EB/.venv/lib/python3.12/site-packages/equinox/_eval_shape.py:33:15
/home/user/git/DISCO-EB/.venv/lib/python3.12/site-packages/equinox/_eval_shape.py:38:30
/home/user/git/DISCO-EB/.venv/lib/python3.12/site-packages/diffrax/_integrate.py:655:36
/home/user/git/DISCO-EB/.venv/lib/python3.12/site-packages/diffrax/_adjoint.py:911:22
/home/user/git/DISCO-EB/.venv/lib/python3.12/site-packages/equinox/_module/_prebuilt.py:34:15
/home/user/git/DISCO-EB/.venv/lib/python3.12/site-packages/diffrax/_integrate.py:1435:29
/home/user/git/DISCO-EB/.venv/lib/python3.12/site-packages/equinox/_jit.py:55:14
'>/home/user/git/DISCO-EB/src/discoeb/ode_integrators_stiff.py:189</div>"
"Total","170.0","custom-call","triangular-solve.14","294.0","671.743","2.284840136054422","671.743","2.284840136054422","0.00025369311582838024","0.20592739077808866","0.0","0.0","0.0","0.0","0.0","0.0","0.0","0.0","0.0","Unknown","671.743","0.0002536931158283802","0.0","0.0","0.0","0.0","True","5","<div class='source-info-cell' title='/home/user/git/DISCO-EB/src/discoeb/ode_integrators_stiff.py:189:13
/home/user/git/DISCO-EB/.venv/lib/python3.12/site-packages/equinox/_module/_prebuilt.py:34:15
/home/user/git/DISCO-EB/.venv/lib/python3.12/site-packages/diffrax/_integrate.py:356:64
/home/user/git/DISCO-EB/.venv/lib/python3.12/site-packages/equinox/_eval_shape.py:33:15
/home/user/git/DISCO-EB/.venv/lib/python3.12/site-packages/equinox/_eval_shape.py:38:30
/home/user/git/DISCO-EB/.venv/lib/python3.12/site-packages/diffrax/_integrate.py:655:36
/home/user/git/DISCO-EB/.venv/lib/python3.12/site-packages/diffrax/_adjoint.py:911:22
/home/user/git/DISCO-EB/.venv/lib/python3.12/site-packages/equinox/_module/_prebuilt.py:34:15
/home/user/git/DISCO-EB/.venv/lib/python3.12/site-packages/diffrax/_integrate.py:1435:29
/home/user/git/DISCO-EB/.venv/lib/python3.12/site-packages/equinox/_jit.py:55:14
'>/home/user/git/DISCO-EB/src/discoeb/ode_integrators_stiff.py:189</div>"
"Total","171.0","loop fusion","loop_gather_fusion.4","98.0","598.335","6.10545918367347","598.335","6.10545918367347","0.00022596956047055776","0.20615336033855922","10.214956504299431","10.214956504299431","0.07520188334289692","0.07520188334289692","0.0","126.50507099391481","126.50507099391481","0.0","126.50507099391481","HBM","598.335","0.00022596956047055773","196740.68640973634","5.1920915244879984e-05","3.275395147501285e-05","5.1920915244879984e-05","True","5","<div class='source-info-cell' title='/home/user/git/DISCO-EB/src/discoeb/ode_integrators_stiff.py:189:13
/home/user/git/DISCO-EB/.venv/lib/python3.12/site-packages/equinox/_module/_prebuilt.py:34:15
/home/user/git/DISCO-EB/.venv/lib/python3.12/site-packages/diffrax/_integrate.py:356:64
/home/user/git/DISCO-EB/.venv/lib/python3.12/site-packages/equinox/_eval_shape.py:33:15
/home/user/git/DISCO-EB/.venv/lib/python3.12/site-packages/equinox/_eval_shape.py:38:30
/home/user/git/DISCO-EB/.venv/lib/python3.12/site-packages/diffrax/_integrate.py:655:36
/home/user/git/DISCO-EB/.venv/lib/python3.12/site-packages/diffrax/_adjoint.py:911:22
/home/user/git/DISCO-EB/.venv/lib/python3.12/site-packages/equinox/_module/_prebuilt.py:34:15
/home/user/git/DISCO-EB/.venv/lib/python3.12/site-packages/diffrax/_integrate.py:1435:29
/home/user/git/DISCO-EB/.venv/lib/python3.12/site-packages/equinox/_jit.py:55:14
'>/home/user/git/DISCO-EB/src/discoeb/ode_integrators_stiff.py:189</div>"
"Total","172.0","input fusion","input_concatenate_fusion.8","98.0","528.352","5.39134693877551","528.352","5.39134693877551","0.00019953950414690788","0.20635289984270613","11.543868481618315","11.543868481618315","0.07065227620173219","0.07065227620173219","0.0","152.1687041564792","152.1687041564792","0.0","152.1687041564792","HBM","528.352","0.00019953950414690786","236652.7687041565","4.877977361021072e-05","3.70150678489637e-05","4.877977361021072e-05","True","5","<div class='source-info-cell' title='/home/user/git/DISCO-EB/.venv/lib/python3.12/site-packages/equinox/internal/_loop/loop.py:103:29
/home/user/git/DISCO-EB/.venv/lib/python3.12/site-packages/equinox/_module/_prebuilt.py:82:15
/home/user/git/DISCO-EB/.venv/lib/python3.12/site-packages/diffrax/_integrate.py:674:18
/home/user/git/DISCO-EB/.venv/lib/python3.12/site-packages/diffrax/_adjoint.py:911:22
/home/user/git/DISCO-EB/.venv/lib/python3.12/site-packages/equinox/_module/_prebuilt.py:34:15
/home/user/git/DISCO-EB/.venv/lib/python3.12/site-packages/diffrax/_integrate.py:1435:29
/home/user/git/DISCO-EB/.venv/lib/python3.12/site-packages/equinox/_jit.py:55:14
/home/user/git/DISCO-EB/.venv/lib/python3.12/site-packages/equinox/_jit.py:263:37
/home/user/git/DISCO-EB/.venv/lib/python3.12/site-packages/equinox/_jit.py:209:19
/home/user/git/DISCO-EB/src/discoeb/thermodynamics_recfast.py:284:7
'>/home/user/git/DISCO-EB/.venv/lib/python3.12/site-packages/equinox/internal/_loop/loop.py:103</div>"
"Total","173.0","input fusion","input_concatenate_fusion.6","98.0","528.032","5.388081632653062","528.032","5.388081632653062","0.00019941865168240125","0.20655231849438854","11.550864341555057","11.550864341555057","0.07069509316809892","0.07069509316809892","0.0","152.1687041564792","152.1687041564792","0.0","152.1687041564792","HBM","528.032","0.00019941865168240122","236652.76870415648","4.880933531774979e-05","3.7037499863901564e-05","4.880933531774979e-05","True","5","<div class='source-info-cell' title='/home/user/git/DISCO-EB/.venv/lib/python3.12/site-packages/equinox/internal/_loop/loop.py:103:29
/home/user/git/DISCO-EB/.venv/lib/python3.12/site-packages/equinox/_module/_prebuilt.py:82:15
/home/user/git/DISCO-EB/.venv/lib/python3.12/site-packages/diffrax/_integrate.py:674:18
/home/user/git/DISCO-EB/.venv/lib/python3.12/site-packages/diffrax/_adjoint.py:911:22
/home/user/git/DISCO-EB/.venv/lib/python3.12/site-packages/equinox/_module/_prebuilt.py:34:15
/home/user/git/DISCO-EB/.venv/lib/python3.12/site-packages/diffrax/_integrate.py:1435:29
/home/user/git/DISCO-EB/.venv/lib/python3.12/site-packages/equinox/_jit.py:55:14
/home/user/git/DISCO-EB/.venv/lib/python3.12/site-packages/equinox/_jit.py:263:37
/home/user/git/DISCO-EB/.venv/lib/python3.12/site-packages/equinox/_jit.py:209:19
/home/user/git/DISCO-EB/src/discoeb/thermodynamics_recfast.py:284:7
'>/home/user/git/DISCO-EB/.venv/lib/python3.12/site-packages/equinox/internal/_loop/loop.py:103</div>"
"Total","174.0","loop fusion","loop_add_select_subtract_fusion.1","98.0","432.235","4.410561224489796","432.235","4.410561224489796","0.00016323957811258162","0.20671555807250114","7.492697259592583","7.492697259592583","0.09121999032683817","0.09121999032683817","0.0","76.49768518518519","76.49768518518519","0.0","76.49768518518519","HBM","432.235","0.00016323957811258162","118969.20000000001","6.298014326054627e-05","2.4025108903240353e-05","6.298014326054627e-05","True","5","<div class='source-info-cell' title='/home/user/git/DISCO-EB/.venv/lib/python3.12/site-packages/equinox/internal/_loop/loop.py:103:29
/home/user/git/DISCO-EB/.venv/lib/python3.12/site-packages/equinox/_module/_prebuilt.py:82:15
/home/user/git/DISCO-EB/.venv/lib/python3.12/site-packages/diffrax/_integrate.py:674:18
/home/user/git/DISCO-EB/.venv/lib/python3.12/site-packages/diffrax/_adjoint.py:911:22
/home/user/git/DISCO-EB/.venv/lib/python3.12/site-packages/equinox/_module/_prebuilt.py:34:15
/home/user/git/DISCO-EB/.venv/lib/python3.12/site-packages/diffrax/_integrate.py:1435:29
/home/user/git/DISCO-EB/.venv/lib/python3.12/site-packages/equinox/_jit.py:55:14
/home/user/git/DISCO-EB/.venv/lib/python3.12/site-packages/equinox/_jit.py:263:37
/home/user/git/DISCO-EB/.venv/lib/python3.12/site-packages/equinox/_jit.py:209:19
/home/user/git/DISCO-EB/src/discoeb/thermodynamics_recfast.py:284:7
'>/home/user/git/DISCO-EB/.venv/lib/python3.12/site-packages/equinox/internal/_loop/loop.py:103</div>"
"Total","175.0","loop fusion","loop_add_fusion.36","98.0","384.7","3.9255102040816325","384.7","3.9255102040816325","0.00014528732217407233","0.2068608453946752","7.231671432284897","7.231671432284897","0.07781760550673236","0.07781760550673236","0.0","86.54878048780488","86.54878048780488","0.0","86.54878048780488","HBM","384.7","0.00014528732217407233","134600.66341463415","5.3726863217664124e-05","2.3188137421495667e-05","5.3726863217664124e-05","True","5","<div class='source-info-cell' title='/home/user/git/DISCO-EB/.venv/lib/python3.12/site-packages/equinox/internal/_loop/loop.py:103:29
/home/user/git/DISCO-EB/.venv/lib/python3.12/site-packages/equinox/_module/_prebuilt.py:82:15
/home/user/git/DISCO-EB/.venv/lib/python3.12/site-packages/diffrax/_integrate.py:674:18
/home/user/git/DISCO-EB/.venv/lib/python3.12/site-packages/diffrax/_adjoint.py:911:22
/home/user/git/DISCO-EB/.venv/lib/python3.12/site-packages/equinox/_module/_prebuilt.py:34:15
/home/user/git/DISCO-EB/.venv/lib/python3.12/site-packages/diffrax/_integrate.py:1435:29
/home/user/git/DISCO-EB/.venv/lib/python3.12/site-packages/equinox/_jit.py:55:14
/home/user/git/DISCO-EB/.venv/lib/python3.12/site-packages/equinox/_jit.py:263:37
/home/user/git/DISCO-EB/.venv/lib/python3.12/site-packages/equinox/_jit.py:209:19
/home/user/git/DISCO-EB/src/discoeb/thermodynamics_recfast.py:284:7
'>/home/user/git/DISCO-EB/.venv/lib/python3.12/site-packages/equinox/internal/_loop/loop.py:103</div>"
"Total","176.0","loop fusion","loop_add_fusion.35","98.0","384.389","3.922336734693878","384.389","3.922336734693878","0.00014516986868512994","0.20700601526336032","7.237522405687988","7.237522405687988","0.07788056588102141","0.07788056588102141","0.0","86.54878048780488","86.54878048780488","0.0","86.54878048780488","HBM","384.389","0.00014516986868512994","134600.66341463415","5.377033234519039e-05","2.3206898392121998e-05","5.377033234519039e-05","True","5","<div class='source-info-cell' title='/home/user/git/DISCO-EB/.venv/lib/python3.12/site-packages/equinox/internal/_loop/loop.py:103:29
/home/user/git/DISCO-EB/.venv/lib/python3.12/site-packages/equinox/_module/_prebuilt.py:82:15
/home/user/git/DISCO-EB/.venv/lib/python3.12/site-packages/diffrax/_integrate.py:674:18
/home/user/git/DISCO-EB/.venv/lib/python3.12/site-packages/diffrax/_adjoint.py:911:22
/home/user/git/DISCO-EB/.venv/lib/python3.12/site-packages/equinox/_module/_prebuilt.py:34:15
/home/user/git/DISCO-EB/.venv/lib/python3.12/site-packages/diffrax/_integrate.py:1435:29
/home/user/git/DISCO-EB/.venv/lib/python3.12/site-packages/equinox/_jit.py:55:14
/home/user/git/DISCO-EB/.venv/lib/python3.12/site-packages/equinox/_jit.py:263:37
/home/user/git/DISCO-EB/.venv/lib/python3.12/site-packages/equinox/_jit.py:209:19
/home/user/git/DISCO-EB/src/discoeb/thermodynamics_recfast.py:284:7
'>/home/user/git/DISCO-EB/.venv/lib/python3.12/site-packages/equinox/internal/_loop/loop.py:103</div>"
"Total","177.0","loop fusion","loop_gather_fusion.7","98.0","375.74","3.8340816326530613","375.74","3.8340816326530613","0.0001419034531678865","0.2071479187165282","6.8475328684728805","6.8475328684728805","0.0672850444736035","0.0672850444736035","0.0","94.7797833935018","94.7797833935018","0.0","94.7797833935018","HBM","375.74","0.0001419034531678865","147401.519133574","4.6454968094784045e-05","2.195640864482548e-05","4.6454968094784045e-05","True","5","<div class='source-info-cell' title='/home/user/git/DISCO-EB/src/discoeb/ode_integrators_stiff.py:189:13
/home/user/git/DISCO-EB/.venv/lib/python3.12/site-packages/equinox/_module/_prebuilt.py:34:15
/home/user/git/DISCO-EB/.venv/lib/python3.12/site-packages/diffrax/_integrate.py:356:64
/home/user/git/DISCO-EB/.venv/lib/python3.12/site-packages/equinox/_eval_shape.py:33:15
/home/user/git/DISCO-EB/.venv/lib/python3.12/site-packages/equinox/_eval_shape.py:38:30
/home/user/git/DISCO-EB/.venv/lib/python3.12/site-packages/diffrax/_integrate.py:655:36
/home/user/git/DISCO-EB/.venv/lib/python3.12/site-packages/diffrax/_adjoint.py:911:22
/home/user/git/DISCO-EB/.venv/lib/python3.12/site-packages/equinox/_module/_prebuilt.py:34:15
/home/user/git/DISCO-EB/.venv/lib/python3.12/site-packages/diffrax/_integrate.py:1435:29
/home/user/git/DISCO-EB/.venv/lib/python3.12/site-packages/equinox/_jit.py:55:14
'>/home/user/git/DISCO-EB/src/discoeb/ode_integrators_stiff.py:189</div>"
"Total","178.0","input fusion","loop_divide_select_fusion.1","98.0","277.858","2.8352857142857144","277.858","2.8352857142857144","0.00010493695025901583","0.20725285566678722","9.798659747065047","9.798659747065047","0.0551839244091199","0.0551839244091199","0.0","165.36904761904762","165.36904761904762","0.0","165.36904761904762","HBM","277.858","0.00010493695025901582","257181.94285714286","3.8100107799978475e-05","3.1419108416217524e-05","3.8100107799978475e-05","True","5","<div class='source-info-cell' title='/home/user/git/DISCO-EB/.venv/lib/python3.12/site-packages/diffrax/_step_size_controller/pid.py:487:28
/home/user/git/DISCO-EB/.venv/lib/python3.12/site-packages/diffrax/_step_size_controller/pid.py:492:33
/home/user/git/DISCO-EB/.venv/lib/python3.12/site-packages/equinox/_module/_prebuilt.py:34:15
/home/user/git/DISCO-EB/.venv/lib/python3.12/site-packages/diffrax/_integrate.py:379:12
/home/user/git/DISCO-EB/.venv/lib/python3.12/site-packages/equinox/_eval_shape.py:33:15
/home/user/git/DISCO-EB/.venv/lib/python3.12/site-packages/equinox/_eval_shape.py:38:30
/home/user/git/DISCO-EB/.venv/lib/python3.12/site-packages/diffrax/_integrate.py:655:36
/home/user/git/DISCO-EB/.venv/lib/python3.12/site-packages/diffrax/_adjoint.py:911:22
/home/user/git/DISCO-EB/.venv/lib/python3.12/site-packages/equinox/_module/_prebuilt.py:34:15
/home/user/git/DISCO-EB/.venv/lib/python3.12/site-packages/diffrax/_integrate.py:1435:29
'>/home/user/git/DISCO-EB/.venv/lib/python3.12/site-packages/diffrax/_step_size_controller/pid.py:487</div>"
"Total","179.0","input fusion","loop_minimum_select_fusion.1","98.0","265.02","2.704285714285714","265.02","2.704285714285714","0.00010008850044859018","0.20735294416723582","3.6253565768621234","3.6253565768621234","0.024795910069001646","0.024795910069001646","0.0","136.16666666666666","136.16666666666666","0.0","136.16666666666666","HBM","265.02","0.00010008850044859018","211766.40000000002","1.7119602433918333e-05","1.1624597064919613e-05","1.7119602433918333e-05","True","5","<div class='source-info-cell' title='/home/user/git/DISCO-EB/src/discoeb/spline_interpolation.py:34:17
/home/user/git/DISCO-EB/src/discoeb/spline_interpolation.py:39:40
/home/user/git/DISCO-EB/src/discoeb/spline_interpolation.py:39:15
/home/user/git/DISCO-EB/src/discoeb/background.py:166:43
/home/user/git/DISCO-EB/src/discoeb/background.py:233:12
/home/user/git/DISCO-EB/scripts/profile_background.py:38:0
'>/home/user/git/DISCO-EB/src/discoeb/spline_interpolation.py:34</div>"
"Total","180.0","loop fusion","loop_add_fusion.37","98.0","248.864","2.5394285714285716","248.864","2.5394285714285716","9.398696164681138e-05","0.20744693112888263","2.8742686768676866","2.8742686768676866","0.0792169066617126","0.0792169066617126","0.0","33.791666666666664","33.791666666666664","0.0","33.791666666666664","HBM","248.864","9.398696164681137e-05","52552.8","5.4692969296929685e-05","9.216256254116103e-06","5.4692969296929685e-05","True","5","<div class='source-info-cell' title='/home/user/git/DISCO-EB/.venv/lib/python3.12/site-packages/equinox/internal/_loop/loop.py:103:29
/home/user/git/DISCO-EB/.venv/lib/python3.12/site-packages/equinox/_module/_prebuilt.py:82:15
/home/user/git/DISCO-EB/.venv/lib/python3.12/site-packages/diffrax/_integrate.py:674:18
/home/user/git/DISCO-EB/.venv/lib/python3.12/site-packages/diffrax/_adjoint.py:911:22
/home/user/git/DISCO-EB/.venv/lib/python3.12/site-packages/equinox/_module/_prebuilt.py:34:15
/home/user/git/DISCO-EB/.venv/lib/python3.12/site-packages/diffrax/_integrate.py:1435:29
/home/user/git/DISCO-EB/.venv/lib/python3.12/site-packages/equinox/_jit.py:55:14
/home/user/git/DISCO-EB/.venv/lib/python3.12/site-packages/equinox/_jit.py:263:37
/home/user/git/DISCO-EB/.venv/lib/python3.12/site-packages/equinox/_jit.py:209:19
/home/user/git/DISCO-EB/src/discoeb/thermodynamics_recfast.py:284:7
'>/home/user/git/DISCO-EB/.venv/lib/python3.12/site-packages/equinox/internal/_loop/loop.py:103</div>"
"Total","181.0","while","while.328","128.0","243.936","1.90575","243.936","1.90575","9.212583369340917e-05","0.20753905696257605","637.7478682933229","637.7478682933229","2.901357536661207","0.2194221886408762","0.0","204.7141654034024","2706.877505567929","0.0","204.7141654034024","Compute","243.936","9.212583369340917e-05","311869.44","0.002044919400545699","0.002044919400545699","0.00015149355777863073","True","5","<div class='source-info-cell' title='/home/user/git/DISCO-EB/.venv/lib/python3.12/site-packages/equinox/internal/_loop/loop.py:103:29
/home/user/git/DISCO-EB/.venv/lib/python3.12/site-packages/equinox/_module/_prebuilt.py:82:15
/home/user/git/DISCO-EB/.venv/lib/python3.12/site-packages/diffrax/_integrate.py:674:18
/home/user/git/DISCO-EB/.venv/lib/python3.12/site-packages/diffrax/_adjoint.py:911:22
/home/user/git/DISCO-EB/.venv/lib/python3.12/site-packages/equinox/_module/_prebuilt.py:34:15
/home/user/git/DISCO-EB/.venv/lib/python3.12/site-packages/diffrax/_integrate.py:1435:29
/home/user/git/DISCO-EB/.venv/lib/python3.12/site-packages/equinox/_jit.py:55:14
/home/user/git/DISCO-EB/.venv/lib/python3.12/site-packages/equinox/_jit.py:263:37
/home/user/git/DISCO-EB/.venv/lib/python3.12/site-packages/equinox/_jit.py:209:19
/home/user/git/DISCO-EB/src/discoeb/thermodynamics_recfast.py:284:7
'>/home/user/git/DISCO-EB/.venv/lib/python3.12/site-packages/equinox/internal/_loop/loop.py:103</div>"
"Total","182.0","custom-call","eigh.0","53.0","229.824","4.336301886792453","229.824","4.336301886792453","8.679624000866649e-05","0.20762585320258473","0.0","0.0","0.0","0.0","0.0","0.0","0.0","0.0","0.0","Unknown","229.824","8.679624000866648e-05","0.0","0.0","0.0","0.0","True","5","<div class='source-info-cell' title='/home/user/git/DISCO-EB/src/discoeb/util.py:115:15
/home/user/git/DISCO-EB/src/discoeb/background.py:42:15
/home/user/git/DISCO-EB/src/discoeb/background.py:64:11
/home/user/git/DISCO-EB/src/discoeb/background.py:164:48
/home/user/git/DISCO-EB/src/discoeb/background.py:164:26
/home/user/git/DISCO-EB/src/discoeb/background.py:233:12
/home/user/git/DISCO-EB/scripts/profile_background.py:38:0
'>/home/user/git/DISCO-EB/src/discoeb/util.py:115</div>"
"Total","183.0","custom-call","lu_pivots_to_permutation.25","98.0","223.772","2.2833877551020407","223.772","2.2833877551020407","8.451061777368472e-05","0.2077103638203584","0.0","0.0","0.0","0.0","0.0","0.0","0.0","0.0","0.0","Unknown","223.772","8.451061777368471e-05","0.0","0.0","0.0","0.0","True","5","<div class='source-info-cell' title='/home/user/git/DISCO-EB/src/discoeb/ode_integrators_stiff.py:189:13
/home/user/git/DISCO-EB/.venv/lib/python3.12/site-packages/equinox/_module/_prebuilt.py:34:15
/home/user/git/DISCO-EB/.venv/lib/python3.12/site-packages/diffrax/_integrate.py:356:64
/home/user/git/DISCO-EB/.venv/lib/python3.12/site-packages/equinox/_eval_shape.py:33:15
/home/user/git/DISCO-EB/.venv/lib/python3.12/site-packages/equinox/_eval_shape.py:38:30
/home/user/git/DISCO-EB/.venv/lib/python3.12/site-packages/diffrax/_integrate.py:655:36
/home/user/git/DISCO-EB/.venv/lib/python3.12/site-packages/diffrax/_adjoint.py:911:22
/home/user/git/DISCO-EB/.venv/lib/python3.12/site-packages/equinox/_module/_prebuilt.py:34:15
/home/user/git/DISCO-EB/.venv/lib/python3.12/site-packages/diffrax/_integrate.py:1435:29
/home/user/git/DISCO-EB/.venv/lib/python3.12/site-packages/equinox/_jit.py:55:14
'>/home/user/git/DISCO-EB/src/discoeb/ode_integrators_stiff.py:189</div>"
"Total","184.0","loop fusion","loop_and_fusion.1","128.0","201.725","1.5759765625","201.725","1.5759765625","7.618426063312904e-05","0.20778654808099153","0.0057107448258768125","0.0057107448258768125","0.014773737706132264","0.014773737706132264","0.0","0.36","0.36","0.0","0.36","HBM","201.725","7.618426063312903e-05","559.8720000000001","1.0200090066795289e-05","1.831133190182665e-08","1.0200090066795289e-05","True","5","<div class='source-info-cell' title='/home/user/git/DISCO-EB/.venv/lib/python3.12/site-packages/equinox/internal/_loop/loop.py:103:29
/home/user/git/DISCO-EB/.venv/lib/python3.12/site-packages/equinox/_module/_prebuilt.py:82:15
/home/user/git/DISCO-EB/.venv/lib/python3.12/site-packages/diffrax/_integrate.py:674:18
/home/user/git/DISCO-EB/.venv/lib/python3.12/site-packages/diffrax/_adjoint.py:911:22
/home/user/git/DISCO-EB/.venv/lib/python3.12/site-packages/equinox/_module/_prebuilt.py:34:15
/home/user/git/DISCO-EB/.venv/lib/python3.12/site-packages/diffrax/_integrate.py:1435:29
/home/user/git/DISCO-EB/.venv/lib/python3.12/site-packages/equinox/_jit.py:55:14
/home/user/git/DISCO-EB/.venv/lib/python3.12/site-packages/equinox/_jit.py:263:37
/home/user/git/DISCO-EB/.venv/lib/python3.12/site-packages/equinox/_jit.py:209:19
/home/user/git/DISCO-EB/src/discoeb/thermodynamics_recfast.py:284:7
'>/home/user/git/DISCO-EB/.venv/lib/python3.12/site-packages/equinox/internal/_loop/loop.py:103</div>"
"Total","185.0","loop fusion","loop_gather_fusion.5","98.0","199.327","2.0339489795918366","199.327","2.0339489795918366","7.527862247723243e-05","0.20786182670346876","1.5482197594906861","1.5482197594906861","0.06410444005942177","0.06410444005942177","0.0","22.492857142857144","22.492857142857144","0.0","22.492857142857144","HBM","199.327","7.527862247723242e-05","34980.891428571435","4.425901388625399e-05","4.964320195947016e-06","4.425901388625399e-05","True","5","<div class='source-info-cell' title='/home/user/git/DISCO-EB/src/discoeb/ode_integrators_stiff.py:189:13
/home/user/git/DISCO-EB/.venv/lib/python3.12/site-packages/equinox/_module/_prebuilt.py:34:15
/home/user/git/DISCO-EB/.venv/lib/python3.12/site-packages/diffrax/_integrate.py:356:64
/home/user/git/DISCO-EB/.venv/lib/python3.12/site-packages/equinox/_eval_shape.py:33:15
/home/user/git/DISCO-EB/.venv/lib/python3.12/site-packages/equinox/_eval_shape.py:38:30
/home/user/git/DISCO-EB/.venv/lib/python3.12/site-packages/diffrax/_integrate.py:655:36
/home/user/git/DISCO-EB/.venv/lib/python3.12/site-packages/diffrax/_adjoint.py:911:22
/home/user/git/DISCO-EB/.venv/lib/python3.12/site-packages/equinox/_module/_prebuilt.py:34:15
/home/user/git/DISCO-EB/.venv/lib/python3.12/site-packages/diffrax/_integrate.py:1435:29
/home/user/git/DISCO-EB/.venv/lib/python3.12/site-packages/equinox/_jit.py:55:14
'>/home/user/git/DISCO-EB/src/discoeb/ode_integrators_stiff.py:189</div>"
"Total","186.0","loop fusion","loop_select_fusion.22","30.0","189.887","6.329566666666667","189.887","6.329566666666667","7.171347477428664e-05","0.20793354017824303","0.7109491434379394","0.7109491434379394","0.0023542150637770338","0.0023542150637770338","0.0","281.25","281.25","0.0","281.25","Compute","189.887","7.171347477428664e-05","311869.44","2.2796370924895347e-06","2.2796370924895347e-06","1.6253981331457232e-06","True","5","<div class='source-info-cell' title='/home/user/git/DISCO-EB/src/discoeb/spline_interpolation.py:34:17
/home/user/git/DISCO-EB/src/discoeb/spline_interpolation.py:39:40
/home/user/git/DISCO-EB/src/discoeb/spline_interpolation.py:39:15
/home/user/git/DISCO-EB/src/discoeb/background.py:166:43
/home/user/git/DISCO-EB/src/discoeb/background.py:233:12
/home/user/git/DISCO-EB/scripts/profile_background.py:38:0
'>/home/user/git/DISCO-EB/src/discoeb/spline_interpolation.py:34</div>"
"Total","187.0","input fusion","input_concatenate_fusion","105.0","162.112","1.5439238095238095","162.112","1.5439238095238095","6.122385851906216e-05","0.2079947640367621","0.27656805171733123","0.27656805171733123","0.038605949599141424","0.038605949599141424","0.0","6.671875","6.671875","0.0","6.671875","HBM","162.112","6.122385851906215e-05","10376.100000000002","2.665433560946128e-05","8.868071578841813e-07","2.665433560946128e-05","True","5","<div class='source-info-cell' title='/home/user/git/DISCO-EB/src/discoeb/thermodynamics_recfast.py:440:14
/home/user/git/DISCO-EB/src/discoeb/thermodynamics_recfast.py:452:12
/home/user/git/DISCO-EB/src/discoeb/thermodynamics_recfast.py:461:11
/home/user/git/DISCO-EB/src/discoeb/background.py:237:82
/home/user/git/DISCO-EB/scripts/profile_background.py:38:0
'>/home/user/git/DISCO-EB/src/discoeb/thermodynamics_recfast.py:440</div>"
"Total","188.0","loop fusion","loop_select_fusion.20","98.0","161.923","1.6522755102040816","161.923","1.6522755102040816","6.115248003221293e-05","0.2080559165167943","0.018156778221747372","0.018156778221747372","0.08342176603832006","0.08342176603832006","0.0","0.20270270270270271","0.20270270270270271","0.0","0.20270270270270271","HBM","161.923","6.115248003221293e-05","315.2432432432432","5.759609003812181e-05","5.8219164473913736e-08","5.759609003812181e-05","True","5","<div class='source-info-cell' title='/home/user/git/DISCO-EB/src/discoeb/ode_integrators_stiff.py:185:21
/home/user/git/DISCO-EB/.venv/lib/python3.12/site-packages/equinox/_module/_prebuilt.py:34:15
/home/user/git/DISCO-EB/.venv/lib/python3.12/site-packages/diffrax/_integrate.py:356:64
/home/user/git/DISCO-EB/.venv/lib/python3.12/site-packages/equinox/_eval_shape.py:33:15
/home/user/git/DISCO-EB/.venv/lib/python3.12/site-packages/equinox/_eval_shape.py:38:30
/home/user/git/DISCO-EB/.venv/lib/python3.12/site-packages/diffrax/_integrate.py:655:36
/home/user/git/DISCO-EB/.venv/lib/python3.12/site-packages/diffrax/_adjoint.py:911:22
/home/user/git/DISCO-EB/.venv/lib/python3.12/site-packages/equinox/_module/_prebuilt.py:34:15
/home/user/git/DISCO-EB/.venv/lib/python3.12/site-packages/diffrax/_integrate.py:1435:29
/home/user/git/DISCO-EB/.venv/lib/python3.12/site-packages/equinox/_jit.py:55:14
'>/home/user/git/DISCO-EB/src/discoeb/ode_integrators_stiff.py:185</div>"
"Total","189.0","data formatting","copy.75","98.0","151.044","1.541265306122449","151.044","1.541265306122449","5.704387390293887e-05","0.20811296039069724","0.0","0.0","0.029004405279198186","0.029004405279198186","0.0","0.0","0.0","0.0","0.0","HBM","151.044","5.704387390293886e-05","0.0","2.0025233428833262e-05","0.0","2.0025233428833262e-05","True","5",""
"Total","190.0","loop fusion","loop_add_fusion.38","98.0","151.042","1.5412448979591837","151.042","1.5412448979591837","5.70431185750357e-05","0.20817000350927228","0.0019464784629440817","0.0019464784629440817","0.009668263112227527","0.009668263112227527","0.0","0.1875","0.1875","0.0","0.1875","HBM","151.042","5.704311857503569e-05","291.6","6.675166196653229e-06","6.2413247766247366e-09","6.675166196653229e-06","True","5","<div class='source-info-cell' title='/home/user/git/DISCO-EB/.venv/lib/python3.12/site-packages/equinox/internal/_loop/loop.py:103:29
/home/user/git/DISCO-EB/.venv/lib/python3.12/site-packages/equinox/_module/_prebuilt.py:82:15
/home/user/git/DISCO-EB/.venv/lib/python3.12/site-packages/diffrax/_integrate.py:674:18
/home/user/git/DISCO-EB/.venv/lib/python3.12/site-packages/diffrax/_adjoint.py:911:22
/home/user/git/DISCO-EB/.venv/lib/python3.12/site-packages/equinox/_module/_prebuilt.py:34:15
/home/user/git/DISCO-EB/.venv/lib/python3.12/site-packages/diffrax/_integrate.py:1435:29
/home/user/git/DISCO-EB/.venv/lib/python3.12/site-packages/equinox/_jit.py:55:14
/home/user/git/DISCO-EB/.venv/lib/python3.12/site-packages/equinox/_jit.py:263:37
/home/user/git/DISCO-EB/.venv/lib/python3.12/site-packages/equinox/_jit.py:209:19
/home/user/git/DISCO-EB/src/discoeb/thermodynamics_recfast.py:284:7
'>/home/user/git/DISCO-EB/.venv/lib/python3.12/site-packages/equinox/internal/_loop/loop.py:103</div>"
"Total","191.0","loop fusion","loop_add_fusion.34","98.0","147.456","1.5046530612244897","147.456","1.5046530612244897","5.568881564465819e-05","0.20822569232491694","0.0059814453125","0.0059814453125","0.014855080128957827","0.014855080128957827","0.0","0.375","0.375","0.0","0.375","HBM","147.456","5.568881564465819e-05","583.2","1.0256250535836761e-05","1.9179324888325062e-08","1.0256250535836761e-05","True","5","<div class='source-info-cell' title='/home/user/git/DISCO-EB/src/discoeb/ode_integrators_stiff.py:185:21
/home/user/git/DISCO-EB/.venv/lib/python3.12/site-packages/equinox/_module/_prebuilt.py:34:15
/home/user/git/DISCO-EB/.venv/lib/python3.12/site-packages/diffrax/_integrate.py:356:64
/home/user/git/DISCO-EB/.venv/lib/python3.12/site-packages/equinox/_eval_shape.py:33:15
/home/user/git/DISCO-EB/.venv/lib/python3.12/site-packages/equinox/_eval_shape.py:38:30
/home/user/git/DISCO-EB/.venv/lib/python3.12/site-packages/diffrax/_integrate.py:655:36
/home/user/git/DISCO-EB/.venv/lib/python3.12/site-packages/diffrax/_adjoint.py:911:22
/home/user/git/DISCO-EB/.venv/lib/python3.12/site-packages/equinox/_module/_prebuilt.py:34:15
/home/user/git/DISCO-EB/.venv/lib/python3.12/site-packages/diffrax/_integrate.py:1435:29
/home/user/git/DISCO-EB/.venv/lib/python3.12/site-packages/equinox/_jit.py:55:14
'>/home/user/git/DISCO-EB/src/discoeb/ode_integrators_stiff.py:185</div>"
"Total","192.0","loop fusion","loop_concatenate_fusion","12.0","66.209","5.517416666666667","66.209","5.517416666666667","2.500475257037472e-05","0.2082506970774873","9.623344258333459","9.623344258333459","0.016204497967905136","0.016204497967905136","0.0","553.0833333333334","553.0833333333334","0.0","553.0833333333334","Compute","66.209","2.5004752570374718e-05","311869.44","3.0856964562906385e-05","3.0856964562906385e-05","1.1187916155518746e-05","True","5","<div class='source-info-cell' title='/home/user/git/DISCO-EB/src/discoeb/thermodynamics_recfast.py:440:14
/home/user/git/DISCO-EB/src/discoeb/thermodynamics_recfast.py:452:12
/home/user/git/DISCO-EB/src/discoeb/thermodynamics_recfast.py:461:11
/home/user/git/DISCO-EB/src/discoeb/background.py:237:82
/home/user/git/DISCO-EB/scripts/profile_background.py:38:0
'>/home/user/git/DISCO-EB/src/discoeb/thermodynamics_recfast.py:440</div>"
"Total","193.0","conditional","cond.17.clone","30.0","56.704","1.8901333333333334","56.704","1.8901333333333334","2.1415056710576025e-05","0.20827211213419788","325316451638500.8","325316451638500.8","0.01182548415849225","0.00394182805283075","0.0","2.5620477880152156e+16","7.686143364045646e+16","0.0","2.5620477880152156e+16","Compute","56.704","2.1415056710576025e-05","311869.44","1043117439.2672164","1043117439.2672164","2.7215185463868686e-06","True","5","<div class='source-info-cell' title='/home/user/git/DISCO-EB/.venv/lib/python3.12/site-packages/equinox/_ad.py:819:15
/home/user/git/DISCO-EB/.venv/lib/python3.12/site-packages/equinox/_errors.py:342:16
/home/user/git/DISCO-EB/.venv/lib/python3.12/site-packages/equinox/_jit.py:55:14
/home/user/git/DISCO-EB/.venv/lib/python3.12/site-packages/equinox/_jit.py:263:37
/home/user/git/DISCO-EB/.venv/lib/python3.12/site-packages/equinox/_jit.py:209:19
/home/user/git/DISCO-EB/.venv/lib/python3.12/site-packages/equinox/_errors.py:271:15
/home/user/git/DISCO-EB/.venv/lib/python3.12/site-packages/equinox/_errors.py:250:11
/home/user/git/DISCO-EB/.venv/lib/python3.12/site-packages/diffrax/_integrate.py:1034:14
/home/user/git/DISCO-EB/.venv/lib/python3.12/site-packages/equinox/_jit.py:55:14
/home/user/git/DISCO-EB/.venv/lib/python3.12/site-packages/equinox/_jit.py:263:37
'>/home/user/git/DISCO-EB/.venv/lib/python3.12/site-packages/equinox/_ad.py:819</div>"
"Total","194.0","loop fusion","loop_abs_compare_fusion.1","30.0","52.417","1.7472333333333334","52.417","1.7472333333333334","1.979601135013868e-05","0.20829190814554802","0.16998302077570254","0.16998302077570254","0.013325675467150138","0.013325675467150138","0.0","11.88","11.88","0.0","11.88","HBM","52.417","1.9796011350138675e-05","18475.776","9.200318339846864e-06","5.45045454840662e-07","9.200318339846864e-06","True","5","<div class='source-info-cell' title='/home/user/git/DISCO-EB/.venv/lib/python3.12/site-packages/diffrax/_integrate.py:1033:19
/home/user/git/DISCO-EB/.venv/lib/python3.12/site-packages/equinox/_jit.py:55:14
/home/user/git/DISCO-EB/.venv/lib/python3.12/site-packages/equinox/_jit.py:263:37
/home/user/git/DISCO-EB/.venv/lib/python3.12/site-packages/equinox/_jit.py:209:19
/home/user/git/DISCO-EB/src/discoeb/thermodynamics_recfast.py:284:7
/home/user/git/DISCO-EB/src/discoeb/thermodynamics_recfast.py:432:14
/home/user/git/DISCO-EB/src/discoeb/thermodynamics_recfast.py:446:16
/home/user/git/DISCO-EB/src/discoeb/thermodynamics_recfast.py:443:14
/home/user/git/DISCO-EB/src/discoeb/thermodynamics_recfast.py:440:14
/home/user/git/DISCO-EB/src/discoeb/thermodynamics_recfast.py:452:12
'>/home/user/git/DISCO-EB/.venv/lib/python3.12/site-packages/diffrax/_integrate.py:1033</div>"
"Total","195.0","loop fusion","loop_minimum_multiply_select_fusion.1","30.0","50.558","1.6852666666666667","50.558","1.6852666666666667","1.9093934064145436e-05","0.20831100207961217","0.23735116104276277","0.23735116104276277","0.030947069214644643","0.030947069214644643","0.0","7.142857142857143","7.142857142857143","0.0","7.142857142857143","HBM","50.558","1.9093934064145432e-05","11108.57142857143","2.1366488262594383e-05","7.610593748549482e-07","2.1366488262594383e-05","True","5","<div class='source-info-cell' title='/home/user/git/DISCO-EB/.venv/lib/python3.12/site-packages/diffrax/_integrate.py:1254:12
/home/user/git/DISCO-EB/.venv/lib/python3.12/site-packages/equinox/_jit.py:55:14
/home/user/git/DISCO-EB/.venv/lib/python3.12/site-packages/equinox/_jit.py:263:37
/home/user/git/DISCO-EB/.venv/lib/python3.12/site-packages/equinox/_jit.py:209:19
/home/user/git/DISCO-EB/src/discoeb/thermodynamics_recfast.py:284:7
/home/user/git/DISCO-EB/src/discoeb/thermodynamics_recfast.py:432:14
/home/user/git/DISCO-EB/src/discoeb/thermodynamics_recfast.py:446:16
/home/user/git/DISCO-EB/src/discoeb/thermodynamics_recfast.py:443:14
/home/user/git/DISCO-EB/src/discoeb/thermodynamics_recfast.py:440:14
/home/user/git/DISCO-EB/src/discoeb/thermodynamics_recfast.py:452:12
'>/home/user/git/DISCO-EB/.venv/lib/python3.12/site-packages/diffrax/_integrate.py:1254</div>"
"Total","196.0","data formatting","copy.65","30.0","46.496","1.5498666666666667","46.496","1.5498666666666667","1.7559863092814316e-05","0.208328561942705","0.0","0.0","0.009614479435121939","0.009614479435121939","0.0","0.0","0.0","0.0","0.0","HBM","46.496","1.7559863092814313e-05","0.0","6.638032848172788e-06","0.0","6.638032848172788e-06","True","5",""
"Total","197.0","loop fusion","wrapped_slice.5","30.0","46.338","1.5446","46.338","1.5446","1.7500192188464164e-05","0.20834606213489346","0.0","0.0","0.02894178659947104","0.02894178659947104","0.0","0.0","0.0","0.0","0.0","HBM","46.338","1.750019218846416e-05","0.0","1.9982000214207042e-05","0.0","1.9982000214207042e-05","True","5","<div class='source-info-cell' title='/home/user/git/DISCO-EB/src/discoeb/thermodynamics_recfast.py:440:14
/home/user/git/DISCO-EB/src/discoeb/thermodynamics_recfast.py:452:12
/home/user/git/DISCO-EB/src/discoeb/thermodynamics_recfast.py:461:11
/home/user/git/DISCO-EB/src/discoeb/background.py:237:82
/home/user/git/DISCO-EB/scripts/profile_background.py:38:0
'>/home/user/git/DISCO-EB/src/discoeb/thermodynamics_recfast.py:440</div>"
"Total","198.0","data formatting","copy.615","30.0","44.0","1.4666666666666666","44.0","1.4666666666666666","1.6617213869662547e-05","0.20836267934876312","0.0","0.0","0.010159882632168857","0.010159882632168857","0.0","0.0","0.0","0.0","0.0","HBM","44.0","1.6617213869662547e-05","0.0","7.014590347923682e-06","0.0","7.014590347923682e-06","True","5",""
"Total","199.0","loop fusion","loop_select_fusion.5","11.0","24.385","2.216818181818182","24.385","2.216818181818182","9.209335459357301e-06","0.2083718886842225","41.57309821611646","41.57309821611646","13.766387507689153","13.766387507689153","0.0","2.8125","2.8125","0.0","2.8125","HBM","24.385","9.2093354593573e-06","4374.0","0.00950459492823879","0.00013330289180022405","0.00950459492823879","True","5","<div class='source-info-cell' title='/home/user/git/DISCO-EB/src/discoeb/spline_interpolation.py:141:27
/home/user/git/DISCO-EB/src/discoeb/spline_interpolation.py:156:14
/home/user/git/DISCO-EB/src/discoeb/background.py:311:21
/home/user/git/DISCO-EB/scripts/profile_background.py:38:0
'>/home/user/git/DISCO-EB/src/discoeb/spline_interpolation.py:141</div>"
"Total","200.0","data formatting","copy.343","11.0","21.793","1.9811818181818182","21.793","1.9811818181818182","8.230430496853544e-06","0.20838011911471935","0.0","0.0","3.8509310257307394","3.8509310257307394","0.0","0.0","0.0","0.0","0.0","HBM","21.793","8.230430496853542e-06","0.0","0.002658761383530295","0.0","0.002658761383530295","True","5",""
"Total","201.0","data formatting","copy.344","11.0","21.507","1.9551818181818184","21.507","1.9551818181818184","8.122418606700738e-06","0.20838824153332605","0.0","0.0","3.9021406911121956","3.9021406911121956","0.0","0.0","0.0","0.0","0.0","HBM","21.507","8.122418606700736e-06","0.0","0.0026941175817768964","0.0","0.0026941175817768964","True","5",""
"Total","202.0","loop fusion","loop_select_fusion.4","11.0","19.424","1.7658181818181817","19.424","1.7658181818181817","7.335744595552848e-06","0.2083955772779216","0.050967874794069196","0.050967874794069196","0.01687734484476155","0.01687734484476155","0.0","2.8125","2.8125","0.0","2.8125","HBM","19.424","7.335744595552848e-06","4374.000000000001","1.1652463373129671e-05","1.634269609554216e-07","1.1652463373129671e-05","True","5","<div class='source-info-cell' title='/home/user/git/DISCO-EB/src/discoeb/spline_interpolation.py:141:27
/home/user/git/DISCO-EB/src/discoeb/spline_interpolation.py:156:14
/home/user/git/DISCO-EB/src/discoeb/background.py:311:21
/home/user/git/DISCO-EB/scripts/profile_background.py:38:0
'>/home/user/git/DISCO-EB/src/discoeb/spline_interpolation.py:141</div>"
"Total","203.0","loop fusion","loop_select_fusion.7","11.0","19.042","1.7310909090909092","19.042","1.7310909090909092","7.1914769660480515e-06","0.20840276875488764","0.03985925848125197","0.03985925848125197","0.012911939906442932","0.012911939906442932","0.0","2.875","2.875","0.0","2.875","HBM","19.042","7.191476966048051e-06","4471.200000000001","8.914666863761846e-06","1.2780751612358033e-07","8.914666863761846e-06","True","5","<div class='source-info-cell' title='/home/user/git/DISCO-EB/src/discoeb/spline_interpolation.py:141:27
/home/user/git/DISCO-EB/src/discoeb/spline_interpolation.py:156:14
/home/user/git/DISCO-EB/src/discoeb/background.py:311:21
/home/user/git/DISCO-EB/scripts/profile_background.py:38:0
'>/home/user/git/DISCO-EB/src/discoeb/spline_interpolation.py:141</div>"
"Total","204.0","loop fusion","loop_select_fusion.6","11.0","18.688","1.6989090909090907","18.688","1.6989090909090907","7.057783927187583e-06","0.20840982653881482","0.04061429794520548","0.04061429794520548","0.013156526096879617","0.013156526096879617","0.0","2.875","2.875","0.0","2.875","HBM","18.688","7.057783927187583e-06","4471.200000000001","9.083534162015895e-06","1.3022852750563018e-07","9.083534162015895e-06","True","5","<div class='source-info-cell' title='/home/user/git/DISCO-EB/src/discoeb/spline_interpolation.py:141:27
/home/user/git/DISCO-EB/src/discoeb/spline_interpolation.py:156:14
/home/user/git/DISCO-EB/src/discoeb/background.py:311:21
/home/user/git/DISCO-EB/scripts/profile_background.py:38:0
'>/home/user/git/DISCO-EB/src/discoeb/spline_interpolation.py:141</div>"
"Total","205.0","data formatting","copy.386","11.0","17.248","1.568","17.248","1.568","6.513947836907719e-06","0.20841634048665172","0.0","0.0","0.004751645788854481","0.004751645788854481","0.0","0.0","0.0","0.0","0.0","HBM","17.248","6.5139478369077185e-06","0.0","3.2806332409507007e-06","0.0","3.2806332409507007e-06","True","5",""
"Total","206.0","data formatting","copy.394","11.0","17.248","1.568","17.248","1.568","6.513947836907719e-06","0.20842285443448863","0.0","0.0","0.004751645788854481","0.004751645788854481","0.0","0.0","0.0","0.0","0.0","HBM","17.248","6.5139478369077185e-06","0.0","3.2806332409507007e-06","0.0","3.2806332409507007e-06","True","5",""
"Total","207.0","data formatting","copy.502","11.0","17.154","1.5594545454545454","17.154","1.5594545454545454","6.4784474254588946e-06","0.2084293328819141","0.0","0.0","0.004777683721940195","0.004777683721940195","0.0","0.0","0.0","0.0","0.0","HBM","17.154","6.478447425458894e-06","0.0","3.2986103614269375e-06","0.0","3.2986103614269375e-06","True","5",""
"Total","208.0","data formatting","copy.395","11.0","17.151","1.5591818181818182","17.151","1.5591818181818182","6.4773144336041445e-06","0.2084358101963477","0.0","0.0","0.00477851941963513","0.00477851941963513","0.0","0.0","0.0","0.0","0.0","HBM","17.151","6.4773144336041445e-06","0.0","3.2991873441733833e-06","0.0","3.2991873441733833e-06","True","5",""
"Total","209.0","data formatting","copy.503","11.0","17.119","1.5562727272727273","17.119","1.5562727272727273","6.465229187153481e-06","0.20844227542553484","0.0","0.0","0.004787451753382914","0.004787451753382914","0.0","0.0","0.0","0.0","0.0","HBM","17.119","6.46522918715348e-06","0.0","3.305354409715386e-06","0.0","3.305354409715386e-06","True","5",""
"Total","210.0","data formatting","copy.385","11.0","16.991","1.5446363636363636","16.991","1.5446363636363636","6.416888201350826e-06","0.2084486923137362","0.0","0.0","0.004823517542590907","0.004823517542590907","0.0","0.0","0.0","0.0","0.0","HBM","16.991","6.416888201350826e-06","0.0","3.330254966742257e-06","0.0","3.330254966742257e-06","True","5",""
"Total","211.0","loop fusion","loop_add_fusion.5","11.0","16.517","1.5015454545454545","16.517","1.5015454545454545","6.237875488300371e-06","0.2084549301892245","0.0019979415148029304","0.0019979415148029304","0.00992388285598621","0.00992388285598621","0.0","0.1875","0.1875","0.0","0.1875","HBM","16.517","6.23787548830037e-06","291.6","6.851651285332408e-06","6.406339507977859e-09","6.851651285332408e-06","True","5","<div class='source-info-cell' title='/home/user/git/DISCO-EB/src/discoeb/spline_interpolation.py:141:27
/home/user/git/DISCO-EB/src/discoeb/spline_interpolation.py:156:14
/home/user/git/DISCO-EB/src/discoeb/background.py:313:59
/home/user/git/DISCO-EB/scripts/profile_background.py:38:0
'>/home/user/git/DISCO-EB/src/discoeb/spline_interpolation.py:141</div>"
"Total","212.0","loop fusion","loop_add_fusion.6","11.0","16.511","1.501","16.511","1.501","6.235609504590871e-06","0.2084611657987291","0.001998667554963358","0.001998667554963358","0.009927489136474121","0.009927489136474121","0.0","0.1875","0.1875","0.0","0.1875","HBM","16.511","6.2356095045908705e-06","291.6","6.854141134990938e-06","6.408667533963436e-09","6.854141134990938e-06","True","5","<div class='source-info-cell' title='/home/user/git/DISCO-EB/src/discoeb/spline_interpolation.py:141:27
/home/user/git/DISCO-EB/src/discoeb/spline_interpolation.py:156:14
/home/user/git/DISCO-EB/src/discoeb/background.py:311:21
/home/user/git/DISCO-EB/scripts/profile_background.py:38:0
'>/home/user/git/DISCO-EB/src/discoeb/spline_interpolation.py:141</div>"
"Total","213.0","loop fusion","loop_add_fusion.4","11.0","16.099","1.4635454545454545","16.099","1.4635454545454545","6.0800119565385766e-06","0.20846724581068563","0.0020498167588048947","0.0020498167588048947","0.010181549980267358","0.010181549980267358","0.0","0.1875","0.1875","0.0","0.1875","HBM","16.099","6.080011956538576e-06","291.6","7.029549927314453e-06","6.572675921067786e-09","7.029549927314453e-06","True","5","<div class='source-info-cell' title='/home/user/git/DISCO-EB/src/discoeb/spline_interpolation.py:141:27
/home/user/git/DISCO-EB/src/discoeb/spline_interpolation.py:183:14
/home/user/git/DISCO-EB/src/discoeb/background.py:323:26
/home/user/git/DISCO-EB/scripts/profile_background.py:38:0
'>/home/user/git/DISCO-EB/src/discoeb/spline_interpolation.py:141</div>"
"Total","214.0","loop fusion","loop_add_fusion.7","11.0","15.392","1.3992727272727272","15.392","1.3992727272727272","5.813003542769226e-06","0.2084730588142284","0.002143970893970894","0.002143970893970894","0.010649218628659318","0.010649218628659318","0.0","0.1875","0.1875","0.0","0.1875","HBM","15.392","5.813003542769226e-06","291.6","7.3524379079934634e-06","6.874578329864234e-09","7.3524379079934634e-06","True","5","<div class='source-info-cell' title='/home/user/git/DISCO-EB/src/discoeb/spline_interpolation.py:141:27
/home/user/git/DISCO-EB/src/discoeb/spline_interpolation.py:156:14
/home/user/git/DISCO-EB/src/discoeb/background.py:311:21
/home/user/git/DISCO-EB/scripts/profile_background.py:38:0
'>/home/user/git/DISCO-EB/src/discoeb/spline_interpolation.py:141</div>"
"Total","215.0","loop fusion","loop_add_divide_fusion.1","6.0","14.561","2.426833333333333","14.561","2.426833333333333","5.499164799003554e-06","0.2084785579790274","3.2239543987363506","3.2239543987363506","0.015350416723282386","0.015350416723282386","0.0","195.6","195.6","0.0","195.6","HBM","14.561","5.499164799003553e-06","304197.12000000005","1.0598241031132544e-05","1.0337513027042184e-05","1.0598241031132544e-05","True","5","<div class='source-info-cell' title='/home/user/git/DISCO-EB/.venv/lib/python3.12/site-packages/jax_cosmo/scipy/integrate.py:65:11
/home/user/git/DISCO-EB/.venv/lib/python3.12/site-packages/jax_cosmo/scipy/integrate.py:142:12
/home/user/git/DISCO-EB/.venv/lib/python3.12/site-packages/jax_cosmo/scipy/integrate.py:150:23
/home/user/git/DISCO-EB/src/discoeb/background.py:183:8
/home/user/git/DISCO-EB/src/discoeb/background.py:233:12
/home/user/git/DISCO-EB/scripts/profile_background.py:38:0
'>/home/user/git/DISCO-EB/.venv/lib/python3.12/site-packages/jax_cosmo/scipy/integrate.py:65</div>"
"Total","216.0","loop fusion","loop_add_divide_fusion.3","6.0","14.464","2.4106666666666667","14.464","2.4106666666666667","5.46253139569998e-06","0.20848402051042308","3.245575221238938","3.245575221238938","0.015453361304460374","0.015453361304460374","0.0","195.6","195.6","0.0","195.6","HBM","14.464","5.462531395699979e-06","304197.12","1.0669316071233475e-05","1.0406839545544885e-05","1.0669316071233475e-05","True","5","<div class='source-info-cell' title='/home/user/git/DISCO-EB/.venv/lib/python3.12/site-packages/jax_cosmo/scipy/integrate.py:65:11
/home/user/git/DISCO-EB/.venv/lib/python3.12/site-packages/jax_cosmo/scipy/integrate.py:142:12
/home/user/git/DISCO-EB/.venv/lib/python3.12/site-packages/jax_cosmo/scipy/integrate.py:150:23
/home/user/git/DISCO-EB/src/discoeb/background.py:183:8
/home/user/git/DISCO-EB/src/discoeb/background.py:233:12
/home/user/git/DISCO-EB/scripts/profile_background.py:38:0
'>/home/user/git/DISCO-EB/.venv/lib/python3.12/site-packages/jax_cosmo/scipy/integrate.py:65</div>"
"Total","217.0","loop fusion","loop_add_divide_fusion","6.0","14.433","2.4055","14.433","2.4055","5.450823813200899e-06","0.2084894713342363","3.2525462481812513","3.2525462481812513","0.015486552893211034","0.015486552893211034","0.0","195.6","195.6","0.0","195.6","HBM","14.433","5.450823813200899e-06","304197.12","1.0692232221597797e-05","1.0429191934231361e-05","1.0692232221597797e-05","True","5","<div class='source-info-cell' title='/home/user/git/DISCO-EB/.venv/lib/python3.12/site-packages/jax_cosmo/scipy/integrate.py:65:11
/home/user/git/DISCO-EB/.venv/lib/python3.12/site-packages/jax_cosmo/scipy/integrate.py:142:12
/home/user/git/DISCO-EB/.venv/lib/python3.12/site-packages/jax_cosmo/scipy/integrate.py:150:23
/home/user/git/DISCO-EB/src/discoeb/background.py:183:8
/home/user/git/DISCO-EB/src/discoeb/background.py:233:12
/home/user/git/DISCO-EB/scripts/profile_background.py:38:0
'>/home/user/git/DISCO-EB/.venv/lib/python3.12/site-packages/jax_cosmo/scipy/integrate.py:65</div>"
"Total","218.0","loop fusion","loop_add_divide_fusion.5","6.0","14.368","2.3946666666666667","14.368","2.3946666666666667","5.426275656347989e-06","0.20849489760989265","3.267260579064588","3.267260579064588","0.015556613161728483","0.015556613161728483","0.0","195.6","195.6","0.0","195.6","HBM","14.368","5.426275656347988e-06","304197.12","1.0740603261019e-05","1.047637299462425e-05","1.0740603261019e-05","True","5","<div class='source-info-cell' title='/home/user/git/DISCO-EB/.venv/lib/python3.12/site-packages/jax_cosmo/scipy/integrate.py:65:11
/home/user/git/DISCO-EB/.venv/lib/python3.12/site-packages/jax_cosmo/scipy/integrate.py:142:12
/home/user/git/DISCO-EB/.venv/lib/python3.12/site-packages/jax_cosmo/scipy/integrate.py:150:23
/home/user/git/DISCO-EB/src/discoeb/background.py:183:8
/home/user/git/DISCO-EB/src/discoeb/background.py:233:12
/home/user/git/DISCO-EB/scripts/profile_background.py:38:0
'>/home/user/git/DISCO-EB/.venv/lib/python3.12/site-packages/jax_cosmo/scipy/integrate.py:65</div>"
"Total","219.0","loop fusion","loop_add_divide_fusion.2","6.0","14.272","2.3786666666666667","14.272","2.3786666666666667","5.390019916995998e-06","0.20850028762980966","3.289237668161435","3.289237668161435","0.015661254057435174","0.015661254057435174","0.0","195.6","195.6","0.0","195.6","HBM","14.272","5.390019916995997e-06","304197.12000000005","1.081284947129491e-05","1.0546841871269705e-05","1.081284947129491e-05","True","5","<div class='source-info-cell' title='/home/user/git/DISCO-EB/.venv/lib/python3.12/site-packages/jax_cosmo/scipy/integrate.py:65:11
/home/user/git/DISCO-EB/.venv/lib/python3.12/site-packages/jax_cosmo/scipy/integrate.py:142:12
/home/user/git/DISCO-EB/.venv/lib/python3.12/site-packages/jax_cosmo/scipy/integrate.py:150:23
/home/user/git/DISCO-EB/src/discoeb/background.py:183:8
/home/user/git/DISCO-EB/src/discoeb/background.py:233:12
/home/user/git/DISCO-EB/scripts/profile_background.py:38:0
'>/home/user/git/DISCO-EB/.venv/lib/python3.12/site-packages/jax_cosmo/scipy/integrate.py:65</div>"
"Total","220.0","loop fusion","loop_add_divide_fusion.4","6.0","14.208","2.368","14.208","2.368","5.36584942409467e-06","0.20850565347923375","3.304054054054054","3.304054054054054","0.015731800246883084","0.015731800246883084","0.0","195.6","195.6","0.0","195.6","HBM","14.208","5.3658494240946696e-06","304197.12","1.086155600044489e-05","1.0594350167987136e-05","1.086155600044489e-05","True","5","<div class='source-info-cell' title='/home/user/git/DISCO-EB/.venv/lib/python3.12/site-packages/jax_cosmo/scipy/integrate.py:65:11
/home/user/git/DISCO-EB/.venv/lib/python3.12/site-packages/jax_cosmo/scipy/integrate.py:142:12
/home/user/git/DISCO-EB/.venv/lib/python3.12/site-packages/jax_cosmo/scipy/integrate.py:150:23
/home/user/git/DISCO-EB/src/discoeb/background.py:183:8
/home/user/git/DISCO-EB/src/discoeb/background.py:233:12
/home/user/git/DISCO-EB/scripts/profile_background.py:38:0
'>/home/user/git/DISCO-EB/.venv/lib/python3.12/site-packages/jax_cosmo/scipy/integrate.py:65</div>"
"Total","221.0","loop fusion","loop_divide_fusion.20","6.0","13.121","2.1868333333333334","13.121","2.1868333333333334","4.955328708723689e-06","0.20851060880794248","1033.8817163325966","1033.8817163325966","10.462952372450152","10.462952372450152","0.0","92.02731195050472","92.02731195050472","0.0","92.02731195050472","HBM","13.121","4.955328708723688e-06","143120.87554542496","0.007223835882728751","0.003315110696106026","0.007223835882728751","True","5","<div class='source-info-cell' title='/home/user/git/DISCO-EB/.venv/lib/python3.12/site-packages/jax_cosmo/scipy/integrate.py:65:11
/home/user/git/DISCO-EB/.venv/lib/python3.12/site-packages/jax_cosmo/scipy/integrate.py:142:12
/home/user/git/DISCO-EB/.venv/lib/python3.12/site-packages/jax_cosmo/scipy/integrate.py:150:23
/home/user/git/DISCO-EB/src/discoeb/thermodynamics_recfast.py:488:45
/home/user/git/DISCO-EB/src/discoeb/thermodynamics_recfast.py:488:21
/home/user/git/DISCO-EB/src/discoeb/background.py:237:82
/home/user/git/DISCO-EB/scripts/profile_background.py:38:0
'>/home/user/git/DISCO-EB/.venv/lib/python3.12/site-packages/jax_cosmo/scipy/integrate.py:65</div>"
"Total","222.0","loop fusion","loop_divide_fusion","6.0","13.12","2.1866666666666665","13.12","2.1866666666666665","4.954951044772105e-06","0.20851556375898725","1033.960518292683","1033.960518292683","10.463749853576102","10.463749853576102","0.0","92.02731195050472","92.02731195050472","0.0","92.02731195050472","HBM","13.12","4.954951044772105e-06","143120.87554542496","0.007224386479975911","0.0033153633722261566","0.007224386479975911","True","5","<div class='source-info-cell' title='/home/user/git/DISCO-EB/.venv/lib/python3.12/site-packages/jax_cosmo/scipy/integrate.py:65:11
/home/user/git/DISCO-EB/.venv/lib/python3.12/site-packages/jax_cosmo/scipy/integrate.py:142:12
/home/user/git/DISCO-EB/.venv/lib/python3.12/site-packages/jax_cosmo/scipy/integrate.py:150:23
/home/user/git/DISCO-EB/src/discoeb/thermodynamics_recfast.py:488:45
/home/user/git/DISCO-EB/src/discoeb/thermodynamics_recfast.py:488:21
/home/user/git/DISCO-EB/src/discoeb/background.py:237:82
/home/user/git/DISCO-EB/scripts/profile_background.py:38:0
'>/home/user/git/DISCO-EB/.venv/lib/python3.12/site-packages/jax_cosmo/scipy/integrate.py:65</div>"
"Total","223.0","loop fusion","loop_divide_fusion.21","6.0","13.12","2.1866666666666665","13.12","2.1866666666666665","4.954951044772105e-06","0.20852051871003202","1033.960518292683","1033.960518292683","10.463749853576102","10.463749853576102","0.0","92.02731195050472","92.02731195050472","0.0","92.02731195050472","HBM","13.12","4.954951044772105e-06","143120.87554542496","0.007224386479975911","0.0033153633722261566","0.007224386479975911","True","5","<div class='source-info-cell' title='/home/user/git/DISCO-EB/.venv/lib/python3.12/site-packages/jax_cosmo/scipy/integrate.py:65:11
/home/user/git/DISCO-EB/.venv/lib/python3.12/site-packages/jax_cosmo/scipy/integrate.py:142:12
/home/user/git/DISCO-EB/.venv/lib/python3.12/site-packages/jax_cosmo/scipy/integrate.py:150:23
/home/user/git/DISCO-EB/src/discoeb/thermodynamics_recfast.py:488:45
/home/user/git/DISCO-EB/src/discoeb/thermodynamics_recfast.py:488:21
/home/user/git/DISCO-EB/src/discoeb/background.py:237:82
/home/user/git/DISCO-EB/scripts/profile_background.py:38:0
'>/home/user/git/DISCO-EB/.venv/lib/python3.12/site-packages/jax_cosmo/scipy/integrate.py:65</div>"
"Total","224.0","loop fusion","loop_divide_fusion.18","6.0","13.119","2.1865","13.119","2.1865","4.954573380820522e-06","0.20852547328341284","1034.039332266179","1034.039332266179","10.464547456278561","10.464547456278561","0.0","92.02731195050472","92.02731195050472","0.0","92.02731195050472","HBM","13.119","4.954573380820522e-06","143120.87554542496","0.007224937161161974","0.0033156160868669238","0.007224937161161974","True","5","<div class='source-info-cell' title='/home/user/git/DISCO-EB/.venv/lib/python3.12/site-packages/jax_cosmo/scipy/integrate.py:65:11
/home/user/git/DISCO-EB/.venv/lib/python3.12/site-packages/jax_cosmo/scipy/integrate.py:142:12
/home/user/git/DISCO-EB/.venv/lib/python3.12/site-packages/jax_cosmo/scipy/integrate.py:150:23
/home/user/git/DISCO-EB/src/discoeb/thermodynamics_recfast.py:488:45
/home/user/git/DISCO-EB/src/discoeb/thermodynamics_recfast.py:488:21
/home/user/git/DISCO-EB/src/discoeb/background.py:237:82
/home/user/git/DISCO-EB/scripts/profile_background.py:38:0
'>/home/user/git/DISCO-EB/.venv/lib/python3.12/site-packages/jax_cosmo/scipy/integrate.py:65</div>"
"Total","225.0","loop fusion","loop_divide_fusion.19","6.0","13.088","2.1813333333333333","13.088","2.1813333333333333","4.942865798321441e-06","0.20853041614921117","1036.4885391198045","1036.4885391198045","10.489333594049391","10.489333594049391","0.0","92.02731195050472","92.02731195050472","0.0","92.02731195050472","HBM","13.088","4.942865798321441e-06","143120.875545425","0.007242050016601768","0.003323469395141135","0.007242050016601768","True","5","<div class='source-info-cell' title='/home/user/git/DISCO-EB/.venv/lib/python3.12/site-packages/jax_cosmo/scipy/integrate.py:65:11
/home/user/git/DISCO-EB/.venv/lib/python3.12/site-packages/jax_cosmo/scipy/integrate.py:142:12
/home/user/git/DISCO-EB/.venv/lib/python3.12/site-packages/jax_cosmo/scipy/integrate.py:150:23
/home/user/git/DISCO-EB/src/discoeb/thermodynamics_recfast.py:488:45
/home/user/git/DISCO-EB/src/discoeb/thermodynamics_recfast.py:488:21
/home/user/git/DISCO-EB/src/discoeb/background.py:237:82
/home/user/git/DISCO-EB/scripts/profile_background.py:38:0
'>/home/user/git/DISCO-EB/.venv/lib/python3.12/site-packages/jax_cosmo/scipy/integrate.py:65</div>"
"Total","226.0","loop fusion","loop_divide_fusion.17","6.0","12.864","2.144","12.864","2.144","4.8582690731667965e-06","0.20853527441828434","1054.5368470149253","1054.5368470149253","10.671983681507964","10.671983681507964","0.0","92.02731195050472","92.02731195050472","0.0","92.02731195050472","HBM","12.864","4.858269073166796e-06","143120.87554542496","0.00736815536514956","0.0033813407527679704","0.00736815536514956","True","5","<div class='source-info-cell' title='/home/user/git/DISCO-EB/.venv/lib/python3.12/site-packages/jax_cosmo/scipy/integrate.py:65:11
/home/user/git/DISCO-EB/.venv/lib/python3.12/site-packages/jax_cosmo/scipy/integrate.py:142:12
/home/user/git/DISCO-EB/.venv/lib/python3.12/site-packages/jax_cosmo/scipy/integrate.py:150:23
/home/user/git/DISCO-EB/src/discoeb/thermodynamics_recfast.py:488:45
/home/user/git/DISCO-EB/src/discoeb/thermodynamics_recfast.py:488:21
/home/user/git/DISCO-EB/src/discoeb/background.py:237:82
/home/user/git/DISCO-EB/scripts/profile_background.py:38:0
'>/home/user/git/DISCO-EB/.venv/lib/python3.12/site-packages/jax_cosmo/scipy/integrate.py:65</div>"
"Total","227.0","loop fusion","loop_add_power_fusion","6.0","12.514","2.0856666666666666","12.514","2.0856666666666666","4.7260866901126615e-06","0.20854000050497445","2.6451973789355923","2.6451973789355923","0.010716833206379166","0.010716833206379166","0.0","229.875","229.875","0.0","229.875","Compute","12.514","4.7260866901126615e-06","311869.44","8.481746011842623e-06","8.481746011842623e-06","7.39912039256773e-06","True","5","<div class='source-info-cell' title='/home/user/git/DISCO-EB/.venv/lib/python3.12/site-packages/jax_cosmo/scipy/integrate.py:64:10
/home/user/git/DISCO-EB/.venv/lib/python3.12/site-packages/jax_cosmo/scipy/integrate.py:142:12
/home/user/git/DISCO-EB/.venv/lib/python3.12/site-packages/jax_cosmo/scipy/integrate.py:150:23
/home/user/git/DISCO-EB/src/discoeb/thermodynamics_recfast.py:488:45
/home/user/git/DISCO-EB/src/discoeb/thermodynamics_recfast.py:488:21
/home/user/git/DISCO-EB/src/discoeb/background.py:237:82
/home/user/git/DISCO-EB/scripts/profile_background.py:38:0
'>/home/user/git/DISCO-EB/.venv/lib/python3.12/site-packages/jax_cosmo/scipy/integrate.py:64</div>"
"Total","228.0","loop fusion","loop_add_power_fusion.1","6.0","12.352","2.058666666666667","12.352","2.058666666666667","4.664905129956178e-06","0.2085446654101044","2.679889896373057","2.679889896373057","0.010857387527900655","0.010857387527900655","0.0","229.875","229.875","0.0","229.875","Compute","12.352","4.664905129956177e-06","311869.44","8.592986527865817e-06","8.592986527865817e-06","7.496161965073881e-06","True","5","<div class='source-info-cell' title='/home/user/git/DISCO-EB/.venv/lib/python3.12/site-packages/jax_cosmo/scipy/integrate.py:64:10
/home/user/git/DISCO-EB/.venv/lib/python3.12/site-packages/jax_cosmo/scipy/integrate.py:142:12
/home/user/git/DISCO-EB/.venv/lib/python3.12/site-packages/jax_cosmo/scipy/integrate.py:150:23
/home/user/git/DISCO-EB/src/discoeb/thermodynamics_recfast.py:488:45
/home/user/git/DISCO-EB/src/discoeb/thermodynamics_recfast.py:488:21
/home/user/git/DISCO-EB/src/discoeb/background.py:237:82
/home/user/git/DISCO-EB/scripts/profile_background.py:38:0
'>/home/user/git/DISCO-EB/.venv/lib/python3.12/site-packages/jax_cosmo/scipy/integrate.py:64</div>"
"Total","229.0","loop fusion","loop_add_power_fusion.2","6.0","12.32","2.0533333333333332","12.32","2.0533333333333332","4.6528198835055135e-06","0.20854931822998793","2.6868506493506494","2.6868506493506494","0.010885588534466632","0.010885588534466632","0.0","229.875","229.875","0.0","229.875","Compute","12.32","4.6528198835055135e-06","311869.44","8.615305973392742e-06","8.615305973392742e-06","7.515632515632516e-06","True","5","<div class='source-info-cell' title='/home/user/git/DISCO-EB/.venv/lib/python3.12/site-packages/jax_cosmo/scipy/integrate.py:64:10
/home/user/git/DISCO-EB/.venv/lib/python3.12/site-packages/jax_cosmo/scipy/integrate.py:142:12
/home/user/git/DISCO-EB/.venv/lib/python3.12/site-packages/jax_cosmo/scipy/integrate.py:150:23
/home/user/git/DISCO-EB/src/discoeb/thermodynamics_recfast.py:488:45
/home/user/git/DISCO-EB/src/discoeb/thermodynamics_recfast.py:488:21
/home/user/git/DISCO-EB/src/discoeb/background.py:237:82
/home/user/git/DISCO-EB/scripts/profile_background.py:38:0
'>/home/user/git/DISCO-EB/.venv/lib/python3.12/site-packages/jax_cosmo/scipy/integrate.py:64</div>"
"Total","230.0","loop fusion","loop_add_power_fusion.5","6.0","12.32","2.0533333333333332","12.32","2.0533333333333332","4.6528198835055135e-06","0.20855397104987144","2.6868506493506494","2.6868506493506494","0.010885588534466632","0.010885588534466632","0.0","229.875","229.875","0.0","229.875","Compute","12.32","4.6528198835055135e-06","311869.44","8.615305973392742e-06","8.615305973392742e-06","7.515632515632516e-06","True","5","<div class='source-info-cell' title='/home/user/git/DISCO-EB/.venv/lib/python3.12/site-packages/jax_cosmo/scipy/integrate.py:64:10
/home/user/git/DISCO-EB/.venv/lib/python3.12/site-packages/jax_cosmo/scipy/integrate.py:142:12
/home/user/git/DISCO-EB/.venv/lib/python3.12/site-packages/jax_cosmo/scipy/integrate.py:150:23
/home/user/git/DISCO-EB/src/discoeb/thermodynamics_recfast.py:488:45
/home/user/git/DISCO-EB/src/discoeb/thermodynamics_recfast.py:488:21
/home/user/git/DISCO-EB/src/discoeb/background.py:237:82
/home/user/git/DISCO-EB/scripts/profile_background.py:38:0
'>/home/user/git/DISCO-EB/.venv/lib/python3.12/site-packages/jax_cosmo/scipy/integrate.py:64</div>"
"Total","231.0","loop fusion","loop_add_power_fusion.4","6.0","12.316","2.0526666666666666","12.316","2.0526666666666666","4.651309227699181e-06","0.20855862235909914","2.6877232867814227","2.6877232867814227","0.010889123964325178","0.010889123964325178","0.0","229.875","229.875","0.0","229.875","Compute","12.316","4.65130922769918e-06","311869.44000000006","8.618104059126224e-06","8.618104059126224e-06","7.518073448570362e-06","True","5","<div class='source-info-cell' title='/home/user/git/DISCO-EB/.venv/lib/python3.12/site-packages/jax_cosmo/scipy/integrate.py:64:10
/home/user/git/DISCO-EB/.venv/lib/python3.12/site-packages/jax_cosmo/scipy/integrate.py:142:12
/home/user/git/DISCO-EB/.venv/lib/python3.12/site-packages/jax_cosmo/scipy/integrate.py:150:23
/home/user/git/DISCO-EB/src/discoeb/thermodynamics_recfast.py:488:45
/home/user/git/DISCO-EB/src/discoeb/thermodynamics_recfast.py:488:21
/home/user/git/DISCO-EB/src/discoeb/background.py:237:82
/home/user/git/DISCO-EB/scripts/profile_background.py:38:0
'>/home/user/git/DISCO-EB/.venv/lib/python3.12/site-packages/jax_cosmo/scipy/integrate.py:64</div>"
"Total","232.0","loop fusion","loop_add_power_fusion.3","6.0","12.288","2.048","12.288","2.048","4.64073463705485e-06","0.20856326309373618","2.69384765625","2.69384765625","0.010913936421275139","0.010913936421275139","0.0","229.875","229.875","0.0","229.875","Compute","12.288","4.640734637054849e-06","311869.44","8.637741666031785e-06","8.637741666031785e-06","7.5352044753086416e-06","True","5","<div class='source-info-cell' title='/home/user/git/DISCO-EB/.venv/lib/python3.12/site-packages/jax_cosmo/scipy/integrate.py:64:10
/home/user/git/DISCO-EB/.venv/lib/python3.12/site-packages/jax_cosmo/scipy/integrate.py:142:12
/home/user/git/DISCO-EB/.venv/lib/python3.12/site-packages/jax_cosmo/scipy/integrate.py:150:23
/home/user/git/DISCO-EB/src/discoeb/thermodynamics_recfast.py:488:45
/home/user/git/DISCO-EB/src/discoeb/thermodynamics_recfast.py:488:21
/home/user/git/DISCO-EB/src/discoeb/background.py:237:82
/home/user/git/DISCO-EB/scripts/profile_background.py:38:0
'>/home/user/git/DISCO-EB/.venv/lib/python3.12/site-packages/jax_cosmo/scipy/integrate.py:64</div>"
"Total","233.0","loop fusion","loop_dynamic_update_slice_fusion.58","6.0","11.712","1.952","11.712","1.952","4.423200200942904e-06","0.20856768629393713","0.0","0.0","7.813185697696246","7.813185697696246","0.0","0.0","0.0","0.0","0.0","HBM","11.712","4.423200200942904e-06","0.0","0.005394382884706199","0.0","0.005394382884706199","True","5","<div class='source-info-cell' title='/home/user/git/DISCO-EB/.venv/lib/python3.12/site-packages/jax_cosmo/scipy/integrate.py:150:23
/home/user/git/DISCO-EB/src/discoeb/thermodynamics_recfast.py:488:45
/home/user/git/DISCO-EB/src/discoeb/thermodynamics_recfast.py:488:21
/home/user/git/DISCO-EB/src/discoeb/background.py:237:82
/home/user/git/DISCO-EB/scripts/profile_background.py:38:0
'>/home/user/git/DISCO-EB/.venv/lib/python3.12/site-packages/jax_cosmo/scipy/integrate.py:150</div>"
"Total","234.0","loop fusion","loop_dynamic_update_slice_fusion.11","6.0","11.711","1.9518333333333333","11.711","1.9518333333333333","4.422822536991321e-06","0.2085721091164741","0.0","0.0","7.813852864095162","7.813852864095162","0.0","0.0","0.0","0.0","0.0","HBM","11.711","4.42282253699132e-06","0.0","0.005394843510005892","0.0","0.005394843510005892","True","5","<div class='source-info-cell' title='/home/user/git/DISCO-EB/.venv/lib/python3.12/site-packages/jax_cosmo/scipy/integrate.py:150:23
/home/user/git/DISCO-EB/src/discoeb/thermodynamics_recfast.py:488:45
/home/user/git/DISCO-EB/src/discoeb/thermodynamics_recfast.py:488:21
/home/user/git/DISCO-EB/src/discoeb/background.py:237:82
/home/user/git/DISCO-EB/scripts/profile_background.py:38:0
'>/home/user/git/DISCO-EB/.venv/lib/python3.12/site-packages/jax_cosmo/scipy/integrate.py:150</div>"
"Total","235.0","loop fusion","loop_dynamic_update_slice_fusion.60","6.0","11.616","1.936","11.616","1.936","4.386944461590913e-06","0.2085764960609357","0.0","0.0","7.8777574803218355","7.8777574803218355","0.0","0.0","0.0","0.0","0.0","HBM","11.616","4.386944461590913e-06","0.0","0.005438964561439308","0.0","0.005438964561439308","True","5","<div class='source-info-cell' title='/home/user/git/DISCO-EB/.venv/lib/python3.12/site-packages/jax_cosmo/scipy/integrate.py:150:23
/home/user/git/DISCO-EB/src/discoeb/thermodynamics_recfast.py:488:45
/home/user/git/DISCO-EB/src/discoeb/thermodynamics_recfast.py:488:21
/home/user/git/DISCO-EB/src/discoeb/background.py:237:82
/home/user/git/DISCO-EB/scripts/profile_background.py:38:0
'>/home/user/git/DISCO-EB/.venv/lib/python3.12/site-packages/jax_cosmo/scipy/integrate.py:150</div>"
"Total","236.0","loop fusion","loop_dynamic_update_slice_fusion.59","6.0","11.52","1.92","11.52","1.92","4.350688722238922e-06","0.20858084674965793","0.0","0.0","7.943405459324518","7.943405459324518","0.0","0.0","0.0","0.0","0.0","HBM","11.52","4.350688722238921e-06","0.0","0.0054842892661179695","0.0","0.0054842892661179695","True","5","<div class='source-info-cell' title='/home/user/git/DISCO-EB/.venv/lib/python3.12/site-packages/jax_cosmo/scipy/integrate.py:150:23
/home/user/git/DISCO-EB/src/discoeb/thermodynamics_recfast.py:488:45
/home/user/git/DISCO-EB/src/discoeb/thermodynamics_recfast.py:488:21
/home/user/git/DISCO-EB/src/discoeb/background.py:237:82
/home/user/git/DISCO-EB/scripts/profile_background.py:38:0
'>/home/user/git/DISCO-EB/.venv/lib/python3.12/site-packages/jax_cosmo/scipy/integrate.py:150</div>"
"Total","237.0","loop fusion","loop_dynamic_update_slice_fusion.56","6.0","11.519","1.9198333333333333","11.519","1.9198333333333333","4.350311058287339e-06","0.2085851970607162","0.0","0.0","7.944095050908799","7.944095050908799","0.0","0.0","0.0","0.0","0.0","HBM","11.519","4.350311058287338e-06","0.0","0.005484765374223371","0.0","0.005484765374223371","True","5","<div class='source-info-cell' title='/home/user/git/DISCO-EB/.venv/lib/python3.12/site-packages/jax_cosmo/scipy/integrate.py:150:23
/home/user/git/DISCO-EB/src/discoeb/thermodynamics_recfast.py:488:45
/home/user/git/DISCO-EB/src/discoeb/thermodynamics_recfast.py:488:21
/home/user/git/DISCO-EB/src/discoeb/background.py:237:82
/home/user/git/DISCO-EB/scripts/profile_background.py:38:0
'>/home/user/git/DISCO-EB/.venv/lib/python3.12/site-packages/jax_cosmo/scipy/integrate.py:150</div>"
"Total","238.0","loop fusion","loop_dynamic_update_slice_fusion.57","6.0","11.36","1.8933333333333333","11.36","1.8933333333333333","4.290262489985603e-06","0.2085894873232062","0.0","0.0","8.05528440945585","8.05528440945585","0.0","0.0","0.0","0.0","0.0","HBM","11.36","4.290262489985603e-06","0.0","0.005561532776908363","0.0","0.005561532776908363","True","5","<div class='source-info-cell' title='/home/user/git/DISCO-EB/.venv/lib/python3.12/site-packages/jax_cosmo/scipy/integrate.py:150:23
/home/user/git/DISCO-EB/src/discoeb/thermodynamics_recfast.py:488:45
/home/user/git/DISCO-EB/src/discoeb/thermodynamics_recfast.py:488:21
/home/user/git/DISCO-EB/src/discoeb/background.py:237:82
/home/user/git/DISCO-EB/scripts/profile_background.py:38:0
'>/home/user/git/DISCO-EB/.venv/lib/python3.12/site-packages/jax_cosmo/scipy/integrate.py:150</div>"
"Total","239.0","data formatting","copy.243","6.0","9.472","1.5786666666666667","9.472","1.5786666666666667","3.5772329493964464e-06","0.2085930645561556","0.0","0.0","0.00943908014812985","0.00943908014812985","0.0","0.0","0.0","0.0","0.0","HBM","9.472","3.5772329493964464e-06","0.0","6.516933600266933e-06","0.0","6.516933600266933e-06","True","5",""
"Total","240.0","data formatting","copy.261","6.0","9.472","1.5786666666666667","9.472","1.5786666666666667","3.5772329493964464e-06","0.20859664178910498","0.0","0.0","0.00943908014812985","0.00943908014812985","0.0","0.0","0.0","0.0","0.0","HBM","9.472","3.5772329493964464e-06","0.0","6.516933600266933e-06","0.0","6.516933600266933e-06","True","5",""
"Total","241.0","data formatting","copy.216","6.0","9.471","1.5785","9.471","1.5785","3.5768552854448637e-06","0.20860021864439043","0.0","0.0","0.00944007677785724","0.00944007677785724","0.0","0.0","0.0","0.0","0.0","HBM","9.471","3.5768552854448633e-06","0.0","6.5176216937734545e-06","0.0","6.5176216937734545e-06","True","5",""
"Total","242.0","loop fusion","loop_dynamic_update_slice_fusion.27","6.0","9.439","1.5731666666666666","9.439","1.5731666666666666","3.5647700389942e-06","0.20860378341442942","0.0","0.0","0.014208120642507564","0.014208120642507564","0.0","0.0","0.0","0.0","0.0","HBM","9.439","3.5647700389941995e-06","0.0","9.8095765009633e-06","0.0","9.8095765009633e-06","True","5","<div class='source-info-cell' title='/home/user/git/DISCO-EB/.venv/lib/python3.12/site-packages/jax_cosmo/scipy/integrate.py:150:23
/home/user/git/DISCO-EB/src/discoeb/background.py:183:8
/home/user/git/DISCO-EB/src/discoeb/background.py:233:12
/home/user/git/DISCO-EB/scripts/profile_background.py:38:0
'>/home/user/git/DISCO-EB/.venv/lib/python3.12/site-packages/jax_cosmo/scipy/integrate.py:150</div>"
"Total","243.0","data formatting","copy.225","6.0","9.408","1.5679999999999998","9.408","1.5679999999999998","3.5530624564951192e-06","0.20860733647688592","0.0","0.0","0.009503291577708963","0.009503291577708963","0.0","0.0","0.0","0.0","0.0","HBM","9.408","3.5530624564951192e-06","0.0","6.5612664819014015e-06","0.0","6.5612664819014015e-06","True","5",""
"Total","244.0","loop fusion","loop_dynamic_update_slice_fusion.29","6.0","9.408","1.5679999999999998","9.408","1.5679999999999998","3.5530624564951192e-06","0.20861088953934243","0.0","0.0","0.014254937366563445","0.014254937366563445","0.0","0.0","0.0","0.0","0.0","HBM","9.408","3.5530624564951192e-06","0.0","9.841899722852104e-06","0.0","9.841899722852104e-06","True","5","<div class='source-info-cell' title='/home/user/git/DISCO-EB/.venv/lib/python3.12/site-packages/jax_cosmo/scipy/integrate.py:150:23
/home/user/git/DISCO-EB/src/discoeb/background.py:183:8
/home/user/git/DISCO-EB/src/discoeb/background.py:233:12
/home/user/git/DISCO-EB/scripts/profile_background.py:38:0
'>/home/user/git/DISCO-EB/.venv/lib/python3.12/site-packages/jax_cosmo/scipy/integrate.py:150</div>"
"Total","245.0","loop fusion","loop_dynamic_update_slice_fusion.31","6.0","9.407","1.5678333333333334","9.407","1.5678333333333334","3.552684792543536e-06","0.20861444222413497","0.0","0.0","0.01425645272080673","0.01425645272080673","0.0","0.0","0.0","0.0","0.0","HBM","9.407","3.5526847925435357e-06","0.0","9.842945954352354e-06","0.0","9.842945954352354e-06","True","5","<div class='source-info-cell' title='/home/user/git/DISCO-EB/.venv/lib/python3.12/site-packages/jax_cosmo/scipy/integrate.py:150:23
/home/user/git/DISCO-EB/src/discoeb/background.py:183:8
/home/user/git/DISCO-EB/src/discoeb/background.py:233:12
/home/user/git/DISCO-EB/scripts/profile_background.py:38:0
'>/home/user/git/DISCO-EB/.venv/lib/python3.12/site-packages/jax_cosmo/scipy/integrate.py:150</div>"
"Total","246.0","data formatting","copy.234","6.0","9.377","1.5628333333333335","9.377","1.5628333333333335","3.5413548739960394e-06","0.20861798357900896","0.0","0.0","0.009534709092789372","0.009534709092789372","0.0","0.0","0.0","0.0","0.0","HBM","9.377","3.5413548739960385e-06","0.0","6.582957775592236e-06","0.0","6.582957775592236e-06","True","5",""
"Total","247.0","data formatting","copy.162","6.0","9.375","1.5625","9.375","1.5625","3.5405995460928724e-06","0.20862152417855506","0.0","0.0","0.0095367431640625","0.0095367431640625","0.0","0.0","0.0","0.0","0.0","HBM","9.375","3.5405995460928724e-06","0.0","6.584362139917696e-06","0.0","6.584362139917696e-06","True","5",""
"Total","248.0","data formatting","copy.252","6.0","9.31","1.5516666666666667","9.31","1.5516666666666667","3.516051389239962e-06","0.2086250402299443","0.0","0.0","0.009603326225895374","0.009603326225895374","0.0","0.0","0.0","0.0","0.0","HBM","9.31","3.5160513892399617e-06","0.0","6.630332444868786e-06","0.0","6.630332444868786e-06","True","5",""
"Total","249.0","loop fusion","loop_dynamic_update_slice_fusion.30","6.0","9.184","1.5306666666666666","9.184","1.5306666666666666","3.4684657313404736e-06","0.20862850869567565","0.0","0.0","0.01460261876574792","0.01460261876574792","0.0","0.0","0.0","0.0","0.0","HBM","9.184","3.4684657313404736e-06","0.0","1.0081946057555813e-05","0.0","1.0081946057555813e-05","True","5","<div class='source-info-cell' title='/home/user/git/DISCO-EB/.venv/lib/python3.12/site-packages/jax_cosmo/scipy/integrate.py:150:23
/home/user/git/DISCO-EB/src/discoeb/background.py:183:8
/home/user/git/DISCO-EB/src/discoeb/background.py:233:12
/home/user/git/DISCO-EB/scripts/profile_background.py:38:0
'>/home/user/git/DISCO-EB/.venv/lib/python3.12/site-packages/jax_cosmo/scipy/integrate.py:150</div>"
"Total","250.0","loop fusion","loop_dynamic_update_slice_fusion.7","6.0","9.183","1.5305","9.183","1.5305","3.4680880673888905e-06","0.20863197678374304","0.0","0.0","0.014604208945293356","0.014604208945293356","0.0","0.0","0.0","0.0","0.0","HBM","9.183","3.46808806738889e-06","0.0","1.0083043949971968e-05","0.0","1.0083043949971968e-05","True","5","<div class='source-info-cell' title='/home/user/git/DISCO-EB/.venv/lib/python3.12/site-packages/jax_cosmo/scipy/integrate.py:150:23
/home/user/git/DISCO-EB/src/discoeb/background.py:183:8
/home/user/git/DISCO-EB/src/discoeb/background.py:233:12
/home/user/git/DISCO-EB/scripts/profile_background.py:38:0
'>/home/user/git/DISCO-EB/.venv/lib/python3.12/site-packages/jax_cosmo/scipy/integrate.py:150</div>"
"Total","251.0","loop fusion","loop_dynamic_update_slice_fusion.28","6.0","9.12","1.5199999999999998","9.12","1.5199999999999998","3.444295238439146e-06","0.20863542107898148","0.0","0.0","0.014705093283402292","0.014705093283402292","0.0","0.0","0.0","0.0","0.0","HBM","9.12","3.444295238439146e-06","0.0","1.0152696556205328e-05","0.0","1.0152696556205328e-05","True","5","<div class='source-info-cell' title='/home/user/git/DISCO-EB/.venv/lib/python3.12/site-packages/jax_cosmo/scipy/integrate.py:150:23
/home/user/git/DISCO-EB/src/discoeb/background.py:183:8
/home/user/git/DISCO-EB/src/discoeb/background.py:233:12
/home/user/git/DISCO-EB/scripts/profile_background.py:38:0
'>/home/user/git/DISCO-EB/.venv/lib/python3.12/site-packages/jax_cosmo/scipy/integrate.py:150</div>"
"Total","252.0","data formatting","copy.171","6.0","8.864","1.4773333333333334","8.864","1.4773333333333334","3.3476132668338374e-06","0.20863876869224832","0.0","0.0","0.010086526078867997","0.010086526078867997","0.0","0.0","0.0","0.0","0.0","HBM","8.864","3.3476132668338366e-06","0.0","6.9639434862058205e-06","0.0","6.9639434862058205e-06","True","5",""
"Total","253.0","data formatting","copy.198","6.0","8.832","1.4720000000000002","8.832","1.4720000000000002","3.3355280203831736e-06","0.2086421042202687","0.0","0.0","0.010123071463211722","0.010123071463211722","0.0","0.0","0.0","0.0","0.0","HBM","8.832","3.3355280203831732e-06","0.0","6.989175165503667e-06","0.0","6.989175165503667e-06","True","5",""
"Total","254.0","data formatting","copy.189","6.0","8.801","1.4668333333333334","8.801","1.4668333333333334","3.323820437884093e-06","0.20864542804070657","0.0","0.0","0.01015872823123349","0.01015872823123349","0.0","0.0","0.0","0.0","0.0","HBM","8.801","3.3238204378840925e-06","0.0","7.013793325954823e-06","0.0","7.013793325954823e-06","True","5",""
"Total","255.0","data formatting","copy.180","6.0","8.768","1.4613333333333334","8.768","1.4613333333333334","3.311357527481846e-06","0.20864873939823406","0.0","0.0","0.010196962495789911","0.010196962495789911","0.0","0.0","0.0","0.0","0.0","HBM","8.768","3.3113575274818457e-06","0.0","7.040191042624133e-06","0.0","7.040191042624133e-06","True","5",""
"Total","256.0","data formatting","copy.207","6.0","8.735","1.4558333333333333","8.735","1.4558333333333333","3.298894617079599e-06","0.20865203829285114","0.0","0.0","0.010235485651183278","0.010235485651183278","0.0","0.0","0.0","0.0","0.0","HBM","8.735","3.298894617079599e-06","0.0","7.066788215423972e-06","0.0","7.066788215423972e-06","True","5",""
"Total","257.0","loop fusion","loop_multiply_pad_fusion","1.0","5.504","5.504","5.504","5.504","2.0786623895141515e-06","0.20865411695524066","2465.6664244186045","2465.6664244186045","15.230102161335392","15.230102161335392","0.0","150.7757977068705","150.7757977068705","0.0","150.7757977068705","HBM","5.504","2.0786623895141515e-06","234486.52059372497","0.010515173401760934","0.007906085393998862","0.010515173401760934","True","5","<div class='source-info-cell' title='/home/user/git/DISCO-EB/src/discoeb/spline_interpolation.py:62:17
/home/user/git/DISCO-EB/src/discoeb/background.py:252:40
/home/user/git/DISCO-EB/scripts/profile_background.py:38:0
'>/home/user/git/DISCO-EB/src/discoeb/spline_interpolation.py:62</div>"
"Total","258.0","loop fusion","loop_multiply_pad_slice_fusion","1.0","4.288","4.288","4.288","4.288","1.6194230243889321e-06","0.20865573637826507","4314.0326492537315","4314.0326492537315","35.52926120473378","35.52926120473378","0.0","113.08301545383412","113.08301545383412","0.0","113.08301545383412","HBM","4.288","1.619423024388932e-06","175866.70563380283","0.02453012714206744","0.01383281622352524","0.02453012714206744","True","5","<div class='source-info-cell' title='/home/user/git/DISCO-EB/src/discoeb/spline_interpolation.py:62:17
/home/user/git/DISCO-EB/src/discoeb/background.py:250:40
/home/user/git/DISCO-EB/scripts/profile_background.py:38:0
'>/home/user/git/DISCO-EB/src/discoeb/spline_interpolation.py:62</div>"
"Total","259.0","loop fusion","loop_divide_select_fusion.2","1.0","3.776","3.776","3.776","3.776","1.4260590811783132e-06","0.20865716243734625","3164.047404661017","3164.047404661017","19.21543409511194","19.21543409511194","0.0","153.35322431585973","153.35322431585973","0.0","153.35322431585973","HBM","3.776","1.426059081178313e-06","238494.9344560251","0.013266727915533233","0.010145423048378888","0.013266727915533233","True","5","<div class='source-info-cell' title='/home/user/git/DISCO-EB/src/discoeb/background.py:313:16
/home/user/git/DISCO-EB/scripts/profile_background.py:38:0
'>/home/user/git/DISCO-EB/src/discoeb/background.py:313</div>"
"Total","260.0","loop fusion","loop_multiply_pad_slice_fusion.2","1.0","3.744","3.744","3.744","3.744","1.4139738347276497e-06","0.208658576411181","1865.4198717948718","1865.4198717948718","14.224559323400513","14.224559323400513","0.0","122.13437325125909","122.13437325125909","0.0","122.13437325125909","HBM","3.744","1.4139738347276495e-06","189943.37728035814","0.009820926101790299","0.005981412836714209","0.009820926101790299","True","5","<div class='source-info-cell' title='/home/user/git/DISCO-EB/src/discoeb/spline_interpolation.py:62:17
/home/user/git/DISCO-EB/src/discoeb/background.py:166:43
/home/user/git/DISCO-EB/src/discoeb/background.py:233:12
/home/user/git/DISCO-EB/scripts/profile_background.py:38:0
'>/home/user/git/DISCO-EB/src/discoeb/spline_interpolation.py:62</div>"
"Total","261.0","loop fusion","loop_divide_fusion.24","1.0","2.592","2.592","2.592","2.592","9.789049625037575e-07","0.2086595553161435","2.5435956790123457","2.5435956790123457","0.028744523907885136","0.028744523907885136","0.0","82.4125","82.4125","0.0","82.4125","HBM","2.592","9.789049625037572e-07","128167.92000000003","1.984580602550424e-05","8.155963210157256e-06","1.984580602550424e-05","True","5","<div class='source-info-cell' title='/home/user/git/DISCO-EB/src/discoeb/spline_interpolation.py:159:12
/home/user/git/DISCO-EB/src/discoeb/background.py:323:47
/home/user/git/DISCO-EB/scripts/profile_background.py:38:0
'>/home/user/git/DISCO-EB/src/discoeb/spline_interpolation.py:159</div>"
"Total","262.0","loop fusion","loop_multiply_pad_slice_fusion.1","1.0","2.592","2.592","2.592","2.592","9.789049625037575e-07","0.208660534221106","1899.4193672839506","1899.4193672839506","23.513020556650044","23.513020556650044","0.0","75.23372555012224","75.23372555012224","0.0","75.23372555012224","HBM","2.592","9.789049625037572e-07","117003.48997555012","0.01623386932886247","0.006090431198657844","0.01623386932886247","True","5","<div class='source-info-cell' title='/home/user/git/DISCO-EB/src/discoeb/spline_interpolation.py:62:17
/home/user/git/DISCO-EB/src/discoeb/background.py:248:40
/home/user/git/DISCO-EB/scripts/profile_background.py:38:0
'>/home/user/git/DISCO-EB/src/discoeb/spline_interpolation.py:62</div>"
"Total","263.0","input fusion","loop_multiply_fusion.17","1.0","2.144","2.144","2.144","2.144","8.097115121944661e-07","0.2086613439326182","31.75","31.75","0.2224053909529501","0.2224053909529501","0.0","132.953125","132.953125","0.0","132.953125","HBM","2.144","8.09711512194466e-07","206768.69999999998","0.00015355322154658805","0.00010180542216640399","0.00015355322154658805","True","5","<div class='source-info-cell' title='/home/user/git/DISCO-EB/src/discoeb/util.py:115:15
/home/user/git/DISCO-EB/src/discoeb/background.py:42:15
/home/user/git/DISCO-EB/src/discoeb/background.py:64:11
/home/user/git/DISCO-EB/src/discoeb/background.py:164:48
/home/user/git/DISCO-EB/src/discoeb/background.py:164:26
/home/user/git/DISCO-EB/src/discoeb/background.py:233:12
/home/user/git/DISCO-EB/scripts/profile_background.py:38:0
'>/home/user/git/DISCO-EB/src/discoeb/util.py:115</div>"
"Total","264.0","loop fusion","loop_slice_fusion.14","1.0","2.08","2.08","2.08","2.08","7.855410192931387e-07","0.2086621294736375","17.70576923076923","17.70576923076923","43.97633557136242","43.97633557136242","0.0","0.37496945507860224","0.37496945507860224","0.0","0.37496945507860224","HBM","2.08","7.855410192931386e-07","583.1524965382423","0.03036215970243748","5.6773017679350795e-05","0.03036215970243748","True","5","<div class='source-info-cell' title='/home/user/git/DISCO-EB/.venv/lib/python3.12/site-packages/jax_cosmo/scipy/integrate.py:150:53
/home/user/git/DISCO-EB/src/discoeb/thermodynamics_recfast.py:488:45
/home/user/git/DISCO-EB/src/discoeb/thermodynamics_recfast.py:488:21
/home/user/git/DISCO-EB/src/discoeb/background.py:237:82
/home/user/git/DISCO-EB/scripts/profile_background.py:38:0
'>/home/user/git/DISCO-EB/.venv/lib/python3.12/site-packages/jax_cosmo/scipy/integrate.py:150</div>"
"Total","265.0","loop fusion","loop_slice_fusion.10","1.0","2.048","2.048","2.048","2.048","7.73455772842475e-07","0.20866290292941034","17.982421875","17.982421875","44.66346581466496","44.66346581466496","0.0","0.37496945507860224","0.37496945507860224","0.0","0.37496945507860224","HBM","2.048","7.734557728424749e-07","583.1524965382423","0.030836568447788065","5.766009608059065e-05","0.030836568447788065","True","5","<div class='source-info-cell' title='/home/user/git/DISCO-EB/.venv/lib/python3.12/site-packages/jax_cosmo/scipy/integrate.py:150:53
/home/user/git/DISCO-EB/src/discoeb/thermodynamics_recfast.py:488:45
/home/user/git/DISCO-EB/src/discoeb/thermodynamics_recfast.py:488:21
/home/user/git/DISCO-EB/src/discoeb/background.py:237:82
/home/user/git/DISCO-EB/scripts/profile_background.py:38:0
'>/home/user/git/DISCO-EB/.venv/lib/python3.12/site-packages/jax_cosmo/scipy/integrate.py:150</div>"
"Total","266.0","loop fusion","loop_pad_fusion.10","1.0","2.016","2.016","2.016","2.016","7.613705263918113e-07","0.20866366429993674","0.0","0.0","1.8885152207480536","1.8885152207480536","0.0","0.0","0.0","0.0","0.0","HBM","2.016","7.613705263918112e-07","0.0","0.0013038694558756287","0.0","0.0013038694558756287","True","5","<div class='source-info-cell' title='/home/user/git/DISCO-EB/src/discoeb/spline_interpolation.py:75:25
/home/user/git/DISCO-EB/src/discoeb/background.py:167:43
/home/user/git/DISCO-EB/src/discoeb/background.py:233:12
/home/user/git/DISCO-EB/scripts/profile_background.py:38:0
'>/home/user/git/DISCO-EB/src/discoeb/spline_interpolation.py:75</div>"
"Total","267.0","loop fusion","loop_pad_fusion.8","1.0","2.016","2.016","2.016","2.016","7.613705263918113e-07","0.20866442567046314","0.0","0.0","3.780726165998549","3.780726165998549","0.0","0.0","0.0","0.0","0.0","HBM","2.016","7.613705263918112e-07","0.0","0.0026102905153831076","0.0","0.0026102905153831076","True","5","<div class='source-info-cell' title='/home/user/git/DISCO-EB/src/discoeb/spline_interpolation.py:75:25
/home/user/git/DISCO-EB/src/discoeb/background.py:248:40
/home/user/git/DISCO-EB/scripts/profile_background.py:38:0
'>/home/user/git/DISCO-EB/src/discoeb/spline_interpolation.py:75</div>"
"Total","268.0","loop fusion","loop_slice_fusion.11","1.0","2.016","2.016","2.016","2.016","7.613705263918113e-07","0.20866518704098955","18.267857142857142","18.267857142857142","45.37240971648504","45.37240971648504","0.0","0.37496945507860224","0.37496945507860224","0.0","0.37496945507860224","HBM","2.016","7.613705263918112e-07","583.1524965382423","0.03132603778822914","5.8575335700917484e-05","0.03132603778822914","True","5","<div class='source-info-cell' title='/home/user/git/DISCO-EB/.venv/lib/python3.12/site-packages/jax_cosmo/scipy/integrate.py:150:53
/home/user/git/DISCO-EB/src/discoeb/thermodynamics_recfast.py:488:45
/home/user/git/DISCO-EB/src/discoeb/thermodynamics_recfast.py:488:21
/home/user/git/DISCO-EB/src/discoeb/background.py:237:82
/home/user/git/DISCO-EB/scripts/profile_background.py:38:0
'>/home/user/git/DISCO-EB/.venv/lib/python3.12/site-packages/jax_cosmo/scipy/integrate.py:150</div>"
"Total","269.0","loop fusion","loop_slice_fusion.12","1.0","2.016","2.016","2.016","2.016","7.613705263918113e-07","0.20866594841151595","18.267857142857142","18.267857142857142","45.37240971648504","45.37240971648504","0.0","0.37496945507860224","0.37496945507860224","0.0","0.37496945507860224","HBM","2.016","7.613705263918112e-07","583.1524965382423","0.03132603778822914","5.8575335700917484e-05","0.03132603778822914","True","5","<div class='source-info-cell' title='/home/user/git/DISCO-EB/.venv/lib/python3.12/site-packages/jax_cosmo/scipy/integrate.py:150:53
/home/user/git/DISCO-EB/src/discoeb/thermodynamics_recfast.py:488:45
/home/user/git/DISCO-EB/src/discoeb/thermodynamics_recfast.py:488:21
/home/user/git/DISCO-EB/src/discoeb/background.py:237:82
/home/user/git/DISCO-EB/scripts/profile_background.py:38:0
'>/home/user/git/DISCO-EB/.venv/lib/python3.12/site-packages/jax_cosmo/scipy/integrate.py:150</div>"
"Total","270.0","loop fusion","loop_slice_fusion.13","1.0","2.016","2.016","2.016","2.016","7.613705263918113e-07","0.20866670978204235","18.267857142857142","18.267857142857142","45.37240971648504","45.37240971648504","0.0","0.37496945507860224","0.37496945507860224","0.0","0.37496945507860224","HBM","2.016","7.613705263918112e-07","583.1524965382423","0.03132603778822914","5.8575335700917484e-05","0.03132603778822914","True","5","<div class='source-info-cell' title='/home/user/git/DISCO-EB/.venv/lib/python3.12/site-packages/jax_cosmo/scipy/integrate.py:150:53
/home/user/git/DISCO-EB/src/discoeb/thermodynamics_recfast.py:488:45
/home/user/git/DISCO-EB/src/discoeb/thermodynamics_recfast.py:488:21
/home/user/git/DISCO-EB/src/discoeb/background.py:237:82
/home/user/git/DISCO-EB/scripts/profile_background.py:38:0
'>/home/user/git/DISCO-EB/.venv/lib/python3.12/site-packages/jax_cosmo/scipy/integrate.py:150</div>"
"Total","271.0","data formatting","copy.466","1.0","1.984","1.984","1.984","1.984","7.492852799411477e-07","0.2086674590673223","0.0","0.0","7.6759005746533795","7.6759005746533795","0.0","0.0","0.0","0.0","0.0","HBM","1.984","7.492852799411476e-07","0.0","0.005299598433559007","0.0","0.005299598433559007","True","5",""
"Total","272.0","data formatting","copy.481","1.0","1.984","1.984","1.984","1.984","7.492852799411477e-07","0.20866820835260222","0.0","0.0","7.6759005746533795","7.6759005746533795","0.0","0.0","0.0","0.0","0.0","HBM","1.984","7.492852799411476e-07","0.0","0.005299598433559007","0.0","0.005299598433559007","True","5",""
"Total","273.0","input fusion","input_concatenate_fusion.29","1.0","1.984","1.984","1.984","1.984","7.492852799411477e-07","0.20866895763788215","3.096774193548387","3.096774193548387","7.683411240577697","7.683411240577697","0.0","0.375366568914956","0.375366568914956","0.0","0.375366568914956","HBM","1.984","7.492852799411476e-07","583.7700879765397","0.005304783950617283","9.92971351584941e-06","0.005304783950617283","True","5","<div class='source-info-cell' title='/home/user/git/DISCO-EB/src/discoeb/spline_interpolation.py:85:21
/home/user/git/DISCO-EB/src/discoeb/background.py:248:40
/home/user/git/DISCO-EB/scripts/profile_background.py:38:0
'>/home/user/git/DISCO-EB/src/discoeb/spline_interpolation.py:85</div>"
"Total","274.0","loop fusion","loop_pad_fusion.2","1.0","1.984","1.984","1.984","1.984","7.492852799411477e-07","0.20866970692316208","0.0","0.0","3.8417056202888484","3.8417056202888484","0.0","0.0","0.0","0.0","0.0","HBM","1.984","7.492852799411476e-07","0.0","0.0026523919753086416","0.0","0.0026523919753086416","True","5","<div class='source-info-cell' title='/home/user/git/DISCO-EB/src/discoeb/spline_interpolation.py:75:25
/home/user/git/DISCO-EB/src/discoeb/background.py:256:40
/home/user/git/DISCO-EB/scripts/profile_background.py:38:0
'>/home/user/git/DISCO-EB/src/discoeb/spline_interpolation.py:75</div>"
"Total","275.0","loop fusion","loop_pad_fusion.4","1.0","1.984","1.984","1.984","1.984","7.492852799411477e-07","0.20867045620844202","0.0","0.0","3.8417056202888484","3.8417056202888484","0.0","0.0","0.0","0.0","0.0","HBM","1.984","7.492852799411476e-07","0.0","0.0026523919753086416","0.0","0.0026523919753086416","True","5","<div class='source-info-cell' title='/home/user/git/DISCO-EB/src/discoeb/spline_interpolation.py:75:25
/home/user/git/DISCO-EB/src/discoeb/background.py:252:40
/home/user/git/DISCO-EB/scripts/profile_background.py:38:0
'>/home/user/git/DISCO-EB/src/discoeb/spline_interpolation.py:75</div>"
"Total","276.0","data formatting","copy.232","1.0","1.953","1.953","1.953","1.953","7.375776974420673e-07","0.20867119378613946","0.0","0.0","7.805370149158296","7.805370149158296","0.0","0.0","0.0","0.0","0.0","HBM","1.953","7.375776974420672e-07","0.0","0.005388986870468352","0.0","0.005388986870468352","True","5",""
"Total","277.0","data formatting","copy.250","1.0","1.953","1.953","1.953","1.953","7.375776974420673e-07","0.2086719313638369","0.0","0.0","7.805370149158296","7.805370149158296","0.0","0.0","0.0","0.0","0.0","HBM","1.953","7.375776974420672e-07","0.0","0.005388986870468352","0.0","0.005388986870468352","True","5",""
"Total","278.0","data formatting","copy.322","1.0","1.952","1.952","1.952","1.952","7.37200033490484e-07","0.2086726685638704","0.0","0.0","7.801735010303435","7.801735010303435","0.0","0.0","0.0","0.0","0.0","HBM","1.952","7.372000334904839e-07","0.0","0.005386477096404237","0.0","0.005386477096404237","True","5",""
"Total","279.0","input fusion","input_concatenate_fusion.24","1.0","1.952","1.952","1.952","1.952","7.37200033490484e-07","0.2086734057639039","155.5548155737705","155.5548155737705","3.9085012967469264","3.9085012967469264","0.0","37.0657958984375","37.0657958984375","0.0","37.0657958984375","HBM","1.952","7.372000334904839e-07","57644.725781249996","0.0026985090737367606","0.0004987818478584195","0.0026985090737367606","True","5","<div class='source-info-cell' title='/home/user/git/DISCO-EB/src/discoeb/background.py:160:11
/home/user/git/DISCO-EB/src/discoeb/background.py:233:12
/home/user/git/DISCO-EB/scripts/profile_background.py:38:0
'>/home/user/git/DISCO-EB/src/discoeb/background.py:160</div>"
"Total","280.0","loop fusion","loop_pad_fusion.1","1.0","1.952","1.952","1.952","1.952","7.37200033490484e-07","0.20867414296393738","0.0","0.0","3.9046844009493213","3.9046844009493213","0.0","0.0","0.0","0.0","0.0","HBM","1.952","7.372000334904839e-07","0.0","0.0026958738109694393","0.0","0.0026958738109694393","True","5","<div class='source-info-cell' title='/home/user/git/DISCO-EB/src/discoeb/spline_interpolation.py:75:25
/home/user/git/DISCO-EB/src/discoeb/background.py:320:17
/home/user/git/DISCO-EB/scripts/profile_background.py:38:0
'>/home/user/git/DISCO-EB/src/discoeb/spline_interpolation.py:75</div>"
"Total","281.0","loop fusion","loop_pad_fusion.11","1.0","1.952","1.952","1.952","1.952","7.37200033490484e-07","0.20867488016397087","0.0","0.0","1.9504337525758588","1.9504337525758588","0.0","0.0","0.0","0.0","0.0","HBM","1.952","7.372000334904839e-07","0.0","0.0013466192741010592","0.0","0.0013466192741010592","True","5","<div class='source-info-cell' title='/home/user/git/DISCO-EB/src/discoeb/spline_interpolation.py:75:25
/home/user/git/DISCO-EB/src/discoeb/background.py:166:43
/home/user/git/DISCO-EB/src/discoeb/background.py:233:12
/home/user/git/DISCO-EB/scripts/profile_background.py:38:0
'>/home/user/git/DISCO-EB/src/discoeb/spline_interpolation.py:75</div>"
"Total","282.0","loop fusion","loop_pad_fusion.6","1.0","1.952","1.952","1.952","1.952","7.37200033490484e-07","0.20867561736400436","0.0","0.0","3.9046844009493213","3.9046844009493213","0.0","0.0","0.0","0.0","0.0","HBM","1.952","7.372000334904839e-07","0.0","0.0026958738109694393","0.0","0.0026958738109694393","True","5","<div class='source-info-cell' title='/home/user/git/DISCO-EB/src/discoeb/spline_interpolation.py:75:25
/home/user/git/DISCO-EB/src/discoeb/background.py:250:40
/home/user/git/DISCO-EB/scripts/profile_background.py:38:0
'>/home/user/git/DISCO-EB/src/discoeb/spline_interpolation.py:75</div>"
"Total","283.0","loop fusion","loop_pad_fusion.7","1.0","1.952","1.952","1.952","1.952","7.37200033490484e-07","0.20867635456403785","0.0","0.0","3.9046844009493213","3.9046844009493213","0.0","0.0","0.0","0.0","0.0","HBM","1.952","7.372000334904839e-07","0.0","0.0026958738109694393","0.0","0.0026958738109694393","True","5","<div class='source-info-cell' title='/home/user/git/DISCO-EB/src/discoeb/spline_interpolation.py:75:25
/home/user/git/DISCO-EB/src/discoeb/background.py:249:40
/home/user/git/DISCO-EB/scripts/profile_background.py:38:0
'>/home/user/git/DISCO-EB/src/discoeb/spline_interpolation.py:75</div>"
"Total","284.0","loop fusion","loop_pad_fusion.9","1.0","1.952","1.952","1.952","1.952","7.37200033490484e-07","0.20867709176407134","0.0","0.0","1.9504337525758588","1.9504337525758588","0.0","0.0","0.0","0.0","0.0","HBM","1.952","7.372000334904839e-07","0.0","0.0013466192741010592","0.0","0.0013466192741010592","True","5","<div class='source-info-cell' title='/home/user/git/DISCO-EB/src/discoeb/spline_interpolation.py:75:25
/home/user/git/DISCO-EB/src/discoeb/background.py:168:43
/home/user/git/DISCO-EB/src/discoeb/background.py:233:12
/home/user/git/DISCO-EB/scripts/profile_background.py:38:0
'>/home/user/git/DISCO-EB/src/discoeb/spline_interpolation.py:75</div>"
"Total","285.0","data formatting","copy.451","1.0","1.951","1.951","1.951","1.951","7.368223695389007e-07","0.20867782858644088","0.0","0.0","7.805733849365609","7.805733849365609","0.0","0.0","0.0","0.0","0.0","HBM","1.951","7.368223695389007e-07","0.0","0.005389237976515156","0.0","0.005389237976515156","True","5",""
"Total","286.0","data formatting","copy.223","1.0","1.92","1.92","1.92","1.92","7.251147870398203e-07","0.20867855370122793","0.0","0.0","7.939524948596954","7.939524948596954","0.0","0.0","0.0","0.0","0.0","HBM","1.92","7.251147870398202e-07","0.0","0.0054816100823045265","0.0","0.0054816100823045265","True","5",""
"Total","287.0","data formatting","copy.139","1.0","1.888","1.888","1.888","1.888","7.130295405891566e-07","0.2086792667307685","0.0","0.0","4.025207737744864","4.025207737744864","0.0","0.0","0.0","0.0","0.0","HBM","1.888","7.130295405891565e-07","0.0","0.002779085582757899","0.0","0.002779085582757899","True","5",""
"Total","288.0","loop fusion","loop_pad_fusion.5","1.0","1.888","1.888","1.888","1.888","7.130295405891566e-07","0.20867997976030908","0.0","0.0","4.037046584032349","4.037046584032349","0.0","0.0","0.0","0.0","0.0","HBM","1.888","7.130295405891565e-07","0.0","0.002787259363883657","0.0","0.002787259363883657","True","5","<div class='source-info-cell' title='/home/user/git/DISCO-EB/src/discoeb/spline_interpolation.py:75:25
/home/user/git/DISCO-EB/src/discoeb/background.py:251:40
/home/user/git/DISCO-EB/scripts/profile_background.py:38:0
'>/home/user/git/DISCO-EB/src/discoeb/spline_interpolation.py:75</div>"
"Total","289.0","loop fusion","wrapped_slice.12","1.0","1.888","1.888","1.888","1.888","7.130295405891566e-07","0.20868069278984966","0.0","0.0","8.081985732256355","8.081985732256355","0.0","0.0","0.0","0.0","0.0","HBM","1.888","7.130295405891565e-07","0.0","0.005579967915184487","0.0","0.005579967915184487","True","5","<div class='source-info-cell' title='/home/user/git/DISCO-EB/src/discoeb/thermodynamics_recfast.py:453:18
/home/user/git/DISCO-EB/src/discoeb/thermodynamics_recfast.py:461:11
/home/user/git/DISCO-EB/src/discoeb/background.py:237:82
/home/user/git/DISCO-EB/scripts/profile_background.py:38:0
'>/home/user/git/DISCO-EB/src/discoeb/thermodynamics_recfast.py:453</div>"
"Total","290.0","data formatting","copy.241","1.0","1.856","1.856","1.856","1.856","7.009442941384929e-07","0.2086813937341438","0.0","0.0","8.213301670962366","8.213301670962366","0.0","0.0","0.0","0.0","0.0","HBM","1.856","7.009442941384928e-07","0.0","0.005670631119625372","0.0","0.005670631119625372","True","5",""
"Total","291.0","data formatting","copy.436","1.0","1.856","1.856","1.856","1.856","7.009442941384929e-07","0.20868209467843793","0.0","0.0","8.20527302807775","8.20527302807775","0.0","0.0","0.0","0.0","0.0","HBM","1.856","7.009442941384928e-07","0.0","0.0056650879807010075","0.0","0.0056650879807010075","True","5",""
"Total","292.0","loop fusion","loop_pad_fusion.3","1.0","1.856","1.856","1.856","1.856","7.009442941384929e-07","0.20868279562273206","0.0","0.0","4.106650835481183","4.106650835481183","0.0","0.0","0.0","0.0","0.0","HBM","1.856","7.009442941384928e-07","0.0","0.002835315559812686","0.0","0.002835315559812686","True","5","<div class='source-info-cell' title='/home/user/git/DISCO-EB/src/discoeb/spline_interpolation.py:75:25
/home/user/git/DISCO-EB/src/discoeb/background.py:255:40
/home/user/git/DISCO-EB/scripts/profile_background.py:38:0
'>/home/user/git/DISCO-EB/src/discoeb/spline_interpolation.py:75</div>"
"Total","293.0","loop fusion","loop_broadcast_fusion.8","1.0","1.728","1.728","1.728","1.728","6.526033083358382e-07","0.2086834482260404","0.0","0.0","4.4151588722511566","4.4151588722511566","0.0","0.0","0.0","0.0","0.0","HBM","1.728","6.526033083358382e-07","0.0","0.003048315805517451","0.0","0.003048315805517451","True","5","<div class='source-info-cell' title='/home/user/git/DISCO-EB/src/discoeb/spline_interpolation.py:141:27
/home/user/git/DISCO-EB/src/discoeb/spline_interpolation.py:156:14
/home/user/git/DISCO-EB/src/discoeb/background.py:313:59
/home/user/git/DISCO-EB/scripts/profile_background.py:38:0
'>/home/user/git/DISCO-EB/src/discoeb/spline_interpolation.py:141</div>"
"Total","294.0","loop fusion","loop_broadcast_fusion.7","1.0","1.696","1.696","1.696","1.696","6.405180618851746e-07","0.2086840887441023","0.0","0.0","4.498463756633254","4.498463756633254","0.0","0.0","0.0","0.0","0.0","HBM","1.696","6.405180618851746e-07","0.0","0.003105831198074384","0.0","0.003105831198074384","True","5","<div class='source-info-cell' title='/home/user/git/DISCO-EB/src/discoeb/spline_interpolation.py:139:18
/home/user/git/DISCO-EB/src/discoeb/spline_interpolation.py:156:14
/home/user/git/DISCO-EB/src/discoeb/background.py:86:20
/home/user/git/DISCO-EB/src/discoeb/thermodynamics_recfast.py:479:64
/home/user/git/DISCO-EB/src/discoeb/background.py:237:82
/home/user/git/DISCO-EB/scripts/profile_background.py:38:0
'>/home/user/git/DISCO-EB/src/discoeb/spline_interpolation.py:139</div>"
"Total","295.0","data formatting","copy.380","1.0","1.6","1.6","1.6","1.6","6.042623225331836e-07","0.20868469300642484","0.0","0.0","0.004656612873077393","0.004656612873077393","0.0","0.0","0.0","0.0","0.0","HBM","1.6","6.042623225331835e-07","0.0","3.215020576131687e-06","0.0","3.215020576131687e-06","True","5",""
"Total","296.0","data formatting","copy.379","1.0","1.569","1.569","1.569","1.569","5.925547400341031e-07","0.20868528556116486","0.0","0.0","0.004748617333922133","0.004748617333922133","0.0","0.0","0.0","0.0","0.0","HBM","1.569","5.925547400341031e-07","0.0","3.278542333850031e-06","0.0","3.278542333850031e-06","True","5",""
"Total","297.0","loop fusion","wrapped_slice.10","1.0","1.568","1.568","1.568","1.568","5.921770760825199e-07","0.20868587773824093","0.0","0.0","0.009503291577708963","0.009503291577708963","0.0","0.0","0.0","0.0","0.0","HBM","1.568","5.921770760825198e-07","0.0","6.5612664819014015e-06","0.0","6.5612664819014015e-06","True","5","<div class='source-info-cell' title='/home/user/git/DISCO-EB/src/discoeb/spline_interpolation.py:39:64
/home/user/git/DISCO-EB/src/discoeb/background.py:256:40
/home/user/git/DISCO-EB/scripts/profile_background.py:38:0
'>/home/user/git/DISCO-EB/src/discoeb/spline_interpolation.py:39</div>"
"Total","298.0","loop fusion","wrapped_slice.14","1.0","1.568","1.568","1.568","1.568","5.921770760825199e-07","0.208686469915317","0.0","0.0","0.009503291577708963","0.009503291577708963","0.0","0.0","0.0","0.0","0.0","HBM","1.568","5.921770760825198e-07","0.0","6.5612664819014015e-06","0.0","6.5612664819014015e-06","True","5","<div class='source-info-cell' title='/home/user/git/DISCO-EB/src/discoeb/spline_interpolation.py:39:64
/home/user/git/DISCO-EB/src/discoeb/background.py:320:17
/home/user/git/DISCO-EB/scripts/profile_background.py:38:0
'>/home/user/git/DISCO-EB/src/discoeb/spline_interpolation.py:39</div>"
"Total","299.0","loop fusion","wrapped_slice.11","1.0","1.536","1.536","1.536","1.536","5.800918296318563e-07","0.20868705000714663","0.0","0.0","0.009701276818911234","0.009701276818911234","0.0","0.0","0.0","0.0","0.0","HBM","1.536","5.800918296318562e-07","0.0","6.6979595336076815e-06","0.0","6.6979595336076815e-06","True","5","<div class='source-info-cell' title='/home/user/git/DISCO-EB/src/discoeb/spline_interpolation.py:40:65
/home/user/git/DISCO-EB/src/discoeb/background.py:256:40
/home/user/git/DISCO-EB/scripts/profile_background.py:38:0
'>/home/user/git/DISCO-EB/src/discoeb/spline_interpolation.py:40</div>"
"Total","300.0","loop fusion","wrapped_slice.13","1.0","1.536","1.536","1.536","1.536","5.800918296318563e-07","0.20868763009897626","0.0","0.0","0.009701276818911234","0.009701276818911234","0.0","0.0","0.0","0.0","0.0","HBM","1.536","5.800918296318562e-07","0.0","6.6979595336076815e-06","0.0","6.6979595336076815e-06","True","5","<div class='source-info-cell' title='/home/user/git/DISCO-EB/src/discoeb/spline_interpolation.py:39:64
/home/user/git/DISCO-EB/src/discoeb/background.py:252:40
/home/user/git/DISCO-EB/scripts/profile_background.py:38:0
'>/home/user/git/DISCO-EB/src/discoeb/spline_interpolation.py:39</div>"
"Total","301.0","loop fusion","wrapped_slice.1","1.0","1.504","1.504","1.504","1.504","5.680065831811926e-07","0.20868819810555944","0.0","0.0","0.00990768696399445","0.00990768696399445","0.0","0.0","0.0","0.0","0.0","HBM","1.504","5.680065831811925e-07","0.0","6.8404693109184825e-06","0.0","6.8404693109184825e-06","True","5","<div class='source-info-cell' title='/home/user/git/DISCO-EB/src/discoeb/spline_interpolation.py:39:64
/home/user/git/DISCO-EB/src/discoeb/background.py:167:43
/home/user/git/DISCO-EB/src/discoeb/background.py:233:12
/home/user/git/DISCO-EB/scripts/profile_background.py:38:0
'>/home/user/git/DISCO-EB/src/discoeb/spline_interpolation.py:39</div>"
"Total","302.0","loop fusion","wrapped_slice.2","1.0","1.504","1.504","1.504","1.504","5.680065831811926e-07","0.20868876611214263","0.0","0.0","0.00990768696399445","0.00990768696399445","0.0","0.0","0.0","0.0","0.0","HBM","1.504","5.680065831811925e-07","0.0","6.8404693109184825e-06","0.0","6.8404693109184825e-06","True","5","<div class='source-info-cell' title='/home/user/git/DISCO-EB/src/discoeb/spline_interpolation.py:39:64
/home/user/git/DISCO-EB/src/discoeb/background.py:168:43
/home/user/git/DISCO-EB/src/discoeb/background.py:233:12
/home/user/git/DISCO-EB/scripts/profile_background.py:38:0
'>/home/user/git/DISCO-EB/src/discoeb/spline_interpolation.py:39</div>"
"Total","303.0","loop fusion","wrapped_slice.9","1.0","1.504","1.504","1.504","1.504","5.680065831811926e-07","0.2086893341187258","0.0","0.0","0.00990768696399445","0.00990768696399445","0.0","0.0","0.0","0.0","0.0","HBM","1.504","5.680065831811925e-07","0.0","6.8404693109184825e-06","0.0","6.8404693109184825e-06","True","5","<div class='source-info-cell' title='/home/user/git/DISCO-EB/src/discoeb/spline_interpolation.py:39:64
/home/user/git/DISCO-EB/src/discoeb/background.py:250:40
/home/user/git/DISCO-EB/scripts/profile_background.py:38:0
'>/home/user/git/DISCO-EB/src/discoeb/spline_interpolation.py:39</div>"
"Total","304.0","data formatting","copy.405","1.0","1.473","1.473","1.473","1.473","5.562990006821122e-07","0.20868989041772648","0.0","0.0","0.010116199045381979","0.010116199045381979","0.0","0.0","0.0","0.0","0.0","HBM","1.473","5.562990006821121e-07","0.0","6.984430307957501e-06","0.0","6.984430307957501e-06","True","5",""
"Total","305.0","data formatting","copy.240","1.0","1.472","1.472","1.472","1.472","5.559213367305289e-07","0.20869044633906322","0.0","0.0","0.010123071463211722","0.010123071463211722","0.0","0.0","0.0","0.0","0.0","HBM","1.472","5.559213367305288e-07","0.0","6.989175165503667e-06","0.0","6.989175165503667e-06","True","5",""
"Total","306.0","data formatting","copy.303","1.0","1.472","1.472","1.472","1.472","5.559213367305289e-07","0.20869100226039997","0.0","0.0","0.010123071463211722","0.010123071463211722","0.0","0.0","0.0","0.0","0.0","HBM","1.472","5.559213367305288e-07","0.0","6.989175165503667e-06","0.0","6.989175165503667e-06","True","5",""
"Total","307.0","data formatting","copy.312","1.0","1.472","1.472","1.472","1.472","5.559213367305289e-07","0.2086915581817367","0.0","0.0","0.010123071463211722","0.010123071463211722","0.0","0.0","0.0","0.0","0.0","HBM","1.472","5.559213367305288e-07","0.0","6.989175165503667e-06","0.0","6.989175165503667e-06","True","5",""
"Total","308.0","data formatting","copy.330","1.0","1.472","1.472","1.472","1.472","5.559213367305289e-07","0.20869211410307345","0.0","0.0","0.010123071463211722","0.010123071463211722","0.0","0.0","0.0","0.0","0.0","HBM","1.472","5.559213367305288e-07","0.0","6.989175165503667e-06","0.0","6.989175165503667e-06","True","5",""
"Total","309.0","data formatting","copy.336","1.0","1.472","1.472","1.472","1.472","5.559213367305289e-07","0.2086926700244102","0.0","0.0","0.010123071463211722","0.010123071463211722","0.0","0.0","0.0","0.0","0.0","HBM","1.472","5.559213367305288e-07","0.0","6.989175165503667e-06","0.0","6.989175165503667e-06","True","5",""
"Total","310.0","data formatting","copy.372","1.0","1.472","1.472","1.472","1.472","5.559213367305289e-07","0.20869322594574694","0.0","0.0","0.010123071463211722","0.010123071463211722","0.0","0.0","0.0","0.0","0.0","HBM","1.472","5.559213367305288e-07","0.0","6.989175165503667e-06","0.0","6.989175165503667e-06","True","5",""
"Total","311.0","data formatting","copy.378","1.0","1.472","1.472","1.472","1.472","5.559213367305289e-07","0.20869378186708368","0.0","0.0","0.010123071463211722","0.010123071463211722","0.0","0.0","0.0","0.0","0.0","HBM","1.472","5.559213367305288e-07","0.0","6.989175165503667e-06","0.0","6.989175165503667e-06","True","5",""
"Total","312.0","data formatting","copy.429","1.0","1.472","1.472","1.472","1.472","5.559213367305289e-07","0.20869433778842042","0.0","0.0","0.010123071463211722","0.010123071463211722","0.0","0.0","0.0","0.0","0.0","HBM","1.472","5.559213367305288e-07","0.0","6.989175165503667e-06","0.0","6.989175165503667e-06","True","5",""
"Total","313.0","data formatting","copy.474","1.0","1.472","1.472","1.472","1.472","5.559213367305289e-07","0.20869489370975716","0.0","0.0","0.010123071463211722","0.010123071463211722","0.0","0.0","0.0","0.0","0.0","HBM","1.472","5.559213367305288e-07","0.0","6.989175165503667e-06","0.0","6.989175165503667e-06","True","5",""
"Total","314.0","data formatting","copy.480","1.0","1.472","1.472","1.472","1.472","5.559213367305289e-07","0.2086954496310939","0.0","0.0","0.010123071463211722","0.010123071463211722","0.0","0.0","0.0","0.0","0.0","HBM","1.472","5.559213367305288e-07","0.0","6.989175165503667e-06","0.0","6.989175165503667e-06","True","5",""
"Total","315.0","loop fusion","wrapped_slice.3","1.0","1.472","1.472","1.472","1.472","5.559213367305289e-07","0.20869600555243065","0.0","0.0","0.010123071463211722","0.010123071463211722","0.0","0.0","0.0","0.0","0.0","HBM","1.472","5.559213367305288e-07","0.0","6.989175165503667e-06","0.0","6.989175165503667e-06","True","5","<div class='source-info-cell' title='/home/user/git/DISCO-EB/src/discoeb/spline_interpolation.py:40:65
/home/user/git/DISCO-EB/src/discoeb/background.py:167:43
/home/user/git/DISCO-EB/src/discoeb/background.py:233:12
/home/user/git/DISCO-EB/scripts/profile_background.py:38:0
'>/home/user/git/DISCO-EB/src/discoeb/spline_interpolation.py:40</div>"
"Total","316.0","data formatting","copy.249","1.0","1.471","1.471","1.471","1.471","5.555436727789457e-07","0.20869656109610343","0.0","0.0","0.010129953224913429","0.010129953224913429","0.0","0.0","0.0","0.0","0.0","HBM","1.471","5.555436727789456e-07","0.0","6.9939264742497605e-06","0.0","6.9939264742497605e-06","True","5",""
"Total","317.0","data formatting","copy.435","1.0","1.471","1.471","1.471","1.471","5.555436727789457e-07","0.20869711663977622","0.0","0.0","0.010129953224913429","0.010129953224913429","0.0","0.0","0.0","0.0","0.0","HBM","1.471","5.555436727789456e-07","0.0","6.9939264742497605e-06","0.0","6.9939264742497605e-06","True","5",""
"Total","318.0","data formatting","copy.111","1.0","1.44","1.44","1.44","1.44","5.438360902798652e-07","0.2086976604758665","0.0","0.0","0.01034802860683865","0.01034802860683865","0.0","0.0","0.0","0.0","0.0","HBM","1.44","5.438360902798651e-07","0.0","7.144490169181526e-06","0.0","7.144490169181526e-06","True","5",""
"Total","319.0","data formatting","copy.120","1.0","1.44","1.44","1.44","1.44","5.438360902798652e-07","0.20869820431195676","0.0","0.0","0.01034802860683865","0.01034802860683865","0.0","0.0","0.0","0.0","0.0","HBM","1.44","5.438360902798651e-07","0.0","7.144490169181526e-06","0.0","7.144490169181526e-06","True","5",""
"Total","320.0","data formatting","copy.147","1.0","1.44","1.44","1.44","1.44","5.438360902798652e-07","0.20869874814804704","0.0","0.0","0.01034802860683865","0.01034802860683865","0.0","0.0","0.0","0.0","0.0","HBM","1.44","5.438360902798651e-07","0.0","7.144490169181526e-06","0.0","7.144490169181526e-06","True","5",""
"Total","321.0","data formatting","copy.222","1.0","1.44","1.44","1.44","1.44","5.438360902798652e-07","0.2086992919841373","0.0","0.0","0.01034802860683865","0.01034802860683865","0.0","0.0","0.0","0.0","0.0","HBM","1.44","5.438360902798651e-07","0.0","7.144490169181526e-06","0.0","7.144490169181526e-06","True","5",""
"Total","322.0","data formatting","copy.231","1.0","1.44","1.44","1.44","1.44","5.438360902798652e-07","0.20869983582022758","0.0","0.0","0.01034802860683865","0.01034802860683865","0.0","0.0","0.0","0.0","0.0","HBM","1.44","5.438360902798651e-07","0.0","7.144490169181526e-06","0.0","7.144490169181526e-06","True","5",""
"Total","323.0","data formatting","copy.258","1.0","1.44","1.44","1.44","1.44","5.438360902798652e-07","0.20870037965631785","0.0","0.0","0.01034802860683865","0.01034802860683865","0.0","0.0","0.0","0.0","0.0","HBM","1.44","5.438360902798651e-07","0.0","7.144490169181526e-06","0.0","7.144490169181526e-06","True","5",""
"Total","324.0","data formatting","copy.285","1.0","1.44","1.44","1.44","1.44","5.438360902798652e-07","0.20870092349240812","0.0","0.0","0.01034802860683865","0.01034802860683865","0.0","0.0","0.0","0.0","0.0","HBM","1.44","5.438360902798651e-07","0.0","7.144490169181526e-06","0.0","7.144490169181526e-06","True","5",""
"Total","325.0","data formatting","copy.294","1.0","1.44","1.44","1.44","1.44","5.438360902798652e-07","0.2087014673284984","0.0","0.0","0.01034802860683865","0.01034802860683865","0.0","0.0","0.0","0.0","0.0","HBM","1.44","5.438360902798651e-07","0.0","7.144490169181526e-06","0.0","7.144490169181526e-06","True","5",""
"Total","326.0","data formatting","copy.444","1.0","1.44","1.44","1.44","1.44","5.438360902798652e-07","0.20870201116458867","0.0","0.0","0.01034802860683865","0.01034802860683865","0.0","0.0","0.0","0.0","0.0","HBM","1.44","5.438360902798651e-07","0.0","7.144490169181526e-06","0.0","7.144490169181526e-06","True","5",""
"Total","327.0","data formatting","copy.450","1.0","1.44","1.44","1.44","1.44","5.438360902798652e-07","0.20870255500067894","0.0","0.0","0.01034802860683865","0.01034802860683865","0.0","0.0","0.0","0.0","0.0","HBM","1.44","5.438360902798651e-07","0.0","7.144490169181526e-06","0.0","7.144490169181526e-06","True","5",""
"Total","328.0","data formatting","copy.129","1.0","1.376","1.376","1.376","1.376","5.196655973785379e-07","0.20870307466627633","0.0","0.0","0.010829332262970679","0.010829332262970679","0.0","0.0","0.0","0.0","0.0","HBM","1.376","5.196655973785379e-07","0.0","7.476792037515551e-06","0.0","7.476792037515551e-06","True","5",""
"Total","329.0","data formatting","copy.138","1.0","1.376","1.376","1.376","1.376","5.196655973785379e-07","0.20870359433187372","0.0","0.0","0.010829332262970679","0.010829332262970679","0.0","0.0","0.0","0.0","0.0","HBM","1.376","5.196655973785379e-07","0.0","7.476792037515551e-06","0.0","7.476792037515551e-06","True","5",""
"Total","330.0","data formatting","copy.267","1.0","1.376","1.376","1.376","1.376","5.196655973785379e-07","0.2087041139974711","0.0","0.0","0.010829332262970679","0.010829332262970679","0.0","0.0","0.0","0.0","0.0","HBM","1.376","5.196655973785379e-07","0.0","7.476792037515551e-06","0.0","7.476792037515551e-06","True","5",""
"Total","331.0","data formatting","copy.414","1.0","1.376","1.376","1.376","1.376","5.196655973785379e-07","0.2087046336630685","0.0","0.0","0.010829332262970679","0.010829332262970679","0.0","0.0","0.0","0.0","0.0","HBM","1.376","5.196655973785379e-07","0.0","7.476792037515551e-06","0.0","7.476792037515551e-06","True","5",""
"Total","332.0","data formatting","copy.459","1.0","1.376","1.376","1.376","1.376","5.196655973785379e-07","0.20870515332866588","0.0","0.0","0.010829332262970679","0.010829332262970679","0.0","0.0","0.0","0.0","0.0","HBM","1.376","5.196655973785379e-07","0.0","7.476792037515551e-06","0.0","7.476792037515551e-06","True","5",""
"Total","333.0","data formatting","copy.489","1.0","1.376","1.376","1.376","1.376","5.196655973785379e-07","0.20870567299426326","0.0","0.0","0.010829332262970679","0.010829332262970679","0.0","0.0","0.0","0.0","0.0","HBM","1.376","5.196655973785379e-07","0.0","7.476792037515551e-06","0.0","7.476792037515551e-06","True","5",""
"Total","334.0","data formatting","copy.513","1.0","1.376","1.376","1.376","1.376","5.196655973785379e-07","0.20870619265986065","0.0","0.0","0.010829332262970679","0.010829332262970679","0.0","0.0","0.0","0.0","0.0","HBM","1.376","5.196655973785379e-07","0.0","7.476792037515551e-06","0.0","7.476792037515551e-06","True","5",""
"Total","335.0","data formatting","copy.276","1.0","1.375","1.375","1.375","1.375","5.192879334269546e-07","0.20870671194779408","0.0","0.0","0.010837208140980112","0.010837208140980112","0.0","0.0","0.0","0.0","0.0","HBM","1.375","5.192879334269546e-07","0.0","7.482229704451925e-06","0.0","7.482229704451925e-06","True","5",""
"Total","336.0","data formatting","copy.321","1.0","1.344","1.344","1.344","1.344","5.075803509278742e-07","0.208707219528145","0.0","0.0","0.011087173507327124","0.011087173507327124","0.0","0.0","0.0","0.0","0.0","HBM","1.344","5.075803509278742e-07","0.0","7.654810895551635e-06","0.0","7.654810895551635e-06","True","5",""
"Total","337.0","data formatting","copy.363","1.0","1.344","1.344","1.344","1.344","5.075803509278742e-07","0.20870772710849592","0.0","0.0","0.011087173507327124","0.011087173507327124","0.0","0.0","0.0","0.0","0.0","HBM","1.344","5.075803509278742e-07","0.0","7.654810895551635e-06","0.0","7.654810895551635e-06","True","5",""
"Total","338.0","data formatting","copy.396","1.0","1.344","1.344","1.344","1.344","5.075803509278742e-07","0.20870823468884683","0.0","0.0","0.011087173507327124","0.011087173507327124","0.0","0.0","0.0","0.0","0.0","HBM","1.344","5.075803509278742e-07","0.0","7.654810895551635e-06","0.0","7.654810895551635e-06","True","5",""
"Total","339.0","data formatting","copy.420","1.0","1.344","1.344","1.344","1.344","5.075803509278742e-07","0.20870874226919775","0.0","0.0","0.011087173507327124","0.011087173507327124","0.0","0.0","0.0","0.0","0.0","HBM","1.344","5.075803509278742e-07","0.0","7.654810895551635e-06","0.0","7.654810895551635e-06","True","5",""
"Total","340.0","data formatting","copy.465","1.0","1.344","1.344","1.344","1.344","5.075803509278742e-07","0.20870924984954867","0.0","0.0","0.011087173507327124","0.011087173507327124","0.0","0.0","0.0","0.0","0.0","HBM","1.344","5.075803509278742e-07","0.0","7.654810895551635e-06","0.0","7.654810895551635e-06","True","5",""
"Total","341.0","data formatting","copy.519","1.0","1.343","1.343","1.343","1.343","5.072026869762909e-07","0.20870975705223566","0.0","0.0","0.011095429034882842","0.011095429034882842","0.0","0.0","0.0","0.0","0.0","HBM","1.343","5.072026869762909e-07","0.0","7.660510680283991e-06","0.0","7.660510680283991e-06","True","5",""
"Total","0.0","Program","Program","1.0","2647856.635","2647856.635","0.0","0.0","0.0","0.0","0.7071895027277412","0.7071895027277412","0.005642709954582349","0.005642709954582349","0.0","116.72078730301997","116.72078730301997","0.0","116.72078730301997","HBM","2647856.635","1.0","181524.16841365665","3.895842128945608e-06","2.2675819173810078e-06","3.895842128945608e-06","False","0",""
"Total","1.0","custom-call","lu.62","12732.0","31205.959","2.450986412189758","31205.959","2.450986412189758","0.011785365788884564","0.011785365788884564","0.0","0.0","0.0","0.0","0.0","0.0","0.0","0.0","0.0","Unknown","31205.959","0.011785365788884563","0.0","0.0","0.0","0.0","False","5","<div class='source-info-cell' title='/home/user/git/DISCO-EB/src/discoeb/ode_integrators_stiff.py:185:21
/home/user/git/DISCO-EB/.venv/lib/python3.12/site-packages/equinox/_module/_prebuilt.py:34:15
/home/user/git/DISCO-EB/.venv/lib/python3.12/site-packages/diffrax/_integrate.py:356:64
/home/user/git/DISCO-EB/.venv/lib/python3.12/site-packages/equinox/_eval_shape.py:33:15
/home/user/git/DISCO-EB/.venv/lib/python3.12/site-packages/equinox/_eval_shape.py:38:30
/home/user/git/DISCO-EB/.venv/lib/python3.12/site-packages/diffrax/_integrate.py:655:36
/home/user/git/DISCO-EB/.venv/lib/python3.12/site-packages/diffrax/_adjoint.py:911:22
/home/user/git/DISCO-EB/.venv/lib/python3.12/site-packages/equinox/_module/_prebuilt.py:34:15
/home/user/git/DISCO-EB/.venv/lib/python3.12/site-packages/diffrax/_integrate.py:1435:29
/home/user/git/DISCO-EB/.venv/lib/python3.12/site-packages/equinox/_jit.py:55:14
'>/home/user/git/DISCO-EB/src/discoeb/ode_integrators_stiff.py:185</div>"
"Total","2.0","loop fusion","loop_gather_fusion.2","2122.0","24897.046","11.732820923656927","24897.046","11.732820923656927","0.009402716775109692","0.021188082563994258","13.24131690161154","13.24131690161154","0.016828040511585894","0.016828040511585894","0.0","732.8207547169811","732.8207547169811","0.0","732.8207547169811","Compute","24897.046","0.009402716775109692","311869.44","4.245788526638436e-05","4.245788526638436e-05","1.1618422655128686e-05","False","5","<div class='source-info-cell' title='/home/user/git/DISCO-EB/src/discoeb/ode_integrators_stiff.py:189:13
/home/user/git/DISCO-EB/.venv/lib/python3.12/site-packages/equinox/_module/_prebuilt.py:34:15
/home/user/git/DISCO-EB/.venv/lib/python3.12/site-packages/diffrax/_integrate.py:356:64
/home/user/git/DISCO-EB/.venv/lib/python3.12/site-packages/equinox/_eval_shape.py:33:15
/home/user/git/DISCO-EB/.venv/lib/python3.12/site-packages/equinox/_eval_shape.py:38:30
/home/user/git/DISCO-EB/.venv/lib/python3.12/site-packages/diffrax/_integrate.py:655:36
/home/user/git/DISCO-EB/.venv/lib/python3.12/site-packages/diffrax/_adjoint.py:911:22
/home/user/git/DISCO-EB/.venv/lib/python3.12/site-packages/equinox/_module/_prebuilt.py:34:15
/home/user/git/DISCO-EB/.venv/lib/python3.12/site-packages/diffrax/_integrate.py:1435:29
/home/user/git/DISCO-EB/.venv/lib/python3.12/site-packages/equinox/_jit.py:55:14
'>/home/user/git/DISCO-EB/src/discoeb/ode_integrators_stiff.py:189</div>"
"Total","3.0","input fusion","input_concatenate_fusion.2","2122.0","21702.214","10.227245051837889","21702.214","10.227245051837889","0.008196143897345107","0.029384226461339365","15.167232154286195","15.167232154286195","0.016755573261486793","0.016755573261486793","0.0","843.0380434782609","843.0380434782609","0.0","843.0380434782609","Compute","21702.214","0.008196143897345107","311869.44","4.863327472639254e-05","4.863327472639254e-05","1.156838978649335e-05","False","5","<div class='source-info-cell' title='/home/user/git/DISCO-EB/.venv/lib/python3.12/site-packages/equinox/internal/_loop/loop.py:103:29
/home/user/git/DISCO-EB/.venv/lib/python3.12/site-packages/equinox/_module/_prebuilt.py:82:15
/home/user/git/DISCO-EB/.venv/lib/python3.12/site-packages/diffrax/_integrate.py:674:18
/home/user/git/DISCO-EB/.venv/lib/python3.12/site-packages/diffrax/_adjoint.py:911:22
/home/user/git/DISCO-EB/.venv/lib/python3.12/site-packages/equinox/_module/_prebuilt.py:34:15
/home/user/git/DISCO-EB/.venv/lib/python3.12/site-packages/diffrax/_integrate.py:1435:29
/home/user/git/DISCO-EB/.venv/lib/python3.12/site-packages/equinox/_jit.py:55:14
/home/user/git/DISCO-EB/.venv/lib/python3.12/site-packages/equinox/_jit.py:263:37
/home/user/git/DISCO-EB/.venv/lib/python3.12/site-packages/equinox/_jit.py:209:19
/home/user/git/DISCO-EB/src/discoeb/thermodynamics_recfast.py:284:7
'>/home/user/git/DISCO-EB/.venv/lib/python3.12/site-packages/equinox/internal/_loop/loop.py:103</div>"
"Total","4.0","custom-call","triangular-solve.5","6366.0","15720.093","2.4693831291234685","15720.093","2.4693831291234685","0.005936912441636026","0.03532113890297539","0.0","0.0","0.0","0.0","0.0","0.0","0.0","0.0","0.0","Unknown","15720.093","0.005936912441636025","0.0","0.0","0.0","0.0","False","5","<div class='source-info-cell' title='/home/user/git/DISCO-EB/src/discoeb/ode_integrators_stiff.py:189:13
/home/user/git/DISCO-EB/.venv/lib/python3.12/site-packages/equinox/_module/_prebuilt.py:34:15
/home/user/git/DISCO-EB/.venv/lib/python3.12/site-packages/diffrax/_integrate.py:356:64
/home/user/git/DISCO-EB/.venv/lib/python3.12/site-packages/equinox/_eval_shape.py:33:15
/home/user/git/DISCO-EB/.venv/lib/python3.12/site-packages/equinox/_eval_shape.py:38:30
/home/user/git/DISCO-EB/.venv/lib/python3.12/site-packages/diffrax/_integrate.py:655:36
/home/user/git/DISCO-EB/.venv/lib/python3.12/site-packages/diffrax/_adjoint.py:911:22
/home/user/git/DISCO-EB/.venv/lib/python3.12/site-packages/equinox/_module/_prebuilt.py:34:15
/home/user/git/DISCO-EB/.venv/lib/python3.12/site-packages/diffrax/_integrate.py:1435:29
/home/user/git/DISCO-EB/.venv/lib/python3.12/site-packages/equinox/_jit.py:55:14
'>/home/user/git/DISCO-EB/src/discoeb/ode_integrators_stiff.py:189</div>"
"Total","5.0","custom-call","triangular-solve.7","6366.0","15651.903","2.458671536286522","15651.903","2.458671536286522","0.005911159536777565","0.04123229843975296","0.0","0.0","0.0","0.0","0.0","0.0","0.0","0.0","0.0","Unknown","15651.903","0.005911159536777564","0.0","0.0","0.0","0.0","False","5","<div class='source-info-cell' title='/home/user/git/DISCO-EB/src/discoeb/ode_integrators_stiff.py:189:13
/home/user/git/DISCO-EB/.venv/lib/python3.12/site-packages/equinox/_module/_prebuilt.py:34:15
/home/user/git/DISCO-EB/.venv/lib/python3.12/site-packages/diffrax/_integrate.py:356:64
/home/user/git/DISCO-EB/.venv/lib/python3.12/site-packages/equinox/_eval_shape.py:33:15
/home/user/git/DISCO-EB/.venv/lib/python3.12/site-packages/equinox/_eval_shape.py:38:30
/home/user/git/DISCO-EB/.venv/lib/python3.12/site-packages/diffrax/_integrate.py:655:36
/home/user/git/DISCO-EB/.venv/lib/python3.12/site-packages/diffrax/_adjoint.py:911:22
/home/user/git/DISCO-EB/.venv/lib/python3.12/site-packages/equinox/_module/_prebuilt.py:34:15
/home/user/git/DISCO-EB/.venv/lib/python3.12/site-packages/diffrax/_integrate.py:1435:29
/home/user/git/DISCO-EB/.venv/lib/python3.12/site-packages/equinox/_jit.py:55:14
'>/home/user/git/DISCO-EB/src/discoeb/ode_integrators_stiff.py:189</div>"
"Total","6.0","custom-call","triangular-solve.3","6366.0","15478.862","2.4314894753377314","15478.862","2.4314894753377314","0.005845808188931649","0.047078106628684606","0.0","0.0","0.0","0.0","0.0","0.0","0.0","0.0","0.0","Unknown","15478.862","0.005845808188931649","0.0","0.0","0.0","0.0","False","5","<div class='source-info-cell' title='/home/user/git/DISCO-EB/src/discoeb/ode_integrators_stiff.py:189:13
/home/user/git/DISCO-EB/.venv/lib/python3.12/site-packages/equinox/_module/_prebuilt.py:34:15
/home/user/git/DISCO-EB/.venv/lib/python3.12/site-packages/diffrax/_integrate.py:356:64
/home/user/git/DISCO-EB/.venv/lib/python3.12/site-packages/equinox/_eval_shape.py:33:15
/home/user/git/DISCO-EB/.venv/lib/python3.12/site-packages/equinox/_eval_shape.py:38:30
/home/user/git/DISCO-EB/.venv/lib/python3.12/site-packages/diffrax/_integrate.py:655:36
/home/user/git/DISCO-EB/.venv/lib/python3.12/site-packages/diffrax/_adjoint.py:911:22
/home/user/git/DISCO-EB/.venv/lib/python3.12/site-packages/equinox/_module/_prebuilt.py:34:15
/home/user/git/DISCO-EB/.venv/lib/python3.12/site-packages/diffrax/_integrate.py:1435:29
/home/user/git/DISCO-EB/.venv/lib/python3.12/site-packages/equinox/_jit.py:55:14
'>/home/user/git/DISCO-EB/src/discoeb/ode_integrators_stiff.py:189</div>"
"Total","7.0","custom-call","triangular-solve.1","6366.0","15447.276","2.4265278039585296","15447.276","2.4265278039585296","0.005833879295356941","0.052911985924041546","0.0","0.0","0.0","0.0","0.0","0.0","0.0","0.0","0.0","Unknown","15447.276","0.0058338792953569404","0.0","0.0","0.0","0.0","False","5","<div class='source-info-cell' title='/home/user/git/DISCO-EB/src/discoeb/ode_integrators_stiff.py:189:13
/home/user/git/DISCO-EB/.venv/lib/python3.12/site-packages/equinox/_module/_prebuilt.py:34:15
/home/user/git/DISCO-EB/.venv/lib/python3.12/site-packages/diffrax/_integrate.py:356:64
/home/user/git/DISCO-EB/.venv/lib/python3.12/site-packages/equinox/_eval_shape.py:33:15
/home/user/git/DISCO-EB/.venv/lib/python3.12/site-packages/equinox/_eval_shape.py:38:30
/home/user/git/DISCO-EB/.venv/lib/python3.12/site-packages/diffrax/_integrate.py:655:36
/home/user/git/DISCO-EB/.venv/lib/python3.12/site-packages/diffrax/_adjoint.py:911:22
/home/user/git/DISCO-EB/.venv/lib/python3.12/site-packages/equinox/_module/_prebuilt.py:34:15
/home/user/git/DISCO-EB/.venv/lib/python3.12/site-packages/diffrax/_integrate.py:1435:29
/home/user/git/DISCO-EB/.venv/lib/python3.12/site-packages/equinox/_jit.py:55:14
'>/home/user/git/DISCO-EB/src/discoeb/ode_integrators_stiff.py:189</div>"
"Total","8.0","custom-call","triangular-solve.2","6366.0","15077.158","2.368387998743324","15077.158","2.368387998743324","0.005694099068924856","0.0586060849929664","0.0","0.0","0.0","0.0","0.0","0.0","0.0","0.0","0.0","Unknown","15077.158","0.005694099068924855","0.0","0.0","0.0","0.0","False","5","<div class='source-info-cell' title='/home/user/git/DISCO-EB/src/discoeb/ode_integrators_stiff.py:189:13
/home/user/git/DISCO-EB/.venv/lib/python3.12/site-packages/equinox/_module/_prebuilt.py:34:15
/home/user/git/DISCO-EB/.venv/lib/python3.12/site-packages/diffrax/_integrate.py:356:64
/home/user/git/DISCO-EB/.venv/lib/python3.12/site-packages/equinox/_eval_shape.py:33:15
/home/user/git/DISCO-EB/.venv/lib/python3.12/site-packages/equinox/_eval_shape.py:38:30
/home/user/git/DISCO-EB/.venv/lib/python3.12/site-packages/diffrax/_integrate.py:655:36
/home/user/git/DISCO-EB/.venv/lib/python3.12/site-packages/diffrax/_adjoint.py:911:22
/home/user/git/DISCO-EB/.venv/lib/python3.12/site-packages/equinox/_module/_prebuilt.py:34:15
/home/user/git/DISCO-EB/.venv/lib/python3.12/site-packages/diffrax/_integrate.py:1435:29
/home/user/git/DISCO-EB/.venv/lib/python3.12/site-packages/equinox/_jit.py:55:14
'>/home/user/git/DISCO-EB/src/discoeb/ode_integrators_stiff.py:189</div>"
"Total","9.0","custom-call","triangular-solve.4","6366.0","14874.282","2.3365193213949103","14874.282","2.3365193213949103","0.005617480117083454","0.06422356511004985","0.0","0.0","0.0","0.0","0.0","0.0","0.0","0.0","0.0","Unknown","14874.282","0.005617480117083453","0.0","0.0","0.0","0.0","False","5","<div class='source-info-cell' title='/home/user/git/DISCO-EB/src/discoeb/ode_integrators_stiff.py:189:13
/home/user/git/DISCO-EB/.venv/lib/python3.12/site-packages/equinox/_module/_prebuilt.py:34:15
/home/user/git/DISCO-EB/.venv/lib/python3.12/site-packages/diffrax/_integrate.py:356:64
/home/user/git/DISCO-EB/.venv/lib/python3.12/site-packages/equinox/_eval_shape.py:33:15
/home/user/git/DISCO-EB/.venv/lib/python3.12/site-packages/equinox/_eval_shape.py:38:30
/home/user/git/DISCO-EB/.venv/lib/python3.12/site-packages/diffrax/_integrate.py:655:36
/home/user/git/DISCO-EB/.venv/lib/python3.12/site-packages/diffrax/_adjoint.py:911:22
/home/user/git/DISCO-EB/.venv/lib/python3.12/site-packages/equinox/_module/_prebuilt.py:34:15
/home/user/git/DISCO-EB/.venv/lib/python3.12/site-packages/diffrax/_integrate.py:1435:29
/home/user/git/DISCO-EB/.venv/lib/python3.12/site-packages/equinox/_jit.py:55:14
'>/home/user/git/DISCO-EB/src/discoeb/ode_integrators_stiff.py:189</div>"
"Total","10.0","custom-call","triangular-solve","6366.0","14834.48","2.3302670436694943","14834.48","2.3302670436694943","0.005602448336482538","0.06982601344653239","0.0","0.0","0.0","0.0","0.0","0.0","0.0","0.0","0.0","Unknown","14834.48","0.0056024483364825375","0.0","0.0","0.0","0.0","False","5","<div class='source-info-cell' title='/home/user/git/DISCO-EB/src/discoeb/ode_integrators_stiff.py:189:13
/home/user/git/DISCO-EB/.venv/lib/python3.12/site-packages/equinox/_module/_prebuilt.py:34:15
/home/user/git/DISCO-EB/.venv/lib/python3.12/site-packages/diffrax/_integrate.py:356:64
/home/user/git/DISCO-EB/.venv/lib/python3.12/site-packages/equinox/_eval_shape.py:33:15
/home/user/git/DISCO-EB/.venv/lib/python3.12/site-packages/equinox/_eval_shape.py:38:30
/home/user/git/DISCO-EB/.venv/lib/python3.12/site-packages/diffrax/_integrate.py:655:36
/home/user/git/DISCO-EB/.venv/lib/python3.12/site-packages/diffrax/_adjoint.py:911:22
/home/user/git/DISCO-EB/.venv/lib/python3.12/site-packages/equinox/_module/_prebuilt.py:34:15
/home/user/git/DISCO-EB/.venv/lib/python3.12/site-packages/diffrax/_integrate.py:1435:29
/home/user/git/DISCO-EB/.venv/lib/python3.12/site-packages/equinox/_jit.py:55:14
'>/home/user/git/DISCO-EB/src/discoeb/ode_integrators_stiff.py:189</div>"
"Total","11.0","loop fusion","loop_gather_fusion","2122.0","14695.121","6.925127709707822","14695.121","6.925127709707822","0.005549817465853849","0.07537583091238624","9.005898896647398","9.005898896647398","0.06630087538195054","0.06630087538195054","0.0","126.50507099391481","126.50507099391481","0.0","126.50507099391481","HBM","14695.121","0.005549817465853849","196740.68640973634","4.577547766551715e-05","2.8877144540508355e-05","4.577547766551715e-05","False","5","<div class='source-info-cell' title='/home/user/git/DISCO-EB/src/discoeb/ode_integrators_stiff.py:189:13
/home/user/git/DISCO-EB/.venv/lib/python3.12/site-packages/equinox/_module/_prebuilt.py:34:15
/home/user/git/DISCO-EB/.venv/lib/python3.12/site-packages/diffrax/_integrate.py:356:64
/home/user/git/DISCO-EB/.venv/lib/python3.12/site-packages/equinox/_eval_shape.py:33:15
/home/user/git/DISCO-EB/.venv/lib/python3.12/site-packages/equinox/_eval_shape.py:38:30
/home/user/git/DISCO-EB/.venv/lib/python3.12/site-packages/diffrax/_integrate.py:655:36
/home/user/git/DISCO-EB/.venv/lib/python3.12/site-packages/diffrax/_adjoint.py:911:22
/home/user/git/DISCO-EB/.venv/lib/python3.12/site-packages/equinox/_module/_prebuilt.py:34:15
/home/user/git/DISCO-EB/.venv/lib/python3.12/site-packages/diffrax/_integrate.py:1435:29
/home/user/git/DISCO-EB/.venv/lib/python3.12/site-packages/equinox/_jit.py:55:14
'>/home/user/git/DISCO-EB/src/discoeb/ode_integrators_stiff.py:189</div>"
"Total","12.0","custom-call","triangular-solve.6","6366.0","14555.926","2.286510524662268","14555.926","2.286510524662268","0.00549724853211322","0.08087307944449947","0.0","0.0","0.0","0.0","0.0","0.0","0.0","0.0","0.0","Unknown","14555.926","0.0054972485321132195","0.0","0.0","0.0","0.0","False","5","<div class='source-info-cell' title='/home/user/git/DISCO-EB/src/discoeb/ode_integrators_stiff.py:189:13
/home/user/git/DISCO-EB/.venv/lib/python3.12/site-packages/equinox/_module/_prebuilt.py:34:15
/home/user/git/DISCO-EB/.venv/lib/python3.12/site-packages/diffrax/_integrate.py:356:64
/home/user/git/DISCO-EB/.venv/lib/python3.12/site-packages/equinox/_eval_shape.py:33:15
/home/user/git/DISCO-EB/.venv/lib/python3.12/site-packages/equinox/_eval_shape.py:38:30
/home/user/git/DISCO-EB/.venv/lib/python3.12/site-packages/diffrax/_integrate.py:655:36
/home/user/git/DISCO-EB/.venv/lib/python3.12/site-packages/diffrax/_adjoint.py:911:22
/home/user/git/DISCO-EB/.venv/lib/python3.12/site-packages/equinox/_module/_prebuilt.py:34:15
/home/user/git/DISCO-EB/.venv/lib/python3.12/site-packages/diffrax/_integrate.py:1435:29
/home/user/git/DISCO-EB/.venv/lib/python3.12/site-packages/equinox/_jit.py:55:14
'>/home/user/git/DISCO-EB/src/discoeb/ode_integrators_stiff.py:189</div>"
"Total","13.0","input fusion","input_concatenate_fusion.5","877.0","13733.426","15.659550741163056","13733.426","15.659550741163056","0.005186619931936006","0.08605969937643547","15.021376020812287","15.021376020812287","0.01189462699165925","0.01189462699165925","0.0","1176.14","1176.14","0.0","1176.14","Compute","13733.426","0.005186619931936005","311869.44","4.8165591411624965e-05","4.8165591411624965e-05","8.212293262489607e-06","False","5","<div class='source-info-cell' title='/home/user/git/DISCO-EB/src/discoeb/thermodynamics_recfast.py:440:14
/home/user/git/DISCO-EB/src/discoeb/thermodynamics_recfast.py:452:12
/home/user/git/DISCO-EB/src/discoeb/thermodynamics_recfast.py:461:11
/home/user/git/DISCO-EB/src/discoeb/background.py:237:82
/home/user/git/DISCO-EB/scripts/profile_background.py:38:0
'>/home/user/git/DISCO-EB/src/discoeb/thermodynamics_recfast.py:440</div>"
"Total","14.0","input fusion","input_concatenate_fusion.3","2122.0","13131.891","6.188450047125353","13131.891","6.188450047125353","0.004959441846820381","0.09101914122325586","10.056960874865624","10.056960874865624","0.061551912048586496","0.061551912048586496","0.0","152.1687041564792","152.1687041564792","0.0","152.1687041564792","HBM","13131.891","0.004959441846820381","236652.76870415648","4.249669644659005e-05","3.2247343230762285e-05","4.249669644659005e-05","False","5","<div class='source-info-cell' title='/home/user/git/DISCO-EB/.venv/lib/python3.12/site-packages/equinox/internal/_loop/loop.py:103:29
/home/user/git/DISCO-EB/.venv/lib/python3.12/site-packages/equinox/_module/_prebuilt.py:82:15
/home/user/git/DISCO-EB/.venv/lib/python3.12/site-packages/diffrax/_integrate.py:674:18
/home/user/git/DISCO-EB/.venv/lib/python3.12/site-packages/diffrax/_adjoint.py:911:22
/home/user/git/DISCO-EB/.venv/lib/python3.12/site-packages/equinox/_module/_prebuilt.py:34:15
/home/user/git/DISCO-EB/.venv/lib/python3.12/site-packages/diffrax/_integrate.py:1435:29
/home/user/git/DISCO-EB/.venv/lib/python3.12/site-packages/equinox/_jit.py:55:14
/home/user/git/DISCO-EB/.venv/lib/python3.12/site-packages/equinox/_jit.py:263:37
/home/user/git/DISCO-EB/.venv/lib/python3.12/site-packages/equinox/_jit.py:209:19
/home/user/git/DISCO-EB/src/discoeb/thermodynamics_recfast.py:284:7
'>/home/user/git/DISCO-EB/.venv/lib/python3.12/site-packages/equinox/internal/_loop/loop.py:103</div>"
"Total","15.0","input fusion","input_concatenate_fusion.1","2122.0","13124.576","6.185002827521206","13124.576","6.185002827521206","0.00495667923501455","0.09597582045827041","10.062566135469824","10.062566135469824","0.06158621808915004","0.06158621808915004","0.0","152.1687041564792","152.1687041564792","0.0","152.1687041564792","HBM","13124.576","0.00495667923501455","236652.7687041565","4.252038203723364e-05","3.2265316330672936e-05","4.252038203723364e-05","False","5","<div class='source-info-cell' title='/home/user/git/DISCO-EB/.venv/lib/python3.12/site-packages/equinox/internal/_loop/loop.py:103:29
/home/user/git/DISCO-EB/.venv/lib/python3.12/site-packages/equinox/_module/_prebuilt.py:82:15
/home/user/git/DISCO-EB/.venv/lib/python3.12/site-packages/diffrax/_integrate.py:674:18
/home/user/git/DISCO-EB/.venv/lib/python3.12/site-packages/diffrax/_adjoint.py:911:22
/home/user/git/DISCO-EB/.venv/lib/python3.12/site-packages/equinox/_module/_prebuilt.py:34:15
/home/user/git/DISCO-EB/.venv/lib/python3.12/site-packages/diffrax/_integrate.py:1435:29
/home/user/git/DISCO-EB/.venv/lib/python3.12/site-packages/equinox/_jit.py:55:14
/home/user/git/DISCO-EB/.venv/lib/python3.12/site-packages/equinox/_jit.py:263:37
/home/user/git/DISCO-EB/.venv/lib/python3.12/site-packages/equinox/_jit.py:209:19
/home/user/git/DISCO-EB/src/discoeb/thermodynamics_recfast.py:284:7
'>/home/user/git/DISCO-EB/.venv/lib/python3.12/site-packages/equinox/internal/_loop/loop.py:103</div>"
"Total","16.0","loop fusion","loop_add_select_subtract_fusion","2122.0","10151.251","4.783812912346843","10151.251","4.783812912346843","0.003833761566173314","0.09980958202444372","6.90808788000612","6.90808788000612","0.08410265192342378","0.08410265192342378","0.0","76.49768518518519","76.49768518518519","0.0","76.49768518518519","HBM","10151.251","0.0038337615661733137","118969.20000000001","5.806618755111507e-05","2.2150576472020215e-05","5.806618755111507e-05","False","5","<div class='source-info-cell' title='/home/user/git/DISCO-EB/.venv/lib/python3.12/site-packages/equinox/internal/_loop/loop.py:103:29
/home/user/git/DISCO-EB/.venv/lib/python3.12/site-packages/equinox/_module/_prebuilt.py:82:15
/home/user/git/DISCO-EB/.venv/lib/python3.12/site-packages/diffrax/_integrate.py:674:18
/home/user/git/DISCO-EB/.venv/lib/python3.12/site-packages/diffrax/_adjoint.py:911:22
/home/user/git/DISCO-EB/.venv/lib/python3.12/site-packages/equinox/_module/_prebuilt.py:34:15
/home/user/git/DISCO-EB/.venv/lib/python3.12/site-packages/diffrax/_integrate.py:1435:29
/home/user/git/DISCO-EB/.venv/lib/python3.12/site-packages/equinox/_jit.py:55:14
/home/user/git/DISCO-EB/.venv/lib/python3.12/site-packages/equinox/_jit.py:263:37
/home/user/git/DISCO-EB/.venv/lib/python3.12/site-packages/equinox/_jit.py:209:19
/home/user/git/DISCO-EB/src/discoeb/thermodynamics_recfast.py:284:7
'>/home/user/git/DISCO-EB/.venv/lib/python3.12/site-packages/equinox/internal/_loop/loop.py:103</div>"
"Total","17.0","loop fusion","loop_add_fusion.14","2122.0","9189.388","4.330531573986805","9189.388","4.330531573986805","0.0034705005847116047","0.10328008260915532","6.555315326766048","6.555315326766048","0.07053956292775611","0.07053956292775611","0.0","86.54878048780488","86.54878048780488","0.0","86.54878048780488","HBM","9189.388","0.003470500584711604","134600.66341463418","4.870195406520809e-05","2.101942186693909e-05","4.870195406520809e-05","False","5","<div class='source-info-cell' title='/home/user/git/DISCO-EB/.venv/lib/python3.12/site-packages/equinox/internal/_loop/loop.py:103:29
/home/user/git/DISCO-EB/.venv/lib/python3.12/site-packages/equinox/_module/_prebuilt.py:82:15
/home/user/git/DISCO-EB/.venv/lib/python3.12/site-packages/diffrax/_integrate.py:674:18
/home/user/git/DISCO-EB/.venv/lib/python3.12/site-packages/diffrax/_adjoint.py:911:22
/home/user/git/DISCO-EB/.venv/lib/python3.12/site-packages/equinox/_module/_prebuilt.py:34:15
/home/user/git/DISCO-EB/.venv/lib/python3.12/site-packages/diffrax/_integrate.py:1435:29
/home/user/git/DISCO-EB/.venv/lib/python3.12/site-packages/equinox/_jit.py:55:14
/home/user/git/DISCO-EB/.venv/lib/python3.12/site-packages/equinox/_jit.py:263:37
/home/user/git/DISCO-EB/.venv/lib/python3.12/site-packages/equinox/_jit.py:209:19
/home/user/git/DISCO-EB/src/discoeb/thermodynamics_recfast.py:284:7
'>/home/user/git/DISCO-EB/.venv/lib/python3.12/site-packages/equinox/internal/_loop/loop.py:103</div>"
"Total","18.0","loop fusion","loop_add_fusion.13","2122.0","9189.232","4.330458058435438","9189.232","4.330458058435438","0.0034704416691351573","0.10675052427829047","6.555426612365429","6.555426612365429","0.07054076043499248","0.07054076043499248","0.0","86.54878048780488","86.54878048780488","0.0","86.54878048780488","HBM","9189.232","0.003470441669135157","134600.66341463415","4.870278084864703e-05","2.1019778700873768e-05","4.870278084864703e-05","False","5","<div class='source-info-cell' title='/home/user/git/DISCO-EB/.venv/lib/python3.12/site-packages/equinox/internal/_loop/loop.py:103:29
/home/user/git/DISCO-EB/.venv/lib/python3.12/site-packages/equinox/_module/_prebuilt.py:82:15
/home/user/git/DISCO-EB/.venv/lib/python3.12/site-packages/diffrax/_integrate.py:674:18
/home/user/git/DISCO-EB/.venv/lib/python3.12/site-packages/diffrax/_adjoint.py:911:22
/home/user/git/DISCO-EB/.venv/lib/python3.12/site-packages/equinox/_module/_prebuilt.py:34:15
/home/user/git/DISCO-EB/.venv/lib/python3.12/site-packages/diffrax/_integrate.py:1435:29
/home/user/git/DISCO-EB/.venv/lib/python3.12/site-packages/equinox/_jit.py:55:14
/home/user/git/DISCO-EB/.venv/lib/python3.12/site-packages/equinox/_jit.py:263:37
/home/user/git/DISCO-EB/.venv/lib/python3.12/site-packages/equinox/_jit.py:209:19
/home/user/git/DISCO-EB/src/discoeb/thermodynamics_recfast.py:284:7
'>/home/user/git/DISCO-EB/.venv/lib/python3.12/site-packages/equinox/internal/_loop/loop.py:103</div>"
"Total","19.0","loop fusion","loop_gather_fusion.3","2122.0","8347.098","3.9335994344957586","8347.098","3.9335994344957586","0.003152398014932557","0.10990292229322303","6.674294227766345","6.674294227766345","0.06558277157205182","0.06558277157205182","0.0","94.7797833935018","94.7797833935018","0.0","94.7797833935018","HBM","8347.098","0.0031523980149325568","147401.519133574","4.5279684137570906e-05","2.1400924142379404e-05","4.5279684137570906e-05","False","5","<div class='source-info-cell' title='/home/user/git/DISCO-EB/src/discoeb/ode_integrators_stiff.py:189:13
/home/user/git/DISCO-EB/.venv/lib/python3.12/site-packages/equinox/_module/_prebuilt.py:34:15
/home/user/git/DISCO-EB/.venv/lib/python3.12/site-packages/diffrax/_integrate.py:356:64
/home/user/git/DISCO-EB/.venv/lib/python3.12/site-packages/equinox/_eval_shape.py:33:15
/home/user/git/DISCO-EB/.venv/lib/python3.12/site-packages/equinox/_eval_shape.py:38:30
/home/user/git/DISCO-EB/.venv/lib/python3.12/site-packages/diffrax/_integrate.py:655:36
/home/user/git/DISCO-EB/.venv/lib/python3.12/site-packages/diffrax/_adjoint.py:911:22
/home/user/git/DISCO-EB/.venv/lib/python3.12/site-packages/equinox/_module/_prebuilt.py:34:15
/home/user/git/DISCO-EB/.venv/lib/python3.12/site-packages/diffrax/_integrate.py:1435:29
/home/user/git/DISCO-EB/.venv/lib/python3.12/site-packages/equinox/_jit.py:55:14
'>/home/user/git/DISCO-EB/src/discoeb/ode_integrators_stiff.py:189</div>"
"Total","20.0","input fusion","loop_divide_select_fusion","2122.0","6492.929","3.059815739868049","6492.929","3.059815739868049","0.0024521452234894134","0.11235506751671244","9.07963170396596","9.07963170396596","0.05113451457117729","0.05113451457117729","0.0","165.36904761904762","165.36904761904762","0.0","165.36904761904762","HBM","6492.929","0.002452145223489413","257181.94285714286","3.530431259324234e-05","2.91135665744164e-05","3.530431259324234e-05","False","5","<div class='source-info-cell' title='/home/user/git/DISCO-EB/.venv/lib/python3.12/site-packages/diffrax/_step_size_controller/pid.py:487:28
/home/user/git/DISCO-EB/.venv/lib/python3.12/site-packages/diffrax/_step_size_controller/pid.py:492:33
/home/user/git/DISCO-EB/.venv/lib/python3.12/site-packages/equinox/_module/_prebuilt.py:34:15
/home/user/git/DISCO-EB/.venv/lib/python3.12/site-packages/diffrax/_integrate.py:379:12
/home/user/git/DISCO-EB/.venv/lib/python3.12/site-packages/equinox/_eval_shape.py:33:15
/home/user/git/DISCO-EB/.venv/lib/python3.12/site-packages/equinox/_eval_shape.py:38:30
/home/user/git/DISCO-EB/.venv/lib/python3.12/site-packages/diffrax/_integrate.py:655:36
/home/user/git/DISCO-EB/.venv/lib/python3.12/site-packages/diffrax/_adjoint.py:911:22
/home/user/git/DISCO-EB/.venv/lib/python3.12/site-packages/equinox/_module/_prebuilt.py:34:15
/home/user/git/DISCO-EB/.venv/lib/python3.12/site-packages/diffrax/_integrate.py:1435:29
'>/home/user/git/DISCO-EB/.venv/lib/python3.12/site-packages/diffrax/_step_size_controller/pid.py:487</div>"
"Total","21.0","input fusion","loop_minimum_select_fusion","2122.0","5743.545","2.7066658812441093","5743.545","2.7066658812441093","0.0021691299007961587","0.1145241974175086","3.622168538768304","3.622168538768304","0.024774105232926922","0.024774105232926922","0.0","136.16666666666666","136.16666666666666","0.0","136.16666666666666","HBM","5743.545","0.0021691299007961583","211766.4","1.710454793002244e-05","1.161437471644642e-05","1.710454793002244e-05","False","5","<div class='source-info-cell' title='/home/user/git/DISCO-EB/src/discoeb/spline_interpolation.py:34:17
/home/user/git/DISCO-EB/src/discoeb/spline_interpolation.py:39:40
/home/user/git/DISCO-EB/src/discoeb/spline_interpolation.py:39:15
/home/user/git/DISCO-EB/src/discoeb/background.py:166:43
/home/user/git/DISCO-EB/src/discoeb/background.py:233:12
/home/user/git/DISCO-EB/scripts/profile_background.py:38:0
'>/home/user/git/DISCO-EB/src/discoeb/spline_interpolation.py:34</div>"
"Total","22.0","while","while.327","2999.0","5693.119","1.8983391130376792","5693.119","1.8983391130376792","0.0021500858183736223","0.11667428323588223","640.2375590603323","640.2375590603323","2.9126840865878254","0.22027878640355966","0.0","204.7141654034024","2706.877505567929","0.0","204.7141654034024","Compute","5693.119","0.002150085818373622","311869.44","0.0020529025192732326","0.0020529025192732326","0.000152084970358452","False","5","<div class='source-info-cell' title='/home/user/git/DISCO-EB/.venv/lib/python3.12/site-packages/equinox/internal/_loop/loop.py:103:29
/home/user/git/DISCO-EB/.venv/lib/python3.12/site-packages/equinox/_module/_prebuilt.py:82:15
/home/user/git/DISCO-EB/.venv/lib/python3.12/site-packages/diffrax/_integrate.py:674:18
/home/user/git/DISCO-EB/.venv/lib/python3.12/site-packages/diffrax/_adjoint.py:911:22
/home/user/git/DISCO-EB/.venv/lib/python3.12/site-packages/equinox/_module/_prebuilt.py:34:15
/home/user/git/DISCO-EB/.venv/lib/python3.12/site-packages/diffrax/_integrate.py:1435:29
/home/user/git/DISCO-EB/.venv/lib/python3.12/site-packages/equinox/_jit.py:55:14
/home/user/git/DISCO-EB/.venv/lib/python3.12/site-packages/equinox/_jit.py:263:37
/home/user/git/DISCO-EB/.venv/lib/python3.12/site-packages/equinox/_jit.py:209:19
/home/user/git/DISCO-EB/src/discoeb/thermodynamics_recfast.py:284:7
'>/home/user/git/DISCO-EB/.venv/lib/python3.12/site-packages/equinox/internal/_loop/loop.py:103</div>"
"Total","23.0","loop fusion","loop_select_fusion.12","877.0","5558.792","6.338417331812999","5558.792","6.338417331812999","0.0020993553527493005","0.11877363858863153","0.7099564077950749","0.7099564077950749","0.002350927749590989","0.002350927749590989","0.0","281.25","281.25","0.0","281.25","Compute","5558.792","0.0020993553527493","311869.44","2.2764539154431896e-06","2.2764539154431896e-06","1.62312850433259e-06","False","5","<div class='source-info-cell' title='/home/user/git/DISCO-EB/src/discoeb/spline_interpolation.py:34:17
/home/user/git/DISCO-EB/src/discoeb/spline_interpolation.py:39:40
/home/user/git/DISCO-EB/src/discoeb/spline_interpolation.py:39:15
/home/user/git/DISCO-EB/src/discoeb/background.py:166:43
/home/user/git/DISCO-EB/src/discoeb/background.py:233:12
/home/user/git/DISCO-EB/scripts/profile_background.py:38:0
'>/home/user/git/DISCO-EB/src/discoeb/spline_interpolation.py:34</div>"
"Total","24.0","loop fusion","loop_add_fusion.15","2122.0","5396.023","2.5428949104618286","5396.023","2.5428949104618286","0.002037883369014048","0.12081152195764558","2.8703506267486256","2.8703506267486256","0.0791089223897218","0.0791089223897218","0.0","33.791666666666664","33.791666666666664","0.0","33.791666666666664","HBM","5396.023","0.002037883369014048","52552.8","5.4618414751423816e-05","9.203693143992003e-06","5.4618414751423816e-05","False","5","<div class='source-info-cell' title='/home/user/git/DISCO-EB/.venv/lib/python3.12/site-packages/equinox/internal/_loop/loop.py:103:29
/home/user/git/DISCO-EB/.venv/lib/python3.12/site-packages/equinox/_module/_prebuilt.py:82:15
/home/user/git/DISCO-EB/.venv/lib/python3.12/site-packages/diffrax/_integrate.py:674:18
/home/user/git/DISCO-EB/.venv/lib/python3.12/site-packages/diffrax/_adjoint.py:911:22
/home/user/git/DISCO-EB/.venv/lib/python3.12/site-packages/equinox/_module/_prebuilt.py:34:15
/home/user/git/DISCO-EB/.venv/lib/python3.12/site-packages/diffrax/_integrate.py:1435:29
/home/user/git/DISCO-EB/.venv/lib/python3.12/site-packages/equinox/_jit.py:55:14
/home/user/git/DISCO-EB/.venv/lib/python3.12/site-packages/equinox/_jit.py:263:37
/home/user/git/DISCO-EB/.venv/lib/python3.12/site-packages/equinox/_jit.py:209:19
/home/user/git/DISCO-EB/src/discoeb/thermodynamics_recfast.py:284:7
'>/home/user/git/DISCO-EB/.venv/lib/python3.12/site-packages/equinox/internal/_loop/loop.py:103</div>"
"Total","25.0","custom-call","lu_pivots_to_permutation.24","2122.0","4849.326","2.2852620169651274","4849.326","2.2852620169651274","0.0018314156196753456","0.12264293757732092","0.0","0.0","0.0","0.0","0.0","0.0","0.0","0.0","0.0","Unknown","4849.326","0.0018314156196753454","0.0","0.0","0.0","0.0","False","5","<div class='source-info-cell' title='/home/user/git/DISCO-EB/src/discoeb/ode_integrators_stiff.py:189:13
/home/user/git/DISCO-EB/.venv/lib/python3.12/site-packages/equinox/_module/_prebuilt.py:34:15
/home/user/git/DISCO-EB/.venv/lib/python3.12/site-packages/diffrax/_integrate.py:356:64
/home/user/git/DISCO-EB/.venv/lib/python3.12/site-packages/equinox/_eval_shape.py:33:15
/home/user/git/DISCO-EB/.venv/lib/python3.12/site-packages/equinox/_eval_shape.py:38:30
/home/user/git/DISCO-EB/.venv/lib/python3.12/site-packages/diffrax/_integrate.py:655:36
/home/user/git/DISCO-EB/.venv/lib/python3.12/site-packages/diffrax/_adjoint.py:911:22
/home/user/git/DISCO-EB/.venv/lib/python3.12/site-packages/equinox/_module/_prebuilt.py:34:15
/home/user/git/DISCO-EB/.venv/lib/python3.12/site-packages/diffrax/_integrate.py:1435:29
/home/user/git/DISCO-EB/.venv/lib/python3.12/site-packages/equinox/_jit.py:55:14
'>/home/user/git/DISCO-EB/src/discoeb/ode_integrators_stiff.py:189</div>"
"Total","26.0","loop fusion","loop_and_fusion","2999.0","4750.206","1.5839299766588864","4750.206","1.5839299766588864","0.0017939815687944148","0.12443691914611534","0.005682069367096922","0.005682069367096922","0.014699554089190131","0.014699554089190131","0.0","0.36","0.36","0.0","0.36","HBM","4750.206","0.0017939815687944148","559.8720000000001","1.0148872183457864e-05","1.8219384903813985e-08","1.0148872183457864e-05","False","5","<div class='source-info-cell' title='/home/user/git/DISCO-EB/.venv/lib/python3.12/site-packages/equinox/internal/_loop/loop.py:103:29
/home/user/git/DISCO-EB/.venv/lib/python3.12/site-packages/equinox/_module/_prebuilt.py:82:15
/home/user/git/DISCO-EB/.venv/lib/python3.12/site-packages/diffrax/_integrate.py:674:18
/home/user/git/DISCO-EB/.venv/lib/python3.12/site-packages/diffrax/_adjoint.py:911:22
/home/user/git/DISCO-EB/.venv/lib/python3.12/site-packages/equinox/_module/_prebuilt.py:34:15
/home/user/git/DISCO-EB/.venv/lib/python3.12/site-packages/diffrax/_integrate.py:1435:29
/home/user/git/DISCO-EB/.venv/lib/python3.12/site-packages/equinox/_jit.py:55:14
/home/user/git/DISCO-EB/.venv/lib/python3.12/site-packages/equinox/_jit.py:263:37
/home/user/git/DISCO-EB/.venv/lib/python3.12/site-packages/equinox/_jit.py:209:19
/home/user/git/DISCO-EB/src/discoeb/thermodynamics_recfast.py:284:7
'>/home/user/git/DISCO-EB/.venv/lib/python3.12/site-packages/equinox/internal/_loop/loop.py:103</div>"
"Total","27.0","loop fusion","loop_gather_fusion.1","2122.0","4312.053","2.0320702167766256","4312.053","2.0320702167766256","0.0016285069754163636","0.1260654261215317","1.5496511754377786","1.5496511754377786","0.06416370820738204","0.06416370820738204","0.0","22.492857142857144","22.492857142857144","0.0","22.492857142857144","HBM","4312.053","0.0016285069754163634","34980.89142857143","4.42999338253589e-05","4.96890998822385e-06","4.42999338253589e-05","False","5","<div class='source-info-cell' title='/home/user/git/DISCO-EB/src/discoeb/ode_integrators_stiff.py:189:13
/home/user/git/DISCO-EB/.venv/lib/python3.12/site-packages/equinox/_module/_prebuilt.py:34:15
/home/user/git/DISCO-EB/.venv/lib/python3.12/site-packages/diffrax/_integrate.py:356:64
/home/user/git/DISCO-EB/.venv/lib/python3.12/site-packages/equinox/_eval_shape.py:33:15
/home/user/git/DISCO-EB/.venv/lib/python3.12/site-packages/equinox/_eval_shape.py:38:30
/home/user/git/DISCO-EB/.venv/lib/python3.12/site-packages/diffrax/_integrate.py:655:36
/home/user/git/DISCO-EB/.venv/lib/python3.12/site-packages/diffrax/_adjoint.py:911:22
/home/user/git/DISCO-EB/.venv/lib/python3.12/site-packages/equinox/_module/_prebuilt.py:34:15
/home/user/git/DISCO-EB/.venv/lib/python3.12/site-packages/diffrax/_integrate.py:1435:29
/home/user/git/DISCO-EB/.venv/lib/python3.12/site-packages/equinox/_jit.py:55:14
'>/home/user/git/DISCO-EB/src/discoeb/ode_integrators_stiff.py:189</div>"
"Total","28.0","loop fusion","loop_select_fusion.10","2122.0","3508.741","1.6535065975494816","3508.741","1.6535065975494816","0.0013251249911421282","0.12739055111267383","0.018143259932836307","0.018143259932836307","0.08335965592599702","0.08335965592599702","0.0","0.20270270270270271","0.20270270270270271","0.0","0.20270270270270271","HBM","3508.741","0.001325124991142128","315.2432432432432","5.7553207948812015e-05","5.817581848621111e-08","5.7553207948812015e-05","False","5","<div class='source-info-cell' title='/home/user/git/DISCO-EB/src/discoeb/ode_integrators_stiff.py:185:21
/home/user/git/DISCO-EB/.venv/lib/python3.12/site-packages/equinox/_module/_prebuilt.py:34:15
/home/user/git/DISCO-EB/.venv/lib/python3.12/site-packages/diffrax/_integrate.py:356:64
/home/user/git/DISCO-EB/.venv/lib/python3.12/site-packages/equinox/_eval_shape.py:33:15
/home/user/git/DISCO-EB/.venv/lib/python3.12/site-packages/equinox/_eval_shape.py:38:30
/home/user/git/DISCO-EB/.venv/lib/python3.12/site-packages/diffrax/_integrate.py:655:36
/home/user/git/DISCO-EB/.venv/lib/python3.12/site-packages/diffrax/_adjoint.py:911:22
/home/user/git/DISCO-EB/.venv/lib/python3.12/site-packages/equinox/_module/_prebuilt.py:34:15
/home/user/git/DISCO-EB/.venv/lib/python3.12/site-packages/diffrax/_integrate.py:1435:29
/home/user/git/DISCO-EB/.venv/lib/python3.12/site-packages/equinox/_jit.py:55:14
'>/home/user/git/DISCO-EB/src/discoeb/ode_integrators_stiff.py:185</div>"
"Total","29.0","loop fusion","loop_add_fusion.16","2122.0","3277.194","1.5443892554194156","3277.194","1.5443892554194156","0.0012376780361448838","0.12862822914881872","0.0019425154568206825","0.0019425154568206825","0.009648578647875203","0.009648578647875203","0.0","0.1875","0.1875","0.0","0.1875","HBM","3277.194","0.0012376780361448836","291.59999999999997","6.6615756406744945e-06","6.22861751642188e-09","6.6615756406744945e-06","False","5","<div class='source-info-cell' title='/home/user/git/DISCO-EB/.venv/lib/python3.12/site-packages/equinox/internal/_loop/loop.py:103:29
/home/user/git/DISCO-EB/.venv/lib/python3.12/site-packages/equinox/_module/_prebuilt.py:82:15
/home/user/git/DISCO-EB/.venv/lib/python3.12/site-packages/diffrax/_integrate.py:674:18
/home/user/git/DISCO-EB/.venv/lib/python3.12/site-packages/diffrax/_adjoint.py:911:22
/home/user/git/DISCO-EB/.venv/lib/python3.12/site-packages/equinox/_module/_prebuilt.py:34:15
/home/user/git/DISCO-EB/.venv/lib/python3.12/site-packages/diffrax/_integrate.py:1435:29
/home/user/git/DISCO-EB/.venv/lib/python3.12/site-packages/equinox/_jit.py:55:14
/home/user/git/DISCO-EB/.venv/lib/python3.12/site-packages/equinox/_jit.py:263:37
/home/user/git/DISCO-EB/.venv/lib/python3.12/site-packages/equinox/_jit.py:209:19
/home/user/git/DISCO-EB/src/discoeb/thermodynamics_recfast.py:284:7
'>/home/user/git/DISCO-EB/.venv/lib/python3.12/site-packages/equinox/internal/_loop/loop.py:103</div>"
"Total","30.0","data formatting","copy.91","2122.0","3257.749","1.5352257304429782","3257.749","1.5352257304429782","0.0012303343606063475","0.12985856350942507","0.0","0.0","0.029118508565280556","0.029118508565280556","0.0","0.0","0.0","0.0","0.0","HBM","3257.749","0.0012303343606063475","0.0","2.0104012666566336e-05","0.0","2.0104012666566336e-05","False","5",""
"Total","31.0","loop fusion","loop_add_fusion.12","2122.0","3190.918","1.503731385485391","3190.918","1.503731385485391","0.0012050947010580882","0.13106365821048316","0.0059851114945605","0.0059851114945605","0.014864185190599408","0.014864185190599408","0.0","0.375","0.375","0.0","0.375","HBM","3190.918","0.001205094701058088","583.2000000000002","1.0262536856242281e-05","1.9191080391078072e-08","1.0262536856242281e-05","False","5","<div class='source-info-cell' title='/home/user/git/DISCO-EB/src/discoeb/ode_integrators_stiff.py:185:21
/home/user/git/DISCO-EB/.venv/lib/python3.12/site-packages/equinox/_module/_prebuilt.py:34:15
/home/user/git/DISCO-EB/.venv/lib/python3.12/site-packages/diffrax/_integrate.py:356:64
/home/user/git/DISCO-EB/.venv/lib/python3.12/site-packages/equinox/_eval_shape.py:33:15
/home/user/git/DISCO-EB/.venv/lib/python3.12/site-packages/equinox/_eval_shape.py:38:30
/home/user/git/DISCO-EB/.venv/lib/python3.12/site-packages/diffrax/_integrate.py:655:36
/home/user/git/DISCO-EB/.venv/lib/python3.12/site-packages/diffrax/_adjoint.py:911:22
/home/user/git/DISCO-EB/.venv/lib/python3.12/site-packages/equinox/_module/_prebuilt.py:34:15
/home/user/git/DISCO-EB/.venv/lib/python3.12/site-packages/diffrax/_integrate.py:1435:29
/home/user/git/DISCO-EB/.venv/lib/python3.12/site-packages/equinox/_jit.py:55:14
'>/home/user/git/DISCO-EB/src/discoeb/ode_integrators_stiff.py:185</div>"
"Total","32.0","loop fusion","loop_dynamic_update_slice_fusion.33","1021.0","1987.829","1.94694319294809","1987.829","1.94694319294809","0.0007507313552117599","0.1318143895656949","1.067827765869197","1.067827765869197","0.0229608566615918","0.0229608566615918","0.0","43.3125","43.3125","0.0","43.3125","HBM","1987.829","0.0007507313552117598","67359.60000000002","1.5852644105208416e-05","3.4239576852069796e-06","1.5852644105208416e-05","False","5","<div class='source-info-cell' title='/home/user/git/DISCO-EB/src/discoeb/spline_interpolation.py:67:21
/home/user/git/DISCO-EB/src/discoeb/spline_interpolation.py:71:21
/home/user/git/DISCO-EB/src/discoeb/background.py:248:40
/home/user/git/DISCO-EB/scripts/profile_background.py:38:0
'>/home/user/git/DISCO-EB/src/discoeb/spline_interpolation.py:67</div>"
"Total","33.0","loop fusion","loop_dynamic_update_slice_fusion.39","1021.0","1984.759","1.9439363369245837","1984.759","1.9439363369245837","0.0007495719268803993","0.13256396149257532","1.0694794682880895","1.0694794682880895","0.022996372222902312","0.022996372222902312","0.0","43.3125","43.3125","0.0","43.3125","HBM","1984.759","0.0007495719268803992","67359.6","1.5877164773663878e-05","3.4292538194447315e-06","1.5877164773663878e-05","False","5","<div class='source-info-cell' title='/home/user/git/DISCO-EB/src/discoeb/spline_interpolation.py:67:21
/home/user/git/DISCO-EB/src/discoeb/spline_interpolation.py:71:21
/home/user/git/DISCO-EB/src/discoeb/background.py:248:40
/home/user/git/DISCO-EB/scripts/profile_background.py:38:0
'>/home/user/git/DISCO-EB/src/discoeb/spline_interpolation.py:67</div>"
"Total","34.0","loop fusion","loop_dynamic_update_slice_fusion.35","1021.0","1984.429","1.9436131243878552","1984.429","1.9436131243878552","0.0007494472977763769","0.1333134087903517","1.069657317041829","1.069657317041829","0.023000196397429874","0.023000196397429874","0.0","43.3125","43.3125","0.0","43.3125","HBM","1984.429","0.0007494472977763768","67359.59999999999","1.5879805061814933e-05","3.429824086136266e-06","1.5879805061814933e-05","False","5","<div class='source-info-cell' title='/home/user/git/DISCO-EB/src/discoeb/spline_interpolation.py:67:21
/home/user/git/DISCO-EB/src/discoeb/spline_interpolation.py:71:21
/home/user/git/DISCO-EB/src/discoeb/background.py:248:40
/home/user/git/DISCO-EB/scripts/profile_background.py:38:0
'>/home/user/git/DISCO-EB/src/discoeb/spline_interpolation.py:67</div>"
"Total","35.0","loop fusion","loop_dynamic_update_slice_fusion.43","1021.0","1984.16","1.9433496571988247","1984.16","1.9433496571988247","0.000749345706173401","0.1340627544965251","1.069802334489154","1.069802334489154","0.023003314620169427","0.023003314620169427","0.0","43.3125","43.3125","0.0","43.3125","HBM","1984.16","0.0007493457061734009","67359.6","1.588195794644199e-05","3.4302890802290667e-06","1.588195794644199e-05","False","5","<div class='source-info-cell' title='/home/user/git/DISCO-EB/src/discoeb/spline_interpolation.py:67:21
/home/user/git/DISCO-EB/src/discoeb/spline_interpolation.py:71:21
/home/user/git/DISCO-EB/src/discoeb/background.py:248:40
/home/user/git/DISCO-EB/scripts/profile_background.py:38:0
'>/home/user/git/DISCO-EB/src/discoeb/spline_interpolation.py:67</div>"
"Total","36.0","loop fusion","loop_dynamic_update_slice_fusion.45","1021.0","1982.62","1.941841332027424","1982.62","1.941841332027424","0.0007487641036879627","0.13481151860021306","1.0706333034066033","1.0706333034066033","0.02302118244381443","0.02302118244381443","0.0","43.3125","43.3125","0.0","43.3125","HBM","1982.62","0.0007487641036879627","67359.59999999999","1.5894294256595992e-05","3.432953557125069e-06","1.5894294256595992e-05","False","5","<div class='source-info-cell' title='/home/user/git/DISCO-EB/src/discoeb/spline_interpolation.py:67:21
/home/user/git/DISCO-EB/src/discoeb/spline_interpolation.py:71:21
/home/user/git/DISCO-EB/src/discoeb/background.py:248:40
/home/user/git/DISCO-EB/scripts/profile_background.py:38:0
'>/home/user/git/DISCO-EB/src/discoeb/spline_interpolation.py:67</div>"
"Total","37.0","loop fusion","loop_dynamic_update_slice_fusion.41","1021.0","1981.666","1.9409069539666992","1981.666","1.9409069539666992","0.0007484038122781523","0.1355599224124912","1.0711487203191659","1.0711487203191659","0.023032265142943043","0.023032265142943043","0.0","43.3125","43.3125","0.0","43.3125","HBM","1981.666","0.0007484038122781523","67359.6","1.590194597828915e-05","3.434606225987278e-06","1.590194597828915e-05","False","5","<div class='source-info-cell' title='/home/user/git/DISCO-EB/src/discoeb/spline_interpolation.py:67:21
/home/user/git/DISCO-EB/src/discoeb/spline_interpolation.py:71:21
/home/user/git/DISCO-EB/src/discoeb/background.py:248:40
/home/user/git/DISCO-EB/scripts/profile_background.py:38:0
'>/home/user/git/DISCO-EB/src/discoeb/spline_interpolation.py:67</div>"
"Total","38.0","loop fusion","loop_dynamic_update_slice_fusion.37","1021.0","1972.391","1.931822722820764","1972.391","1.931822722820764","0.0007449009791272178","0.13630482339161842","1.0761857055725765","1.0761857055725765","0.023140572400074513","0.023140572400074513","0.0","43.3125","43.3125","0.0","43.3125","HBM","1972.391","0.0007449009791272177","67359.59999999999","1.5976723519328746e-05","3.4507571680398585e-06","1.5976723519328746e-05","False","5","<div class='source-info-cell' title='/home/user/git/DISCO-EB/src/discoeb/spline_interpolation.py:67:21
/home/user/git/DISCO-EB/src/discoeb/spline_interpolation.py:71:21
/home/user/git/DISCO-EB/src/discoeb/background.py:248:40
/home/user/git/DISCO-EB/scripts/profile_background.py:38:0
'>/home/user/git/DISCO-EB/src/discoeb/spline_interpolation.py:67</div>"
"Total","39.0","loop fusion","loop_dynamic_update_slice_fusion.9","1021.0","1971.686","1.9311322233104797","1971.686","1.9311322233104797","0.0007446347260413516","0.13704945811765978","1.0765705086915462","1.0765705086915462","0.023148846589545885","0.023148846589545885","0.0","43.3125","43.3125","0.0","43.3125","HBM","1971.686","0.0007446347260413516","67359.6","1.5982436188628586e-05","3.451991027692698e-06","1.5982436188628586e-05","False","5","<div class='source-info-cell' title='/home/user/git/DISCO-EB/src/discoeb/spline_interpolation.py:67:21
/home/user/git/DISCO-EB/src/discoeb/spline_interpolation.py:71:21
/home/user/git/DISCO-EB/src/discoeb/background.py:248:40
/home/user/git/DISCO-EB/scripts/profile_background.py:38:0
'>/home/user/git/DISCO-EB/src/discoeb/spline_interpolation.py:67</div>"
"Total","40.0","loop fusion","loop_add_fusion.17","877.0","1956.394","2.230779931584949","1956.394","2.230779931584949","0.0007388594888937407","0.13778831760655352","2.392436799540379","2.392436799540379","0.03673889360656604","0.03673889360656604","0.0","60.64772727272727","60.64772727272727","0.0","60.64772727272727","HBM","1956.394","0.0007388594888937406","94319.34545454546","2.5365282042731586e-05","7.671276799484998e-06","2.5365282042731586e-05","False","5","<div class='source-info-cell' title='/home/user/git/DISCO-EB/src/discoeb/thermodynamics_recfast.py:440:14
/home/user/git/DISCO-EB/src/discoeb/thermodynamics_recfast.py:452:12
/home/user/git/DISCO-EB/src/discoeb/thermodynamics_recfast.py:461:11
/home/user/git/DISCO-EB/src/discoeb/background.py:237:82
/home/user/git/DISCO-EB/scripts/profile_background.py:38:0
'>/home/user/git/DISCO-EB/src/discoeb/thermodynamics_recfast.py:440</div>"
"Total","41.0","conditional","cond.23.clone.4","1024.0","1944.333","1.8987626953125","1944.333","1.8987626953125","0.0007343044839736953","0.1385226220905272","790.7791762007845","790.7791762007845","3.607057496247588","0.29674595937310183","0.0","204.17487081860213","2481.8214876033057","0.0","204.17487081860213","Compute","1944.333","0.0007343044839736952","311869.44","0.0025356096968038437","0.0025356096968038437","0.0002048794673880557","False","5","<div class='source-info-cell' title='/home/user/git/DISCO-EB/src/discoeb/thermodynamics_recfast.py:440:14
/home/user/git/DISCO-EB/src/discoeb/thermodynamics_recfast.py:452:12
/home/user/git/DISCO-EB/src/discoeb/thermodynamics_recfast.py:461:11
/home/user/git/DISCO-EB/src/discoeb/background.py:237:82
/home/user/git/DISCO-EB/scripts/profile_background.py:38:0
'>/home/user/git/DISCO-EB/src/discoeb/thermodynamics_recfast.py:440</div>"
"Total","42.0","loop fusion","loop_dynamic_update_slice_fusion.34","1021.0","1943.928","1.9039451518119492","1943.928","1.9039451518119492","0.0007341515300733041","0.13925677362060052","1.1397387146025983","1.1397387146025983","0.027392629524454915","0.027392629524454915","0.0","38.75","38.75","0.0","38.75","HBM","1943.928","0.000734151530073304","60264.0","1.891243054896121e-05","3.6545379842366035e-06","1.891243054896121e-05","False","5","<div class='source-info-cell' title='/home/user/git/DISCO-EB/src/discoeb/spline_interpolation.py:68:21
/home/user/git/DISCO-EB/src/discoeb/spline_interpolation.py:71:21
/home/user/git/DISCO-EB/src/discoeb/background.py:248:40
/home/user/git/DISCO-EB/scripts/profile_background.py:38:0
'>/home/user/git/DISCO-EB/src/discoeb/spline_interpolation.py:68</div>"
"Total","43.0","loop fusion","loop_dynamic_update_slice_fusion.44","1021.0","1941.091","1.9011665034280116","1941.091","1.9011665034280116","0.0007330800974426623","0.13998985371804318","1.1414044988102052","1.1414044988102052","0.027432665200248004","0.027432665200248004","0.0","38.75","38.75","0.0","38.75","HBM","1941.091","0.0007330800974426623","60264.0","1.894007199671786e-05","3.6598792713072665e-06","1.894007199671786e-05","False","5","<div class='source-info-cell' title='/home/user/git/DISCO-EB/src/discoeb/spline_interpolation.py:68:21
/home/user/git/DISCO-EB/src/discoeb/spline_interpolation.py:71:21
/home/user/git/DISCO-EB/src/discoeb/background.py:248:40
/home/user/git/DISCO-EB/scripts/profile_background.py:38:0
'>/home/user/git/DISCO-EB/src/discoeb/spline_interpolation.py:68</div>"
"Total","44.0","loop fusion","loop_dynamic_update_slice_fusion.36","1021.0","1939.198","1.8993124387855045","1939.198","1.8993124387855045","0.0007323651795823154","0.14072221889762548","1.1425187113435555","1.1425187113435555","0.027459444330189386","0.027459444330189386","0.0","38.75","38.75","0.0","38.75","HBM","1939.198","0.0007323651795823153","60264.00000000001","1.8958560854632207e-05","3.663451960357371e-06","1.8958560854632207e-05","False","5","<div class='source-info-cell' title='/home/user/git/DISCO-EB/src/discoeb/spline_interpolation.py:68:21
/home/user/git/DISCO-EB/src/discoeb/spline_interpolation.py:71:21
/home/user/git/DISCO-EB/src/discoeb/background.py:248:40
/home/user/git/DISCO-EB/scripts/profile_background.py:38:0
'>/home/user/git/DISCO-EB/src/discoeb/spline_interpolation.py:68</div>"
"Total","45.0","loop fusion","loop_dynamic_update_slice_fusion.42","1021.0","1934.256","1.89447208619001","1934.256","1.89447208619001","0.000730498764333591","0.14145271766195908","1.1454378324275587","1.1454378324275587","0.02752960286860405","0.02752960286860405","0.0","38.75","38.75","0.0","38.75","HBM","1934.256","0.0007304987643335909","60264.00000000001","1.9006999741596285e-05","3.6728120345089237e-06","1.9006999741596285e-05","False","5","<div class='source-info-cell' title='/home/user/git/DISCO-EB/src/discoeb/spline_interpolation.py:68:21
/home/user/git/DISCO-EB/src/discoeb/spline_interpolation.py:71:21
/home/user/git/DISCO-EB/src/discoeb/background.py:248:40
/home/user/git/DISCO-EB/scripts/profile_background.py:38:0
'>/home/user/git/DISCO-EB/src/discoeb/spline_interpolation.py:68</div>"
"Total","46.0","loop fusion","loop_dynamic_update_slice_fusion.38","1021.0","1933.264","1.8935004897159646","1933.264","1.8935004897159646","0.0007301241216936203","0.1421828417836527","1.1460255816070646","1.1460255816070646","0.027543728909354644","0.027543728909354644","0.0","38.75","38.75","0.0","38.75","HBM","1933.264","0.0007301241216936203","60264.00000000001","1.9016752648464497e-05","3.6746966346143585e-06","1.9016752648464497e-05","False","5","<div class='source-info-cell' title='/home/user/git/DISCO-EB/src/discoeb/spline_interpolation.py:68:21
/home/user/git/DISCO-EB/src/discoeb/spline_interpolation.py:71:21
/home/user/git/DISCO-EB/src/discoeb/background.py:248:40
/home/user/git/DISCO-EB/scripts/profile_background.py:38:0
'>/home/user/git/DISCO-EB/src/discoeb/spline_interpolation.py:68</div>"
"Total","47.0","loop fusion","loop_dynamic_update_slice_fusion.40","1021.0","1932.188","1.8924466209598434","1932.188","1.8924466209598434","0.0007297177552817169","0.14291255953893442","1.1466637821992476","1.1466637821992476","0.02755906750596453","0.02755906750596453","0.0","38.75","38.75","0.0","38.75","HBM","1932.188","0.0007297177552817168","60264.00000000001","1.9027342728648073e-05","3.67674300566047e-06","1.9027342728648073e-05","False","5","<div class='source-info-cell' title='/home/user/git/DISCO-EB/src/discoeb/spline_interpolation.py:68:21
/home/user/git/DISCO-EB/src/discoeb/spline_interpolation.py:71:21
/home/user/git/DISCO-EB/src/discoeb/background.py:248:40
/home/user/git/DISCO-EB/scripts/profile_background.py:38:0
'>/home/user/git/DISCO-EB/src/discoeb/spline_interpolation.py:68</div>"
"Total","48.0","loop fusion","loop_dynamic_update_slice_fusion.32","1021.0","1931.715","1.8919833496571987","1931.715","1.8919833496571987","0.0007295391202326179","0.14364209865916705","1.14694455445032","1.14694455445032","0.02756581562301613","0.02756581562301613","0.0","38.75","38.75","0.0","38.75","HBM","1931.715","0.0007295391202326179","60264.0","1.9032001766399842e-05","3.6776432934574164e-06","1.9032001766399842e-05","False","5","<div class='source-info-cell' title='/home/user/git/DISCO-EB/src/discoeb/spline_interpolation.py:68:21
/home/user/git/DISCO-EB/src/discoeb/spline_interpolation.py:71:21
/home/user/git/DISCO-EB/src/discoeb/background.py:248:40
/home/user/git/DISCO-EB/scripts/profile_background.py:38:0
'>/home/user/git/DISCO-EB/src/discoeb/spline_interpolation.py:68</div>"
"Total","49.0","loop fusion","loop_dynamic_update_slice_fusion.8","1021.0","1930.64","1.890930460333007","1930.64","1.890930460333007","0.000729133131484666","0.14437123179065173","1.1475831848506195","1.1475831848506195","0.027581164549690566","0.027581164549690566","0.0","38.75","38.75","0.0","38.75","HBM","1930.64","0.0007291331314846659","60264.000000000015","1.9042598978670836e-05","3.679691042670354e-06","1.9042598978670836e-05","False","5","<div class='source-info-cell' title='/home/user/git/DISCO-EB/src/discoeb/spline_interpolation.py:68:21
/home/user/git/DISCO-EB/src/discoeb/spline_interpolation.py:71:21
/home/user/git/DISCO-EB/src/discoeb/background.py:248:40
/home/user/git/DISCO-EB/scripts/profile_background.py:38:0
'>/home/user/git/DISCO-EB/src/discoeb/spline_interpolation.py:68</div>"
"Total","50.0","loop fusion","loop_select_fusion.3","1024.0","1854.801","1.8113291015625","1854.801","1.8113291015625","0.0007004914750605446","0.14507172326571227","0.056864321293766826","0.056864321293766826","0.016453289665575983","0.016453289665575983","0.0","3.21875","3.21875","0.0","3.21875","HBM","1854.801","0.0007004914750605445","5005.800000000001","1.1359687021808066e-05","1.8233373970135332e-07","1.1359687021808066e-05","False","5","<div class='source-info-cell' title='/home/user/git/DISCO-EB/src/discoeb/spline_interpolation.py:34:17
/home/user/git/DISCO-EB/src/discoeb/spline_interpolation.py:39:40
/home/user/git/DISCO-EB/src/discoeb/spline_interpolation.py:39:15
/home/user/git/DISCO-EB/src/discoeb/background.py:166:43
/home/user/git/DISCO-EB/src/discoeb/background.py:233:12
/home/user/git/DISCO-EB/scripts/profile_background.py:38:0
'>/home/user/git/DISCO-EB/src/discoeb/spline_interpolation.py:34</div>"
"Total","51.0","loop fusion","loop_dynamic_update_slice_fusion.55","1024.0","1851.993","1.8085869140625","1851.993","1.8085869140625","0.0006994309946844988","0.14577115426039677","0.023222549977240735","0.023222549977240735","0.07878656690935454","0.07878656690935454","0.0","0.27450980392156865","0.27450980392156865","0.0","0.27450980392156865","HBM","1851.993","0.0006994309946844988","426.91764705882355","5.439585394801208e-05","7.446240958152467e-08","5.439585394801208e-05","False","5","<div class='source-info-cell' title='/home/user/git/DISCO-EB/src/discoeb/thermodynamics_recfast.py:450:11
/home/user/git/DISCO-EB/src/discoeb/thermodynamics_recfast.py:452:12
/home/user/git/DISCO-EB/src/discoeb/thermodynamics_recfast.py:461:11
/home/user/git/DISCO-EB/src/discoeb/background.py:237:82
/home/user/git/DISCO-EB/scripts/profile_background.py:38:0
'>/home/user/git/DISCO-EB/src/discoeb/thermodynamics_recfast.py:450</div>"
"Total","52.0","loop fusion","loop_select_fusion.19","1024.0","1849.428","1.80608203125","1849.428","1.80608203125","0.0006984622866486879","0.14646961654704546","0.05702952480442602","0.05702952480442602","0.01650109013435505","0.01650109013435505","0.0","3.21875","3.21875","0.0","3.21875","HBM","1849.428","0.0006984622866486878","5005.800000000001","1.1392689441133487e-05","1.828634598004409e-07","1.1392689441133487e-05","False","5","<div class='source-info-cell' title='/home/user/git/DISCO-EB/src/discoeb/spline_interpolation.py:34:17
/home/user/git/DISCO-EB/src/discoeb/spline_interpolation.py:39:40
/home/user/git/DISCO-EB/src/discoeb/spline_interpolation.py:39:15
/home/user/git/DISCO-EB/src/discoeb/background.py:166:43
/home/user/git/DISCO-EB/src/discoeb/background.py:233:12
/home/user/git/DISCO-EB/scripts/profile_background.py:38:0
'>/home/user/git/DISCO-EB/src/discoeb/spline_interpolation.py:34</div>"
"Total","53.0","loop fusion","loop_select_fusion.18","1024.0","1849.152","1.8058125","1849.152","1.8058125","0.0006983580513980509","0.14716797459844352","0.057038036894749594","0.057038036894749594","0.016503553047559096","0.016503553047559096","0.0","3.21875","3.21875","0.0","3.21875","HBM","1849.152","0.0006983580513980509","5005.8","1.1394389886681367e-05","1.828907535626113e-07","1.1394389886681367e-05","False","5","<div class='source-info-cell' title='/home/user/git/DISCO-EB/src/discoeb/spline_interpolation.py:34:17
/home/user/git/DISCO-EB/src/discoeb/spline_interpolation.py:39:40
/home/user/git/DISCO-EB/src/discoeb/spline_interpolation.py:39:15
/home/user/git/DISCO-EB/src/discoeb/background.py:166:43
/home/user/git/DISCO-EB/src/discoeb/background.py:233:12
/home/user/git/DISCO-EB/scripts/profile_background.py:38:0
'>/home/user/git/DISCO-EB/src/discoeb/spline_interpolation.py:34</div>"
"Total","54.0","loop fusion","loop_add_multiply_subtract_fusion.9","1021.0","1826.717","1.7891449559255632","1826.717","1.7891449559255632","0.000689885160644281","0.1478578597590878","0.18779920480293336","0.18779920480293336","0.03331459789101093","0.03331459789101093","0.0","5.25","5.25","0.0","5.25","HBM","1826.717","0.0006898851606442809","8164.800000000002","2.3001078385622834e-05","6.021725142512629e-07","2.3001078385622834e-05","False","5","<div class='source-info-cell' title='/home/user/git/DISCO-EB/src/discoeb/spline_interpolation.py:68:42
/home/user/git/DISCO-EB/src/discoeb/spline_interpolation.py:71:21
/home/user/git/DISCO-EB/src/discoeb/background.py:248:40
/home/user/git/DISCO-EB/scripts/profile_background.py:38:0
'>/home/user/git/DISCO-EB/src/discoeb/spline_interpolation.py:68</div>"
"Total","55.0","loop fusion","loop_add_multiply_subtract_fusion.8","1021.0","1826.148","1.7885876591576884","1826.148","1.7885876591576884","0.00068967026985583","0.14854753002894364","0.1878577201847824","0.1878577201847824","0.03332497821407346","0.03332497821407346","0.0","5.25","5.25","0.0","5.25","HBM","1826.148","0.00068967026985583","8164.800000000001","2.30082451725434e-05","6.023601420670854e-07","2.30082451725434e-05","False","5","<div class='source-info-cell' title='/home/user/git/DISCO-EB/src/discoeb/spline_interpolation.py:68:42
/home/user/git/DISCO-EB/src/discoeb/spline_interpolation.py:71:21
/home/user/git/DISCO-EB/src/discoeb/background.py:248:40
/home/user/git/DISCO-EB/scripts/profile_background.py:38:0
'>/home/user/git/DISCO-EB/src/discoeb/spline_interpolation.py:68</div>"
"Total","56.0","loop fusion","loop_add_multiply_subtract_fusion.7","1021.0","1825.51","1.7879627815866797","1825.51","1.7879627815866797","0.00068942932025472","0.14923695934919837","0.1879233748377166","0.1879233748377166","0.03333662500653178","0.03333662500653178","0.0","5.25","5.25","0.0","5.25","HBM","1825.51","0.00068942932025472","8164.800000000001","2.3016286355785392e-05","6.025706617413896e-07","2.3016286355785392e-05","False","5","<div class='source-info-cell' title='/home/user/git/DISCO-EB/src/discoeb/spline_interpolation.py:68:42
/home/user/git/DISCO-EB/src/discoeb/spline_interpolation.py:71:21
/home/user/git/DISCO-EB/src/discoeb/background.py:248:40
/home/user/git/DISCO-EB/scripts/profile_background.py:38:0
'>/home/user/git/DISCO-EB/src/discoeb/spline_interpolation.py:68</div>"
"Total","57.0","loop fusion","loop_add_multiply_subtract_fusion.4","1021.0","1824.718","1.787187071498531","1824.718","1.787187071498531","0.000689130210405066","0.14992608955960343","0.18800494103746443","0.18800494103746443","0.03335109442427478","0.03335109442427478","0.0","5.25","5.25","0.0","5.25","HBM","1824.718","0.000689130210405066","8164.8","2.302627633713801e-05","6.02832201313038e-07","2.302627633713801e-05","False","5","<div class='source-info-cell' title='/home/user/git/DISCO-EB/src/discoeb/spline_interpolation.py:68:42
/home/user/git/DISCO-EB/src/discoeb/spline_interpolation.py:71:21
/home/user/git/DISCO-EB/src/discoeb/background.py:248:40
/home/user/git/DISCO-EB/scripts/profile_background.py:38:0
'>/home/user/git/DISCO-EB/src/discoeb/spline_interpolation.py:68</div>"
"Total","58.0","loop fusion","loop_add_multiply_subtract_fusion.5","1021.0","1822.976","1.7854809010773753","1822.976","1.7854809010773753","0.0006884723198014081","0.15061456187940483","0.18818459486027245","0.18818459486027245","0.033382964073950416","0.033382964073950416","0.0","5.25","5.25","0.0","5.25","HBM","1822.976","0.000688472319801408","8164.8","2.3048279793782144e-05","6.034082559043697e-07","2.3048279793782144e-05","False","5","<div class='source-info-cell' title='/home/user/git/DISCO-EB/src/discoeb/spline_interpolation.py:68:42
/home/user/git/DISCO-EB/src/discoeb/spline_interpolation.py:71:21
/home/user/git/DISCO-EB/src/discoeb/background.py:248:40
/home/user/git/DISCO-EB/scripts/profile_background.py:38:0
'>/home/user/git/DISCO-EB/src/discoeb/spline_interpolation.py:68</div>"
"Total","59.0","loop fusion","loop_add_multiply_subtract_fusion.10","1021.0","1820.202","1.7827639569049951","1820.202","1.7827639569049951","0.0006874246799997161","0.15130198655940455","0.18847138943919411","0.18847138943919411","0.033433839934069856","0.033433839934069856","0.0","5.25","5.25","0.0","5.25","HBM","1820.202","0.0006874246799997161","8164.800000000001","2.3083405526062375e-05","6.043278541148312e-07","2.3083405526062375e-05","False","5","<div class='source-info-cell' title='/home/user/git/DISCO-EB/src/discoeb/spline_interpolation.py:68:42
/home/user/git/DISCO-EB/src/discoeb/spline_interpolation.py:71:21
/home/user/git/DISCO-EB/src/discoeb/background.py:248:40
/home/user/git/DISCO-EB/scripts/profile_background.py:38:0
'>/home/user/git/DISCO-EB/src/discoeb/spline_interpolation.py:68</div>"
"Total","60.0","loop fusion","loop_add_multiply_subtract_fusion.6","1021.0","1815.747","1.7784005876591578","1815.747","1.7784005876591578","0.0006857421870954129","0.15198772874649996","0.1889338107126158","0.1889338107126158","0.03351587105234035","0.03351587105234035","0.0","5.25","5.25","0.0","5.25","HBM","1815.747","0.0006857421870954128","8164.8","2.314004148449635e-05","6.058105940505611e-07","2.314004148449635e-05","False","5","<div class='source-info-cell' title='/home/user/git/DISCO-EB/src/discoeb/spline_interpolation.py:68:42
/home/user/git/DISCO-EB/src/discoeb/spline_interpolation.py:71:21
/home/user/git/DISCO-EB/src/discoeb/background.py:248:40
/home/user/git/DISCO-EB/scripts/profile_background.py:38:0
'>/home/user/git/DISCO-EB/src/discoeb/spline_interpolation.py:68</div>"
"Total","61.0","loop fusion","loop_add_multiply_subtract_fusion.1","1021.0","1814.682","1.7773574926542606","1814.682","1.7773574926542606","0.0006853399749869767","0.15267306872148695","0.18904469212787695","0.18904469212787695","0.03353554083617616","0.03353554083617616","0.0","5.25","5.25","0.0","5.25","HBM","1814.682","0.0006853399749869765","8164.8","2.3153621904746834e-05","6.061661319809884e-07","2.3153621904746834e-05","False","5","<div class='source-info-cell' title='/home/user/git/DISCO-EB/src/discoeb/spline_interpolation.py:68:42
/home/user/git/DISCO-EB/src/discoeb/spline_interpolation.py:71:21
/home/user/git/DISCO-EB/src/discoeb/background.py:248:40
/home/user/git/DISCO-EB/scripts/profile_background.py:38:0
'>/home/user/git/DISCO-EB/src/discoeb/spline_interpolation.py:68</div>"
"Total","62.0","loop fusion","loop_select_fusion.16","1024.0","1813.858","1.771345703125","1813.858","1.771345703125","0.000685028779890872","0.15335809750137783","0.003387255231666426","0.003387255231666426","0.016824678737255065","0.016824678737255065","0.0","0.1875","0.1875","0.0","0.1875","HBM","1813.858","0.000685028779890872","291.6","1.1616101617511748e-05","1.0861132247091686e-08","1.1616101617511748e-05","False","5","<div class='source-info-cell' title='/home/user/git/DISCO-EB/src/discoeb/spline_interpolation.py:34:17
/home/user/git/DISCO-EB/src/discoeb/spline_interpolation.py:39:40
/home/user/git/DISCO-EB/src/discoeb/spline_interpolation.py:39:15
/home/user/git/DISCO-EB/src/discoeb/background.py:166:43
/home/user/git/DISCO-EB/src/discoeb/background.py:233:12
/home/user/git/DISCO-EB/scripts/profile_background.py:38:0
'>/home/user/git/DISCO-EB/src/discoeb/spline_interpolation.py:34</div>"
"Total","63.0","loop fusion","loop_select_fusion.14","1024.0","1813.283","1.7707841796875","1813.283","1.7707841796875","0.0006848116231187117","0.15404290912449653","0.003388329345171162","0.003388329345171162","0.016830013916746583","0.016830013916746583","0.0","0.1875","0.1875","0.0","0.1875","HBM","1813.283","0.0006848116231187116","291.6000000000001","1.1619785134331828e-05","1.0864576359809932e-08","1.1619785134331828e-05","False","5","<div class='source-info-cell' title='/home/user/git/DISCO-EB/src/discoeb/spline_interpolation.py:34:17
/home/user/git/DISCO-EB/src/discoeb/spline_interpolation.py:39:40
/home/user/git/DISCO-EB/src/discoeb/spline_interpolation.py:39:15
/home/user/git/DISCO-EB/src/discoeb/background.py:166:43
/home/user/git/DISCO-EB/src/discoeb/background.py:233:12
/home/user/git/DISCO-EB/scripts/profile_background.py:38:0
'>/home/user/git/DISCO-EB/src/discoeb/spline_interpolation.py:34</div>"
"Total","64.0","loop fusion","loop_select_fusion.17","1024.0","1811.655","1.7691943359375","1811.655","1.7691943359375","0.0006841967862055341","0.15472710591070207","0.003391374185482335","0.003391374185482335","0.016845137802175357","0.016845137802175357","0.0","0.1875","0.1875","0.0","0.1875","HBM","1811.655","0.0006841967862055341","291.6","1.1630226973533385e-05","1.0874339548890508e-08","1.1630226973533385e-05","False","5","<div class='source-info-cell' title='/home/user/git/DISCO-EB/src/discoeb/spline_interpolation.py:34:17
/home/user/git/DISCO-EB/src/discoeb/spline_interpolation.py:39:40
/home/user/git/DISCO-EB/src/discoeb/spline_interpolation.py:39:15
/home/user/git/DISCO-EB/src/discoeb/background.py:166:43
/home/user/git/DISCO-EB/src/discoeb/background.py:233:12
/home/user/git/DISCO-EB/scripts/profile_background.py:38:0
'>/home/user/git/DISCO-EB/src/discoeb/spline_interpolation.py:34</div>"
"Total","65.0","loop fusion","loop_select_fusion.15","1024.0","1810.386","1.767955078125","1810.386","1.767955078125","0.000683717530650975","0.15541082344135304","0.0033937513878255798","0.0033937513878255798","0.016856945493944387","0.016856945493944387","0.0","0.1875","0.1875","0.0","0.1875","HBM","1810.386","0.000683717530650975","291.59999999999997","1.163837924494369e-05","1.0881961976863074e-08","1.163837924494369e-05","False","5","<div class='source-info-cell' title='/home/user/git/DISCO-EB/src/discoeb/spline_interpolation.py:34:17
/home/user/git/DISCO-EB/src/discoeb/spline_interpolation.py:39:40
/home/user/git/DISCO-EB/src/discoeb/spline_interpolation.py:39:15
/home/user/git/DISCO-EB/src/discoeb/background.py:166:43
/home/user/git/DISCO-EB/src/discoeb/background.py:233:12
/home/user/git/DISCO-EB/scripts/profile_background.py:38:0
'>/home/user/git/DISCO-EB/src/discoeb/spline_interpolation.py:34</div>"
"Total","66.0","loop fusion","loop_select_fusion.13","1024.0","1801.506","1.759283203125","1801.506","1.759283203125","0.000680363874760916","0.15609118731611396","0.003410479898484934","0.003410479898484934","0.016940036905233734","0.016940036905233734","0.0","0.1875","0.1875","0.0","0.1875","HBM","1801.506","0.0006803638747609158","291.59999999999997","1.1695747251320077e-05","1.0935601444261208e-08","1.1695747251320077e-05","False","5","<div class='source-info-cell' title='/home/user/git/DISCO-EB/src/discoeb/spline_interpolation.py:34:17
/home/user/git/DISCO-EB/src/discoeb/spline_interpolation.py:39:40
/home/user/git/DISCO-EB/src/discoeb/spline_interpolation.py:39:15
/home/user/git/DISCO-EB/src/discoeb/background.py:166:43
/home/user/git/DISCO-EB/src/discoeb/background.py:233:12
/home/user/git/DISCO-EB/scripts/profile_background.py:38:0
'>/home/user/git/DISCO-EB/src/discoeb/spline_interpolation.py:34</div>"
"Total","67.0","loop fusion","loop_select_fusion.2","1024.0","1799.985","1.7577978515625","1799.985","1.7577978515625","0.0006797894478905577","0.1567709767640045","0.003413361778014817","0.003413361778014817","0.016954351355705742","0.016954351355705742","0.0","0.1875","0.1875","0.0","0.1875","HBM","1799.985","0.0006797894478905577","291.59999999999997","1.1705630240105682e-05","1.0944842104487111e-08","1.1705630240105682e-05","False","5","<div class='source-info-cell' title='/home/user/git/DISCO-EB/src/discoeb/spline_interpolation.py:34:17
/home/user/git/DISCO-EB/src/discoeb/spline_interpolation.py:39:40
/home/user/git/DISCO-EB/src/discoeb/spline_interpolation.py:39:15
/home/user/git/DISCO-EB/src/discoeb/background.py:166:43
/home/user/git/DISCO-EB/src/discoeb/background.py:233:12
/home/user/git/DISCO-EB/scripts/profile_background.py:38:0
'>/home/user/git/DISCO-EB/src/discoeb/spline_interpolation.py:34</div>"
"Total","68.0","loop fusion","loop_dynamic_update_slice_fusion.47","1021.0","1741.58","1.7057590597453476","1741.58","1.7057590597453476","0.0006577319847983386","0.15742870874880285","0.0973173784724216","0.0973173784724216","0.021839487102111955","0.021839487102111955","0.0","4.15","4.15","0.0","4.15","HBM","1741.58","0.0006577319847983386","6454.080000000001","1.5078427672483389e-05","3.1204525352795577e-07","1.5078427672483389e-05","False","5","<div class='source-info-cell' title='/home/user/git/DISCO-EB/src/discoeb/spline_interpolation.py:79:24
/home/user/git/DISCO-EB/src/discoeb/spline_interpolation.py:82:25
/home/user/git/DISCO-EB/src/discoeb/background.py:248:40
/home/user/git/DISCO-EB/scripts/profile_background.py:38:0
'>/home/user/git/DISCO-EB/src/discoeb/spline_interpolation.py:79</div>"
"Total","69.0","loop fusion","loop_dynamic_update_slice_fusion.49","1021.0","1741.037","1.7052272282076395","1741.037","1.7052272282076395","0.0006575269132726289","0.15808623566207547","0.0973477301171658","0.0973477301171658","0.02184629846884135","0.02184629846884135","0.0","4.15","4.15","0.0","4.15","HBM","1741.037","0.0006575269132726289","6454.08","1.508313037910373e-05","3.121425751659598e-07","1.508313037910373e-05","False","5","<div class='source-info-cell' title='/home/user/git/DISCO-EB/src/discoeb/spline_interpolation.py:79:24
/home/user/git/DISCO-EB/src/discoeb/spline_interpolation.py:82:25
/home/user/git/DISCO-EB/src/discoeb/background.py:248:40
/home/user/git/DISCO-EB/scripts/profile_background.py:38:0
'>/home/user/git/DISCO-EB/src/discoeb/spline_interpolation.py:79</div>"
"Total","70.0","loop fusion","loop_multiply_fusion.9","1021.0","1740.625","1.7048237022526935","1740.625","1.7048237022526935","0.0006573713157245767","0.15874360697780004","0.07097508078994615","0.07097508078994615","0.01748117553053467","0.01748117553053467","0.0","3.78125","3.78125","0.0","3.78125","HBM","1740.625","0.0006573713157245766","5880.600000000002","1.2069360403691141e-05","2.275794665548062e-07","1.2069360403691141e-05","False","5","<div class='source-info-cell' title='/home/user/git/DISCO-EB/src/discoeb/spline_interpolation.py:79:52
/home/user/git/DISCO-EB/src/discoeb/spline_interpolation.py:82:25
/home/user/git/DISCO-EB/src/discoeb/background.py:248:40
/home/user/git/DISCO-EB/scripts/profile_background.py:38:0
'>/home/user/git/DISCO-EB/src/discoeb/spline_interpolation.py:79</div>"
"Total","71.0","loop fusion","loop_multiply_fusion.1","1021.0","1740.57","1.704769833496572","1740.57","1.704769833496572","0.0006573505442072395","0.15940095752200728","0.07097732352045594","0.07097732352045594","0.017481727915474192","0.017481727915474192","0.0","3.78125","3.78125","0.0","3.78125","HBM","1740.57","0.0006573505442072395","5880.599999999999","1.2069741781528406e-05","2.275866578028804e-07","1.2069741781528406e-05","False","5","<div class='source-info-cell' title='/home/user/git/DISCO-EB/src/discoeb/spline_interpolation.py:79:52
/home/user/git/DISCO-EB/src/discoeb/spline_interpolation.py:82:25
/home/user/git/DISCO-EB/src/discoeb/background.py:248:40
/home/user/git/DISCO-EB/scripts/profile_background.py:38:0
'>/home/user/git/DISCO-EB/src/discoeb/spline_interpolation.py:79</div>"
"Total","72.0","conditional","cond.16.clone","919.0","1739.075","1.892355821545158","1739.075","1.892355821545158","0.0006567859365996226","0.1600577434586069","793.4564857754841","793.4564857754841","3.493279413605734","0.2977506403538277","0.0","211.53874330797407","2481.8214876033057","0.0","211.53874330797407","Compute","1739.075","0.0006567859365996226","311869.44","0.0025441944096077002","0.0025441944096077002","0.00020557311964421743","False","5","<div class='source-info-cell' title='/home/user/git/DISCO-EB/src/discoeb/thermodynamics_recfast.py:440:14
/home/user/git/DISCO-EB/src/discoeb/thermodynamics_recfast.py:452:12
/home/user/git/DISCO-EB/src/discoeb/thermodynamics_recfast.py:461:11
/home/user/git/DISCO-EB/src/discoeb/background.py:237:82
/home/user/git/DISCO-EB/scripts/profile_background.py:38:0
'>/home/user/git/DISCO-EB/src/discoeb/thermodynamics_recfast.py:440</div>"
"Total","73.0","loop fusion","loop_multiply_fusion.7","1021.0","1738.875","1.7031096963761019","1738.875","1.7031096963761019","0.000656710403809306","0.1607144538624162","0.0710465099561498","0.0710465099561498","0.01749876854738662","0.01749876854738662","0.0","3.78125","3.78125","0.0","3.78125","HBM","1738.875","0.0006567104038093059","5880.6","1.208150698162599e-05","2.2780850203261277e-07","1.208150698162599e-05","False","5","<div class='source-info-cell' title='/home/user/git/DISCO-EB/src/discoeb/spline_interpolation.py:79:52
/home/user/git/DISCO-EB/src/discoeb/spline_interpolation.py:82:25
/home/user/git/DISCO-EB/src/discoeb/background.py:248:40
/home/user/git/DISCO-EB/scripts/profile_background.py:38:0
'>/home/user/git/DISCO-EB/src/discoeb/spline_interpolation.py:79</div>"
"Total","74.0","loop fusion","loop_dynamic_update_slice_fusion.48","1021.0","1738.539","1.7027806072477962","1738.539","1.7027806072477962","0.0006565835087215741","0.16137103737113778","0.09748760309662309","0.09748760309662309","0.021877688074467203","0.021877688074467203","0.0","4.15","4.15","0.0","4.15","HBM","1738.539","0.000656583508721574","6454.080000000002","1.5104802403537462e-05","3.125910736769306e-07","1.5104802403537462e-05","False","5","<div class='source-info-cell' title='/home/user/git/DISCO-EB/src/discoeb/spline_interpolation.py:79:24
/home/user/git/DISCO-EB/src/discoeb/spline_interpolation.py:82:25
/home/user/git/DISCO-EB/src/discoeb/background.py:248:40
/home/user/git/DISCO-EB/scripts/profile_background.py:38:0
'>/home/user/git/DISCO-EB/src/discoeb/spline_interpolation.py:79</div>"
"Total","75.0","loop fusion","loop_dynamic_update_slice_fusion.10","1021.0","1737.0","1.7012732615083253","1737.0","1.7012732615083253","0.0006560022839000874","0.16202703965503787","0.09757397812320093","0.09757397812320093","0.021897071932812977","0.021897071932812977","0.0","4.15","4.15","0.0","4.15","HBM","1737.0","0.0006560022839000874","6454.080000000001","1.5118185414993448e-05","3.128680326074941e-07","1.5118185414993448e-05","False","5","<div class='source-info-cell' title='/home/user/git/DISCO-EB/src/discoeb/spline_interpolation.py:79:24
/home/user/git/DISCO-EB/src/discoeb/spline_interpolation.py:82:25
/home/user/git/DISCO-EB/src/discoeb/background.py:248:40
/home/user/git/DISCO-EB/scripts/profile_background.py:38:0
'>/home/user/git/DISCO-EB/src/discoeb/spline_interpolation.py:79</div>"
"Total","76.0","loop fusion","loop_multiply_fusion.12","1021.0","1735.322","1.6996297747306561","1735.322","1.6996297747306561","0.0006553685637893307","0.1626824082188272","0.07119197474589731","0.07119197474589731","0.017534596552015655","0.017534596552015655","0.0","3.78125","3.78125","0.0","3.78125","HBM","1735.322","0.0006553685637893307","5880.6","1.2106243367326004e-05","2.2827493051546604e-07","1.2106243367326004e-05","False","5","<div class='source-info-cell' title='/home/user/git/DISCO-EB/src/discoeb/spline_interpolation.py:79:52
/home/user/git/DISCO-EB/src/discoeb/spline_interpolation.py:82:25
/home/user/git/DISCO-EB/src/discoeb/background.py:248:40
/home/user/git/DISCO-EB/scripts/profile_background.py:38:0
'>/home/user/git/DISCO-EB/src/discoeb/spline_interpolation.py:79</div>"
"Total","77.0","loop fusion","loop_multiply_fusion.6","1021.0","1735.26","1.6995690499510283","1735.26","1.6995690499510283","0.0006553451486243326","0.16333775336745154","0.07119451840070076","0.07119451840070076","0.01753522305466438","0.01753522305466438","0.0","3.78125","3.78125","0.0","3.78125","HBM","1735.26","0.0006553451486243326","5880.600000000001","1.2106675917542555e-05","2.2828308666825696e-07","1.2106675917542555e-05","False","5","<div class='source-info-cell' title='/home/user/git/DISCO-EB/src/discoeb/spline_interpolation.py:79:52
/home/user/git/DISCO-EB/src/discoeb/spline_interpolation.py:82:25
/home/user/git/DISCO-EB/src/discoeb/background.py:248:40
/home/user/git/DISCO-EB/scripts/profile_background.py:38:0
'>/home/user/git/DISCO-EB/src/discoeb/spline_interpolation.py:79</div>"
"Total","78.0","loop fusion","loop_dynamic_update_slice_fusion.52","1021.0","1734.383","1.6987100881488737","1734.383","1.6987100881488737","0.0006550139373387941","0.16399276730479034","0.09772120690758615","0.09772120690758615","0.02193011229197711","0.02193011229197711","0.0","4.15","4.15","0.0","4.15","HBM","1734.383","0.000655013937338794","6454.080000000001","1.5140997153364405e-05","3.1334011728621484e-07","1.5140997153364405e-05","False","5","<div class='source-info-cell' title='/home/user/git/DISCO-EB/src/discoeb/spline_interpolation.py:79:24
/home/user/git/DISCO-EB/src/discoeb/spline_interpolation.py:82:25
/home/user/git/DISCO-EB/src/discoeb/background.py:248:40
/home/user/git/DISCO-EB/scripts/profile_background.py:38:0
'>/home/user/git/DISCO-EB/src/discoeb/spline_interpolation.py:79</div>"
"Total","79.0","loop fusion","loop_dynamic_update_slice_fusion.51","1021.0","1734.253","1.6985827619980411","1734.253","1.6985827619980411","0.0006549648410250882","0.16464773214581543","0.09772853211152006","0.09772853211152006","0.02193175617819092","0.02193175617819092","0.0","4.15","4.15","0.0","4.15","HBM","1734.253","0.0006549648410250882","6454.080000000001","1.5142132125960641e-05","3.1336360533279585e-07","1.5142132125960641e-05","False","5","<div class='source-info-cell' title='/home/user/git/DISCO-EB/src/discoeb/spline_interpolation.py:79:24
/home/user/git/DISCO-EB/src/discoeb/spline_interpolation.py:82:25
/home/user/git/DISCO-EB/src/discoeb/background.py:248:40
/home/user/git/DISCO-EB/scripts/profile_background.py:38:0
'>/home/user/git/DISCO-EB/src/discoeb/spline_interpolation.py:79</div>"
"Total","80.0","loop fusion","loop_multiply_fusion.8","1021.0","1733.38","1.6977277179236043","1733.38","1.6977277179236043","0.0006546351403953561","0.16530236728621078","0.07127173499175023","0.07127173499175023","0.017554241515326655","0.017554241515326655","0.0","3.78125","3.78125","0.0","3.78125","HBM","1733.38","0.000654635140395356","5880.6","1.211980665097953e-05","2.28530679350148e-07","1.211980665097953e-05","False","5","<div class='source-info-cell' title='/home/user/git/DISCO-EB/src/discoeb/spline_interpolation.py:79:52
/home/user/git/DISCO-EB/src/discoeb/spline_interpolation.py:82:25
/home/user/git/DISCO-EB/src/discoeb/background.py:248:40
/home/user/git/DISCO-EB/scripts/profile_background.py:38:0
'>/home/user/git/DISCO-EB/src/discoeb/spline_interpolation.py:79</div>"
"Total","81.0","loop fusion","loop_multiply_fusion.10","1021.0","1731.837","1.6962164544564153","1731.837","1.6962164544564153","0.0006540524049180632","0.16595641969112884","0.07133523535990974","0.07133523535990974","0.017569881667753324","0.017569881667753324","0.0","3.78125","3.78125","0.0","3.78125","HBM","1731.837","0.0006540524049180631","5880.6","1.2130604931454229e-05","2.2873429137497324e-07","1.2130604931454229e-05","False","5","<div class='source-info-cell' title='/home/user/git/DISCO-EB/src/discoeb/spline_interpolation.py:79:52
/home/user/git/DISCO-EB/src/discoeb/spline_interpolation.py:82:25
/home/user/git/DISCO-EB/src/discoeb/background.py:248:40
/home/user/git/DISCO-EB/scripts/profile_background.py:38:0
'>/home/user/git/DISCO-EB/src/discoeb/spline_interpolation.py:79</div>"
"Total","82.0","loop fusion","loop_multiply_fusion.11","1021.0","1731.655","1.6960381978452497","1731.655","1.6960381978452497","0.000653983670078875","0.16661040336120772","0.07134273281918165","0.07134273281918165","0.017571728293359193","0.017571728293359193","0.0","3.78125","3.78125","0.0","3.78125","HBM","1731.655","0.000653983670078875","5880.6","1.213187987946496e-05","2.2875833175312606e-07","1.213187987946496e-05","False","5","<div class='source-info-cell' title='/home/user/git/DISCO-EB/src/discoeb/spline_interpolation.py:79:52
/home/user/git/DISCO-EB/src/discoeb/spline_interpolation.py:82:25
/home/user/git/DISCO-EB/src/discoeb/background.py:248:40
/home/user/git/DISCO-EB/scripts/profile_background.py:38:0
'>/home/user/git/DISCO-EB/src/discoeb/spline_interpolation.py:79</div>"
"Total","83.0","loop fusion","loop_dynamic_update_slice_fusion.50","1021.0","1730.24","1.6946523016650343","1730.24","1.6946523016650343","0.0006534492755873847","0.1672638526367951","0.09795519696689477","0.09795519696689477","0.021982623189439696","0.021982623189439696","0.0","4.15","4.15","0.0","4.15","HBM","1730.24","0.0006534492755873847","6454.080000000001","1.5177251748799947e-05","3.140903993892276e-07","1.5177251748799947e-05","False","5","<div class='source-info-cell' title='/home/user/git/DISCO-EB/src/discoeb/spline_interpolation.py:79:24
/home/user/git/DISCO-EB/src/discoeb/spline_interpolation.py:82:25
/home/user/git/DISCO-EB/src/discoeb/background.py:248:40
/home/user/git/DISCO-EB/scripts/profile_background.py:38:0
'>/home/user/git/DISCO-EB/src/discoeb/spline_interpolation.py:79</div>"
"Total","84.0","loop fusion","loop_dynamic_update_slice_fusion.46","1021.0","1729.65","1.6940744368266407","1729.65","1.6940744368266407","0.0006532264538559507","0.16791707909065107","0.0979886104125112","0.0979886104125112","0.021990121670451328","0.021990121670451328","0.0","4.15","4.15","0.0","4.15","HBM","1729.65","0.0006532264538559506","6454.080000000001","1.5182428853145791e-05","3.141975385998423e-07","1.5182428853145791e-05","False","5","<div class='source-info-cell' title='/home/user/git/DISCO-EB/src/discoeb/spline_interpolation.py:79:24
/home/user/git/DISCO-EB/src/discoeb/spline_interpolation.py:82:25
/home/user/git/DISCO-EB/src/discoeb/background.py:248:40
/home/user/git/DISCO-EB/scripts/profile_background.py:38:0
'>/home/user/git/DISCO-EB/src/discoeb/spline_interpolation.py:79</div>"
"Total","85.0","conditional","cond.11.clone","907.0","1715.451","1.8913461962513782","1715.451","1.8913461962513782","0.0006478640034074202","0.16856494309405848","793.8800432072965","793.8800432072965","3.3099970586945813","0.2979095835332076","0.0","223.37131806010117","2481.8214876033057","0.0","223.37131806010117","Compute","1715.451","0.0006478640034074201","311869.44","0.0025455525338016335","0.0025455525338016335","0.00020568285725953365","False","5","<div class='source-info-cell' title='/home/user/git/DISCO-EB/src/discoeb/thermodynamics_recfast.py:440:14
/home/user/git/DISCO-EB/src/discoeb/thermodynamics_recfast.py:452:12
/home/user/git/DISCO-EB/src/discoeb/thermodynamics_recfast.py:461:11
/home/user/git/DISCO-EB/src/discoeb/background.py:237:82
/home/user/git/DISCO-EB/scripts/profile_background.py:38:0
'>/home/user/git/DISCO-EB/src/discoeb/thermodynamics_recfast.py:440</div>"
"Total","86.0","loop fusion","wrapped_log.1","877.0","1682.375","1.9183295324971494","1682.375","1.9183295324971494","0.0006353723905448529","0.16920031548460332","0.3169424177130545","0.3169424177130545","0.007767779696562535","0.007767779696562535","0.0","38.0","38.0","0.0","38.0","HBM","1682.375","0.0006353723905448529","59097.600000000006","5.363033654717864e-06","1.0162663507942762e-06","5.363033654717864e-06","False","5","<div class='source-info-cell' title='/home/user/git/DISCO-EB/src/discoeb/thermodynamics_recfast.py:440:14
/home/user/git/DISCO-EB/src/discoeb/thermodynamics_recfast.py:452:12
/home/user/git/DISCO-EB/src/discoeb/thermodynamics_recfast.py:461:11
/home/user/git/DISCO-EB/src/discoeb/background.py:237:82
/home/user/git/DISCO-EB/scripts/profile_background.py:38:0
'>/home/user/git/DISCO-EB/src/discoeb/thermodynamics_recfast.py:440</div>"
"Total","87.0","conditional","cond.7.clone","877.0","1663.556","1.8968711516533638","1663.556","1.8968711516533638","0.000628265132640008","0.16982858061724332","11088742473177.668","11088742473177.668","0.011783479215912534","0.003927826405304178","0.0","876413154395170.5","2629239463185511.5","0.0","876413154395170.5","Compute","1663.556","0.000628265132640008","311869.44","35555719.961461015","35555719.961461015","2.7118515231395777e-06","False","5","<div class='source-info-cell' title='/home/user/git/DISCO-EB/.venv/lib/python3.12/site-packages/equinox/_ad.py:819:15
/home/user/git/DISCO-EB/.venv/lib/python3.12/site-packages/equinox/_errors.py:342:16
/home/user/git/DISCO-EB/.venv/lib/python3.12/site-packages/equinox/_jit.py:55:14
/home/user/git/DISCO-EB/.venv/lib/python3.12/site-packages/equinox/_jit.py:263:37
/home/user/git/DISCO-EB/.venv/lib/python3.12/site-packages/equinox/_jit.py:209:19
/home/user/git/DISCO-EB/.venv/lib/python3.12/site-packages/equinox/_errors.py:271:15
/home/user/git/DISCO-EB/.venv/lib/python3.12/site-packages/equinox/_errors.py:250:11
/home/user/git/DISCO-EB/.venv/lib/python3.12/site-packages/diffrax/_integrate.py:1034:14
/home/user/git/DISCO-EB/.venv/lib/python3.12/site-packages/equinox/_jit.py:55:14
/home/user/git/DISCO-EB/.venv/lib/python3.12/site-packages/equinox/_jit.py:263:37
'>/home/user/git/DISCO-EB/.venv/lib/python3.12/site-packages/equinox/_ad.py:819</div>"
"Total","88.0","loop fusion","loop_dynamic_update_slice_fusion.3","1024.0","1597.641","1.5601962890625","1597.641","1.5601962890625","0.0006033714132713988","0.17043195203051473","0.0","0.0","0.014326236991758473","0.014326236991758473","0.0","0.0","0.0","0.0","0.0","HBM","1597.641","0.0006033714132713987","0.0","9.891126439420663e-06","0.0","9.891126439420663e-06","False","5","<div class='source-info-cell' title='/home/user/git/DISCO-EB/src/discoeb/spline_interpolation.py:40:15
/home/user/git/DISCO-EB/src/discoeb/background.py:248:40
/home/user/git/DISCO-EB/scripts/profile_background.py:38:0
'>/home/user/git/DISCO-EB/src/discoeb/spline_interpolation.py:40</div>"
"Total","89.0","loop fusion","loop_dynamic_update_slice_fusion.17","1024.0","1593.191","1.5558505859375","1593.191","1.5558505859375","0.0006016908086868533","0.17103364283920158","0.0","0.0","0.01436625212780514","0.01436625212780514","0.0","0.0","0.0","0.0","0.0","HBM","1593.191","0.0006016908086868533","0.0","9.918753706117136e-06","0.0","9.918753706117136e-06","False","5","<div class='source-info-cell' title='/home/user/git/DISCO-EB/src/discoeb/spline_interpolation.py:39:15
/home/user/git/DISCO-EB/src/discoeb/background.py:248:40
/home/user/git/DISCO-EB/scripts/profile_background.py:38:0
'>/home/user/git/DISCO-EB/src/discoeb/spline_interpolation.py:39</div>"
"Total","90.0","loop fusion","loop_dynamic_update_slice_fusion.15","1024.0","1593.092","1.55575390625","1593.092","1.55575390625","0.0006016534199556466","0.17163529625915722","0.0","0.0","0.014367144894174346","0.014367144894174346","0.0","0.0","0.0","0.0","0.0","HBM","1593.092","0.0006016534199556465","0.0","9.919370090241159e-06","0.0","9.919370090241159e-06","False","5","<div class='source-info-cell' title='/home/user/git/DISCO-EB/src/discoeb/spline_interpolation.py:39:15
/home/user/git/DISCO-EB/src/discoeb/background.py:248:40
/home/user/git/DISCO-EB/scripts/profile_background.py:38:0
'>/home/user/git/DISCO-EB/src/discoeb/spline_interpolation.py:39</div>"
"Total","91.0","loop fusion","loop_dynamic_update_slice_fusion.16","1024.0","1592.598","1.555271484375","1592.598","1.555271484375","0.0006014668539635644","0.17223676311312078","0.0","0.0","0.01437160136691745","0.01437160136691745","0.0","0.0","0.0","0.0","0.0","HBM","1592.598","0.0006014668539635644","0.0","9.922446929986391e-06","0.0","9.922446929986391e-06","False","5","<div class='source-info-cell' title='/home/user/git/DISCO-EB/src/discoeb/spline_interpolation.py:39:15
/home/user/git/DISCO-EB/src/discoeb/background.py:248:40
/home/user/git/DISCO-EB/scripts/profile_background.py:38:0
'>/home/user/git/DISCO-EB/src/discoeb/spline_interpolation.py:39</div>"
"Total","92.0","loop fusion","loop_dynamic_update_slice_fusion.19","1024.0","1592.518","1.555193359375","1592.518","1.555193359375","0.0006014366408474378","0.17283819975396822","0.0","0.0","0.014372323323033082","0.014372323323033082","0.0","0.0","0.0","0.0","0.0","HBM","1592.518","0.0006014366408474377","0.0","9.922945383224847e-06","0.0","9.922945383224847e-06","False","5","<div class='source-info-cell' title='/home/user/git/DISCO-EB/src/discoeb/spline_interpolation.py:40:15
/home/user/git/DISCO-EB/src/discoeb/background.py:248:40
/home/user/git/DISCO-EB/scripts/profile_background.py:38:0
'>/home/user/git/DISCO-EB/src/discoeb/spline_interpolation.py:40</div>"
"Total","93.0","loop fusion","loop_dynamic_update_slice_fusion.18","1024.0","1592.296","1.5549765625","1592.296","1.5549765625","0.0006013527994501863","0.17343955255341842","0.0","0.0","0.014374327131230625","0.014374327131230625","0.0","0.0","0.0","0.0","0.0","HBM","1592.296","0.0006013527994501863","0.0","9.924328853305207e-06","0.0","9.924328853305207e-06","False","5","<div class='source-info-cell' title='/home/user/git/DISCO-EB/src/discoeb/spline_interpolation.py:39:15
/home/user/git/DISCO-EB/src/discoeb/background.py:248:40
/home/user/git/DISCO-EB/scripts/profile_background.py:38:0
'>/home/user/git/DISCO-EB/src/discoeb/spline_interpolation.py:39</div>"
"Total","94.0","loop fusion","loop_dynamic_update_slice_fusion.20","1024.0","1591.824","1.554515625","1591.824","1.554515625","0.000601174542065039","0.17404072709548346","0.0","0.0","0.01437858933760893","0.01437858933760893","0.0","0.0","0.0","0.0","0.0","HBM","1591.824","0.0006011745420650389","0.0","9.927271567586911e-06","0.0","9.927271567586911e-06","False","5","<div class='source-info-cell' title='/home/user/git/DISCO-EB/src/discoeb/spline_interpolation.py:40:15
/home/user/git/DISCO-EB/src/discoeb/background.py:248:40
/home/user/git/DISCO-EB/scripts/profile_background.py:38:0
'>/home/user/git/DISCO-EB/src/discoeb/spline_interpolation.py:40</div>"
"Total","95.0","loop fusion","loop_dynamic_update_slice_fusion.14","1024.0","1581.233","1.5441728515625","1581.233","1.5441728515625","0.0005971747031538209","0.17463790179863728","0.0","0.0","0.014474896232085971","0.014474896232085971","0.0","0.0","0.0","0.0","0.0","HBM","1581.233","0.0005971747031538209","0.0","9.993763813304217e-06","0.0","9.993763813304217e-06","False","5","<div class='source-info-cell' title='/home/user/git/DISCO-EB/src/discoeb/spline_interpolation.py:39:15
/home/user/git/DISCO-EB/src/discoeb/background.py:248:40
/home/user/git/DISCO-EB/scripts/profile_background.py:38:0
'>/home/user/git/DISCO-EB/src/discoeb/spline_interpolation.py:39</div>"
"Total","96.0","loop fusion","loop_dynamic_update_slice_fusion.2","1024.0","1579.538","1.542517578125","1579.538","1.542517578125","0.0005965345627558874","0.17523443636139316","0.0","0.0","0.014490429222817052","0.014490429222817052","0.0","0.0","0.0","0.0","0.0","HBM","1579.538","0.0005965345627558873","0.0","1.0004488107156947e-05","0.0","1.0004488107156947e-05","False","5","<div class='source-info-cell' title='/home/user/git/DISCO-EB/src/discoeb/spline_interpolation.py:39:15
/home/user/git/DISCO-EB/src/discoeb/background.py:248:40
/home/user/git/DISCO-EB/scripts/profile_background.py:38:0
'>/home/user/git/DISCO-EB/src/discoeb/spline_interpolation.py:39</div>"
"Total","97.0","loop fusion","loop_abs_compare_fusion","877.0","1525.889","1.7398962371721778","1525.889","1.7398962371721778","0.0005762732694173981","0.17581070963081055","0.17069983465376576","0.17069983465376576","0.013381869486210573","0.013381869486210573","0.0","11.88","11.88","0.0","11.88","HBM","1525.889","0.0005762732694173981","18475.775999999998","9.23911583761168e-06","5.473438970287238e-07","9.23911583761168e-06","False","5","<div class='source-info-cell' title='/home/user/git/DISCO-EB/.venv/lib/python3.12/site-packages/diffrax/_integrate.py:1033:19
/home/user/git/DISCO-EB/.venv/lib/python3.12/site-packages/equinox/_jit.py:55:14
/home/user/git/DISCO-EB/.venv/lib/python3.12/site-packages/equinox/_jit.py:263:37
/home/user/git/DISCO-EB/.venv/lib/python3.12/site-packages/equinox/_jit.py:209:19
/home/user/git/DISCO-EB/src/discoeb/thermodynamics_recfast.py:284:7
/home/user/git/DISCO-EB/src/discoeb/thermodynamics_recfast.py:432:14
/home/user/git/DISCO-EB/src/discoeb/thermodynamics_recfast.py:446:16
/home/user/git/DISCO-EB/src/discoeb/thermodynamics_recfast.py:443:14
/home/user/git/DISCO-EB/src/discoeb/thermodynamics_recfast.py:440:14
/home/user/git/DISCO-EB/src/discoeb/thermodynamics_recfast.py:452:12
'>/home/user/git/DISCO-EB/.venv/lib/python3.12/site-packages/diffrax/_integrate.py:1033</div>"
"Total","98.0","data formatting","copy.366","1021.0","1500.327","1.469468168462292","1500.327","1.469468168462292","0.0005666194234870273","0.17637732905429757","0.0","0.0","0.01014051308742591","0.01014051308742591","0.0","0.0","0.0","0.0","0.0","HBM","1500.327","0.0005666194234870273","0.0","7.00121721887125e-06","0.0","7.00121721887125e-06","False","5","<div class='source-info-cell' title='/home/user/git/DISCO-EB/src/discoeb/spline_interpolation.py:66:46
/home/user/git/DISCO-EB/src/discoeb/spline_interpolation.py:71:21
/home/user/git/DISCO-EB/src/discoeb/background.py:248:40
/home/user/git/DISCO-EB/scripts/profile_background.py:38:0
'>/home/user/git/DISCO-EB/src/discoeb/spline_interpolation.py:66</div>"
"Total","99.0","data formatting","copy.324","1021.0","1497.602","1.4667992164544565","1497.602","1.4667992164544565","0.000565590289218963","0.17694291934351652","0.0","0.0","0.0101589645172205","0.0101589645172205","0.0","0.0","0.0","0.0","0.0","HBM","1497.602","0.0005655902892189629","0.0","7.013956462623212e-06","0.0","7.013956462623212e-06","False","5","<div class='source-info-cell' title='/home/user/git/DISCO-EB/src/discoeb/spline_interpolation.py:66:46
/home/user/git/DISCO-EB/src/discoeb/spline_interpolation.py:71:21
/home/user/git/DISCO-EB/src/discoeb/background.py:248:40
/home/user/git/DISCO-EB/scripts/profile_background.py:38:0
'>/home/user/git/DISCO-EB/src/discoeb/spline_interpolation.py:66</div>"
"Total","100.0","data formatting","copy.483","1021.0","1494.877","1.464130264446621","1494.877","1.464130264446621","0.0005645611549508987","0.17750748049846743","0.0","0.0","0.010177483216959292","0.010177483216959292","0.0","0.0","0.0","0.0","0.0","HBM","1494.877","0.0005645611549508986","0.0","7.026742150917733e-06","0.0","7.026742150917733e-06","False","5","<div class='source-info-cell' title='/home/user/git/DISCO-EB/src/discoeb/spline_interpolation.py:66:46
/home/user/git/DISCO-EB/src/discoeb/spline_interpolation.py:71:21
/home/user/git/DISCO-EB/src/discoeb/background.py:248:40
/home/user/git/DISCO-EB/scripts/profile_background.py:38:0
'>/home/user/git/DISCO-EB/src/discoeb/spline_interpolation.py:66</div>"
"Total","101.0","data formatting","copy.453","1021.0","1492.055","1.4613663075416259","1492.055","1.4613663075416259","0.0005634953872795308","0.17807097588574697","0.0","0.0","0.010196732411954288","0.010196732411954288","0.0","0.0","0.0","0.0","0.0","HBM","1492.055","0.0005634953872795307","0.0","7.040032188047657e-06","0.0","7.040032188047657e-06","False","5","<div class='source-info-cell' title='/home/user/git/DISCO-EB/src/discoeb/spline_interpolation.py:66:46
/home/user/git/DISCO-EB/src/discoeb/spline_interpolation.py:71:21
/home/user/git/DISCO-EB/src/discoeb/background.py:248:40
/home/user/git/DISCO-EB/scripts/profile_background.py:38:0
'>/home/user/git/DISCO-EB/src/discoeb/spline_interpolation.py:66</div>"
"Total","102.0","loop fusion","loop_add_fusion.23","1024.0","1486.12","1.4512890625","1486.12","1.4512890625","0.0005612539517268842","0.17863222983747384","0.0020671278227868545","0.0020671278227868545","0.010267534965211421","0.010267534965211421","0.0","0.1875","0.1875","0.0","0.1875","HBM","1486.12","0.0005612539517268842","291.6000000000001","7.0889157160043e-06","6.628183328212134e-09","7.0889157160043e-06","False","5","<div class='source-info-cell' title='/home/user/git/DISCO-EB/src/discoeb/spline_interpolation.py:40:15
/home/user/git/DISCO-EB/src/discoeb/background.py:248:40
/home/user/git/DISCO-EB/scripts/profile_background.py:38:0
'>/home/user/git/DISCO-EB/src/discoeb/spline_interpolation.py:40</div>"
"Total","103.0","data formatting","copy.438","1021.0","1486.113","1.4555465230166504","1486.113","1.4555465230166504","0.0005612513080792232","0.17919348114555306","0.0","0.0","0.010237502517586788","0.010237502517586788","0.0","0.0","0.0","0.0","0.0","HBM","1486.113","0.0005612513080792231","0.0","7.06818070115627e-06","0.0","7.06818070115627e-06","False","5","<div class='source-info-cell' title='/home/user/git/DISCO-EB/src/discoeb/spline_interpolation.py:66:46
/home/user/git/DISCO-EB/src/discoeb/spline_interpolation.py:71:21
/home/user/git/DISCO-EB/src/discoeb/background.py:248:40
/home/user/git/DISCO-EB/scripts/profile_background.py:38:0
'>/home/user/git/DISCO-EB/src/discoeb/spline_interpolation.py:66</div>"
"Total","104.0","data formatting","copy.468","1021.0","1485.856","1.4552948090107738","1485.856","1.4552948090107738","0.0005611542484436663","0.17975463539399672","0.0","0.0","0.010239273239747632","0.010239273239747632","0.0","0.0","0.0","0.0","0.0","HBM","1485.856","0.0005611542484436663","0.0","7.069403243879251e-06","0.0","7.069403243879251e-06","False","5","<div class='source-info-cell' title='/home/user/git/DISCO-EB/src/discoeb/spline_interpolation.py:66:46
/home/user/git/DISCO-EB/src/discoeb/spline_interpolation.py:71:21
/home/user/git/DISCO-EB/src/discoeb/background.py:248:40
/home/user/git/DISCO-EB/scripts/profile_background.py:38:0
'>/home/user/git/DISCO-EB/src/discoeb/spline_interpolation.py:66</div>"
"Total","105.0","data formatting","copy.423","1021.0","1485.831","1.4552703232125366","1485.831","1.4552703232125366","0.0005611448068448767","0.1803157802008416","0.0","0.0","0.01023944552167673","0.01023944552167673","0.0","0.0","0.0","0.0","0.0","HBM","1485.831","0.0005611448068448767","0.0","7.069522190839637e-06","0.0","7.069522190839637e-06","False","5","<div class='source-info-cell' title='/home/user/git/DISCO-EB/src/discoeb/spline_interpolation.py:66:46
/home/user/git/DISCO-EB/src/discoeb/spline_interpolation.py:71:21
/home/user/git/DISCO-EB/src/discoeb/background.py:248:40
/home/user/git/DISCO-EB/scripts/profile_background.py:38:0
'>/home/user/git/DISCO-EB/src/discoeb/spline_interpolation.py:66</div>"
"Total","106.0","loop fusion","loop_add_fusion.22","1024.0","1485.689","1.4508681640625","1485.689","1.4508681640625","0.0005610911785637519","0.18087687137940536","0.002067727498823778","0.002067727498823778","0.010270513588308185","0.010270513588308185","0.0","0.1875","0.1875","0.0","0.1875","HBM","1485.689","0.0005610911785637518","291.6","7.090972218188539e-06","6.630106171427947e-09","7.090972218188539e-06","False","5","<div class='source-info-cell' title='/home/user/git/DISCO-EB/src/discoeb/spline_interpolation.py:39:15
/home/user/git/DISCO-EB/src/discoeb/background.py:248:40
/home/user/git/DISCO-EB/scripts/profile_background.py:38:0
'>/home/user/git/DISCO-EB/src/discoeb/spline_interpolation.py:39</div>"
"Total","107.0","data formatting","copy.408","1021.0","1485.684","1.455126346718903","1485.684","1.455126346718903","0.000561089290243994","0.18143796066964935","0.0","0.0","0.010240458656698502","0.010240458656698502","0.0","0.0","0.0","0.0","0.0","HBM","1485.684","0.0005610892902439938","0.0","7.0702216799382966e-06","0.0","7.0702216799382966e-06","False","5","<div class='source-info-cell' title='/home/user/git/DISCO-EB/src/discoeb/spline_interpolation.py:66:46
/home/user/git/DISCO-EB/src/discoeb/spline_interpolation.py:71:21
/home/user/git/DISCO-EB/src/discoeb/background.py:248:40
/home/user/git/DISCO-EB/scripts/profile_background.py:38:0
'>/home/user/git/DISCO-EB/src/discoeb/spline_interpolation.py:66</div>"
"Total","108.0","loop fusion","loop_add_fusion.18","1024.0","1485.651","1.4508310546875","1485.651","1.4508310546875","0.0005610768273335917","0.18199903749698293","0.0020677803871838","0.0020677803871838","0.010270776287634176","0.010270776287634176","0.0","0.1875","0.1875","0.0","0.1875","HBM","1485.651","0.0005610768273335917","291.59999999999997","7.091153591165296e-06","6.630275756367152e-09","7.091153591165296e-06","False","5","<div class='source-info-cell' title='/home/user/git/DISCO-EB/src/discoeb/spline_interpolation.py:39:15
/home/user/git/DISCO-EB/src/discoeb/background.py:248:40
/home/user/git/DISCO-EB/scripts/profile_background.py:38:0
'>/home/user/git/DISCO-EB/src/discoeb/spline_interpolation.py:39</div>"
"Total","109.0","loop fusion","loop_add_fusion.24","1024.0","1485.441","1.4506259765625","1485.441","1.4506259765625","0.0005609975179037592","0.18256003501488668","0.002068072713759752","0.002068072713759752","0.010272228289444008","0.010272228289444008","0.0","0.1875","0.1875","0.0","0.1875","HBM","1485.441","0.0005609975179037592","291.6000000000001","7.092156082852372e-06","6.631213092760073e-09","7.092156082852372e-06","False","5","<div class='source-info-cell' title='/home/user/git/DISCO-EB/src/discoeb/spline_interpolation.py:40:15
/home/user/git/DISCO-EB/src/discoeb/background.py:248:40
/home/user/git/DISCO-EB/scripts/profile_background.py:38:0
'>/home/user/git/DISCO-EB/src/discoeb/spline_interpolation.py:40</div>"
"Total","110.0","loop fusion","loop_add_fusion.19","1024.0","1484.152","1.4493671875","1484.152","1.4493671875","0.0005605107090701684","0.18312054572395686","0.002069868854403053","0.002069868854403053","0.010281149816528225","0.010281149816528225","0.0","0.1875","0.1875","0.0","0.1875","HBM","1484.152","0.0005605107090701684","291.6","7.098315687253267e-06","6.6369723638297266e-09","7.098315687253267e-06","False","5","<div class='source-info-cell' title='/home/user/git/DISCO-EB/src/discoeb/spline_interpolation.py:39:15
/home/user/git/DISCO-EB/src/discoeb/background.py:248:40
/home/user/git/DISCO-EB/scripts/profile_background.py:38:0
'>/home/user/git/DISCO-EB/src/discoeb/spline_interpolation.py:39</div>"
"Total","111.0","loop fusion","loop_add_fusion.20","1024.0","1481.739","1.4470107421875","1481.739","1.4470107421875","0.0005595994059549981","0.18368014512991185","0.002073239619123206","0.002073239619123206","0.010297892586008736","0.010297892586008736","0.0","0.1875","0.1875","0.0","0.1875","HBM","1481.739","0.0005595994059549981","291.6","7.10987523704803e-06","6.647780619746539e-09","7.10987523704803e-06","False","5","<div class='source-info-cell' title='/home/user/git/DISCO-EB/src/discoeb/spline_interpolation.py:39:15
/home/user/git/DISCO-EB/src/discoeb/background.py:248:40
/home/user/git/DISCO-EB/scripts/profile_background.py:38:0
'>/home/user/git/DISCO-EB/src/discoeb/spline_interpolation.py:39</div>"
"Total","112.0","loop fusion","loop_add_fusion.21","1024.0","1480.901","1.4461923828125","1480.901","1.4461923828125","0.0005592829235635714","0.18423942805347543","0.0020744128067980237","0.0020744128067980237","0.010303719872226435","0.010303719872226435","0.0","0.1875","0.1875","0.0","0.1875","HBM","1480.901","0.0005592829235635712","291.6","7.113898514396514e-06","6.651542410817885e-09","7.113898514396514e-06","False","5","<div class='source-info-cell' title='/home/user/git/DISCO-EB/src/discoeb/spline_interpolation.py:39:15
/home/user/git/DISCO-EB/src/discoeb/background.py:248:40
/home/user/git/DISCO-EB/scripts/profile_background.py:38:0
'>/home/user/git/DISCO-EB/src/discoeb/spline_interpolation.py:39</div>"
"Total","113.0","loop fusion","loop_minimum_multiply_select_fusion","877.0","1480.202","1.6878015963511972","1480.202","1.6878015963511972","0.0005590189364614146","0.18479844698993683","0.23699468045577562","0.23699468045577562","0.030900589436114383","0.030900589436114383","0.0","7.142857142857143","7.142857142857143","0.0","7.142857142857143","HBM","1480.202","0.0005590189364614146","11108.571428571428","2.133439767477404e-05","7.59916330550937e-07","2.133439767477404e-05","False","5","<div class='source-info-cell' title='/home/user/git/DISCO-EB/.venv/lib/python3.12/site-packages/diffrax/_integrate.py:1254:12
/home/user/git/DISCO-EB/.venv/lib/python3.12/site-packages/equinox/_jit.py:55:14
/home/user/git/DISCO-EB/.venv/lib/python3.12/site-packages/equinox/_jit.py:263:37
/home/user/git/DISCO-EB/.venv/lib/python3.12/site-packages/equinox/_jit.py:209:19
/home/user/git/DISCO-EB/src/discoeb/thermodynamics_recfast.py:284:7
/home/user/git/DISCO-EB/src/discoeb/thermodynamics_recfast.py:432:14
/home/user/git/DISCO-EB/src/discoeb/thermodynamics_recfast.py:446:16
/home/user/git/DISCO-EB/src/discoeb/thermodynamics_recfast.py:443:14
/home/user/git/DISCO-EB/src/discoeb/thermodynamics_recfast.py:440:14
/home/user/git/DISCO-EB/src/discoeb/thermodynamics_recfast.py:452:12
'>/home/user/git/DISCO-EB/.venv/lib/python3.12/site-packages/diffrax/_integrate.py:1254</div>"
"Total","114.0","loop fusion","loop_add_fusion.3","1024.0","1480.014","1.445326171875","1480.014","1.445326171875","0.0005589479356385169","0.18535739492557535","0.002075656041091503","0.002075656041091503","0.01030989508376272","0.01030989508376272","0.0","0.1875","0.1875","0.0","0.1875","HBM","1480.014","0.0005589479356385169","291.59999999999997","7.118162006486636e-06","6.655528804269835e-09","7.118162006486636e-06","False","5","<div class='source-info-cell' title='/home/user/git/DISCO-EB/src/discoeb/spline_interpolation.py:40:15
/home/user/git/DISCO-EB/src/discoeb/background.py:248:40
/home/user/git/DISCO-EB/scripts/profile_background.py:38:0
'>/home/user/git/DISCO-EB/src/discoeb/spline_interpolation.py:40</div>"
"Total","115.0","loop fusion","loop_add_fusion.28","1021.0","1479.433","1.4490039177277179","1479.433","1.4490039177277179","0.0005587285128826471","0.18591612343845798","0.0020703877769388678","0.0020703877769388678","0.010283727332645992","0.010283727332645992","0.0","0.1875","0.1875","0.0","0.1875","HBM","1479.433","0.000558728512882647","291.59999999999997","7.100095256992002e-06","6.638636273367688e-09","7.100095256992002e-06","False","5","<div class='source-info-cell' title='/home/user/git/DISCO-EB/src/discoeb/spline_interpolation.py:82:25
/home/user/git/DISCO-EB/src/discoeb/background.py:248:40
/home/user/git/DISCO-EB/scripts/profile_background.py:38:0
'>/home/user/git/DISCO-EB/src/discoeb/spline_interpolation.py:82</div>"
"Total","116.0","loop fusion","loop_add_fusion.2","1024.0","1479.022","1.444357421875","1479.022","1.444357421875","0.0005585732929985464","0.18647469673145653","0.0020770482115884687","0.0020770482115884687","0.010316810069424254","0.010316810069424254","0.0","0.1875","0.1875","0.0","0.1875","HBM","1479.022","0.0005585732929985464","291.6000000000001","7.122936253732745e-06","6.659992757188613e-09","7.122936253732745e-06","False","5","<div class='source-info-cell' title='/home/user/git/DISCO-EB/src/discoeb/spline_interpolation.py:39:15
/home/user/git/DISCO-EB/src/discoeb/background.py:248:40
/home/user/git/DISCO-EB/scripts/profile_background.py:38:0
'>/home/user/git/DISCO-EB/src/discoeb/spline_interpolation.py:39</div>"
"Total","117.0","loop fusion","loop_add_fusion.29","1021.0","1478.325","1.4479187071498532","1478.325","1.4479187071498532","0.0005583100612242929","0.1870330067926808","0.0020719395261529095","0.0020719395261529095","0.010291434954369611","0.010291434954369611","0.0","0.1875","0.1875","0.0","0.1875","HBM","1478.325","0.0005583100612242928","291.6","7.105416756354284e-06","6.6436119106537324e-09","7.105416756354284e-06","False","5","<div class='source-info-cell' title='/home/user/git/DISCO-EB/src/discoeb/spline_interpolation.py:82:25
/home/user/git/DISCO-EB/src/discoeb/background.py:248:40
/home/user/git/DISCO-EB/scripts/profile_background.py:38:0
'>/home/user/git/DISCO-EB/src/discoeb/spline_interpolation.py:82</div>"
"Total","118.0","loop fusion","loop_add_fusion.32","1021.0","1477.865","1.4474681684622919","1477.865","1.4474681684622919","0.0005581363358065646","0.18759114312848738","0.002072584437685445","0.002072584437685445","0.010294638264603638","0.010294638264603638","0.0","0.1875","0.1875","0.0","0.1875","HBM","1477.865","0.0005581363358065645","291.6","7.107628387124295e-06","6.6456798001286846e-09","7.107628387124295e-06","False","5","<div class='source-info-cell' title='/home/user/git/DISCO-EB/src/discoeb/spline_interpolation.py:82:25
/home/user/git/DISCO-EB/src/discoeb/background.py:248:40
/home/user/git/DISCO-EB/scripts/profile_background.py:38:0
'>/home/user/git/DISCO-EB/src/discoeb/spline_interpolation.py:82</div>"
"Total","119.0","loop fusion","loop_add_fusion.30","1021.0","1477.77","1.4473751224289912","1477.77","1.4473751224289912","0.0005581004577311641","0.18814924358621854","0.002072717675957693","0.002072717675957693","0.010295300066260959","0.010295300066260959","0.0","0.1875","0.1875","0.0","0.1875","HBM","1477.77","0.0005581004577311641","291.6","7.108085308496889e-06","6.6461070246501e-09","7.108085308496889e-06","False","5","<div class='source-info-cell' title='/home/user/git/DISCO-EB/src/discoeb/spline_interpolation.py:82:25
/home/user/git/DISCO-EB/src/discoeb/background.py:248:40
/home/user/git/DISCO-EB/scripts/profile_background.py:38:0
'>/home/user/git/DISCO-EB/src/discoeb/spline_interpolation.py:82</div>"
"Total","120.0","loop fusion","loop_add_fusion.33","1021.0","1477.203","1.4468197845249755","1477.203","1.4468197845249755","0.0005578863222706165","0.18870712990848915","0.0020735132544409942","0.0020735132544409942","0.010299251747334967","0.010299251747334967","0.0","0.1875","0.1875","0.0","0.1875","HBM","1477.203","0.0005578863222706164","291.6","7.110813629770213e-06","6.648658023181092e-09","7.110813629770213e-06","False","5","<div class='source-info-cell' title='/home/user/git/DISCO-EB/src/discoeb/spline_interpolation.py:82:25
/home/user/git/DISCO-EB/src/discoeb/background.py:248:40
/home/user/git/DISCO-EB/scripts/profile_background.py:38:0
'>/home/user/git/DISCO-EB/src/discoeb/spline_interpolation.py:82</div>"
"Total","121.0","loop fusion","loop_add_fusion.31","1021.0","1477.195","1.4468119490695397","1477.195","1.4468119490695397","0.0005578833009590038","0.18926501320944816","0.0020735244839036144","0.0020735244839036144","0.010299307524679177","0.010299307524679177","0.0","0.1875","0.1875","0.0","0.1875","HBM","1477.195","0.0005578833009590038","291.59999999999997","7.110852139587156e-06","6.6486940301159816e-09","7.110852139587156e-06","False","5","<div class='source-info-cell' title='/home/user/git/DISCO-EB/src/discoeb/spline_interpolation.py:82:25
/home/user/git/DISCO-EB/src/discoeb/background.py:248:40
/home/user/git/DISCO-EB/scripts/profile_background.py:38:0
'>/home/user/git/DISCO-EB/src/discoeb/spline_interpolation.py:82</div>"
"Total","122.0","loop fusion","loop_add_fusion.27","1021.0","1477.045","1.4466650342801175","1477.045","1.4466650342801175","0.0005578266513662664","0.18982283986081444","0.0020737350588506103","0.0020737350588506103","0.010300353461755367","0.010300353461755367","0.0","0.1875","0.1875","0.0","0.1875","HBM","1477.045","0.0005578266513662662","291.6","7.111574275893725e-06","6.6493692323640634e-09","7.111574275893725e-06","False","5","<div class='source-info-cell' title='/home/user/git/DISCO-EB/src/discoeb/spline_interpolation.py:82:25
/home/user/git/DISCO-EB/src/discoeb/background.py:248:40
/home/user/git/DISCO-EB/scripts/profile_background.py:38:0
'>/home/user/git/DISCO-EB/src/discoeb/spline_interpolation.py:82</div>"
"Total","123.0","loop fusion","loop_add_fusion.9","1021.0","1476.482","1.4461136141038198","1476.482","1.4461136141038198","0.000557614026561525","0.19038045388737596","0.00207452579848586","0.00207452579848586","0.010304281108011109","0.010304281108011109","0.0","0.1875","0.1875","0.0","0.1875","HBM","1476.482","0.0005576140265615249","291.59999999999997","7.11428600303793e-06","6.651904715273994e-09","7.11428600303793e-06","False","5","<div class='source-info-cell' title='/home/user/git/DISCO-EB/src/discoeb/spline_interpolation.py:82:25
/home/user/git/DISCO-EB/src/discoeb/background.py:248:40
/home/user/git/DISCO-EB/scripts/profile_background.py:38:0
'>/home/user/git/DISCO-EB/src/discoeb/spline_interpolation.py:82</div>"
"Total","124.0","custom-call","lu.69","588.0","1439.324","2.447829931972789","1439.324","2.447829931972789","0.0005435807894485949","0.19092403467682456","0.0","0.0","0.0","0.0","0.0","0.0","0.0","0.0","0.0","Unknown","1439.324","0.0005435807894485949","0.0","0.0","0.0","0.0","False","5","<div class='source-info-cell' title='/home/user/git/DISCO-EB/src/discoeb/ode_integrators_stiff.py:185:21
/home/user/git/DISCO-EB/.venv/lib/python3.12/site-packages/equinox/_module/_prebuilt.py:34:15
/home/user/git/DISCO-EB/.venv/lib/python3.12/site-packages/diffrax/_integrate.py:356:64
/home/user/git/DISCO-EB/.venv/lib/python3.12/site-packages/equinox/_eval_shape.py:33:15
/home/user/git/DISCO-EB/.venv/lib/python3.12/site-packages/equinox/_eval_shape.py:38:30
/home/user/git/DISCO-EB/.venv/lib/python3.12/site-packages/diffrax/_integrate.py:655:36
/home/user/git/DISCO-EB/.venv/lib/python3.12/site-packages/diffrax/_adjoint.py:911:22
/home/user/git/DISCO-EB/.venv/lib/python3.12/site-packages/equinox/_module/_prebuilt.py:34:15
/home/user/git/DISCO-EB/.venv/lib/python3.12/site-packages/diffrax/_integrate.py:1435:29
/home/user/git/DISCO-EB/.venv/lib/python3.12/site-packages/equinox/_jit.py:55:14
'>/home/user/git/DISCO-EB/src/discoeb/ode_integrators_stiff.py:185</div>"
"Total","125.0","data formatting","copy.81","877.0","1363.665","1.5549201824401369","1363.665","1.5549201824401369","0.0005150071125357586","0.19143904178936033","0.0","0.0","0.009583232221259909","0.009583232221259909","0.0","0.0","0.0","0.0","0.0","HBM","1363.665","0.0005150071125357585","0.0","6.61645913391923e-06","0.0","6.61645913391923e-06","False","5",""
"Total","126.0","loop fusion","wrapped_slice.6","877.0","1358.998","1.5495986316989738","1358.998","1.5495986316989738","0.0005132445548737196","0.19195228634423406","0.0","0.0","0.028848427371499577","0.028848427371499577","0.0","0.0","0.0","0.0","0.0","HBM","1358.998","0.0005132445548737196","0.0","1.991754309761155e-05","0.0","1.991754309761155e-05","False","5","<div class='source-info-cell' title='/home/user/git/DISCO-EB/src/discoeb/thermodynamics_recfast.py:440:14
/home/user/git/DISCO-EB/src/discoeb/thermodynamics_recfast.py:452:12
/home/user/git/DISCO-EB/src/discoeb/thermodynamics_recfast.py:461:11
/home/user/git/DISCO-EB/src/discoeb/background.py:237:82
/home/user/git/DISCO-EB/scripts/profile_background.py:38:0
'>/home/user/git/DISCO-EB/src/discoeb/thermodynamics_recfast.py:440</div>"
"Total","127.0","data formatting","copy.614","877.0","1285.649","1.4659623717217787","1285.649","1.4659623717217787","0.00048554328168904054","0.1924378296259231","0.0","0.0","0.010164763762896711","0.010164763762896711","0.0","0.0","0.0","0.0","0.0","HBM","1285.649","0.00048554328168904054","0.0","7.017960380209503e-06","0.0","7.017960380209503e-06","False","5",""
"Total","128.0","loop fusion","loop_gather_fusion.6","98.0","1141.8","11.651020408163264","1141.8","11.651020408163264","0.0004312166999177431","0.19286904632584084","13.334282711508145","13.334282711508145","0.016946188308119794","0.016946188308119794","0.0","732.8207547169811","732.8207547169811","0.0","732.8207547169811","Compute","1141.8","0.00043121669991774307","311869.44","4.275597734586673e-05","4.275597734586673e-05","1.1699994305432114e-05","False","5","<div class='source-info-cell' title='/home/user/git/DISCO-EB/src/discoeb/ode_integrators_stiff.py:189:13
/home/user/git/DISCO-EB/.venv/lib/python3.12/site-packages/equinox/_module/_prebuilt.py:34:15
/home/user/git/DISCO-EB/.venv/lib/python3.12/site-packages/diffrax/_integrate.py:356:64
/home/user/git/DISCO-EB/.venv/lib/python3.12/site-packages/equinox/_eval_shape.py:33:15
/home/user/git/DISCO-EB/.venv/lib/python3.12/site-packages/equinox/_eval_shape.py:38:30
/home/user/git/DISCO-EB/.venv/lib/python3.12/site-packages/diffrax/_integrate.py:655:36
/home/user/git/DISCO-EB/.venv/lib/python3.12/site-packages/diffrax/_adjoint.py:911:22
/home/user/git/DISCO-EB/.venv/lib/python3.12/site-packages/equinox/_module/_prebuilt.py:34:15
/home/user/git/DISCO-EB/.venv/lib/python3.12/site-packages/diffrax/_integrate.py:1435:29
/home/user/git/DISCO-EB/.venv/lib/python3.12/site-packages/equinox/_jit.py:55:14
'>/home/user/git/DISCO-EB/src/discoeb/ode_integrators_stiff.py:189</div>"
"Total","129.0","input fusion","input_concatenate_fusion.7","98.0","996.862","10.172061224489795","996.862","10.172061224489795","0.0003764788421031715","0.19324552516794402","15.249514978000967","15.249514978000967","0.016846472897418405","0.016846472897418405","0.0","843.0380434782609","843.0380434782609","0.0","843.0380434782609","Compute","996.862","0.0003764788421031715","311869.44","4.88971121312847e-05","4.88971121312847e-05","1.1631148750540512e-05","False","5","<div class='source-info-cell' title='/home/user/git/DISCO-EB/.venv/lib/python3.12/site-packages/equinox/internal/_loop/loop.py:103:29
/home/user/git/DISCO-EB/.venv/lib/python3.12/site-packages/equinox/_module/_prebuilt.py:82:15
/home/user/git/DISCO-EB/.venv/lib/python3.12/site-packages/diffrax/_integrate.py:674:18
/home/user/git/DISCO-EB/.venv/lib/python3.12/site-packages/diffrax/_adjoint.py:911:22
/home/user/git/DISCO-EB/.venv/lib/python3.12/site-packages/equinox/_module/_prebuilt.py:34:15
/home/user/git/DISCO-EB/.venv/lib/python3.12/site-packages/diffrax/_integrate.py:1435:29
/home/user/git/DISCO-EB/.venv/lib/python3.12/site-packages/equinox/_jit.py:55:14
/home/user/git/DISCO-EB/.venv/lib/python3.12/site-packages/equinox/_jit.py:263:37
/home/user/git/DISCO-EB/.venv/lib/python3.12/site-packages/equinox/_jit.py:209:19
/home/user/git/DISCO-EB/src/discoeb/thermodynamics_recfast.py:284:7
'>/home/user/git/DISCO-EB/.venv/lib/python3.12/site-packages/equinox/internal/_loop/loop.py:103</div>"
"Total","130.0","loop fusion","loop_dynamic_update_slice_fusion.22","509.0","987.351","1.9397858546168958","987.351","1.9397858546168958","0.00037288688025966335","0.19361841204820368","1.0717677907856478","1.0717677907856478","0.023045576641949388","0.023045576641949388","0.0","43.3125","43.3125","0.0","43.3125","HBM","987.351","0.0003728868802596633","67359.6","1.5911136508911092e-05","3.436591256859434e-06","1.5911136508911092e-05","False","5","<div class='source-info-cell' title='/home/user/git/DISCO-EB/src/discoeb/spline_interpolation.py:67:21
/home/user/git/DISCO-EB/src/discoeb/spline_interpolation.py:71:21
/home/user/git/DISCO-EB/src/discoeb/background.py:166:43
/home/user/git/DISCO-EB/src/discoeb/background.py:233:12
/home/user/git/DISCO-EB/scripts/profile_background.py:38:0
'>/home/user/git/DISCO-EB/src/discoeb/spline_interpolation.py:67</div>"
"Total","131.0","loop fusion","loop_dynamic_update_slice_fusion.24","509.0","986.343","1.9378055009823183","986.343","1.9378055009823183","0.0003725061949964674","0.19399091824320014","1.072863091237024","1.072863091237024","0.023069128227204302","0.023069128227204302","0.0","43.3125","43.3125","0.0","43.3125","HBM","986.343","0.0003725061949964674","67359.6","1.59273970040948e-05","3.44010330488625e-06","1.59273970040948e-05","False","5","<div class='source-info-cell' title='/home/user/git/DISCO-EB/src/discoeb/spline_interpolation.py:67:21
/home/user/git/DISCO-EB/src/discoeb/spline_interpolation.py:71:21
/home/user/git/DISCO-EB/src/discoeb/background.py:166:43
/home/user/git/DISCO-EB/src/discoeb/background.py:233:12
/home/user/git/DISCO-EB/scripts/profile_background.py:38:0
'>/home/user/git/DISCO-EB/src/discoeb/spline_interpolation.py:67</div>"
"Total","132.0","loop fusion","loop_dynamic_update_slice_fusion.5","509.0","986.021","1.937172888015717","986.021","1.937172888015717","0.0003723845872040576","0.1943633028304042","1.0732134508291407","1.0732134508291407","0.023076661798283573","0.023076661798283573","0.0","43.3125","43.3125","0.0","43.3125","HBM","986.021","0.0003723845872040576","67359.60000000002","1.5932598335339587e-05","3.441226722403903e-06","1.5932598335339587e-05","False","5","<div class='source-info-cell' title='/home/user/git/DISCO-EB/src/discoeb/spline_interpolation.py:67:21
/home/user/git/DISCO-EB/src/discoeb/spline_interpolation.py:71:21
/home/user/git/DISCO-EB/src/discoeb/background.py:166:43
/home/user/git/DISCO-EB/src/discoeb/background.py:233:12
/home/user/git/DISCO-EB/scripts/profile_background.py:38:0
'>/home/user/git/DISCO-EB/src/discoeb/spline_interpolation.py:67</div>"
"Total","133.0","loop fusion","loop_dynamic_update_slice_fusion.4","509.0","973.829","1.9132200392927308","973.829","1.9132200392927308","0.0003677801083063547","0.19473108293871055","1.13421350154904","1.13421350154904","0.02725983583035584","0.02725983583035584","0.0","38.75","38.75","0.0","38.75","HBM","973.829","0.0003677801083063547","60264.000000000015","1.8820747072033714e-05","3.636821554394813e-06","1.8820747072033714e-05","False","5","<div class='source-info-cell' title='/home/user/git/DISCO-EB/src/discoeb/spline_interpolation.py:68:21
/home/user/git/DISCO-EB/src/discoeb/spline_interpolation.py:71:21
/home/user/git/DISCO-EB/src/discoeb/background.py:166:43
/home/user/git/DISCO-EB/src/discoeb/background.py:233:12
/home/user/git/DISCO-EB/scripts/profile_background.py:38:0
'>/home/user/git/DISCO-EB/src/discoeb/spline_interpolation.py:68</div>"
"Total","134.0","loop fusion","loop_dynamic_update_slice_fusion.21","509.0","965.545","1.8969449901768172","965.545","1.8969449901768172","0.0003646515401314392","0.195095734478842","1.1439446115924168","1.1439446115924168","0.027493714603503305","0.027493714603503305","0.0","38.75","38.75","0.0","38.75","HBM","965.545","0.00036465154013143916","60264.0","1.8982221750836598e-05","3.668024066713355e-06","1.8982221750836598e-05","False","5","<div class='source-info-cell' title='/home/user/git/DISCO-EB/src/discoeb/spline_interpolation.py:68:21
/home/user/git/DISCO-EB/src/discoeb/spline_interpolation.py:71:21
/home/user/git/DISCO-EB/src/discoeb/background.py:166:43
/home/user/git/DISCO-EB/src/discoeb/background.py:233:12
/home/user/git/DISCO-EB/scripts/profile_background.py:38:0
'>/home/user/git/DISCO-EB/src/discoeb/spline_interpolation.py:68</div>"
"Total","135.0","loop fusion","loop_dynamic_update_slice_fusion.23","509.0","959.798","1.8856542239685659","959.798","1.8856542239685659","0.0003624811054016903","0.19545821558424367","1.1507942296191491","1.1507942296191491","0.027658339220168825","0.027658339220168825","0.0","38.75","38.75","0.0","38.75","HBM","959.798","0.0003624811054016903","60264.000000000015","1.909588194642156e-05","3.689987161355563e-06","1.909588194642156e-05","False","5","<div class='source-info-cell' title='/home/user/git/DISCO-EB/src/discoeb/spline_interpolation.py:68:21
/home/user/git/DISCO-EB/src/discoeb/spline_interpolation.py:71:21
/home/user/git/DISCO-EB/src/discoeb/background.py:166:43
/home/user/git/DISCO-EB/src/discoeb/background.py:233:12
/home/user/git/DISCO-EB/scripts/profile_background.py:38:0
'>/home/user/git/DISCO-EB/src/discoeb/spline_interpolation.py:68</div>"
"Total","136.0","loop fusion","loop_select_fusion.1","512.0","917.761","1.792501953125","917.761","1.792501953125","0.00034660524586898565","0.19580482083011266","0.057461583135478625","0.057461583135478625","0.0166261031602999","0.0166261031602999","0.0","3.21875","3.21875","0.0","3.21875","HBM","917.761","0.00034660524586898565","5005.800000000001","1.1479000985952019e-05","1.8424884187267155e-07","1.1479000985952019e-05","False","5","<div class='source-info-cell' title='/home/user/git/DISCO-EB/src/discoeb/spline_interpolation.py:34:17
/home/user/git/DISCO-EB/src/discoeb/spline_interpolation.py:39:40
/home/user/git/DISCO-EB/src/discoeb/spline_interpolation.py:39:15
/home/user/git/DISCO-EB/src/discoeb/background.py:166:43
/home/user/git/DISCO-EB/src/discoeb/background.py:233:12
/home/user/git/DISCO-EB/scripts/profile_background.py:38:0
'>/home/user/git/DISCO-EB/src/discoeb/spline_interpolation.py:34</div>"
"Total","137.0","loop fusion","loop_add_multiply_subtract_fusion","509.0","911.897","1.7915461689587426","911.897","1.7915461689587426","0.0003443906244569016","0.19614921145456957","0.1875474971405762","0.1875474971405762","0.0332699462666001","0.0332699462666001","0.0","5.25","5.25","0.0","5.25","HBM","911.897","0.0003443906244569015","8164.799999999999","2.2970249992721953e-05","6.013654211857892e-07","2.2970249992721953e-05","False","5","<div class='source-info-cell' title='/home/user/git/DISCO-EB/src/discoeb/spline_interpolation.py:68:42
/home/user/git/DISCO-EB/src/discoeb/spline_interpolation.py:71:21
/home/user/git/DISCO-EB/src/discoeb/background.py:166:43
/home/user/git/DISCO-EB/src/discoeb/background.py:233:12
/home/user/git/DISCO-EB/scripts/profile_background.py:38:0
'>/home/user/git/DISCO-EB/src/discoeb/spline_interpolation.py:68</div>"
"Total","138.0","loop fusion","loop_add_multiply_subtract_fusion.3","509.0","906.442","1.7808290766208252","906.442","1.7808290766208252","0.000342330467601015","0.19649154192217058","0.18867616460843606","0.18867616460843606","0.033470165979371906","0.033470165979371906","0.0","5.25","5.25","0.0","5.25","HBM","906.442","0.00034233046760101494","8164.8","2.3108485769208807e-05","6.049844595495989e-07","2.3108485769208807e-05","False","5","<div class='source-info-cell' title='/home/user/git/DISCO-EB/src/discoeb/spline_interpolation.py:68:42
/home/user/git/DISCO-EB/src/discoeb/spline_interpolation.py:71:21
/home/user/git/DISCO-EB/src/discoeb/background.py:166:43
/home/user/git/DISCO-EB/src/discoeb/background.py:233:12
/home/user/git/DISCO-EB/scripts/profile_background.py:38:0
'>/home/user/git/DISCO-EB/src/discoeb/spline_interpolation.py:68</div>"
"Total","139.0","loop fusion","loop_add_multiply_subtract_fusion.2","509.0","905.608","1.779190569744597","905.608","1.779190569744597","0.0003420154958653946","0.196833557418036","0.1888499218204786","0.1888499218204786","0.03350098960110095","0.03350098960110095","0.0","5.25","5.25","0.0","5.25","HBM","905.608","0.0003420154958653945","8164.8","2.312976702680759e-05","6.055416068354713e-07","2.312976702680759e-05","False","5","<div class='source-info-cell' title='/home/user/git/DISCO-EB/src/discoeb/spline_interpolation.py:68:42
/home/user/git/DISCO-EB/src/discoeb/spline_interpolation.py:71:21
/home/user/git/DISCO-EB/src/discoeb/background.py:166:43
/home/user/git/DISCO-EB/src/discoeb/background.py:233:12
/home/user/git/DISCO-EB/scripts/profile_background.py:38:0
'>/home/user/git/DISCO-EB/src/discoeb/spline_interpolation.py:68</div>"
"Total","140.0","loop fusion","loop_select_fusion","512.0","902.211","1.762130859375","902.211","1.762130859375","0.0003407325714218663","0.19717428998945785","0.0034049684608145987","0.0034049684608145987","0.016912661298188563","0.016912661298188563","0.0","0.1875","0.1875","0.0","0.1875","HBM","902.211","0.00034073257142186626","291.59999999999997","1.1676846573438268e-05","1.0917929184772316e-08","1.1676846573438268e-05","False","5","<div class='source-info-cell' title='/home/user/git/DISCO-EB/src/discoeb/spline_interpolation.py:34:17
/home/user/git/DISCO-EB/src/discoeb/spline_interpolation.py:39:40
/home/user/git/DISCO-EB/src/discoeb/spline_interpolation.py:39:15
/home/user/git/DISCO-EB/src/discoeb/background.py:166:43
/home/user/git/DISCO-EB/src/discoeb/background.py:233:12
/home/user/git/DISCO-EB/scripts/profile_background.py:38:0
'>/home/user/git/DISCO-EB/src/discoeb/spline_interpolation.py:34</div>"
"Total","141.0","loop fusion","loop_select_fusion.8","512.0","901.151","1.760060546875","901.151","1.760060546875","0.00034033224763318804","0.19751462223709104","0.0034089736348292352","0.0034089736348292352","0.016932555212722394","0.016932555212722394","0.0","0.1875","0.1875","0.0","0.1875","HBM","901.151","0.00034033224763318804","291.6","1.1690581738097513e-05","1.0930771655052945e-08","1.1690581738097513e-05","False","5","<div class='source-info-cell' title='/home/user/git/DISCO-EB/src/discoeb/spline_interpolation.py:34:17
/home/user/git/DISCO-EB/src/discoeb/spline_interpolation.py:39:40
/home/user/git/DISCO-EB/src/discoeb/spline_interpolation.py:39:15
/home/user/git/DISCO-EB/src/discoeb/background.py:166:43
/home/user/git/DISCO-EB/src/discoeb/background.py:233:12
/home/user/git/DISCO-EB/scripts/profile_background.py:38:0
'>/home/user/git/DISCO-EB/src/discoeb/spline_interpolation.py:34</div>"
"Total","142.0","loop fusion","loop_select_fusion.9","512.0","899.388","1.7566171875","899.388","1.7566171875","0.0003396664260865468","0.19785428866317759","0.0034156559793993247","0.0034156559793993247","0.016965746777252978","0.016965746777252978","0.0","0.1875","0.1875","0.0","0.1875","HBM","899.388","0.00033966642608654677","291.59999999999997","1.1713497871739798e-05","1.0952198392376389e-08","1.1713497871739798e-05","False","5","<div class='source-info-cell' title='/home/user/git/DISCO-EB/src/discoeb/spline_interpolation.py:34:17
/home/user/git/DISCO-EB/src/discoeb/spline_interpolation.py:39:40
/home/user/git/DISCO-EB/src/discoeb/spline_interpolation.py:39:15
/home/user/git/DISCO-EB/src/discoeb/background.py:166:43
/home/user/git/DISCO-EB/src/discoeb/background.py:233:12
/home/user/git/DISCO-EB/scripts/profile_background.py:38:0
'>/home/user/git/DISCO-EB/src/discoeb/spline_interpolation.py:34</div>"
"Total","143.0","loop fusion","loop_dynamic_update_slice_fusion.6","509.0","872.708","1.7145540275049116","872.708","1.7145540275049116","0.000329590351858306","0.1981838790150359","0.09681817973480247","0.09681817973480247","0.021727459378361538","0.021727459378361538","0.0","4.15","4.15","0.0","4.15","HBM","872.708","0.00032959035185830594","6454.080000000001","1.500108144534968e-05","3.1044458775698724e-07","1.500108144534968e-05","False","5","<div class='source-info-cell' title='/home/user/git/DISCO-EB/src/discoeb/spline_interpolation.py:79:24
/home/user/git/DISCO-EB/src/discoeb/spline_interpolation.py:82:25
/home/user/git/DISCO-EB/src/discoeb/background.py:166:43
/home/user/git/DISCO-EB/src/discoeb/background.py:233:12
/home/user/git/DISCO-EB/scripts/profile_background.py:38:0
'>/home/user/git/DISCO-EB/src/discoeb/spline_interpolation.py:79</div>"
"Total","144.0","loop fusion","loop_multiply_fusion","509.0","867.727","1.7047681728880157","867.727","1.7047681728880157","0.00032770920771546985","0.19851158822275136","0.07097739265921194","0.07097739265921194","0.017481744944362585","0.017481744944362585","0.0","3.78125","3.78125","0.0","3.78125","HBM","867.727","0.00032770920771546985","5880.599999999999","1.2069753538620539e-05","2.275868794942266e-07","1.2069753538620539e-05","False","5","<div class='source-info-cell' title='/home/user/git/DISCO-EB/src/discoeb/spline_interpolation.py:79:52
/home/user/git/DISCO-EB/src/discoeb/spline_interpolation.py:82:25
/home/user/git/DISCO-EB/src/discoeb/background.py:166:43
/home/user/git/DISCO-EB/src/discoeb/background.py:233:12
/home/user/git/DISCO-EB/scripts/profile_background.py:38:0
'>/home/user/git/DISCO-EB/src/discoeb/spline_interpolation.py:79</div>"
"Total","145.0","loop fusion","loop_dynamic_update_slice_fusion.26","509.0","866.567","1.7024891944990177","866.567","1.7024891944990177","0.0003272711175316333","0.198838859340283","0.09750428991641731","0.09750428991641731","0.02188143284843658","0.02188143284843658","0.0","4.15","4.15","0.0","4.15","HBM","866.567","0.00032727111753163326","6454.08","1.510738787192246e-05","3.1264457946382086e-07","1.510738787192246e-05","False","5","<div class='source-info-cell' title='/home/user/git/DISCO-EB/src/discoeb/spline_interpolation.py:79:24
/home/user/git/DISCO-EB/src/discoeb/spline_interpolation.py:82:25
/home/user/git/DISCO-EB/src/discoeb/background.py:166:43
/home/user/git/DISCO-EB/src/discoeb/background.py:233:12
/home/user/git/DISCO-EB/scripts/profile_background.py:38:0
'>/home/user/git/DISCO-EB/src/discoeb/spline_interpolation.py:79</div>"
"Total","146.0","loop fusion","loop_multiply_fusion.5","509.0","866.209","1.7017858546168958","866.209","1.7017858546168958","0.0003271359138369665","0.19916599525411996","0.07110177797737036","0.07110177797737036","0.01751238107123906","0.01751238107123906","0.0","3.78125","3.78125","0.0","3.78125","HBM","866.209","0.0003271359138369665","5880.599999999999","1.2090905345946054e-05","2.2798571728403513e-07","1.2090905345946054e-05","False","5","<div class='source-info-cell' title='/home/user/git/DISCO-EB/src/discoeb/spline_interpolation.py:79:52
/home/user/git/DISCO-EB/src/discoeb/spline_interpolation.py:82:25
/home/user/git/DISCO-EB/src/discoeb/background.py:166:43
/home/user/git/DISCO-EB/src/discoeb/background.py:233:12
/home/user/git/DISCO-EB/scripts/profile_background.py:38:0
'>/home/user/git/DISCO-EB/src/discoeb/spline_interpolation.py:79</div>"
"Total","147.0","loop fusion","loop_multiply_fusion.4","509.0","864.911","1.6992357563850686","864.911","1.6992357563850686","0.00032664570602781144","0.19949264096014777","0.07120848272249977","0.07120848272249977","0.017538662469707186","0.017538662469707186","0.0","3.78125","3.78125","0.0","3.78125","HBM","864.911","0.00032664570602781144","5880.6","1.2109050559891808e-05","2.283278628470291e-07","1.2109050559891808e-05","False","5","<div class='source-info-cell' title='/home/user/git/DISCO-EB/src/discoeb/spline_interpolation.py:79:52
/home/user/git/DISCO-EB/src/discoeb/spline_interpolation.py:82:25
/home/user/git/DISCO-EB/src/discoeb/background.py:166:43
/home/user/git/DISCO-EB/src/discoeb/background.py:233:12
/home/user/git/DISCO-EB/scripts/profile_background.py:38:0
'>/home/user/git/DISCO-EB/src/discoeb/spline_interpolation.py:79</div>"
"Total","148.0","loop fusion","loop_dynamic_update_slice_fusion.25","509.0","861.842","1.693206286836935","861.842","1.693206286836935","0.0003254866553604025","0.19981812761550816","0.09803885166886737","0.09803885166886737","0.0220013965659264","0.0220013965659264","0.0","4.15","4.15","0.0","4.15","HBM","861.842","0.0003254866553604025","6454.080000000001","1.5190213271119566e-05","3.143586356805828e-07","1.5190213271119566e-05","False","5","<div class='source-info-cell' title='/home/user/git/DISCO-EB/src/discoeb/spline_interpolation.py:79:24
/home/user/git/DISCO-EB/src/discoeb/spline_interpolation.py:82:25
/home/user/git/DISCO-EB/src/discoeb/background.py:166:43
/home/user/git/DISCO-EB/src/discoeb/background.py:233:12
/home/user/git/DISCO-EB/scripts/profile_background.py:38:0
'>/home/user/git/DISCO-EB/src/discoeb/spline_interpolation.py:79</div>"
"Total","149.0","loop fusion","loop_dynamic_update_slice_fusion","512.0","791.162","1.54523828125","791.162","1.54523828125","0.0002987933672624991","0.20011692098277065","0.0","0.0","0.014464915904549257","0.014464915904549257","0.0","0.0","0.0","0.0","0.0","HBM","791.162","0.0002987933672624991","0.0","9.986873191459187e-06","0.0","9.986873191459187e-06","False","5","<div class='source-info-cell' title='/home/user/git/DISCO-EB/src/discoeb/spline_interpolation.py:39:15
/home/user/git/DISCO-EB/src/discoeb/background.py:166:43
/home/user/git/DISCO-EB/src/discoeb/background.py:233:12
/home/user/git/DISCO-EB/scripts/profile_background.py:38:0
'>/home/user/git/DISCO-EB/src/discoeb/spline_interpolation.py:39</div>"
"Total","150.0","loop fusion","loop_dynamic_update_slice_fusion.1","512.0","790.725","1.544384765625","790.725","1.544384765625","0.00029862832811565726","0.20041554931088632","0.0","0.0","0.014472910046950583","0.014472910046950583","0.0","0.0","0.0","0.0","0.0","HBM","790.725","0.0002986283281156572","0.0","9.992392510545681e-06","0.0","9.992392510545681e-06","False","5","<div class='source-info-cell' title='/home/user/git/DISCO-EB/src/discoeb/spline_interpolation.py:40:15
/home/user/git/DISCO-EB/src/discoeb/background.py:167:43
/home/user/git/DISCO-EB/src/discoeb/background.py:233:12
/home/user/git/DISCO-EB/scripts/profile_background.py:38:0
'>/home/user/git/DISCO-EB/src/discoeb/spline_interpolation.py:40</div>"
"Total","151.0","loop fusion","loop_dynamic_update_slice_fusion.12","512.0","789.431","1.541857421875","789.431","1.541857421875","0.00029813963096230855","0.20071368894184863","0.0","0.0","0.014496633394020502","0.014496633394020502","0.0","0.0","0.0","0.0","0.0","HBM","789.431","0.0002981396309623085","0.0","1.0008771593592389e-05","0.0","1.0008771593592389e-05","False","5","<div class='source-info-cell' title='/home/user/git/DISCO-EB/src/discoeb/spline_interpolation.py:39:15
/home/user/git/DISCO-EB/src/discoeb/background.py:166:43
/home/user/git/DISCO-EB/src/discoeb/background.py:233:12
/home/user/git/DISCO-EB/scripts/profile_background.py:38:0
'>/home/user/git/DISCO-EB/src/discoeb/spline_interpolation.py:39</div>"
"Total","152.0","loop fusion","loop_dynamic_update_slice_fusion.13","512.0","788.549","1.540134765625","788.549","1.540134765625","0.0002978065313570121","0.20101149547320565","0.0","0.0","0.014512848024504501","0.014512848024504501","0.0","0.0","0.0","0.0","0.0","HBM","788.549","0.00029780653135701206","0.0","1.0019966505443839e-05","0.0","1.0019966505443839e-05","False","5","<div class='source-info-cell' title='/home/user/git/DISCO-EB/src/discoeb/spline_interpolation.py:39:15
/home/user/git/DISCO-EB/src/discoeb/background.py:166:43
/home/user/git/DISCO-EB/src/discoeb/background.py:233:12
/home/user/git/DISCO-EB/scripts/profile_background.py:38:0
'>/home/user/git/DISCO-EB/src/discoeb/spline_interpolation.py:39</div>"
"Total","153.0","data formatting","copy.141","509.0","745.605","1.464842829076621","745.605","1.464842829076621","0.0002815881306202215","0.20129308360382586","0.0","0.0","0.01017253243697193","0.01017253243697193","0.0","0.0","0.0","0.0","0.0","HBM","745.605","0.00028158813062022144","0.0","7.023324031361501e-06","0.0","7.023324031361501e-06","False","5","<div class='source-info-cell' title='/home/user/git/DISCO-EB/src/discoeb/spline_interpolation.py:66:46
/home/user/git/DISCO-EB/src/discoeb/spline_interpolation.py:71:21
/home/user/git/DISCO-EB/src/discoeb/background.py:166:43
/home/user/git/DISCO-EB/src/discoeb/background.py:233:12
/home/user/git/DISCO-EB/scripts/profile_background.py:38:0
'>/home/user/git/DISCO-EB/src/discoeb/spline_interpolation.py:66</div>"
"Total","154.0","data formatting","copy.522","509.0","744.093","1.4618722986247543","744.093","1.4618722986247543","0.0002810171027254276","0.2015741007065513","0.0","0.0","0.010193203064225113","0.010193203064225113","0.0","0.0","0.0","0.0","0.0","HBM","744.093","0.00028101710272542755","0.0","7.037595454336074e-06","0.0","7.037595454336074e-06","False","5","<div class='source-info-cell' title='/home/user/git/DISCO-EB/src/discoeb/spline_interpolation.py:66:46
/home/user/git/DISCO-EB/src/discoeb/spline_interpolation.py:71:21
/home/user/git/DISCO-EB/src/discoeb/background.py:166:43
/home/user/git/DISCO-EB/src/discoeb/background.py:233:12
/home/user/git/DISCO-EB/scripts/profile_background.py:38:0
'>/home/user/git/DISCO-EB/src/discoeb/spline_interpolation.py:66</div>"
"Total","155.0","data formatting","copy.507","509.0","743.464","1.4606365422396859","743.464","1.4606365422396859","0.00028077955209988175","0.20185488025865117","0.0","0.0","0.010201826917871554","0.010201826917871554","0.0","0.0","0.0","0.0","0.0","HBM","743.464","0.0002807795520998817","0.0","7.0435495389195605e-06","0.0","7.0435495389195605e-06","False","5","<div class='source-info-cell' title='/home/user/git/DISCO-EB/src/discoeb/spline_interpolation.py:66:46
/home/user/git/DISCO-EB/src/discoeb/spline_interpolation.py:71:21
/home/user/git/DISCO-EB/src/discoeb/background.py:166:43
/home/user/git/DISCO-EB/src/discoeb/background.py:233:12
/home/user/git/DISCO-EB/scripts/profile_background.py:38:0
'>/home/user/git/DISCO-EB/src/discoeb/spline_interpolation.py:66</div>"
"Total","156.0","loop fusion","loop_add_fusion.1","512.0","742.184","1.449578125","742.184","1.449578125","0.0002802961422418552","0.202135176400893","0.0020695676543822017","0.0020695676543822017","0.010279653739840794","0.010279653739840794","0.0","0.1875","0.1875","0.0","0.1875","HBM","742.184","0.00028029614224185515","291.59999999999997","7.097282765371062e-06","6.6360065750020314e-09","7.097282765371062e-06","False","5","<div class='source-info-cell' title='/home/user/git/DISCO-EB/src/discoeb/spline_interpolation.py:40:15
/home/user/git/DISCO-EB/src/discoeb/background.py:167:43
/home/user/git/DISCO-EB/src/discoeb/background.py:233:12
/home/user/git/DISCO-EB/scripts/profile_background.py:38:0
'>/home/user/git/DISCO-EB/src/discoeb/spline_interpolation.py:40</div>"
"Total","157.0","loop fusion","loop_add_fusion","512.0","741.409","1.448064453125","741.409","1.448064453125","0.00028000345267937816","0.20241517985357238","0.0020717309878892755","0.0020717309878892755","0.010290399133609114","0.010290399133609114","0.0","0.1875","0.1875","0.0","0.1875","HBM","741.409","0.00028000345267937816","291.59999999999997","7.104701604558558e-06","6.642943238969729e-09","7.104701604558558e-06","False","5","<div class='source-info-cell' title='/home/user/git/DISCO-EB/src/discoeb/spline_interpolation.py:39:15
/home/user/git/DISCO-EB/src/discoeb/background.py:166:43
/home/user/git/DISCO-EB/src/discoeb/background.py:233:12
/home/user/git/DISCO-EB/scripts/profile_background.py:38:0
'>/home/user/git/DISCO-EB/src/discoeb/spline_interpolation.py:39</div>"
"Total","158.0","loop fusion","loop_add_fusion.11","512.0","741.122","1.44750390625","741.122","1.44750390625","0.0002798950631252738","0.20269507491669767","0.0020725332671274097","0.0020725332671274097","0.010294384097692417","0.010294384097692417","0.0","0.1875","0.1875","0.0","0.1875","HBM","741.122","0.0002798950631252738","291.6","7.107452905100855e-06","6.645515723269999e-09","7.107452905100855e-06","False","5","<div class='source-info-cell' title='/home/user/git/DISCO-EB/src/discoeb/spline_interpolation.py:39:15
/home/user/git/DISCO-EB/src/discoeb/background.py:166:43
/home/user/git/DISCO-EB/src/discoeb/background.py:233:12
/home/user/git/DISCO-EB/scripts/profile_background.py:38:0
'>/home/user/git/DISCO-EB/src/discoeb/spline_interpolation.py:39</div>"
"Total","159.0","loop fusion","loop_add_fusion.10","512.0","738.846","1.44305859375","738.846","1.44305859375","0.0002790354999714703","0.20297411041666913","0.002078917663491445","0.002078917663491445","0.010326095737474384","0.010326095737474384","0.0","0.1875","0.1875","0.0","0.1875","HBM","738.846","0.0002790354999714703","291.6000000000001","7.129347268489178e-06","6.665987098612307e-09","7.129347268489178e-06","False","5","<div class='source-info-cell' title='/home/user/git/DISCO-EB/src/discoeb/spline_interpolation.py:39:15
/home/user/git/DISCO-EB/src/discoeb/background.py:166:43
/home/user/git/DISCO-EB/src/discoeb/background.py:233:12
/home/user/git/DISCO-EB/scripts/profile_background.py:38:0
'>/home/user/git/DISCO-EB/src/discoeb/spline_interpolation.py:39</div>"
"Total","160.0","loop fusion","loop_add_fusion.26","509.0","736.806","1.4475559921414538","736.806","1.4475559921414538","0.00027826506551024055","0.20325237548217936","0.0020724586933331163","0.0020724586933331163","0.010294013685649216","0.010294013685649216","0.0","0.1875","0.1875","0.0","0.1875","HBM","736.806","0.0002782650655102405","291.6","7.107197165065555e-06","6.645276604636595e-09","7.107197165065555e-06","False","5","<div class='source-info-cell' title='/home/user/git/DISCO-EB/src/discoeb/spline_interpolation.py:82:25
/home/user/git/DISCO-EB/src/discoeb/background.py:166:43
/home/user/git/DISCO-EB/src/discoeb/background.py:233:12
/home/user/git/DISCO-EB/scripts/profile_background.py:38:0
'>/home/user/git/DISCO-EB/src/discoeb/spline_interpolation.py:82</div>"
"Total","161.0","loop fusion","loop_add_fusion.8","509.0","736.172","1.4463104125736739","736.172","1.4463104125736739","0.00027802562656493676","0.2035304011087443","0.0020742435191775837","0.0020742435191775837","0.010302879011519668","0.010302879011519668","0.0","0.1875","0.1875","0.0","0.1875","HBM","736.172","0.00027802562656493676","291.6","7.113317967001315e-06","6.6509995951433515e-09","7.113317967001315e-06","False","5","<div class='source-info-cell' title='/home/user/git/DISCO-EB/src/discoeb/spline_interpolation.py:82:25
/home/user/git/DISCO-EB/src/discoeb/background.py:166:43
/home/user/git/DISCO-EB/src/discoeb/background.py:233:12
/home/user/git/DISCO-EB/scripts/profile_background.py:38:0
'>/home/user/git/DISCO-EB/src/discoeb/spline_interpolation.py:82</div>"
"Total","162.0","loop fusion","loop_add_fusion.25","509.0","735.875","1.4457269155206287","735.875","1.4457269155206287","0.00027791346037131656","0.2038083145691156","0.002075080686257856","0.002075080686257856","0.010307037265389443","0.010307037265389443","0.0","0.1875","0.1875","0.0","0.1875","HBM","735.875","0.0002779134603713165","291.6","7.116188910349301e-06","6.653683946262436e-09","7.116188910349301e-06","False","5","<div class='source-info-cell' title='/home/user/git/DISCO-EB/src/discoeb/spline_interpolation.py:82:25
/home/user/git/DISCO-EB/src/discoeb/background.py:166:43
/home/user/git/DISCO-EB/src/discoeb/background.py:233:12
/home/user/git/DISCO-EB/scripts/profile_background.py:38:0
'>/home/user/git/DISCO-EB/src/discoeb/spline_interpolation.py:82</div>"
"Total","163.0","custom-call","triangular-solve.13","294.0","724.968","2.465877551020408","724.968","2.465877551020408","0.0002737942796513981","0.204082108848767","0.0","0.0","0.0","0.0","0.0","0.0","0.0","0.0","0.0","Unknown","724.968","0.0002737942796513981","0.0","0.0","0.0","0.0","False","5","<div class='source-info-cell' title='/home/user/git/DISCO-EB/src/discoeb/ode_integrators_stiff.py:189:13
/home/user/git/DISCO-EB/.venv/lib/python3.12/site-packages/equinox/_module/_prebuilt.py:34:15
/home/user/git/DISCO-EB/.venv/lib/python3.12/site-packages/diffrax/_integrate.py:356:64
/home/user/git/DISCO-EB/.venv/lib/python3.12/site-packages/equinox/_eval_shape.py:33:15
/home/user/git/DISCO-EB/.venv/lib/python3.12/site-packages/equinox/_eval_shape.py:38:30
/home/user/git/DISCO-EB/.venv/lib/python3.12/site-packages/diffrax/_integrate.py:655:36
/home/user/git/DISCO-EB/.venv/lib/python3.12/site-packages/diffrax/_adjoint.py:911:22
/home/user/git/DISCO-EB/.venv/lib/python3.12/site-packages/equinox/_module/_prebuilt.py:34:15
/home/user/git/DISCO-EB/.venv/lib/python3.12/site-packages/diffrax/_integrate.py:1435:29
/home/user/git/DISCO-EB/.venv/lib/python3.12/site-packages/equinox/_jit.py:55:14
'>/home/user/git/DISCO-EB/src/discoeb/ode_integrators_stiff.py:189</div>"
"Total","164.0","custom-call","triangular-solve.15","294.0","722.591","2.4577925170068027","722.591","2.4577925170068027","0.0002728965724384848","0.2043550054212055","0.0","0.0","0.0","0.0","0.0","0.0","0.0","0.0","0.0","Unknown","722.591","0.00027289657243848475","0.0","0.0","0.0","0.0","False","5","<div class='source-info-cell' title='/home/user/git/DISCO-EB/src/discoeb/ode_integrators_stiff.py:189:13
/home/user/git/DISCO-EB/.venv/lib/python3.12/site-packages/equinox/_module/_prebuilt.py:34:15
/home/user/git/DISCO-EB/.venv/lib/python3.12/site-packages/diffrax/_integrate.py:356:64
/home/user/git/DISCO-EB/.venv/lib/python3.12/site-packages/equinox/_eval_shape.py:33:15
/home/user/git/DISCO-EB/.venv/lib/python3.12/site-packages/equinox/_eval_shape.py:38:30
/home/user/git/DISCO-EB/.venv/lib/python3.12/site-packages/diffrax/_integrate.py:655:36
/home/user/git/DISCO-EB/.venv/lib/python3.12/site-packages/diffrax/_adjoint.py:911:22
/home/user/git/DISCO-EB/.venv/lib/python3.12/site-packages/equinox/_module/_prebuilt.py:34:15
/home/user/git/DISCO-EB/.venv/lib/python3.12/site-packages/diffrax/_integrate.py:1435:29
/home/user/git/DISCO-EB/.venv/lib/python3.12/site-packages/equinox/_jit.py:55:14
'>/home/user/git/DISCO-EB/src/discoeb/ode_integrators_stiff.py:189</div>"
"Total","165.0","custom-call","triangular-solve.11","294.0","714.541","2.4304115646258504","714.541","2.4304115646258504","0.0002698563776282397","0.20462486179883374","0.0","0.0","0.0","0.0","0.0","0.0","0.0","0.0","0.0","Unknown","714.541","0.00026985637762823967","0.0","0.0","0.0","0.0","False","5","<div class='source-info-cell' title='/home/user/git/DISCO-EB/src/discoeb/ode_integrators_stiff.py:189:13
/home/user/git/DISCO-EB/.venv/lib/python3.12/site-packages/equinox/_module/_prebuilt.py:34:15
/home/user/git/DISCO-EB/.venv/lib/python3.12/site-packages/diffrax/_integrate.py:356:64
/home/user/git/DISCO-EB/.venv/lib/python3.12/site-packages/equinox/_eval_shape.py:33:15
/home/user/git/DISCO-EB/.venv/lib/python3.12/site-packages/equinox/_eval_shape.py:38:30
/home/user/git/DISCO-EB/.venv/lib/python3.12/site-packages/diffrax/_integrate.py:655:36
/home/user/git/DISCO-EB/.venv/lib/python3.12/site-packages/diffrax/_adjoint.py:911:22
/home/user/git/DISCO-EB/.venv/lib/python3.12/site-packages/equinox/_module/_prebuilt.py:34:15
/home/user/git/DISCO-EB/.venv/lib/python3.12/site-packages/diffrax/_integrate.py:1435:29
/home/user/git/DISCO-EB/.venv/lib/python3.12/site-packages/equinox/_jit.py:55:14
'>/home/user/git/DISCO-EB/src/discoeb/ode_integrators_stiff.py:189</div>"
"Total","166.0","custom-call","triangular-solve.9","294.0","712.136","2.4222312925170066","712.136","2.4222312925170066","0.000268948095824682","0.2048938098946584","0.0","0.0","0.0","0.0","0.0","0.0","0.0","0.0","0.0","Unknown","712.136","0.000268948095824682","0.0","0.0","0.0","0.0","False","5","<div class='source-info-cell' title='/home/user/git/DISCO-EB/src/discoeb/ode_integrators_stiff.py:189:13
/home/user/git/DISCO-EB/.venv/lib/python3.12/site-packages/equinox/_module/_prebuilt.py:34:15
/home/user/git/DISCO-EB/.venv/lib/python3.12/site-packages/diffrax/_integrate.py:356:64
/home/user/git/DISCO-EB/.venv/lib/python3.12/site-packages/equinox/_eval_shape.py:33:15
/home/user/git/DISCO-EB/.venv/lib/python3.12/site-packages/equinox/_eval_shape.py:38:30
/home/user/git/DISCO-EB/.venv/lib/python3.12/site-packages/diffrax/_integrate.py:655:36
/home/user/git/DISCO-EB/.venv/lib/python3.12/site-packages/diffrax/_adjoint.py:911:22
/home/user/git/DISCO-EB/.venv/lib/python3.12/site-packages/equinox/_module/_prebuilt.py:34:15
/home/user/git/DISCO-EB/.venv/lib/python3.12/site-packages/diffrax/_integrate.py:1435:29
/home/user/git/DISCO-EB/.venv/lib/python3.12/site-packages/equinox/_jit.py:55:14
'>/home/user/git/DISCO-EB/src/discoeb/ode_integrators_stiff.py:189</div>"
"Total","167.0","custom-call","triangular-solve.10","294.0","695.462","2.365517006802721","695.462","2.365517006802721","0.00026265092709598306","0.2051564608217544","0.0","0.0","0.0","0.0","0.0","0.0","0.0","0.0","0.0","Unknown","695.462","0.00026265092709598306","0.0","0.0","0.0","0.0","False","5","<div class='source-info-cell' title='/home/user/git/DISCO-EB/src/discoeb/ode_integrators_stiff.py:189:13
/home/user/git/DISCO-EB/.venv/lib/python3.12/site-packages/equinox/_module/_prebuilt.py:34:15
/home/user/git/DISCO-EB/.venv/lib/python3.12/site-packages/diffrax/_integrate.py:356:64
/home/user/git/DISCO-EB/.venv/lib/python3.12/site-packages/equinox/_eval_shape.py:33:15
/home/user/git/DISCO-EB/.venv/lib/python3.12/site-packages/equinox/_eval_shape.py:38:30
/home/user/git/DISCO-EB/.venv/lib/python3.12/site-packages/diffrax/_integrate.py:655:36
/home/user/git/DISCO-EB/.venv/lib/python3.12/site-packages/diffrax/_adjoint.py:911:22
/home/user/git/DISCO-EB/.venv/lib/python3.12/site-packages/equinox/_module/_prebuilt.py:34:15
/home/user/git/DISCO-EB/.venv/lib/python3.12/site-packages/diffrax/_integrate.py:1435:29
/home/user/git/DISCO-EB/.venv/lib/python3.12/site-packages/equinox/_jit.py:55:14
'>/home/user/git/DISCO-EB/src/discoeb/ode_integrators_stiff.py:189</div>"
"Total","168.0","custom-call","triangular-solve.12","294.0","685.521","2.331704081632653","685.521","2.331704081632653","0.0002588965697532941","0.20541535739150768","0.0","0.0","0.0","0.0","0.0","0.0","0.0","0.0","0.0","Unknown","685.521","0.0002588965697532941","0.0","0.0","0.0","0.0","False","5","<div class='source-info-cell' title='/home/user/git/DISCO-EB/src/discoeb/ode_integrators_stiff.py:189:13
/home/user/git/DISCO-EB/.venv/lib/python3.12/site-packages/equinox/_module/_prebuilt.py:34:15
/home/user/git/DISCO-EB/.venv/lib/python3.12/site-packages/diffrax/_integrate.py:356:64
/home/user/git/DISCO-EB/.venv/lib/python3.12/site-packages/equinox/_eval_shape.py:33:15
/home/user/git/DISCO-EB/.venv/lib/python3.12/site-packages/equinox/_eval_shape.py:38:30
/home/user/git/DISCO-EB/.venv/lib/python3.12/site-packages/diffrax/_integrate.py:655:36
/home/user/git/DISCO-EB/.venv/lib/python3.12/site-packages/diffrax/_adjoint.py:911:22
/home/user/git/DISCO-EB/.venv/lib/python3.12/site-packages/equinox/_module/_prebuilt.py:34:15
/home/user/git/DISCO-EB/.venv/lib/python3.12/site-packages/diffrax/_integrate.py:1435:29
/home/user/git/DISCO-EB/.venv/lib/python3.12/site-packages/equinox/_jit.py:55:14
'>/home/user/git/DISCO-EB/src/discoeb/ode_integrators_stiff.py:189</div>"
"Total","169.0","custom-call","triangular-solve.8","294.0","684.048","2.3266938775510204","684.048","2.3266938775510204","0.000258340270752612","0.2056736976622603","0.0","0.0","0.0","0.0","0.0","0.0","0.0","0.0","0.0","Unknown","684.048","0.000258340270752612","0.0","0.0","0.0","0.0","False","5","<div class='source-info-cell' title='/home/user/git/DISCO-EB/src/discoeb/ode_integrators_stiff.py:189:13
/home/user/git/DISCO-EB/.venv/lib/python3.12/site-packages/equinox/_module/_prebuilt.py:34:15
/home/user/git/DISCO-EB/.venv/lib/python3.12/site-packages/diffrax/_integrate.py:356:64
/home/user/git/DISCO-EB/.venv/lib/python3.12/site-packages/equinox/_eval_shape.py:33:15
/home/user/git/DISCO-EB/.venv/lib/python3.12/site-packages/equinox/_eval_shape.py:38:30
/home/user/git/DISCO-EB/.venv/lib/python3.12/site-packages/diffrax/_integrate.py:655:36
/home/user/git/DISCO-EB/.venv/lib/python3.12/site-packages/diffrax/_adjoint.py:911:22
/home/user/git/DISCO-EB/.venv/lib/python3.12/site-packages/equinox/_module/_prebuilt.py:34:15
/home/user/git/DISCO-EB/.venv/lib/python3.12/site-packages/diffrax/_integrate.py:1435:29
/home/user/git/DISCO-EB/.venv/lib/python3.12/site-packages/equinox/_jit.py:55:14
'>/home/user/git/DISCO-EB/src/discoeb/ode_integrators_stiff.py:189</div>"
"Total","170.0","custom-call","triangular-solve.14","294.0","671.743","2.284840136054422","671.743","2.284840136054422","0.00025369311582838024","0.20592739077808866","0.0","0.0","0.0","0.0","0.0","0.0","0.0","0.0","0.0","Unknown","671.743","0.0002536931158283802","0.0","0.0","0.0","0.0","False","5","<div class='source-info-cell' title='/home/user/git/DISCO-EB/src/discoeb/ode_integrators_stiff.py:189:13
/home/user/git/DISCO-EB/.venv/lib/python3.12/site-packages/equinox/_module/_prebuilt.py:34:15
/home/user/git/DISCO-EB/.venv/lib/python3.12/site-packages/diffrax/_integrate.py:356:64
/home/user/git/DISCO-EB/.venv/lib/python3.12/site-packages/equinox/_eval_shape.py:33:15
/home/user/git/DISCO-EB/.venv/lib/python3.12/site-packages/equinox/_eval_shape.py:38:30
/home/user/git/DISCO-EB/.venv/lib/python3.12/site-packages/diffrax/_integrate.py:655:36
/home/user/git/DISCO-EB/.venv/lib/python3.12/site-packages/diffrax/_adjoint.py:911:22
/home/user/git/DISCO-EB/.venv/lib/python3.12/site-packages/equinox/_module/_prebuilt.py:34:15
/home/user/git/DISCO-EB/.venv/lib/python3.12/site-packages/diffrax/_integrate.py:1435:29
/home/user/git/DISCO-EB/.venv/lib/python3.12/site-packages/equinox/_jit.py:55:14
'>/home/user/git/DISCO-EB/src/discoeb/ode_integrators_stiff.py:189</div>"
"Total","171.0","loop fusion","loop_gather_fusion.4","98.0","598.335","6.10545918367347","598.335","6.10545918367347","0.00022596956047055776","0.20615336033855922","10.214956504299431","10.214956504299431","0.07520188334289692","0.07520188334289692","0.0","126.50507099391481","126.50507099391481","0.0","126.50507099391481","HBM","598.335","0.00022596956047055773","196740.68640973634","5.1920915244879984e-05","3.275395147501285e-05","5.1920915244879984e-05","False","5","<div class='source-info-cell' title='/home/user/git/DISCO-EB/src/discoeb/ode_integrators_stiff.py:189:13
/home/user/git/DISCO-EB/.venv/lib/python3.12/site-packages/equinox/_module/_prebuilt.py:34:15
/home/user/git/DISCO-EB/.venv/lib/python3.12/site-packages/diffrax/_integrate.py:356:64
/home/user/git/DISCO-EB/.venv/lib/python3.12/site-packages/equinox/_eval_shape.py:33:15
/home/user/git/DISCO-EB/.venv/lib/python3.12/site-packages/equinox/_eval_shape.py:38:30
/home/user/git/DISCO-EB/.venv/lib/python3.12/site-packages/diffrax/_integrate.py:655:36
/home/user/git/DISCO-EB/.venv/lib/python3.12/site-packages/diffrax/_adjoint.py:911:22
/home/user/git/DISCO-EB/.venv/lib/python3.12/site-packages/equinox/_module/_prebuilt.py:34:15
/home/user/git/DISCO-EB/.venv/lib/python3.12/site-packages/diffrax/_integrate.py:1435:29
/home/user/git/DISCO-EB/.venv/lib/python3.12/site-packages/equinox/_jit.py:55:14
'>/home/user/git/DISCO-EB/src/discoeb/ode_integrators_stiff.py:189</div>"
"Total","172.0","input fusion","input_concatenate_fusion.8","98.0","528.352","5.39134693877551","528.352","5.39134693877551","0.00019953950414690788","0.20635289984270613","11.543868481618315","11.543868481618315","0.07065227620173219","0.07065227620173219","0.0","152.1687041564792","152.1687041564792","0.0","152.1687041564792","HBM","528.352","0.00019953950414690786","236652.7687041565","4.877977361021072e-05","3.70150678489637e-05","4.877977361021072e-05","False","5","<div class='source-info-cell' title='/home/user/git/DISCO-EB/.venv/lib/python3.12/site-packages/equinox/internal/_loop/loop.py:103:29
/home/user/git/DISCO-EB/.venv/lib/python3.12/site-packages/equinox/_module/_prebuilt.py:82:15
/home/user/git/DISCO-EB/.venv/lib/python3.12/site-packages/diffrax/_integrate.py:674:18
/home/user/git/DISCO-EB/.venv/lib/python3.12/site-packages/diffrax/_adjoint.py:911:22
/home/user/git/DISCO-EB/.venv/lib/python3.12/site-packages/equinox/_module/_prebuilt.py:34:15
/home/user/git/DISCO-EB/.venv/lib/python3.12/site-packages/diffrax/_integrate.py:1435:29
/home/user/git/DISCO-EB/.venv/lib/python3.12/site-packages/equinox/_jit.py:55:14
/home/user/git/DISCO-EB/.venv/lib/python3.12/site-packages/equinox/_jit.py:263:37
/home/user/git/DISCO-EB/.venv/lib/python3.12/site-packages/equinox/_jit.py:209:19
/home/user/git/DISCO-EB/src/discoeb/thermodynamics_recfast.py:284:7
'>/home/user/git/DISCO-EB/.venv/lib/python3.12/site-packages/equinox/internal/_loop/loop.py:103</div>"
"Total","173.0","input fusion","input_concatenate_fusion.6","98.0","528.032","5.388081632653062","528.032","5.388081632653062","0.00019941865168240125","0.20655231849438854","11.550864341555057","11.550864341555057","0.07069509316809892","0.07069509316809892","0.0","152.1687041564792","152.1687041564792","0.0","152.1687041564792","HBM","528.032","0.00019941865168240122","236652.76870415648","4.880933531774979e-05","3.7037499863901564e-05","4.880933531774979e-05","False","5","<div class='source-info-cell' title='/home/user/git/DISCO-EB/.venv/lib/python3.12/site-packages/equinox/internal/_loop/loop.py:103:29
/home/user/git/DISCO-EB/.venv/lib/python3.12/site-packages/equinox/_module/_prebuilt.py:82:15
/home/user/git/DISCO-EB/.venv/lib/python3.12/site-packages/diffrax/_integrate.py:674:18
/home/user/git/DISCO-EB/.venv/lib/python3.12/site-packages/diffrax/_adjoint.py:911:22
/home/user/git/DISCO-EB/.venv/lib/python3.12/site-packages/equinox/_module/_prebuilt.py:34:15
/home/user/git/DISCO-EB/.venv/lib/python3.12/site-packages/diffrax/_integrate.py:1435:29
/home/user/git/DISCO-EB/.venv/lib/python3.12/site-packages/equinox/_jit.py:55:14
/home/user/git/DISCO-EB/.venv/lib/python3.12/site-packages/equinox/_jit.py:263:37
/home/user/git/DISCO-EB/.venv/lib/python3.12/site-packages/equinox/_jit.py:209:19
/home/user/git/DISCO-EB/src/discoeb/thermodynamics_recfast.py:284:7
'>/home/user/git/DISCO-EB/.venv/lib/python3.12/site-packages/equinox/internal/_loop/loop.py:103</div>"
"Total","174.0","loop fusion","loop_add_select_subtract_fusion.1","98.0","432.235","4.410561224489796","432.235","4.410561224489796","0.00016323957811258162","0.20671555807250114","7.492697259592583","7.492697259592583","0.09121999032683817","0.09121999032683817","0.0","76.49768518518519","76.49768518518519","0.0","76.49768518518519","HBM","432.235","0.00016323957811258162","118969.20000000001","6.298014326054627e-05","2.4025108903240353e-05","6.298014326054627e-05","False","5","<div class='source-info-cell' title='/home/user/git/DISCO-EB/.venv/lib/python3.12/site-packages/equinox/internal/_loop/loop.py:103:29
/home/user/git/DISCO-EB/.venv/lib/python3.12/site-packages/equinox/_module/_prebuilt.py:82:15
/home/user/git/DISCO-EB/.venv/lib/python3.12/site-packages/diffrax/_integrate.py:674:18
/home/user/git/DISCO-EB/.venv/lib/python3.12/site-packages/diffrax/_adjoint.py:911:22
/home/user/git/DISCO-EB/.venv/lib/python3.12/site-packages/equinox/_module/_prebuilt.py:34:15
/home/user/git/DISCO-EB/.venv/lib/python3.12/site-packages/diffrax/_integrate.py:1435:29
/home/user/git/DISCO-EB/.venv/lib/python3.12/site-packages/equinox/_jit.py:55:14
/home/user/git/DISCO-EB/.venv/lib/python3.12/site-packages/equinox/_jit.py:263:37
/home/user/git/DISCO-EB/.venv/lib/python3.12/site-packages/equinox/_jit.py:209:19
/home/user/git/DISCO-EB/src/discoeb/thermodynamics_recfast.py:284:7
'>/home/user/git/DISCO-EB/.venv/lib/python3.12/site-packages/equinox/internal/_loop/loop.py:103</div>"
"Total","175.0","loop fusion","loop_add_fusion.36","98.0","384.7","3.9255102040816325","384.7","3.9255102040816325","0.00014528732217407233","0.2068608453946752","7.231671432284897","7.231671432284897","0.07781760550673236","0.07781760550673236","0.0","86.54878048780488","86.54878048780488","0.0","86.54878048780488","HBM","384.7","0.00014528732217407233","134600.66341463415","5.3726863217664124e-05","2.3188137421495667e-05","5.3726863217664124e-05","False","5","<div class='source-info-cell' title='/home/user/git/DISCO-EB/.venv/lib/python3.12/site-packages/equinox/internal/_loop/loop.py:103:29
/home/user/git/DISCO-EB/.venv/lib/python3.12/site-packages/equinox/_module/_prebuilt.py:82:15
/home/user/git/DISCO-EB/.venv/lib/python3.12/site-packages/diffrax/_integrate.py:674:18
/home/user/git/DISCO-EB/.venv/lib/python3.12/site-packages/diffrax/_adjoint.py:911:22
/home/user/git/DISCO-EB/.venv/lib/python3.12/site-packages/equinox/_module/_prebuilt.py:34:15
/home/user/git/DISCO-EB/.venv/lib/python3.12/site-packages/diffrax/_integrate.py:1435:29
/home/user/git/DISCO-EB/.venv/lib/python3.12/site-packages/equinox/_jit.py:55:14
/home/user/git/DISCO-EB/.venv/lib/python3.12/site-packages/equinox/_jit.py:263:37
/home/user/git/DISCO-EB/.venv/lib/python3.12/site-packages/equinox/_jit.py:209:19
/home/user/git/DISCO-EB/src/discoeb/thermodynamics_recfast.py:284:7
'>/home/user/git/DISCO-EB/.venv/lib/python3.12/site-packages/equinox/internal/_loop/loop.py:103</div>"
"Total","176.0","loop fusion","loop_add_fusion.35","98.0","384.389","3.922336734693878","384.389","3.922336734693878","0.00014516986868512994","0.20700601526336032","7.237522405687988","7.237522405687988","0.07788056588102141","0.07788056588102141","0.0","86.54878048780488","86.54878048780488","0.0","86.54878048780488","HBM","384.389","0.00014516986868512994","134600.66341463415","5.377033234519039e-05","2.3206898392121998e-05","5.377033234519039e-05","False","5","<div class='source-info-cell' title='/home/user/git/DISCO-EB/.venv/lib/python3.12/site-packages/equinox/internal/_loop/loop.py:103:29
/home/user/git/DISCO-EB/.venv/lib/python3.12/site-packages/equinox/_module/_prebuilt.py:82:15
/home/user/git/DISCO-EB/.venv/lib/python3.12/site-packages/diffrax/_integrate.py:674:18
/home/user/git/DISCO-EB/.venv/lib/python3.12/site-packages/diffrax/_adjoint.py:911:22
/home/user/git/DISCO-EB/.venv/lib/python3.12/site-packages/equinox/_module/_prebuilt.py:34:15
/home/user/git/DISCO-EB/.venv/lib/python3.12/site-packages/diffrax/_integrate.py:1435:29
/home/user/git/DISCO-EB/.venv/lib/python3.12/site-packages/equinox/_jit.py:55:14
/home/user/git/DISCO-EB/.venv/lib/python3.12/site-packages/equinox/_jit.py:263:37
/home/user/git/DISCO-EB/.venv/lib/python3.12/site-packages/equinox/_jit.py:209:19
/home/user/git/DISCO-EB/src/discoeb/thermodynamics_recfast.py:284:7
'>/home/user/git/DISCO-EB/.venv/lib/python3.12/site-packages/equinox/internal/_loop/loop.py:103</div>"
"Total","177.0","loop fusion","loop_gather_fusion.7","98.0","375.74","3.8340816326530613","375.74","3.8340816326530613","0.0001419034531678865","0.2071479187165282","6.8475328684728805","6.8475328684728805","0.0672850444736035","0.0672850444736035","0.0","94.7797833935018","94.7797833935018","0.0","94.7797833935018","HBM","375.74","0.0001419034531678865","147401.519133574","4.6454968094784045e-05","2.195640864482548e-05","4.6454968094784045e-05","False","5","<div class='source-info-cell' title='/home/user/git/DISCO-EB/src/discoeb/ode_integrators_stiff.py:189:13
/home/user/git/DISCO-EB/.venv/lib/python3.12/site-packages/equinox/_module/_prebuilt.py:34:15
/home/user/git/DISCO-EB/.venv/lib/python3.12/site-packages/diffrax/_integrate.py:356:64
/home/user/git/DISCO-EB/.venv/lib/python3.12/site-packages/equinox/_eval_shape.py:33:15
/home/user/git/DISCO-EB/.venv/lib/python3.12/site-packages/equinox/_eval_shape.py:38:30
/home/user/git/DISCO-EB/.venv/lib/python3.12/site-packages/diffrax/_integrate.py:655:36
/home/user/git/DISCO-EB/.venv/lib/python3.12/site-packages/diffrax/_adjoint.py:911:22
/home/user/git/DISCO-EB/.venv/lib/python3.12/site-packages/equinox/_module/_prebuilt.py:34:15
/home/user/git/DISCO-EB/.venv/lib/python3.12/site-packages/diffrax/_integrate.py:1435:29
/home/user/git/DISCO-EB/.venv/lib/python3.12/site-packages/equinox/_jit.py:55:14
'>/home/user/git/DISCO-EB/src/discoeb/ode_integrators_stiff.py:189</div>"
"Total","178.0","input fusion","loop_divide_select_fusion.1","98.0","277.858","2.8352857142857144","277.858","2.8352857142857144","0.00010493695025901583","0.20725285566678722","9.798659747065047","9.798659747065047","0.0551839244091199","0.0551839244091199","0.0","165.36904761904762","165.36904761904762","0.0","165.36904761904762","HBM","277.858","0.00010493695025901582","257181.94285714286","3.8100107799978475e-05","3.1419108416217524e-05","3.8100107799978475e-05","False","5","<div class='source-info-cell' title='/home/user/git/DISCO-EB/.venv/lib/python3.12/site-packages/diffrax/_step_size_controller/pid.py:487:28
/home/user/git/DISCO-EB/.venv/lib/python3.12/site-packages/diffrax/_step_size_controller/pid.py:492:33
/home/user/git/DISCO-EB/.venv/lib/python3.12/site-packages/equinox/_module/_prebuilt.py:34:15
/home/user/git/DISCO-EB/.venv/lib/python3.12/site-packages/diffrax/_integrate.py:379:12
/home/user/git/DISCO-EB/.venv/lib/python3.12/site-packages/equinox/_eval_shape.py:33:15
/home/user/git/DISCO-EB/.venv/lib/python3.12/site-packages/equinox/_eval_shape.py:38:30
/home/user/git/DISCO-EB/.venv/lib/python3.12/site-packages/diffrax/_integrate.py:655:36
/home/user/git/DISCO-EB/.venv/lib/python3.12/site-packages/diffrax/_adjoint.py:911:22
/home/user/git/DISCO-EB/.venv/lib/python3.12/site-packages/equinox/_module/_prebuilt.py:34:15
/home/user/git/DISCO-EB/.venv/lib/python3.12/site-packages/diffrax/_integrate.py:1435:29
'>/home/user/git/DISCO-EB/.venv/lib/python3.12/site-packages/diffrax/_step_size_controller/pid.py:487</div>"
"Total","179.0","input fusion","loop_minimum_select_fusion.1","98.0","265.02","2.704285714285714","265.02","2.704285714285714","0.00010008850044859018","0.20735294416723582","3.6253565768621234","3.6253565768621234","0.024795910069001646","0.024795910069001646","0.0","136.16666666666666","136.16666666666666","0.0","136.16666666666666","HBM","265.02","0.00010008850044859018","211766.40000000002","1.7119602433918333e-05","1.1624597064919613e-05","1.7119602433918333e-05","False","5","<div class='source-info-cell' title='/home/user/git/DISCO-EB/src/discoeb/spline_interpolation.py:34:17
/home/user/git/DISCO-EB/src/discoeb/spline_interpolation.py:39:40
/home/user/git/DISCO-EB/src/discoeb/spline_interpolation.py:39:15
/home/user/git/DISCO-EB/src/discoeb/background.py:166:43
/home/user/git/DISCO-EB/src/discoeb/background.py:233:12
/home/user/git/DISCO-EB/scripts/profile_background.py:38:0
'>/home/user/git/DISCO-EB/src/discoeb/spline_interpolation.py:34</div>"
"Total","180.0","loop fusion","loop_add_fusion.37","98.0","248.864","2.5394285714285716","248.864","2.5394285714285716","9.398696164681138e-05","0.20744693112888263","2.8742686768676866","2.8742686768676866","0.0792169066617126","0.0792169066617126","0.0","33.791666666666664","33.791666666666664","0.0","33.791666666666664","HBM","248.864","9.398696164681137e-05","52552.8","5.4692969296929685e-05","9.216256254116103e-06","5.4692969296929685e-05","False","5","<div class='source-info-cell' title='/home/user/git/DISCO-EB/.venv/lib/python3.12/site-packages/equinox/internal/_loop/loop.py:103:29
/home/user/git/DISCO-EB/.venv/lib/python3.12/site-packages/equinox/_module/_prebuilt.py:82:15
/home/user/git/DISCO-EB/.venv/lib/python3.12/site-packages/diffrax/_integrate.py:674:18
/home/user/git/DISCO-EB/.venv/lib/python3.12/site-packages/diffrax/_adjoint.py:911:22
/home/user/git/DISCO-EB/.venv/lib/python3.12/site-packages/equinox/_module/_prebuilt.py:34:15
/home/user/git/DISCO-EB/.venv/lib/python3.12/site-packages/diffrax/_integrate.py:1435:29
/home/user/git/DISCO-EB/.venv/lib/python3.12/site-packages/equinox/_jit.py:55:14
/home/user/git/DISCO-EB/.venv/lib/python3.12/site-packages/equinox/_jit.py:263:37
/home/user/git/DISCO-EB/.venv/lib/python3.12/site-packages/equinox/_jit.py:209:19
/home/user/git/DISCO-EB/src/discoeb/thermodynamics_recfast.py:284:7
'>/home/user/git/DISCO-EB/.venv/lib/python3.12/site-packages/equinox/internal/_loop/loop.py:103</div>"
"Total","181.0","while","while.328","128.0","243.936","1.90575","243.936","1.90575","9.212583369340917e-05","0.20753905696257605","637.7478682933229","637.7478682933229","2.901357536661207","0.2194221886408762","0.0","204.7141654034024","2706.877505567929","0.0","204.7141654034024","Compute","243.936","9.212583369340917e-05","311869.44","0.002044919400545699","0.002044919400545699","0.00015149355777863073","False","5","<div class='source-info-cell' title='/home/user/git/DISCO-EB/.venv/lib/python3.12/site-packages/equinox/internal/_loop/loop.py:103:29
/home/user/git/DISCO-EB/.venv/lib/python3.12/site-packages/equinox/_module/_prebuilt.py:82:15
/home/user/git/DISCO-EB/.venv/lib/python3.12/site-packages/diffrax/_integrate.py:674:18
/home/user/git/DISCO-EB/.venv/lib/python3.12/site-packages/diffrax/_adjoint.py:911:22
/home/user/git/DISCO-EB/.venv/lib/python3.12/site-packages/equinox/_module/_prebuilt.py:34:15
/home/user/git/DISCO-EB/.venv/lib/python3.12/site-packages/diffrax/_integrate.py:1435:29
/home/user/git/DISCO-EB/.venv/lib/python3.12/site-packages/equinox/_jit.py:55:14
/home/user/git/DISCO-EB/.venv/lib/python3.12/site-packages/equinox/_jit.py:263:37
/home/user/git/DISCO-EB/.venv/lib/python3.12/site-packages/equinox/_jit.py:209:19
/home/user/git/DISCO-EB/src/discoeb/thermodynamics_recfast.py:284:7
'>/home/user/git/DISCO-EB/.venv/lib/python3.12/site-packages/equinox/internal/_loop/loop.py:103</div>"
"Total","182.0","custom-call","eigh.0","53.0","229.824","4.336301886792453","229.824","4.336301886792453","8.679624000866649e-05","0.20762585320258473","0.0","0.0","0.0","0.0","0.0","0.0","0.0","0.0","0.0","Unknown","229.824","8.679624000866648e-05","0.0","0.0","0.0","0.0","False","5","<div class='source-info-cell' title='/home/user/git/DISCO-EB/src/discoeb/util.py:115:15
/home/user/git/DISCO-EB/src/discoeb/background.py:42:15
/home/user/git/DISCO-EB/src/discoeb/background.py:64:11
/home/user/git/DISCO-EB/src/discoeb/background.py:164:48
/home/user/git/DISCO-EB/src/discoeb/background.py:164:26
/home/user/git/DISCO-EB/src/discoeb/background.py:233:12
/home/user/git/DISCO-EB/scripts/profile_background.py:38:0
'>/home/user/git/DISCO-EB/src/discoeb/util.py:115</div>"
"Total","183.0","custom-call","lu_pivots_to_permutation.25","98.0","223.772","2.2833877551020407","223.772","2.2833877551020407","8.451061777368472e-05","0.2077103638203584","0.0","0.0","0.0","0.0","0.0","0.0","0.0","0.0","0.0","Unknown","223.772","8.451061777368471e-05","0.0","0.0","0.0","0.0","False","5","<div class='source-info-cell' title='/home/user/git/DISCO-EB/src/discoeb/ode_integrators_stiff.py:189:13
/home/user/git/DISCO-EB/.venv/lib/python3.12/site-packages/equinox/_module/_prebuilt.py:34:15
/home/user/git/DISCO-EB/.venv/lib/python3.12/site-packages/diffrax/_integrate.py:356:64
/home/user/git/DISCO-EB/.venv/lib/python3.12/site-packages/equinox/_eval_shape.py:33:15
/home/user/git/DISCO-EB/.venv/lib/python3.12/site-packages/equinox/_eval_shape.py:38:30
/home/user/git/DISCO-EB/.venv/lib/python3.12/site-packages/diffrax/_integrate.py:655:36
/home/user/git/DISCO-EB/.venv/lib/python3.12/site-packages/diffrax/_adjoint.py:911:22
/home/user/git/DISCO-EB/.venv/lib/python3.12/site-packages/equinox/_module/_prebuilt.py:34:15
/home/user/git/DISCO-EB/.venv/lib/python3.12/site-packages/diffrax/_integrate.py:1435:29
/home/user/git/DISCO-EB/.venv/lib/python3.12/site-packages/equinox/_jit.py:55:14
'>/home/user/git/DISCO-EB/src/discoeb/ode_integrators_stiff.py:189</div>"
"Total","184.0","loop fusion","loop_and_fusion.1","128.0","201.725","1.5759765625","201.725","1.5759765625","7.618426063312904e-05","0.20778654808099153","0.0057107448258768125","0.0057107448258768125","0.014773737706132264","0.014773737706132264","0.0","0.36","0.36","0.0","0.36","HBM","201.725","7.618426063312903e-05","559.8720000000001","1.0200090066795289e-05","1.831133190182665e-08","1.0200090066795289e-05","False","5","<div class='source-info-cell' title='/home/user/git/DISCO-EB/.venv/lib/python3.12/site-packages/equinox/internal/_loop/loop.py:103:29
/home/user/git/DISCO-EB/.venv/lib/python3.12/site-packages/equinox/_module/_prebuilt.py:82:15
/home/user/git/DISCO-EB/.venv/lib/python3.12/site-packages/diffrax/_integrate.py:674:18
/home/user/git/DISCO-EB/.venv/lib/python3.12/site-packages/diffrax/_adjoint.py:911:22
/home/user/git/DISCO-EB/.venv/lib/python3.12/site-packages/equinox/_module/_prebuilt.py:34:15
/home/user/git/DISCO-EB/.venv/lib/python3.12/site-packages/diffrax/_integrate.py:1435:29
/home/user/git/DISCO-EB/.venv/lib/python3.12/site-packages/equinox/_jit.py:55:14
/home/user/git/DISCO-EB/.venv/lib/python3.12/site-packages/equinox/_jit.py:263:37
/home/user/git/DISCO-EB/.venv/lib/python3.12/site-packages/equinox/_jit.py:209:19
/home/user/git/DISCO-EB/src/discoeb/thermodynamics_recfast.py:284:7
'>/home/user/git/DISCO-EB/.venv/lib/python3.12/site-packages/equinox/internal/_loop/loop.py:103</div>"
"Total","185.0","loop fusion","loop_gather_fusion.5","98.0","199.327","2.0339489795918366","199.327","2.0339489795918366","7.527862247723243e-05","0.20786182670346876","1.5482197594906861","1.5482197594906861","0.06410444005942177","0.06410444005942177","0.0","22.492857142857144","22.492857142857144","0.0","22.492857142857144","HBM","199.327","7.527862247723242e-05","34980.891428571435","4.425901388625399e-05","4.964320195947016e-06","4.425901388625399e-05","False","5","<div class='source-info-cell' title='/home/user/git/DISCO-EB/src/discoeb/ode_integrators_stiff.py:189:13
/home/user/git/DISCO-EB/.venv/lib/python3.12/site-packages/equinox/_module/_prebuilt.py:34:15
/home/user/git/DISCO-EB/.venv/lib/python3.12/site-packages/diffrax/_integrate.py:356:64
/home/user/git/DISCO-EB/.venv/lib/python3.12/site-packages/equinox/_eval_shape.py:33:15
/home/user/git/DISCO-EB/.venv/lib/python3.12/site-packages/equinox/_eval_shape.py:38:30
/home/user/git/DISCO-EB/.venv/lib/python3.12/site-packages/diffrax/_integrate.py:655:36
/home/user/git/DISCO-EB/.venv/lib/python3.12/site-packages/diffrax/_adjoint.py:911:22
/home/user/git/DISCO-EB/.venv/lib/python3.12/site-packages/equinox/_module/_prebuilt.py:34:15
/home/user/git/DISCO-EB/.venv/lib/python3.12/site-packages/diffrax/_integrate.py:1435:29
/home/user/git/DISCO-EB/.venv/lib/python3.12/site-packages/equinox/_jit.py:55:14
'>/home/user/git/DISCO-EB/src/discoeb/ode_integrators_stiff.py:189</div>"
"Total","186.0","loop fusion","loop_select_fusion.22","30.0","189.887","6.329566666666667","189.887","6.329566666666667","7.171347477428664e-05","0.20793354017824303","0.7109491434379394","0.7109491434379394","0.0023542150637770338","0.0023542150637770338","0.0","281.25","281.25","0.0","281.25","Compute","189.887","7.171347477428664e-05","311869.44","2.2796370924895347e-06","2.2796370924895347e-06","1.6253981331457232e-06","False","5","<div class='source-info-cell' title='/home/user/git/DISCO-EB/src/discoeb/spline_interpolation.py:34:17
/home/user/git/DISCO-EB/src/discoeb/spline_interpolation.py:39:40
/home/user/git/DISCO-EB/src/discoeb/spline_interpolation.py:39:15
/home/user/git/DISCO-EB/src/discoeb/background.py:166:43
/home/user/git/DISCO-EB/src/discoeb/background.py:233:12
/home/user/git/DISCO-EB/scripts/profile_background.py:38:0
'>/home/user/git/DISCO-EB/src/discoeb/spline_interpolation.py:34</div>"
"Total","187.0","input fusion","input_concatenate_fusion","105.0","162.112","1.5439238095238095","162.112","1.5439238095238095","6.122385851906216e-05","0.2079947640367621","0.27656805171733123","0.27656805171733123","0.038605949599141424","0.038605949599141424","0.0","6.671875","6.671875","0.0","6.671875","HBM","162.112","6.122385851906215e-05","10376.100000000002","2.665433560946128e-05","8.868071578841813e-07","2.665433560946128e-05","False","5","<div class='source-info-cell' title='/home/user/git/DISCO-EB/src/discoeb/thermodynamics_recfast.py:440:14
/home/user/git/DISCO-EB/src/discoeb/thermodynamics_recfast.py:452:12
/home/user/git/DISCO-EB/src/discoeb/thermodynamics_recfast.py:461:11
/home/user/git/DISCO-EB/src/discoeb/background.py:237:82
/home/user/git/DISCO-EB/scripts/profile_background.py:38:0
'>/home/user/git/DISCO-EB/src/discoeb/thermodynamics_recfast.py:440</div>"
"Total","188.0","loop fusion","loop_select_fusion.20","98.0","161.923","1.6522755102040816","161.923","1.6522755102040816","6.115248003221293e-05","0.2080559165167943","0.018156778221747372","0.018156778221747372","0.08342176603832006","0.08342176603832006","0.0","0.20270270270270271","0.20270270270270271","0.0","0.20270270270270271","HBM","161.923","6.115248003221293e-05","315.2432432432432","5.759609003812181e-05","5.8219164473913736e-08","5.759609003812181e-05","False","5","<div class='source-info-cell' title='/home/user/git/DISCO-EB/src/discoeb/ode_integrators_stiff.py:185:21
/home/user/git/DISCO-EB/.venv/lib/python3.12/site-packages/equinox/_module/_prebuilt.py:34:15
/home/user/git/DISCO-EB/.venv/lib/python3.12/site-packages/diffrax/_integrate.py:356:64
/home/user/git/DISCO-EB/.venv/lib/python3.12/site-packages/equinox/_eval_shape.py:33:15
/home/user/git/DISCO-EB/.venv/lib/python3.12/site-packages/equinox/_eval_shape.py:38:30
/home/user/git/DISCO-EB/.venv/lib/python3.12/site-packages/diffrax/_integrate.py:655:36
/home/user/git/DISCO-EB/.venv/lib/python3.12/site-packages/diffrax/_adjoint.py:911:22
/home/user/git/DISCO-EB/.venv/lib/python3.12/site-packages/equinox/_module/_prebuilt.py:34:15
/home/user/git/DISCO-EB/.venv/lib/python3.12/site-packages/diffrax/_integrate.py:1435:29
/home/user/git/DISCO-EB/.venv/lib/python3.12/site-packages/equinox/_jit.py:55:14
'>/home/user/git/DISCO-EB/src/discoeb/ode_integrators_stiff.py:185</div>"
"Total","189.0","data formatting","copy.75","98.0","151.044","1.541265306122449","151.044","1.541265306122449","5.704387390293887e-05","0.20811296039069724","0.0","0.0","0.029004405279198186","0.029004405279198186","0.0","0.0","0.0","0.0","0.0","HBM","151.044","5.704387390293886e-05","0.0","2.0025233428833262e-05","0.0","2.0025233428833262e-05","False","5",""
"Total","190.0","loop fusion","loop_add_fusion.38","98.0","151.042","1.5412448979591837","151.042","1.5412448979591837","5.70431185750357e-05","0.20817000350927228","0.0019464784629440817","0.0019464784629440817","0.009668263112227527","0.009668263112227527","0.0","0.1875","0.1875","0.0","0.1875","HBM","151.042","5.704311857503569e-05","291.6","6.675166196653229e-06","6.2413247766247366e-09","6.675166196653229e-06","False","5","<div class='source-info-cell' title='/home/user/git/DISCO-EB/.venv/lib/python3.12/site-packages/equinox/internal/_loop/loop.py:103:29
/home/user/git/DISCO-EB/.venv/lib/python3.12/site-packages/equinox/_module/_prebuilt.py:82:15
/home/user/git/DISCO-EB/.venv/lib/python3.12/site-packages/diffrax/_integrate.py:674:18
/home/user/git/DISCO-EB/.venv/lib/python3.12/site-packages/diffrax/_adjoint.py:911:22
/home/user/git/DISCO-EB/.venv/lib/python3.12/site-packages/equinox/_module/_prebuilt.py:34:15
/home/user/git/DISCO-EB/.venv/lib/python3.12/site-packages/diffrax/_integrate.py:1435:29
/home/user/git/DISCO-EB/.venv/lib/python3.12/site-packages/equinox/_jit.py:55:14
/home/user/git/DISCO-EB/.venv/lib/python3.12/site-packages/equinox/_jit.py:263:37
/home/user/git/DISCO-EB/.venv/lib/python3.12/site-packages/equinox/_jit.py:209:19
/home/user/git/DISCO-EB/src/discoeb/thermodynamics_recfast.py:284:7
'>/home/user/git/DISCO-EB/.venv/lib/python3.12/site-packages/equinox/internal/_loop/loop.py:103</div>"
"Total","191.0","loop fusion","loop_add_fusion.34","98.0","147.456","1.5046530612244897","147.456","1.5046530612244897","5.568881564465819e-05","0.20822569232491694","0.0059814453125","0.0059814453125","0.014855080128957827","0.014855080128957827","0.0","0.375","0.375","0.0","0.375","HBM","147.456","5.568881564465819e-05","583.2","1.0256250535836761e-05","1.9179324888325062e-08","1.0256250535836761e-05","False","5","<div class='source-info-cell' title='/home/user/git/DISCO-EB/src/discoeb/ode_integrators_stiff.py:185:21
/home/user/git/DISCO-EB/.venv/lib/python3.12/site-packages/equinox/_module/_prebuilt.py:34:15
/home/user/git/DISCO-EB/.venv/lib/python3.12/site-packages/diffrax/_integrate.py:356:64
/home/user/git/DISCO-EB/.venv/lib/python3.12/site-packages/equinox/_eval_shape.py:33:15
/home/user/git/DISCO-EB/.venv/lib/python3.12/site-packages/equinox/_eval_shape.py:38:30
/home/user/git/DISCO-EB/.venv/lib/python3.12/site-packages/diffrax/_integrate.py:655:36
/home/user/git/DISCO-EB/.venv/lib/python3.12/site-packages/diffrax/_adjoint.py:911:22
/home/user/git/DISCO-EB/.venv/lib/python3.12/site-packages/equinox/_module/_prebuilt.py:34:15
/home/user/git/DISCO-EB/.venv/lib/python3.12/site-packages/diffrax/_integrate.py:1435:29
/home/user/git/DISCO-EB/.venv/lib/python3.12/site-packages/equinox/_jit.py:55:14
'>/home/user/git/DISCO-EB/src/discoeb/ode_integrators_stiff.py:185</div>"
"Total","192.0","loop fusion","loop_concatenate_fusion","12.0","66.209","5.517416666666667","66.209","5.517416666666667","2.500475257037472e-05","0.2082506970774873","9.623344258333459","9.623344258333459","0.016204497967905136","0.016204497967905136","0.0","553.0833333333334","553.0833333333334","0.0","553.0833333333334","Compute","66.209","2.5004752570374718e-05","311869.44","3.0856964562906385e-05","3.0856964562906385e-05","1.1187916155518746e-05","False","5","<div class='source-info-cell' title='/home/user/git/DISCO-EB/src/discoeb/thermodynamics_recfast.py:440:14
/home/user/git/DISCO-EB/src/discoeb/thermodynamics_recfast.py:452:12
/home/user/git/DISCO-EB/src/discoeb/thermodynamics_recfast.py:461:11
/home/user/git/DISCO-EB/src/discoeb/background.py:237:82
/home/user/git/DISCO-EB/scripts/profile_background.py:38:0
'>/home/user/git/DISCO-EB/src/discoeb/thermodynamics_recfast.py:440</div>"
"Total","193.0","conditional","cond.17.clone","30.0","56.704","1.8901333333333334","56.704","1.8901333333333334","2.1415056710576025e-05","0.20827211213419788","325316451638500.8","325316451638500.8","0.01182548415849225","0.00394182805283075","0.0","2.5620477880152156e+16","7.686143364045646e+16","0.0","2.5620477880152156e+16","Compute","56.704","2.1415056710576025e-05","311869.44","1043117439.2672164","1043117439.2672164","2.7215185463868686e-06","False","5","<div class='source-info-cell' title='/home/user/git/DISCO-EB/.venv/lib/python3.12/site-packages/equinox/_ad.py:819:15
/home/user/git/DISCO-EB/.venv/lib/python3.12/site-packages/equinox/_errors.py:342:16
/home/user/git/DISCO-EB/.venv/lib/python3.12/site-packages/equinox/_jit.py:55:14
/home/user/git/DISCO-EB/.venv/lib/python3.12/site-packages/equinox/_jit.py:263:37
/home/user/git/DISCO-EB/.venv/lib/python3.12/site-packages/equinox/_jit.py:209:19
/home/user/git/DISCO-EB/.venv/lib/python3.12/site-packages/equinox/_errors.py:271:15
/home/user/git/DISCO-EB/.venv/lib/python3.12/site-packages/equinox/_errors.py:250:11
/home/user/git/DISCO-EB/.venv/lib/python3.12/site-packages/diffrax/_integrate.py:1034:14
/home/user/git/DISCO-EB/.venv/lib/python3.12/site-packages/equinox/_jit.py:55:14
/home/user/git/DISCO-EB/.venv/lib/python3.12/site-packages/equinox/_jit.py:263:37
'>/home/user/git/DISCO-EB/.venv/lib/python3.12/site-packages/equinox/_ad.py:819</div>"
"Total","194.0","loop fusion","loop_abs_compare_fusion.1","30.0","52.417","1.7472333333333334","52.417","1.7472333333333334","1.979601135013868e-05","0.20829190814554802","0.16998302077570254","0.16998302077570254","0.013325675467150138","0.013325675467150138","0.0","11.88","11.88","0.0","11.88","HBM","52.417","1.9796011350138675e-05","18475.776","9.200318339846864e-06","5.45045454840662e-07","9.200318339846864e-06","False","5","<div class='source-info-cell' title='/home/user/git/DISCO-EB/.venv/lib/python3.12/site-packages/diffrax/_integrate.py:1033:19
/home/user/git/DISCO-EB/.venv/lib/python3.12/site-packages/equinox/_jit.py:55:14
/home/user/git/DISCO-EB/.venv/lib/python3.12/site-packages/equinox/_jit.py:263:37
/home/user/git/DISCO-EB/.venv/lib/python3.12/site-packages/equinox/_jit.py:209:19
/home/user/git/DISCO-EB/src/discoeb/thermodynamics_recfast.py:284:7
/home/user/git/DISCO-EB/src/discoeb/thermodynamics_recfast.py:432:14
/home/user/git/DISCO-EB/src/discoeb/thermodynamics_recfast.py:446:16
/home/user/git/DISCO-EB/src/discoeb/thermodynamics_recfast.py:443:14
/home/user/git/DISCO-EB/src/discoeb/thermodynamics_recfast.py:440:14
/home/user/git/DISCO-EB/src/discoeb/thermodynamics_recfast.py:452:12
'>/home/user/git/DISCO-EB/.venv/lib/python3.12/site-packages/diffrax/_integrate.py:1033</div>"
"Total","195.0","loop fusion","loop_minimum_multiply_select_fusion.1","30.0","50.558","1.6852666666666667","50.558","1.6852666666666667","1.9093934064145436e-05","0.20831100207961217","0.23735116104276277","0.23735116104276277","0.030947069214644643","0.030947069214644643","0.0","7.142857142857143","7.142857142857143","0.0","7.142857142857143","HBM","50.558","1.9093934064145432e-05","11108.57142857143","2.1366488262594383e-05","7.610593748549482e-07","2.1366488262594383e-05","False","5","<div class='source-info-cell' title='/home/user/git/DISCO-EB/.venv/lib/python3.12/site-packages/diffrax/_integrate.py:1254:12
/home/user/git/DISCO-EB/.venv/lib/python3.12/site-packages/equinox/_jit.py:55:14
/home/user/git/DISCO-EB/.venv/lib/python3.12/site-packages/equinox/_jit.py:263:37
/home/user/git/DISCO-EB/.venv/lib/python3.12/site-packages/equinox/_jit.py:209:19
/home/user/git/DISCO-EB/src/discoeb/thermodynamics_recfast.py:284:7
/home/user/git/DISCO-EB/src/discoeb/thermodynamics_recfast.py:432:14
/home/user/git/DISCO-EB/src/discoeb/thermodynamics_recfast.py:446:16
/home/user/git/DISCO-EB/src/discoeb/thermodynamics_recfast.py:443:14
/home/user/git/DISCO-EB/src/discoeb/thermodynamics_recfast.py:440:14
/home/user/git/DISCO-EB/src/discoeb/thermodynamics_recfast.py:452:12
'>/home/user/git/DISCO-EB/.venv/lib/python3.12/site-packages/diffrax/_integrate.py:1254</div>"
"Total","196.0","data formatting","copy.65","30.0","46.496","1.5498666666666667","46.496","1.5498666666666667","1.7559863092814316e-05","0.208328561942705","0.0","0.0","0.009614479435121939","0.009614479435121939","0.0","0.0","0.0","0.0","0.0","HBM","46.496","1.7559863092814313e-05","0.0","6.638032848172788e-06","0.0","6.638032848172788e-06","False","5",""
"Total","197.0","loop fusion","wrapped_slice.5","30.0","46.338","1.5446","46.338","1.5446","1.7500192188464164e-05","0.20834606213489346","0.0","0.0","0.02894178659947104","0.02894178659947104","0.0","0.0","0.0","0.0","0.0","HBM","46.338","1.750019218846416e-05","0.0","1.9982000214207042e-05","0.0","1.9982000214207042e-05","False","5","<div class='source-info-cell' title='/home/user/git/DISCO-EB/src/discoeb/thermodynamics_recfast.py:440:14
/home/user/git/DISCO-EB/src/discoeb/thermodynamics_recfast.py:452:12
/home/user/git/DISCO-EB/src/discoeb/thermodynamics_recfast.py:461:11
/home/user/git/DISCO-EB/src/discoeb/background.py:237:82
/home/user/git/DISCO-EB/scripts/profile_background.py:38:0
'>/home/user/git/DISCO-EB/src/discoeb/thermodynamics_recfast.py:440</div>"
"Total","198.0","data formatting","copy.615","30.0","44.0","1.4666666666666666","44.0","1.4666666666666666","1.6617213869662547e-05","0.20836267934876312","0.0","0.0","0.010159882632168857","0.010159882632168857","0.0","0.0","0.0","0.0","0.0","HBM","44.0","1.6617213869662547e-05","0.0","7.014590347923682e-06","0.0","7.014590347923682e-06","False","5",""
"Total","199.0","loop fusion","loop_select_fusion.5","11.0","24.385","2.216818181818182","24.385","2.216818181818182","9.209335459357301e-06","0.2083718886842225","41.57309821611646","41.57309821611646","13.766387507689153","13.766387507689153","0.0","2.8125","2.8125","0.0","2.8125","HBM","24.385","9.2093354593573e-06","4374.0","0.00950459492823879","0.00013330289180022405","0.00950459492823879","False","5","<div class='source-info-cell' title='/home/user/git/DISCO-EB/src/discoeb/spline_interpolation.py:141:27
/home/user/git/DISCO-EB/src/discoeb/spline_interpolation.py:156:14
/home/user/git/DISCO-EB/src/discoeb/background.py:311:21
/home/user/git/DISCO-EB/scripts/profile_background.py:38:0
'>/home/user/git/DISCO-EB/src/discoeb/spline_interpolation.py:141</div>"
"Total","200.0","data formatting","copy.343","11.0","21.793","1.9811818181818182","21.793","1.9811818181818182","8.230430496853544e-06","0.20838011911471935","0.0","0.0","3.8509310257307394","3.8509310257307394","0.0","0.0","0.0","0.0","0.0","HBM","21.793","8.230430496853542e-06","0.0","0.002658761383530295","0.0","0.002658761383530295","False","5",""
"Total","201.0","data formatting","copy.344","11.0","21.507","1.9551818181818184","21.507","1.9551818181818184","8.122418606700738e-06","0.20838824153332605","0.0","0.0","3.9021406911121956","3.9021406911121956","0.0","0.0","0.0","0.0","0.0","HBM","21.507","8.122418606700736e-06","0.0","0.0026941175817768964","0.0","0.0026941175817768964","False","5",""
"Total","202.0","loop fusion","loop_select_fusion.4","11.0","19.424","1.7658181818181817","19.424","1.7658181818181817","7.335744595552848e-06","0.2083955772779216","0.050967874794069196","0.050967874794069196","0.01687734484476155","0.01687734484476155","0.0","2.8125","2.8125","0.0","2.8125","HBM","19.424","7.335744595552848e-06","4374.000000000001","1.1652463373129671e-05","1.634269609554216e-07","1.1652463373129671e-05","False","5","<div class='source-info-cell' title='/home/user/git/DISCO-EB/src/discoeb/spline_interpolation.py:141:27
/home/user/git/DISCO-EB/src/discoeb/spline_interpolation.py:156:14
/home/user/git/DISCO-EB/src/discoeb/background.py:311:21
/home/user/git/DISCO-EB/scripts/profile_background.py:38:0
'>/home/user/git/DISCO-EB/src/discoeb/spline_interpolation.py:141</div>"
"Total","203.0","loop fusion","loop_select_fusion.7","11.0","19.042","1.7310909090909092","19.042","1.7310909090909092","7.1914769660480515e-06","0.20840276875488764","0.03985925848125197","0.03985925848125197","0.012911939906442932","0.012911939906442932","0.0","2.875","2.875","0.0","2.875","HBM","19.042","7.191476966048051e-06","4471.200000000001","8.914666863761846e-06","1.2780751612358033e-07","8.914666863761846e-06","False","5","<div class='source-info-cell' title='/home/user/git/DISCO-EB/src/discoeb/spline_interpolation.py:141:27
/home/user/git/DISCO-EB/src/discoeb/spline_interpolation.py:156:14
/home/user/git/DISCO-EB/src/discoeb/background.py:311:21
/home/user/git/DISCO-EB/scripts/profile_background.py:38:0
'>/home/user/git/DISCO-EB/src/discoeb/spline_interpolation.py:141</div>"
"Total","204.0","loop fusion","loop_select_fusion.6","11.0","18.688","1.6989090909090907","18.688","1.6989090909090907","7.057783927187583e-06","0.20840982653881482","0.04061429794520548","0.04061429794520548","0.013156526096879617","0.013156526096879617","0.0","2.875","2.875","0.0","2.875","HBM","18.688","7.057783927187583e-06","4471.200000000001","9.083534162015895e-06","1.3022852750563018e-07","9.083534162015895e-06","False","5","<div class='source-info-cell' title='/home/user/git/DISCO-EB/src/discoeb/spline_interpolation.py:141:27
/home/user/git/DISCO-EB/src/discoeb/spline_interpolation.py:156:14
/home/user/git/DISCO-EB/src/discoeb/background.py:311:21
/home/user/git/DISCO-EB/scripts/profile_background.py:38:0
'>/home/user/git/DISCO-EB/src/discoeb/spline_interpolation.py:141</div>"
"Total","205.0","data formatting","copy.386","11.0","17.248","1.568","17.248","1.568","6.513947836907719e-06","0.20841634048665172","0.0","0.0","0.004751645788854481","0.004751645788854481","0.0","0.0","0.0","0.0","0.0","HBM","17.248","6.5139478369077185e-06","0.0","3.2806332409507007e-06","0.0","3.2806332409507007e-06","False","5",""
"Total","206.0","data formatting","copy.394","11.0","17.248","1.568","17.248","1.568","6.513947836907719e-06","0.20842285443448863","0.0","0.0","0.004751645788854481","0.004751645788854481","0.0","0.0","0.0","0.0","0.0","HBM","17.248","6.5139478369077185e-06","0.0","3.2806332409507007e-06","0.0","3.2806332409507007e-06","False","5",""
"Total","207.0","data formatting","copy.502","11.0","17.154","1.5594545454545454","17.154","1.5594545454545454","6.4784474254588946e-06","0.2084293328819141","0.0","0.0","0.004777683721940195","0.004777683721940195","0.0","0.0","0.0","0.0","0.0","HBM","17.154","6.478447425458894e-06","0.0","3.2986103614269375e-06","0.0","3.2986103614269375e-06","False","5",""
"Total","208.0","data formatting","copy.395","11.0","17.151","1.5591818181818182","17.151","1.5591818181818182","6.4773144336041445e-06","0.2084358101963477","0.0","0.0","0.00477851941963513","0.00477851941963513","0.0","0.0","0.0","0.0","0.0","HBM","17.151","6.4773144336041445e-06","0.0","3.2991873441733833e-06","0.0","3.2991873441733833e-06","False","5",""
"Total","209.0","data formatting","copy.503","11.0","17.119","1.5562727272727273","17.119","1.5562727272727273","6.465229187153481e-06","0.20844227542553484","0.0","0.0","0.004787451753382914","0.004787451753382914","0.0","0.0","0.0","0.0","0.0","HBM","17.119","6.46522918715348e-06","0.0","3.305354409715386e-06","0.0","3.305354409715386e-06","False","5",""
"Total","210.0","data formatting","copy.385","11.0","16.991","1.5446363636363636","16.991","1.5446363636363636","6.416888201350826e-06","0.2084486923137362","0.0","0.0","0.004823517542590907","0.004823517542590907","0.0","0.0","0.0","0.0","0.0","HBM","16.991","6.416888201350826e-06","0.0","3.330254966742257e-06","0.0","3.330254966742257e-06","False","5",""
"Total","211.0","loop fusion","loop_add_fusion.5","11.0","16.517","1.5015454545454545","16.517","1.5015454545454545","6.237875488300371e-06","0.2084549301892245","0.0019979415148029304","0.0019979415148029304","0.00992388285598621","0.00992388285598621","0.0","0.1875","0.1875","0.0","0.1875","HBM","16.517","6.23787548830037e-06","291.6","6.851651285332408e-06","6.406339507977859e-09","6.851651285332408e-06","False","5","<div class='source-info-cell' title='/home/user/git/DISCO-EB/src/discoeb/spline_interpolation.py:141:27
/home/user/git/DISCO-EB/src/discoeb/spline_interpolation.py:156:14
/home/user/git/DISCO-EB/src/discoeb/background.py:313:59
/home/user/git/DISCO-EB/scripts/profile_background.py:38:0
'>/home/user/git/DISCO-EB/src/discoeb/spline_interpolation.py:141</div>"
"Total","212.0","loop fusion","loop_add_fusion.6","11.0","16.511","1.501","16.511","1.501","6.235609504590871e-06","0.2084611657987291","0.001998667554963358","0.001998667554963358","0.009927489136474121","0.009927489136474121","0.0","0.1875","0.1875","0.0","0.1875","HBM","16.511","6.2356095045908705e-06","291.6","6.854141134990938e-06","6.408667533963436e-09","6.854141134990938e-06","False","5","<div class='source-info-cell' title='/home/user/git/DISCO-EB/src/discoeb/spline_interpolation.py:141:27
/home/user/git/DISCO-EB/src/discoeb/spline_interpolation.py:156:14
/home/user/git/DISCO-EB/src/discoeb/background.py:311:21
/home/user/git/DISCO-EB/scripts/profile_background.py:38:0
'>/home/user/git/DISCO-EB/src/discoeb/spline_interpolation.py:141</div>"
"Total","213.0","loop fusion","loop_add_fusion.4","11.0","16.099","1.4635454545454545","16.099","1.4635454545454545","6.0800119565385766e-06","0.20846724581068563","0.0020498167588048947","0.0020498167588048947","0.010181549980267358","0.010181549980267358","0.0","0.1875","0.1875","0.0","0.1875","HBM","16.099","6.080011956538576e-06","291.6","7.029549927314453e-06","6.572675921067786e-09","7.029549927314453e-06","False","5","<div class='source-info-cell' title='/home/user/git/DISCO-EB/src/discoeb/spline_interpolation.py:141:27
/home/user/git/DISCO-EB/src/discoeb/spline_interpolation.py:183:14
/home/user/git/DISCO-EB/src/discoeb/background.py:323:26
/home/user/git/DISCO-EB/scripts/profile_background.py:38:0
'>/home/user/git/DISCO-EB/src/discoeb/spline_interpolation.py:141</div>"
"Total","214.0","loop fusion","loop_add_fusion.7","11.0","15.392","1.3992727272727272","15.392","1.3992727272727272","5.813003542769226e-06","0.2084730588142284","0.002143970893970894","0.002143970893970894","0.010649218628659318","0.010649218628659318","0.0","0.1875","0.1875","0.0","0.1875","HBM","15.392","5.813003542769226e-06","291.6","7.3524379079934634e-06","6.874578329864234e-09","7.3524379079934634e-06","False","5","<div class='source-info-cell' title='/home/user/git/DISCO-EB/src/discoeb/spline_interpolation.py:141:27
/home/user/git/DISCO-EB/src/discoeb/spline_interpolation.py:156:14
/home/user/git/DISCO-EB/src/discoeb/background.py:311:21
/home/user/git/DISCO-EB/scripts/profile_background.py:38:0
'>/home/user/git/DISCO-EB/src/discoeb/spline_interpolation.py:141</div>"
"Total","215.0","loop fusion","loop_add_divide_fusion.1","6.0","14.561","2.426833333333333","14.561","2.426833333333333","5.499164799003554e-06","0.2084785579790274","3.2239543987363506","3.2239543987363506","0.015350416723282386","0.015350416723282386","0.0","195.6","195.6","0.0","195.6","HBM","14.561","5.499164799003553e-06","304197.12000000005","1.0598241031132544e-05","1.0337513027042184e-05","1.0598241031132544e-05","False","5","<div class='source-info-cell' title='/home/user/git/DISCO-EB/.venv/lib/python3.12/site-packages/jax_cosmo/scipy/integrate.py:65:11
/home/user/git/DISCO-EB/.venv/lib/python3.12/site-packages/jax_cosmo/scipy/integrate.py:142:12
/home/user/git/DISCO-EB/.venv/lib/python3.12/site-packages/jax_cosmo/scipy/integrate.py:150:23
/home/user/git/DISCO-EB/src/discoeb/background.py:183:8
/home/user/git/DISCO-EB/src/discoeb/background.py:233:12
/home/user/git/DISCO-EB/scripts/profile_background.py:38:0
'>/home/user/git/DISCO-EB/.venv/lib/python3.12/site-packages/jax_cosmo/scipy/integrate.py:65</div>"
"Total","216.0","loop fusion","loop_add_divide_fusion.3","6.0","14.464","2.4106666666666667","14.464","2.4106666666666667","5.46253139569998e-06","0.20848402051042308","3.245575221238938","3.245575221238938","0.015453361304460374","0.015453361304460374","0.0","195.6","195.6","0.0","195.6","HBM","14.464","5.462531395699979e-06","304197.12","1.0669316071233475e-05","1.0406839545544885e-05","1.0669316071233475e-05","False","5","<div class='source-info-cell' title='/home/user/git/DISCO-EB/.venv/lib/python3.12/site-packages/jax_cosmo/scipy/integrate.py:65:11
/home/user/git/DISCO-EB/.venv/lib/python3.12/site-packages/jax_cosmo/scipy/integrate.py:142:12
/home/user/git/DISCO-EB/.venv/lib/python3.12/site-packages/jax_cosmo/scipy/integrate.py:150:23
/home/user/git/DISCO-EB/src/discoeb/background.py:183:8
/home/user/git/DISCO-EB/src/discoeb/background.py:233:12
/home/user/git/DISCO-EB/scripts/profile_background.py:38:0
'>/home/user/git/DISCO-EB/.venv/lib/python3.12/site-packages/jax_cosmo/scipy/integrate.py:65</div>"
"Total","217.0","loop fusion","loop_add_divide_fusion","6.0","14.433","2.4055","14.433","2.4055","5.450823813200899e-06","0.2084894713342363","3.2525462481812513","3.2525462481812513","0.015486552893211034","0.015486552893211034","0.0","195.6","195.6","0.0","195.6","HBM","14.433","5.450823813200899e-06","304197.12","1.0692232221597797e-05","1.0429191934231361e-05","1.0692232221597797e-05","False","5","<div class='source-info-cell' title='/home/user/git/DISCO-EB/.venv/lib/python3.12/site-packages/jax_cosmo/scipy/integrate.py:65:11
/home/user/git/DISCO-EB/.venv/lib/python3.12/site-packages/jax_cosmo/scipy/integrate.py:142:12
/home/user/git/DISCO-EB/.venv/lib/python3.12/site-packages/jax_cosmo/scipy/integrate.py:150:23
/home/user/git/DISCO-EB/src/discoeb/background.py:183:8
/home/user/git/DISCO-EB/src/discoeb/background.py:233:12
/home/user/git/DISCO-EB/scripts/profile_background.py:38:0
'>/home/user/git/DISCO-EB/.venv/lib/python3.12/site-packages/jax_cosmo/scipy/integrate.py:65</div>"
"Total","218.0","loop fusion","loop_add_divide_fusion.5","6.0","14.368","2.3946666666666667","14.368","2.3946666666666667","5.426275656347989e-06","0.20849489760989265","3.267260579064588","3.267260579064588","0.015556613161728483","0.015556613161728483","0.0","195.6","195.6","0.0","195.6","HBM","14.368","5.426275656347988e-06","304197.12","1.0740603261019e-05","1.047637299462425e-05","1.0740603261019e-05","False","5","<div class='source-info-cell' title='/home/user/git/DISCO-EB/.venv/lib/python3.12/site-packages/jax_cosmo/scipy/integrate.py:65:11
/home/user/git/DISCO-EB/.venv/lib/python3.12/site-packages/jax_cosmo/scipy/integrate.py:142:12
/home/user/git/DISCO-EB/.venv/lib/python3.12/site-packages/jax_cosmo/scipy/integrate.py:150:23
/home/user/git/DISCO-EB/src/discoeb/background.py:183:8
/home/user/git/DISCO-EB/src/discoeb/background.py:233:12
/home/user/git/DISCO-EB/scripts/profile_background.py:38:0
'>/home/user/git/DISCO-EB/.venv/lib/python3.12/site-packages/jax_cosmo/scipy/integrate.py:65</div>"
"Total","219.0","loop fusion","loop_add_divide_fusion.2","6.0","14.272","2.3786666666666667","14.272","2.3786666666666667","5.390019916995998e-06","0.20850028762980966","3.289237668161435","3.289237668161435","0.015661254057435174","0.015661254057435174","0.0","195.6","195.6","0.0","195.6","HBM","14.272","5.390019916995997e-06","304197.12000000005","1.081284947129491e-05","1.0546841871269705e-05","1.081284947129491e-05","False","5","<div class='source-info-cell' title='/home/user/git/DISCO-EB/.venv/lib/python3.12/site-packages/jax_cosmo/scipy/integrate.py:65:11
/home/user/git/DISCO-EB/.venv/lib/python3.12/site-packages/jax_cosmo/scipy/integrate.py:142:12
/home/user/git/DISCO-EB/.venv/lib/python3.12/site-packages/jax_cosmo/scipy/integrate.py:150:23
/home/user/git/DISCO-EB/src/discoeb/background.py:183:8
/home/user/git/DISCO-EB/src/discoeb/background.py:233:12
/home/user/git/DISCO-EB/scripts/profile_background.py:38:0
'>/home/user/git/DISCO-EB/.venv/lib/python3.12/site-packages/jax_cosmo/scipy/integrate.py:65</div>"
"Total","220.0","loop fusion","loop_add_divide_fusion.4","6.0","14.208","2.368","14.208","2.368","5.36584942409467e-06","0.20850565347923375","3.304054054054054","3.304054054054054","0.015731800246883084","0.015731800246883084","0.0","195.6","195.6","0.0","195.6","HBM","14.208","5.3658494240946696e-06","304197.12","1.086155600044489e-05","1.0594350167987136e-05","1.086155600044489e-05","False","5","<div class='source-info-cell' title='/home/user/git/DISCO-EB/.venv/lib/python3.12/site-packages/jax_cosmo/scipy/integrate.py:65:11
/home/user/git/DISCO-EB/.venv/lib/python3.12/site-packages/jax_cosmo/scipy/integrate.py:142:12
/home/user/git/DISCO-EB/.venv/lib/python3.12/site-packages/jax_cosmo/scipy/integrate.py:150:23
/home/user/git/DISCO-EB/src/discoeb/background.py:183:8
/home/user/git/DISCO-EB/src/discoeb/background.py:233:12
/home/user/git/DISCO-EB/scripts/profile_background.py:38:0
'>/home/user/git/DISCO-EB/.venv/lib/python3.12/site-packages/jax_cosmo/scipy/integrate.py:65</div>"
"Total","221.0","loop fusion","loop_divide_fusion.20","6.0","13.121","2.1868333333333334","13.121","2.1868333333333334","4.955328708723689e-06","0.20851060880794248","1033.8817163325966","1033.8817163325966","10.462952372450152","10.462952372450152","0.0","92.02731195050472","92.02731195050472","0.0","92.02731195050472","HBM","13.121","4.955328708723688e-06","143120.87554542496","0.007223835882728751","0.003315110696106026","0.007223835882728751","False","5","<div class='source-info-cell' title='/home/user/git/DISCO-EB/.venv/lib/python3.12/site-packages/jax_cosmo/scipy/integrate.py:65:11
/home/user/git/DISCO-EB/.venv/lib/python3.12/site-packages/jax_cosmo/scipy/integrate.py:142:12
/home/user/git/DISCO-EB/.venv/lib/python3.12/site-packages/jax_cosmo/scipy/integrate.py:150:23
/home/user/git/DISCO-EB/src/discoeb/thermodynamics_recfast.py:488:45
/home/user/git/DISCO-EB/src/discoeb/thermodynamics_recfast.py:488:21
/home/user/git/DISCO-EB/src/discoeb/background.py:237:82
/home/user/git/DISCO-EB/scripts/profile_background.py:38:0
'>/home/user/git/DISCO-EB/.venv/lib/python3.12/site-packages/jax_cosmo/scipy/integrate.py:65</div>"
"Total","222.0","loop fusion","loop_divide_fusion","6.0","13.12","2.1866666666666665","13.12","2.1866666666666665","4.954951044772105e-06","0.20851556375898725","1033.960518292683","1033.960518292683","10.463749853576102","10.463749853576102","0.0","92.02731195050472","92.02731195050472","0.0","92.02731195050472","HBM","13.12","4.954951044772105e-06","143120.87554542496","0.007224386479975911","0.0033153633722261566","0.007224386479975911","False","5","<div class='source-info-cell' title='/home/user/git/DISCO-EB/.venv/lib/python3.12/site-packages/jax_cosmo/scipy/integrate.py:65:11
/home/user/git/DISCO-EB/.venv/lib/python3.12/site-packages/jax_cosmo/scipy/integrate.py:142:12
/home/user/git/DISCO-EB/.venv/lib/python3.12/site-packages/jax_cosmo/scipy/integrate.py:150:23
/home/user/git/DISCO-EB/src/discoeb/thermodynamics_recfast.py:488:45
/home/user/git/DISCO-EB/src/discoeb/thermodynamics_recfast.py:488:21
/home/user/git/DISCO-EB/src/discoeb/background.py:237:82
/home/user/git/DISCO-EB/scripts/profile_background.py:38:0
'>/home/user/git/DISCO-EB/.venv/lib/python3.12/site-packages/jax_cosmo/scipy/integrate.py:65</div>"
"Total","223.0","loop fusion","loop_divide_fusion.21","6.0","13.12","2.1866666666666665","13.12","2.1866666666666665","4.954951044772105e-06","0.20852051871003202","1033.960518292683","1033.960518292683","10.463749853576102","10.463749853576102","0.0","92.02731195050472","92.02731195050472","0.0","92.02731195050472","HBM","13.12","4.954951044772105e-06","143120.87554542496","0.007224386479975911","0.0033153633722261566","0.007224386479975911","False","5","<div class='source-info-cell' title='/home/user/git/DISCO-EB/.venv/lib/python3.12/site-packages/jax_cosmo/scipy/integrate.py:65:11
/home/user/git/DISCO-EB/.venv/lib/python3.12/site-packages/jax_cosmo/scipy/integrate.py:142:12
/home/user/git/DISCO-EB/.venv/lib/python3.12/site-packages/jax_cosmo/scipy/integrate.py:150:23
/home/user/git/DISCO-EB/src/discoeb/thermodynamics_recfast.py:488:45
/home/user/git/DISCO-EB/src/discoeb/thermodynamics_recfast.py:488:21
/home/user/git/DISCO-EB/src/discoeb/background.py:237:82
/home/user/git/DISCO-EB/scripts/profile_background.py:38:0
'>/home/user/git/DISCO-EB/.venv/lib/python3.12/site-packages/jax_cosmo/scipy/integrate.py:65</div>"
"Total","224.0","loop fusion","loop_divide_fusion.18","6.0","13.119","2.1865","13.119","2.1865","4.954573380820522e-06","0.20852547328341284","1034.039332266179","1034.039332266179","10.464547456278561","10.464547456278561","0.0","92.02731195050472","92.02731195050472","0.0","92.02731195050472","HBM","13.119","4.954573380820522e-06","143120.87554542496","0.007224937161161974","0.0033156160868669238","0.007224937161161974","False","5","<div class='source-info-cell' title='/home/user/git/DISCO-EB/.venv/lib/python3.12/site-packages/jax_cosmo/scipy/integrate.py:65:11
/home/user/git/DISCO-EB/.venv/lib/python3.12/site-packages/jax_cosmo/scipy/integrate.py:142:12
/home/user/git/DISCO-EB/.venv/lib/python3.12/site-packages/jax_cosmo/scipy/integrate.py:150:23
/home/user/git/DISCO-EB/src/discoeb/thermodynamics_recfast.py:488:45
/home/user/git/DISCO-EB/src/discoeb/thermodynamics_recfast.py:488:21
/home/user/git/DISCO-EB/src/discoeb/background.py:237:82
/home/user/git/DISCO-EB/scripts/profile_background.py:38:0
'>/home/user/git/DISCO-EB/.venv/lib/python3.12/site-packages/jax_cosmo/scipy/integrate.py:65</div>"
"Total","225.0","loop fusion","loop_divide_fusion.19","6.0","13.088","2.1813333333333333","13.088","2.1813333333333333","4.942865798321441e-06","0.20853041614921117","1036.4885391198045","1036.4885391198045","10.489333594049391","10.489333594049391","0.0","92.02731195050472","92.02731195050472","0.0","92.02731195050472","HBM","13.088","4.942865798321441e-06","143120.875545425","0.007242050016601768","0.003323469395141135","0.007242050016601768","False","5","<div class='source-info-cell' title='/home/user/git/DISCO-EB/.venv/lib/python3.12/site-packages/jax_cosmo/scipy/integrate.py:65:11
/home/user/git/DISCO-EB/.venv/lib/python3.12/site-packages/jax_cosmo/scipy/integrate.py:142:12
/home/user/git/DISCO-EB/.venv/lib/python3.12/site-packages/jax_cosmo/scipy/integrate.py:150:23
/home/user/git/DISCO-EB/src/discoeb/thermodynamics_recfast.py:488:45
/home/user/git/DISCO-EB/src/discoeb/thermodynamics_recfast.py:488:21
/home/user/git/DISCO-EB/src/discoeb/background.py:237:82
/home/user/git/DISCO-EB/scripts/profile_background.py:38:0
'>/home/user/git/DISCO-EB/.venv/lib/python3.12/site-packages/jax_cosmo/scipy/integrate.py:65</div>"
"Total","226.0","loop fusion","loop_divide_fusion.17","6.0","12.864","2.144","12.864","2.144","4.8582690731667965e-06","0.20853527441828434","1054.5368470149253","1054.5368470149253","10.671983681507964","10.671983681507964","0.0","92.02731195050472","92.02731195050472","0.0","92.02731195050472","HBM","12.864","4.858269073166796e-06","143120.87554542496","0.00736815536514956","0.0033813407527679704","0.00736815536514956","False","5","<div class='source-info-cell' title='/home/user/git/DISCO-EB/.venv/lib/python3.12/site-packages/jax_cosmo/scipy/integrate.py:65:11
/home/user/git/DISCO-EB/.venv/lib/python3.12/site-packages/jax_cosmo/scipy/integrate.py:142:12
/home/user/git/DISCO-EB/.venv/lib/python3.12/site-packages/jax_cosmo/scipy/integrate.py:150:23
/home/user/git/DISCO-EB/src/discoeb/thermodynamics_recfast.py:488:45
/home/user/git/DISCO-EB/src/discoeb/thermodynamics_recfast.py:488:21
/home/user/git/DISCO-EB/src/discoeb/background.py:237:82
/home/user/git/DISCO-EB/scripts/profile_background.py:38:0
'>/home/user/git/DISCO-EB/.venv/lib/python3.12/site-packages/jax_cosmo/scipy/integrate.py:65</div>"
"Total","227.0","loop fusion","loop_add_power_fusion","6.0","12.514","2.0856666666666666","12.514","2.0856666666666666","4.7260866901126615e-06","0.20854000050497445","2.6451973789355923","2.6451973789355923","0.010716833206379166","0.010716833206379166","0.0","229.875","229.875","0.0","229.875","Compute","12.514","4.7260866901126615e-06","311869.44","8.481746011842623e-06","8.481746011842623e-06","7.39912039256773e-06","False","5","<div class='source-info-cell' title='/home/user/git/DISCO-EB/.venv/lib/python3.12/site-packages/jax_cosmo/scipy/integrate.py:64:10
/home/user/git/DISCO-EB/.venv/lib/python3.12/site-packages/jax_cosmo/scipy/integrate.py:142:12
/home/user/git/DISCO-EB/.venv/lib/python3.12/site-packages/jax_cosmo/scipy/integrate.py:150:23
/home/user/git/DISCO-EB/src/discoeb/thermodynamics_recfast.py:488:45
/home/user/git/DISCO-EB/src/discoeb/thermodynamics_recfast.py:488:21
/home/user/git/DISCO-EB/src/discoeb/background.py:237:82
/home/user/git/DISCO-EB/scripts/profile_background.py:38:0
'>/home/user/git/DISCO-EB/.venv/lib/python3.12/site-packages/jax_cosmo/scipy/integrate.py:64</div>"
"Total","228.0","loop fusion","loop_add_power_fusion.1","6.0","12.352","2.058666666666667","12.352","2.058666666666667","4.664905129956178e-06","0.2085446654101044","2.679889896373057","2.679889896373057","0.010857387527900655","0.010857387527900655","0.0","229.875","229.875","0.0","229.875","Compute","12.352","4.664905129956177e-06","311869.44","8.592986527865817e-06","8.592986527865817e-06","7.496161965073881e-06","False","5","<div class='source-info-cell' title='/home/user/git/DISCO-EB/.venv/lib/python3.12/site-packages/jax_cosmo/scipy/integrate.py:64:10
/home/user/git/DISCO-EB/.venv/lib/python3.12/site-packages/jax_cosmo/scipy/integrate.py:142:12
/home/user/git/DISCO-EB/.venv/lib/python3.12/site-packages/jax_cosmo/scipy/integrate.py:150:23
/home/user/git/DISCO-EB/src/discoeb/thermodynamics_recfast.py:488:45
/home/user/git/DISCO-EB/src/discoeb/thermodynamics_recfast.py:488:21
/home/user/git/DISCO-EB/src/discoeb/background.py:237:82
/home/user/git/DISCO-EB/scripts/profile_background.py:38:0
'>/home/user/git/DISCO-EB/.venv/lib/python3.12/site-packages/jax_cosmo/scipy/integrate.py:64</div>"
"Total","229.0","loop fusion","loop_add_power_fusion.2","6.0","12.32","2.0533333333333332","12.32","2.0533333333333332","4.6528198835055135e-06","0.20854931822998793","2.6868506493506494","2.6868506493506494","0.010885588534466632","0.010885588534466632","0.0","229.875","229.875","0.0","229.875","Compute","12.32","4.6528198835055135e-06","311869.44","8.615305973392742e-06","8.615305973392742e-06","7.515632515632516e-06","False","5","<div class='source-info-cell' title='/home/user/git/DISCO-EB/.venv/lib/python3.12/site-packages/jax_cosmo/scipy/integrate.py:64:10
/home/user/git/DISCO-EB/.venv/lib/python3.12/site-packages/jax_cosmo/scipy/integrate.py:142:12
/home/user/git/DISCO-EB/.venv/lib/python3.12/site-packages/jax_cosmo/scipy/integrate.py:150:23
/home/user/git/DISCO-EB/src/discoeb/thermodynamics_recfast.py:488:45
/home/user/git/DISCO-EB/src/discoeb/thermodynamics_recfast.py:488:21
/home/user/git/DISCO-EB/src/discoeb/background.py:237:82
/home/user/git/DISCO-EB/scripts/profile_background.py:38:0
'>/home/user/git/DISCO-EB/.venv/lib/python3.12/site-packages/jax_cosmo/scipy/integrate.py:64</div>"
"Total","230.0","loop fusion","loop_add_power_fusion.5","6.0","12.32","2.0533333333333332","12.32","2.0533333333333332","4.6528198835055135e-06","0.20855397104987144","2.6868506493506494","2.6868506493506494","0.010885588534466632","0.010885588534466632","0.0","229.875","229.875","0.0","229.875","Compute","12.32","4.6528198835055135e-06","311869.44","8.615305973392742e-06","8.615305973392742e-06","7.515632515632516e-06","False","5","<div class='source-info-cell' title='/home/user/git/DISCO-EB/.venv/lib/python3.12/site-packages/jax_cosmo/scipy/integrate.py:64:10
/home/user/git/DISCO-EB/.venv/lib/python3.12/site-packages/jax_cosmo/scipy/integrate.py:142:12
/home/user/git/DISCO-EB/.venv/lib/python3.12/site-packages/jax_cosmo/scipy/integrate.py:150:23
/home/user/git/DISCO-EB/src/discoeb/thermodynamics_recfast.py:488:45
/home/user/git/DISCO-EB/src/discoeb/thermodynamics_recfast.py:488:21
/home/user/git/DISCO-EB/src/discoeb/background.py:237:82
/home/user/git/DISCO-EB/scripts/profile_background.py:38:0
'>/home/user/git/DISCO-EB/.venv/lib/python3.12/site-packages/jax_cosmo/scipy/integrate.py:64</div>"
"Total","231.0","loop fusion","loop_add_power_fusion.4","6.0","12.316","2.0526666666666666","12.316","2.0526666666666666","4.651309227699181e-06","0.20855862235909914","2.6877232867814227","2.6877232867814227","0.010889123964325178","0.010889123964325178","0.0","229.875","229.875","0.0","229.875","Compute","12.316","4.65130922769918e-06","311869.44000000006","8.618104059126224e-06","8.618104059126224e-06","7.518073448570362e-06","False","5","<div class='source-info-cell' title='/home/user/git/DISCO-EB/.venv/lib/python3.12/site-packages/jax_cosmo/scipy/integrate.py:64:10
/home/user/git/DISCO-EB/.venv/lib/python3.12/site-packages/jax_cosmo/scipy/integrate.py:142:12
/home/user/git/DISCO-EB/.venv/lib/python3.12/site-packages/jax_cosmo/scipy/integrate.py:150:23
/home/user/git/DISCO-EB/src/discoeb/thermodynamics_recfast.py:488:45
/home/user/git/DISCO-EB/src/discoeb/thermodynamics_recfast.py:488:21
/home/user/git/DISCO-EB/src/discoeb/background.py:237:82
/home/user/git/DISCO-EB/scripts/profile_background.py:38:0
'>/home/user/git/DISCO-EB/.venv/lib/python3.12/site-packages/jax_cosmo/scipy/integrate.py:64</div>"
"Total","232.0","loop fusion","loop_add_power_fusion.3","6.0","12.288","2.048","12.288","2.048","4.64073463705485e-06","0.20856326309373618","2.69384765625","2.69384765625","0.010913936421275139","0.010913936421275139","0.0","229.875","229.875","0.0","229.875","Compute","12.288","4.640734637054849e-06","311869.44","8.637741666031785e-06","8.637741666031785e-06","7.5352044753086416e-06","False","5","<div class='source-info-cell' title='/home/user/git/DISCO-EB/.venv/lib/python3.12/site-packages/jax_cosmo/scipy/integrate.py:64:10
/home/user/git/DISCO-EB/.venv/lib/python3.12/site-packages/jax_cosmo/scipy/integrate.py:142:12
/home/user/git/DISCO-EB/.venv/lib/python3.12/site-packages/jax_cosmo/scipy/integrate.py:150:23
/home/user/git/DISCO-EB/src/discoeb/thermodynamics_recfast.py:488:45
/home/user/git/DISCO-EB/src/discoeb/thermodynamics_recfast.py:488:21
/home/user/git/DISCO-EB/src/discoeb/background.py:237:82
/home/user/git/DISCO-EB/scripts/profile_background.py:38:0
'>/home/user/git/DISCO-EB/.venv/lib/python3.12/site-packages/jax_cosmo/scipy/integrate.py:64</div>"
"Total","233.0","loop fusion","loop_dynamic_update_slice_fusion.58","6.0","11.712","1.952","11.712","1.952","4.423200200942904e-06","0.20856768629393713","0.0","0.0","7.813185697696246","7.813185697696246","0.0","0.0","0.0","0.0","0.0","HBM","11.712","4.423200200942904e-06","0.0","0.005394382884706199","0.0","0.005394382884706199","False","5","<div class='source-info-cell' title='/home/user/git/DISCO-EB/.venv/lib/python3.12/site-packages/jax_cosmo/scipy/integrate.py:150:23
/home/user/git/DISCO-EB/src/discoeb/thermodynamics_recfast.py:488:45
/home/user/git/DISCO-EB/src/discoeb/thermodynamics_recfast.py:488:21
/home/user/git/DISCO-EB/src/discoeb/background.py:237:82
/home/user/git/DISCO-EB/scripts/profile_background.py:38:0
'>/home/user/git/DISCO-EB/.venv/lib/python3.12/site-packages/jax_cosmo/scipy/integrate.py:150</div>"
"Total","234.0","loop fusion","loop_dynamic_update_slice_fusion.11","6.0","11.711","1.9518333333333333","11.711","1.9518333333333333","4.422822536991321e-06","0.2085721091164741","0.0","0.0","7.813852864095162","7.813852864095162","0.0","0.0","0.0","0.0","0.0","HBM","11.711","4.42282253699132e-06","0.0","0.005394843510005892","0.0","0.005394843510005892","False","5","<div class='source-info-cell' title='/home/user/git/DISCO-EB/.venv/lib/python3.12/site-packages/jax_cosmo/scipy/integrate.py:150:23
/home/user/git/DISCO-EB/src/discoeb/thermodynamics_recfast.py:488:45
/home/user/git/DISCO-EB/src/discoeb/thermodynamics_recfast.py:488:21
/home/user/git/DISCO-EB/src/discoeb/background.py:237:82
/home/user/git/DISCO-EB/scripts/profile_background.py:38:0
'>/home/user/git/DISCO-EB/.venv/lib/python3.12/site-packages/jax_cosmo/scipy/integrate.py:150</div>"
"Total","235.0","loop fusion","loop_dynamic_update_slice_fusion.60","6.0","11.616","1.936","11.616","1.936","4.386944461590913e-06","0.2085764960609357","0.0","0.0","7.8777574803218355","7.8777574803218355","0.0","0.0","0.0","0.0","0.0","HBM","11.616","4.386944461590913e-06","0.0","0.005438964561439308","0.0","0.005438964561439308","False","5","<div class='source-info-cell' title='/home/user/git/DISCO-EB/.venv/lib/python3.12/site-packages/jax_cosmo/scipy/integrate.py:150:23
/home/user/git/DISCO-EB/src/discoeb/thermodynamics_recfast.py:488:45
/home/user/git/DISCO-EB/src/discoeb/thermodynamics_recfast.py:488:21
/home/user/git/DISCO-EB/src/discoeb/background.py:237:82
/home/user/git/DISCO-EB/scripts/profile_background.py:38:0
'>/home/user/git/DISCO-EB/.venv/lib/python3.12/site-packages/jax_cosmo/scipy/integrate.py:150</div>"
"Total","236.0","loop fusion","loop_dynamic_update_slice_fusion.59","6.0","11.52","1.92","11.52","1.92","4.350688722238922e-06","0.20858084674965793","0.0","0.0","7.943405459324518","7.943405459324518","0.0","0.0","0.0","0.0","0.0","HBM","11.52","4.350688722238921e-06","0.0","0.0054842892661179695","0.0","0.0054842892661179695","False","5","<div class='source-info-cell' title='/home/user/git/DISCO-EB/.venv/lib/python3.12/site-packages/jax_cosmo/scipy/integrate.py:150:23
/home/user/git/DISCO-EB/src/discoeb/thermodynamics_recfast.py:488:45
/home/user/git/DISCO-EB/src/discoeb/thermodynamics_recfast.py:488:21
/home/user/git/DISCO-EB/src/discoeb/background.py:237:82
/home/user/git/DISCO-EB/scripts/profile_background.py:38:0
'>/home/user/git/DISCO-EB/.venv/lib/python3.12/site-packages/jax_cosmo/scipy/integrate.py:150</div>"
"Total","237.0","loop fusion","loop_dynamic_update_slice_fusion.56","6.0","11.519","1.9198333333333333","11.519","1.9198333333333333","4.350311058287339e-06","0.2085851970607162","0.0","0.0","7.944095050908799","7.944095050908799","0.0","0.0","0.0","0.0","0.0","HBM","11.519","4.350311058287338e-06","0.0","0.005484765374223371","0.0","0.005484765374223371","False","5","<div class='source-info-cell' title='/home/user/git/DISCO-EB/.venv/lib/python3.12/site-packages/jax_cosmo/scipy/integrate.py:150:23
/home/user/git/DISCO-EB/src/discoeb/thermodynamics_recfast.py:488:45
/home/user/git/DISCO-EB/src/discoeb/thermodynamics_recfast.py:488:21
/home/user/git/DISCO-EB/src/discoeb/background.py:237:82
/home/user/git/DISCO-EB/scripts/profile_background.py:38:0
'>/home/user/git/DISCO-EB/.venv/lib/python3.12/site-packages/jax_cosmo/scipy/integrate.py:150</div>"
"Total","238.0","loop fusion","loop_dynamic_update_slice_fusion.57","6.0","11.36","1.8933333333333333","11.36","1.8933333333333333","4.290262489985603e-06","0.2085894873232062","0.0","0.0","8.05528440945585","8.05528440945585","0.0","0.0","0.0","0.0","0.0","HBM","11.36","4.290262489985603e-06","0.0","0.005561532776908363","0.0","0.005561532776908363","False","5","<div class='source-info-cell' title='/home/user/git/DISCO-EB/.venv/lib/python3.12/site-packages/jax_cosmo/scipy/integrate.py:150:23
/home/user/git/DISCO-EB/src/discoeb/thermodynamics_recfast.py:488:45
/home/user/git/DISCO-EB/src/discoeb/thermodynamics_recfast.py:488:21
/home/user/git/DISCO-EB/src/discoeb/background.py:237:82
/home/user/git/DISCO-EB/scripts/profile_background.py:38:0
'>/home/user/git/DISCO-EB/.venv/lib/python3.12/site-packages/jax_cosmo/scipy/integrate.py:150</div>"
"Total","239.0","data formatting","copy.243","6.0","9.472","1.5786666666666667","9.472","1.5786666666666667","3.5772329493964464e-06","0.2085930645561556","0.0","0.0","0.00943908014812985","0.00943908014812985","0.0","0.0","0.0","0.0","0.0","HBM","9.472","3.5772329493964464e-06","0.0","6.516933600266933e-06","0.0","6.516933600266933e-06","False","5",""
"Total","240.0","data formatting","copy.261","6.0","9.472","1.5786666666666667","9.472","1.5786666666666667","3.5772329493964464e-06","0.20859664178910498","0.0","0.0","0.00943908014812985","0.00943908014812985","0.0","0.0","0.0","0.0","0.0","HBM","9.472","3.5772329493964464e-06","0.0","6.516933600266933e-06","0.0","6.516933600266933e-06","False","5",""
"Total","241.0","data formatting","copy.216","6.0","9.471","1.5785","9.471","1.5785","3.5768552854448637e-06","0.20860021864439043","0.0","0.0","0.00944007677785724","0.00944007677785724","0.0","0.0","0.0","0.0","0.0","HBM","9.471","3.5768552854448633e-06","0.0","6.5176216937734545e-06","0.0","6.5176216937734545e-06","False","5",""
"Total","242.0","loop fusion","loop_dynamic_update_slice_fusion.27","6.0","9.439","1.5731666666666666","9.439","1.5731666666666666","3.5647700389942e-06","0.20860378341442942","0.0","0.0","0.014208120642507564","0.014208120642507564","0.0","0.0","0.0","0.0","0.0","HBM","9.439","3.5647700389941995e-06","0.0","9.8095765009633e-06","0.0","9.8095765009633e-06","False","5","<div class='source-info-cell' title='/home/user/git/DISCO-EB/.venv/lib/python3.12/site-packages/jax_cosmo/scipy/integrate.py:150:23
/home/user/git/DISCO-EB/src/discoeb/background.py:183:8
/home/user/git/DISCO-EB/src/discoeb/background.py:233:12
/home/user/git/DISCO-EB/scripts/profile_background.py:38:0
'>/home/user/git/DISCO-EB/.venv/lib/python3.12/site-packages/jax_cosmo/scipy/integrate.py:150</div>"
"Total","243.0","data formatting","copy.225","6.0","9.408","1.5679999999999998","9.408","1.5679999999999998","3.5530624564951192e-06","0.20860733647688592","0.0","0.0","0.009503291577708963","0.009503291577708963","0.0","0.0","0.0","0.0","0.0","HBM","9.408","3.5530624564951192e-06","0.0","6.5612664819014015e-06","0.0","6.5612664819014015e-06","False","5",""
"Total","244.0","loop fusion","loop_dynamic_update_slice_fusion.29","6.0","9.408","1.5679999999999998","9.408","1.5679999999999998","3.5530624564951192e-06","0.20861088953934243","0.0","0.0","0.014254937366563445","0.014254937366563445","0.0","0.0","0.0","0.0","0.0","HBM","9.408","3.5530624564951192e-06","0.0","9.841899722852104e-06","0.0","9.841899722852104e-06","False","5","<div class='source-info-cell' title='/home/user/git/DISCO-EB/.venv/lib/python3.12/site-packages/jax_cosmo/scipy/integrate.py:150:23
/home/user/git/DISCO-EB/src/discoeb/background.py:183:8
/home/user/git/DISCO-EB/src/discoeb/background.py:233:12
/home/user/git/DISCO-EB/scripts/profile_background.py:38:0
'>/home/user/git/DISCO-EB/.venv/lib/python3.12/site-packages/jax_cosmo/scipy/integrate.py:150</div>"
"Total","245.0","loop fusion","loop_dynamic_update_slice_fusion.31","6.0","9.407","1.5678333333333334","9.407","1.5678333333333334","3.552684792543536e-06","0.20861444222413497","0.0","0.0","0.01425645272080673","0.01425645272080673","0.0","0.0","0.0","0.0","0.0","HBM","9.407","3.5526847925435357e-06","0.0","9.842945954352354e-06","0.0","9.842945954352354e-06","False","5","<div class='source-info-cell' title='/home/user/git/DISCO-EB/.venv/lib/python3.12/site-packages/jax_cosmo/scipy/integrate.py:150:23
/home/user/git/DISCO-EB/src/discoeb/background.py:183:8
/home/user/git/DISCO-EB/src/discoeb/background.py:233:12
/home/user/git/DISCO-EB/scripts/profile_background.py:38:0
'>/home/user/git/DISCO-EB/.venv/lib/python3.12/site-packages/jax_cosmo/scipy/integrate.py:150</div>"
"Total","246.0","data formatting","copy.234","6.0","9.377","1.5628333333333335","9.377","1.5628333333333335","3.5413548739960394e-06","0.20861798357900896","0.0","0.0","0.009534709092789372","0.009534709092789372","0.0","0.0","0.0","0.0","0.0","HBM","9.377","3.5413548739960385e-06","0.0","6.582957775592236e-06","0.0","6.582957775592236e-06","False","5",""
"Total","247.0","data formatting","copy.162","6.0","9.375","1.5625","9.375","1.5625","3.5405995460928724e-06","0.20862152417855506","0.0","0.0","0.0095367431640625","0.0095367431640625","0.0","0.0","0.0","0.0","0.0","HBM","9.375","3.5405995460928724e-06","0.0","6.584362139917696e-06","0.0","6.584362139917696e-06","False","5",""
"Total","248.0","data formatting","copy.252","6.0","9.31","1.5516666666666667","9.31","1.5516666666666667","3.516051389239962e-06","0.2086250402299443","0.0","0.0","0.009603326225895374","0.009603326225895374","0.0","0.0","0.0","0.0","0.0","HBM","9.31","3.5160513892399617e-06","0.0","6.630332444868786e-06","0.0","6.630332444868786e-06","False","5",""
"Total","249.0","loop fusion","loop_dynamic_update_slice_fusion.30","6.0","9.184","1.5306666666666666","9.184","1.5306666666666666","3.4684657313404736e-06","0.20862850869567565","0.0","0.0","0.01460261876574792","0.01460261876574792","0.0","0.0","0.0","0.0","0.0","HBM","9.184","3.4684657313404736e-06","0.0","1.0081946057555813e-05","0.0","1.0081946057555813e-05","False","5","<div class='source-info-cell' title='/home/user/git/DISCO-EB/.venv/lib/python3.12/site-packages/jax_cosmo/scipy/integrate.py:150:23
/home/user/git/DISCO-EB/src/discoeb/background.py:183:8
/home/user/git/DISCO-EB/src/discoeb/background.py:233:12
/home/user/git/DISCO-EB/scripts/profile_background.py:38:0
'>/home/user/git/DISCO-EB/.venv/lib/python3.12/site-packages/jax_cosmo/scipy/integrate.py:150</div>"
"Total","250.0","loop fusion","loop_dynamic_update_slice_fusion.7","6.0","9.183","1.5305","9.183","1.5305","3.4680880673888905e-06","0.20863197678374304","0.0","0.0","0.014604208945293356","0.014604208945293356","0.0","0.0","0.0","0.0","0.0","HBM","9.183","3.46808806738889e-06","0.0","1.0083043949971968e-05","0.0","1.0083043949971968e-05","False","5","<div class='source-info-cell' title='/home/user/git/DISCO-EB/.venv/lib/python3.12/site-packages/jax_cosmo/scipy/integrate.py:150:23
/home/user/git/DISCO-EB/src/discoeb/background.py:183:8
/home/user/git/DISCO-EB/src/discoeb/background.py:233:12
/home/user/git/DISCO-EB/scripts/profile_background.py:38:0
'>/home/user/git/DISCO-EB/.venv/lib/python3.12/site-packages/jax_cosmo/scipy/integrate.py:150</div>"
"Total","251.0","loop fusion","loop_dynamic_update_slice_fusion.28","6.0","9.12","1.5199999999999998","9.12","1.5199999999999998","3.444295238439146e-06","0.20863542107898148","0.0","0.0","0.014705093283402292","0.014705093283402292","0.0","0.0","0.0","0.0","0.0","HBM","9.12","3.444295238439146e-06","0.0","1.0152696556205328e-05","0.0","1.0152696556205328e-05","False","5","<div class='source-info-cell' title='/home/user/git/DISCO-EB/.venv/lib/python3.12/site-packages/jax_cosmo/scipy/integrate.py:150:23
/home/user/git/DISCO-EB/src/discoeb/background.py:183:8
/home/user/git/DISCO-EB/src/discoeb/background.py:233:12
/home/user/git/DISCO-EB/scripts/profile_background.py:38:0
'>/home/user/git/DISCO-EB/.venv/lib/python3.12/site-packages/jax_cosmo/scipy/integrate.py:150</div>"
"Total","252.0","data formatting","copy.171","6.0","8.864","1.4773333333333334","8.864","1.4773333333333334","3.3476132668338374e-06","0.20863876869224832","0.0","0.0","0.010086526078867997","0.010086526078867997","0.0","0.0","0.0","0.0","0.0","HBM","8.864","3.3476132668338366e-06","0.0","6.9639434862058205e-06","0.0","6.9639434862058205e-06","False","5",""
"Total","253.0","data formatting","copy.198","6.0","8.832","1.4720000000000002","8.832","1.4720000000000002","3.3355280203831736e-06","0.2086421042202687","0.0","0.0","0.010123071463211722","0.010123071463211722","0.0","0.0","0.0","0.0","0.0","HBM","8.832","3.3355280203831732e-06","0.0","6.989175165503667e-06","0.0","6.989175165503667e-06","False","5",""
"Total","254.0","data formatting","copy.189","6.0","8.801","1.4668333333333334","8.801","1.4668333333333334","3.323820437884093e-06","0.20864542804070657","0.0","0.0","0.01015872823123349","0.01015872823123349","0.0","0.0","0.0","0.0","0.0","HBM","8.801","3.3238204378840925e-06","0.0","7.013793325954823e-06","0.0","7.013793325954823e-06","False","5",""
"Total","255.0","data formatting","copy.180","6.0","8.768","1.4613333333333334","8.768","1.4613333333333334","3.311357527481846e-06","0.20864873939823406","0.0","0.0","0.010196962495789911","0.010196962495789911","0.0","0.0","0.0","0.0","0.0","HBM","8.768","3.3113575274818457e-06","0.0","7.040191042624133e-06","0.0","7.040191042624133e-06","False","5",""
"Total","256.0","data formatting","copy.207","6.0","8.735","1.4558333333333333","8.735","1.4558333333333333","3.298894617079599e-06","0.20865203829285114","0.0","0.0","0.010235485651183278","0.010235485651183278","0.0","0.0","0.0","0.0","0.0","HBM","8.735","3.298894617079599e-06","0.0","7.066788215423972e-06","0.0","7.066788215423972e-06","False","5",""
"Total","257.0","loop fusion","loop_multiply_pad_fusion","1.0","5.504","5.504","5.504","5.504","2.0786623895141515e-06","0.20865411695524066","2465.6664244186045","2465.6664244186045","15.230102161335392","15.230102161335392","0.0","150.7757977068705","150.7757977068705","0.0","150.7757977068705","HBM","5.504","2.0786623895141515e-06","234486.52059372497","0.010515173401760934","0.007906085393998862","0.010515173401760934","False","5","<div class='source-info-cell' title='/home/user/git/DISCO-EB/src/discoeb/spline_interpolation.py:62:17
/home/user/git/DISCO-EB/src/discoeb/background.py:252:40
/home/user/git/DISCO-EB/scripts/profile_background.py:38:0
'>/home/user/git/DISCO-EB/src/discoeb/spline_interpolation.py:62</div>"
"Total","258.0","loop fusion","loop_multiply_pad_slice_fusion","1.0","4.288","4.288","4.288","4.288","1.6194230243889321e-06","0.20865573637826507","4314.0326492537315","4314.0326492537315","35.52926120473378","35.52926120473378","0.0","113.08301545383412","113.08301545383412","0.0","113.08301545383412","HBM","4.288","1.619423024388932e-06","175866.70563380283","0.02453012714206744","0.01383281622352524","0.02453012714206744","False","5","<div class='source-info-cell' title='/home/user/git/DISCO-EB/src/discoeb/spline_interpolation.py:62:17
/home/user/git/DISCO-EB/src/discoeb/background.py:250:40
/home/user/git/DISCO-EB/scripts/profile_background.py:38:0
'>/home/user/git/DISCO-EB/src/discoeb/spline_interpolation.py:62</div>"
"Total","259.0","loop fusion","loop_divide_select_fusion.2","1.0","3.776","3.776","3.776","3.776","1.4260590811783132e-06","0.20865716243734625","3164.047404661017","3164.047404661017","19.21543409511194","19.21543409511194","0.0","153.35322431585973","153.35322431585973","0.0","153.35322431585973","HBM","3.776","1.426059081178313e-06","238494.9344560251","0.013266727915533233","0.010145423048378888","0.013266727915533233","False","5","<div class='source-info-cell' title='/home/user/git/DISCO-EB/src/discoeb/background.py:313:16
/home/user/git/DISCO-EB/scripts/profile_background.py:38:0
'>/home/user/git/DISCO-EB/src/discoeb/background.py:313</div>"
"Total","260.0","loop fusion","loop_multiply_pad_slice_fusion.2","1.0","3.744","3.744","3.744","3.744","1.4139738347276497e-06","0.208658576411181","1865.4198717948718","1865.4198717948718","14.224559323400513","14.224559323400513","0.0","122.13437325125909","122.13437325125909","0.0","122.13437325125909","HBM","3.744","1.4139738347276495e-06","189943.37728035814","0.009820926101790299","0.005981412836714209","0.009820926101790299","False","5","<div class='source-info-cell' title='/home/user/git/DISCO-EB/src/discoeb/spline_interpolation.py:62:17
/home/user/git/DISCO-EB/src/discoeb/background.py:166:43
/home/user/git/DISCO-EB/src/discoeb/background.py:233:12
/home/user/git/DISCO-EB/scripts/profile_background.py:38:0
'>/home/user/git/DISCO-EB/src/discoeb/spline_interpolation.py:62</div>"
"Total","261.0","loop fusion","loop_divide_fusion.24","1.0","2.592","2.592","2.592","2.592","9.789049625037575e-07","0.2086595553161435","2.5435956790123457","2.5435956790123457","0.028744523907885136","0.028744523907885136","0.0","82.4125","82.4125","0.0","82.4125","HBM","2.592","9.789049625037572e-07","128167.92000000003","1.984580602550424e-05","8.155963210157256e-06","1.984580602550424e-05","False","5","<div class='source-info-cell' title='/home/user/git/DISCO-EB/src/discoeb/spline_interpolation.py:159:12
/home/user/git/DISCO-EB/src/discoeb/background.py:323:47
/home/user/git/DISCO-EB/scripts/profile_background.py:38:0
'>/home/user/git/DISCO-EB/src/discoeb/spline_interpolation.py:159</div>"
"Total","262.0","loop fusion","loop_multiply_pad_slice_fusion.1","1.0","2.592","2.592","2.592","2.592","9.789049625037575e-07","0.208660534221106","1899.4193672839506","1899.4193672839506","23.513020556650044","23.513020556650044","0.0","75.23372555012224","75.23372555012224","0.0","75.23372555012224","HBM","2.592","9.789049625037572e-07","117003.48997555012","0.01623386932886247","0.006090431198657844","0.01623386932886247","False","5","<div class='source-info-cell' title='/home/user/git/DISCO-EB/src/discoeb/spline_interpolation.py:62:17
/home/user/git/DISCO-EB/src/discoeb/background.py:248:40
/home/user/git/DISCO-EB/scripts/profile_background.py:38:0
'>/home/user/git/DISCO-EB/src/discoeb/spline_interpolation.py:62</div>"
"Total","263.0","input fusion","loop_multiply_fusion.17","1.0","2.144","2.144","2.144","2.144","8.097115121944661e-07","0.2086613439326182","31.75","31.75","0.2224053909529501","0.2224053909529501","0.0","132.953125","132.953125","0.0","132.953125","HBM","2.144","8.09711512194466e-07","206768.69999999998","0.00015355322154658805","0.00010180542216640399","0.00015355322154658805","False","5","<div class='source-info-cell' title='/home/user/git/DISCO-EB/src/discoeb/util.py:115:15
/home/user/git/DISCO-EB/src/discoeb/background.py:42:15
/home/user/git/DISCO-EB/src/discoeb/background.py:64:11
/home/user/git/DISCO-EB/src/discoeb/background.py:164:48
/home/user/git/DISCO-EB/src/discoeb/background.py:164:26
/home/user/git/DISCO-EB/src/discoeb/background.py:233:12
/home/user/git/DISCO-EB/scripts/profile_background.py:38:0
'>/home/user/git/DISCO-EB/src/discoeb/util.py:115</div>"
"Total","264.0","loop fusion","loop_slice_fusion.14","1.0","2.08","2.08","2.08","2.08","7.855410192931387e-07","0.2086621294736375","17.70576923076923","17.70576923076923","43.97633557136242","43.97633557136242","0.0","0.37496945507860224","0.37496945507860224","0.0","0.37496945507860224","HBM","2.08","7.855410192931386e-07","583.1524965382423","0.03036215970243748","5.6773017679350795e-05","0.03036215970243748","False","5","<div class='source-info-cell' title='/home/user/git/DISCO-EB/.venv/lib/python3.12/site-packages/jax_cosmo/scipy/integrate.py:150:53
/home/user/git/DISCO-EB/src/discoeb/thermodynamics_recfast.py:488:45
/home/user/git/DISCO-EB/src/discoeb/thermodynamics_recfast.py:488:21
/home/user/git/DISCO-EB/src/discoeb/background.py:237:82
/home/user/git/DISCO-EB/scripts/profile_background.py:38:0
'>/home/user/git/DISCO-EB/.venv/lib/python3.12/site-packages/jax_cosmo/scipy/integrate.py:150</div>"
"Total","265.0","loop fusion","loop_slice_fusion.10","1.0","2.048","2.048","2.048","2.048","7.73455772842475e-07","0.20866290292941034","17.982421875","17.982421875","44.66346581466496","44.66346581466496","0.0","0.37496945507860224","0.37496945507860224","0.0","0.37496945507860224","HBM","2.048","7.734557728424749e-07","583.1524965382423","0.030836568447788065","5.766009608059065e-05","0.030836568447788065","False","5","<div class='source-info-cell' title='/home/user/git/DISCO-EB/.venv/lib/python3.12/site-packages/jax_cosmo/scipy/integrate.py:150:53
/home/user/git/DISCO-EB/src/discoeb/thermodynamics_recfast.py:488:45
/home/user/git/DISCO-EB/src/discoeb/thermodynamics_recfast.py:488:21
/home/user/git/DISCO-EB/src/discoeb/background.py:237:82
/home/user/git/DISCO-EB/scripts/profile_background.py:38:0
'>/home/user/git/DISCO-EB/.venv/lib/python3.12/site-packages/jax_cosmo/scipy/integrate.py:150</div>"
"Total","266.0","loop fusion","loop_pad_fusion.10","1.0","2.016","2.016","2.016","2.016","7.613705263918113e-07","0.20866366429993674","0.0","0.0","1.8885152207480536","1.8885152207480536","0.0","0.0","0.0","0.0","0.0","HBM","2.016","7.613705263918112e-07","0.0","0.0013038694558756287","0.0","0.0013038694558756287","False","5","<div class='source-info-cell' title='/home/user/git/DISCO-EB/src/discoeb/spline_interpolation.py:75:25
/home/user/git/DISCO-EB/src/discoeb/background.py:167:43
/home/user/git/DISCO-EB/src/discoeb/background.py:233:12
/home/user/git/DISCO-EB/scripts/profile_background.py:38:0
'>/home/user/git/DISCO-EB/src/discoeb/spline_interpolation.py:75</div>"
"Total","267.0","loop fusion","loop_pad_fusion.8","1.0","2.016","2.016","2.016","2.016","7.613705263918113e-07","0.20866442567046314","0.0","0.0","3.780726165998549","3.780726165998549","0.0","0.0","0.0","0.0","0.0","HBM","2.016","7.613705263918112e-07","0.0","0.0026102905153831076","0.0","0.0026102905153831076","False","5","<div class='source-info-cell' title='/home/user/git/DISCO-EB/src/discoeb/spline_interpolation.py:75:25
/home/user/git/DISCO-EB/src/discoeb/background.py:248:40
/home/user/git/DISCO-EB/scripts/profile_background.py:38:0
'>/home/user/git/DISCO-EB/src/discoeb/spline_interpolation.py:75</div>"
"Total","268.0","loop fusion","loop_slice_fusion.11","1.0","2.016","2.016","2.016","2.016","7.613705263918113e-07","0.20866518704098955","18.267857142857142","18.267857142857142","45.37240971648504","45.37240971648504","0.0","0.37496945507860224","0.37496945507860224","0.0","0.37496945507860224","HBM","2.016","7.613705263918112e-07","583.1524965382423","0.03132603778822914","5.8575335700917484e-05","0.03132603778822914","False","5","<div class='source-info-cell' title='/home/user/git/DISCO-EB/.venv/lib/python3.12/site-packages/jax_cosmo/scipy/integrate.py:150:53
/home/user/git/DISCO-EB/src/discoeb/thermodynamics_recfast.py:488:45
/home/user/git/DISCO-EB/src/discoeb/thermodynamics_recfast.py:488:21
/home/user/git/DISCO-EB/src/discoeb/background.py:237:82
/home/user/git/DISCO-EB/scripts/profile_background.py:38:0
'>/home/user/git/DISCO-EB/.venv/lib/python3.12/site-packages/jax_cosmo/scipy/integrate.py:150</div>"
"Total","269.0","loop fusion","loop_slice_fusion.12","1.0","2.016","2.016","2.016","2.016","7.613705263918113e-07","0.20866594841151595","18.267857142857142","18.267857142857142","45.37240971648504","45.37240971648504","0.0","0.37496945507860224","0.37496945507860224","0.0","0.37496945507860224","HBM","2.016","7.613705263918112e-07","583.1524965382423","0.03132603778822914","5.8575335700917484e-05","0.03132603778822914","False","5","<div class='source-info-cell' title='/home/user/git/DISCO-EB/.venv/lib/python3.12/site-packages/jax_cosmo/scipy/integrate.py:150:53
/home/user/git/DISCO-EB/src/discoeb/thermodynamics_recfast.py:488:45
/home/user/git/DISCO-EB/src/discoeb/thermodynamics_recfast.py:488:21
/home/user/git/DISCO-EB/src/discoeb/background.py:237:82
/home/user/git/DISCO-EB/scripts/profile_background.py:38:0
'>/home/user/git/DISCO-EB/.venv/lib/python3.12/site-packages/jax_cosmo/scipy/integrate.py:150</div>"
"Total","270.0","loop fusion","loop_slice_fusion.13","1.0","2.016","2.016","2.016","2.016","7.613705263918113e-07","0.20866670978204235","18.267857142857142","18.267857142857142","45.37240971648504","45.37240971648504","0.0","0.37496945507860224","0.37496945507860224","0.0","0.37496945507860224","HBM","2.016","7.613705263918112e-07","583.1524965382423","0.03132603778822914","5.8575335700917484e-05","0.03132603778822914","False","5","<div class='source-info-cell' title='/home/user/git/DISCO-EB/.venv/lib/python3.12/site-packages/jax_cosmo/scipy/integrate.py:150:53
/home/user/git/DISCO-EB/src/discoeb/thermodynamics_recfast.py:488:45
/home/user/git/DISCO-EB/src/discoeb/thermodynamics_recfast.py:488:21
/home/user/git/DISCO-EB/src/discoeb/background.py:237:82
/home/user/git/DISCO-EB/scripts/profile_background.py:38:0
'>/home/user/git/DISCO-EB/.venv/lib/python3.12/site-packages/jax_cosmo/scipy/integrate.py:150</div>"
"Total","271.0","data formatting","copy.466","1.0","1.984","1.984","1.984","1.984","7.492852799411477e-07","0.2086674590673223","0.0","0.0","7.6759005746533795","7.6759005746533795","0.0","0.0","0.0","0.0","0.0","HBM","1.984","7.492852799411476e-07","0.0","0.005299598433559007","0.0","0.005299598433559007","False","5",""
"Total","272.0","data formatting","copy.481","1.0","1.984","1.984","1.984","1.984","7.492852799411477e-07","0.20866820835260222","0.0","0.0","7.6759005746533795","7.6759005746533795","0.0","0.0","0.0","0.0","0.0","HBM","1.984","7.492852799411476e-07","0.0","0.005299598433559007","0.0","0.005299598433559007","False","5",""
"Total","273.0","input fusion","input_concatenate_fusion.29","1.0","1.984","1.984","1.984","1.984","7.492852799411477e-07","0.20866895763788215","3.096774193548387","3.096774193548387","7.683411240577697","7.683411240577697","0.0","0.375366568914956","0.375366568914956","0.0","0.375366568914956","HBM","1.984","7.492852799411476e-07","583.7700879765397","0.005304783950617283","9.92971351584941e-06","0.005304783950617283","False","5","<div class='source-info-cell' title='/home/user/git/DISCO-EB/src/discoeb/spline_interpolation.py:85:21
/home/user/git/DISCO-EB/src/discoeb/background.py:248:40
/home/user/git/DISCO-EB/scripts/profile_background.py:38:0
'>/home/user/git/DISCO-EB/src/discoeb/spline_interpolation.py:85</div>"
"Total","274.0","loop fusion","loop_pad_fusion.2","1.0","1.984","1.984","1.984","1.984","7.492852799411477e-07","0.20866970692316208","0.0","0.0","3.8417056202888484","3.8417056202888484","0.0","0.0","0.0","0.0","0.0","HBM","1.984","7.492852799411476e-07","0.0","0.0026523919753086416","0.0","0.0026523919753086416","False","5","<div class='source-info-cell' title='/home/user/git/DISCO-EB/src/discoeb/spline_interpolation.py:75:25
/home/user/git/DISCO-EB/src/discoeb/background.py:256:40
/home/user/git/DISCO-EB/scripts/profile_background.py:38:0
'>/home/user/git/DISCO-EB/src/discoeb/spline_interpolation.py:75</div>"
"Total","275.0","loop fusion","loop_pad_fusion.4","1.0","1.984","1.984","1.984","1.984","7.492852799411477e-07","0.20867045620844202","0.0","0.0","3.8417056202888484","3.8417056202888484","0.0","0.0","0.0","0.0","0.0","HBM","1.984","7.492852799411476e-07","0.0","0.0026523919753086416","0.0","0.0026523919753086416","False","5","<div class='source-info-cell' title='/home/user/git/DISCO-EB/src/discoeb/spline_interpolation.py:75:25
/home/user/git/DISCO-EB/src/discoeb/background.py:252:40
/home/user/git/DISCO-EB/scripts/profile_background.py:38:0
'>/home/user/git/DISCO-EB/src/discoeb/spline_interpolation.py:75</div>"
"Total","276.0","data formatting","copy.232","1.0","1.953","1.953","1.953","1.953","7.375776974420673e-07","0.20867119378613946","0.0","0.0","7.805370149158296","7.805370149158296","0.0","0.0","0.0","0.0","0.0","HBM","1.953","7.375776974420672e-07","0.0","0.005388986870468352","0.0","0.005388986870468352","False","5",""
"Total","277.0","data formatting","copy.250","1.0","1.953","1.953","1.953","1.953","7.375776974420673e-07","0.2086719313638369","0.0","0.0","7.805370149158296","7.805370149158296","0.0","0.0","0.0","0.0","0.0","HBM","1.953","7.375776974420672e-07","0.0","0.005388986870468352","0.0","0.005388986870468352","False","5",""
"Total","278.0","data formatting","copy.322","1.0","1.952","1.952","1.952","1.952","7.37200033490484e-07","0.2086726685638704","0.0","0.0","7.801735010303435","7.801735010303435","0.0","0.0","0.0","0.0","0.0","HBM","1.952","7.372000334904839e-07","0.0","0.005386477096404237","0.0","0.005386477096404237","False","5",""
"Total","279.0","input fusion","input_concatenate_fusion.24","1.0","1.952","1.952","1.952","1.952","7.37200033490484e-07","0.2086734057639039","155.5548155737705","155.5548155737705","3.9085012967469264","3.9085012967469264","0.0","37.0657958984375","37.0657958984375","0.0","37.0657958984375","HBM","1.952","7.372000334904839e-07","57644.725781249996","0.0026985090737367606","0.0004987818478584195","0.0026985090737367606","False","5","<div class='source-info-cell' title='/home/user/git/DISCO-EB/src/discoeb/background.py:160:11
/home/user/git/DISCO-EB/src/discoeb/background.py:233:12
/home/user/git/DISCO-EB/scripts/profile_background.py:38:0
'>/home/user/git/DISCO-EB/src/discoeb/background.py:160</div>"
"Total","280.0","loop fusion","loop_pad_fusion.1","1.0","1.952","1.952","1.952","1.952","7.37200033490484e-07","0.20867414296393738","0.0","0.0","3.9046844009493213","3.9046844009493213","0.0","0.0","0.0","0.0","0.0","HBM","1.952","7.372000334904839e-07","0.0","0.0026958738109694393","0.0","0.0026958738109694393","False","5","<div class='source-info-cell' title='/home/user/git/DISCO-EB/src/discoeb/spline_interpolation.py:75:25
/home/user/git/DISCO-EB/src/discoeb/background.py:320:17
/home/user/git/DISCO-EB/scripts/profile_background.py:38:0
'>/home/user/git/DISCO-EB/src/discoeb/spline_interpolation.py:75</div>"
"Total","281.0","loop fusion","loop_pad_fusion.11","1.0","1.952","1.952","1.952","1.952","7.37200033490484e-07","0.20867488016397087","0.0","0.0","1.9504337525758588","1.9504337525758588","0.0","0.0","0.0","0.0","0.0","HBM","1.952","7.372000334904839e-07","0.0","0.0013466192741010592","0.0","0.0013466192741010592","False","5","<div class='source-info-cell' title='/home/user/git/DISCO-EB/src/discoeb/spline_interpolation.py:75:25
/home/user/git/DISCO-EB/src/discoeb/background.py:166:43
/home/user/git/DISCO-EB/src/discoeb/background.py:233:12
/home/user/git/DISCO-EB/scripts/profile_background.py:38:0
'>/home/user/git/DISCO-EB/src/discoeb/spline_interpolation.py:75</div>"
"Total","282.0","loop fusion","loop_pad_fusion.6","1.0","1.952","1.952","1.952","1.952","7.37200033490484e-07","0.20867561736400436","0.0","0.0","3.9046844009493213","3.9046844009493213","0.0","0.0","0.0","0.0","0.0","HBM","1.952","7.372000334904839e-07","0.0","0.0026958738109694393","0.0","0.0026958738109694393","False","5","<div class='source-info-cell' title='/home/user/git/DISCO-EB/src/discoeb/spline_interpolation.py:75:25
/home/user/git/DISCO-EB/src/discoeb/background.py:250:40
/home/user/git/DISCO-EB/scripts/profile_background.py:38:0
'>/home/user/git/DISCO-EB/src/discoeb/spline_interpolation.py:75</div>"
"Total","283.0","loop fusion","loop_pad_fusion.7","1.0","1.952","1.952","1.952","1.952","7.37200033490484e-07","0.20867635456403785","0.0","0.0","3.9046844009493213","3.9046844009493213","0.0","0.0","0.0","0.0","0.0","HBM","1.952","7.372000334904839e-07","0.0","0.0026958738109694393","0.0","0.0026958738109694393","False","5","<div class='source-info-cell' title='/home/user/git/DISCO-EB/src/discoeb/spline_interpolation.py:75:25
/home/user/git/DISCO-EB/src/discoeb/background.py:249:40
/home/user/git/DISCO-EB/scripts/profile_background.py:38:0
'>/home/user/git/DISCO-EB/src/discoeb/spline_interpolation.py:75</div>"
"Total","284.0","loop fusion","loop_pad_fusion.9","1.0","1.952","1.952","1.952","1.952","7.37200033490484e-07","0.20867709176407134","0.0","0.0","1.9504337525758588","1.9504337525758588","0.0","0.0","0.0","0.0","0.0","HBM","1.952","7.372000334904839e-07","0.0","0.0013466192741010592","0.0","0.0013466192741010592","False","5","<div class='source-info-cell' title='/home/user/git/DISCO-EB/src/discoeb/spline_interpolation.py:75:25
/home/user/git/DISCO-EB/src/discoeb/background.py:168:43
/home/user/git/DISCO-EB/src/discoeb/background.py:233:12
/home/user/git/DISCO-EB/scripts/profile_background.py:38:0
'>/home/user/git/DISCO-EB/src/discoeb/spline_interpolation.py:75</div>"
"Total","285.0","data formatting","copy.451","1.0","1.951","1.951","1.951","1.951","7.368223695389007e-07","0.20867782858644088","0.0","0.0","7.805733849365609","7.805733849365609","0.0","0.0","0.0","0.0","0.0","HBM","1.951","7.368223695389007e-07","0.0","0.005389237976515156","0.0","0.005389237976515156","False","5",""
"Total","286.0","data formatting","copy.223","1.0","1.92","1.92","1.92","1.92","7.251147870398203e-07","0.20867855370122793","0.0","0.0","7.939524948596954","7.939524948596954","0.0","0.0","0.0","0.0","0.0","HBM","1.92","7.251147870398202e-07","0.0","0.0054816100823045265","0.0","0.0054816100823045265","False","5",""
"Total","287.0","data formatting","copy.139","1.0","1.888","1.888","1.888","1.888","7.130295405891566e-07","0.2086792667307685","0.0","0.0","4.025207737744864","4.025207737744864","0.0","0.0","0.0","0.0","0.0","HBM","1.888","7.130295405891565e-07","0.0","0.002779085582757899","0.0","0.002779085582757899","False","5",""
"Total","288.0","loop fusion","loop_pad_fusion.5","1.0","1.888","1.888","1.888","1.888","7.130295405891566e-07","0.20867997976030908","0.0","0.0","4.037046584032349","4.037046584032349","0.0","0.0","0.0","0.0","0.0","HBM","1.888","7.130295405891565e-07","0.0","0.002787259363883657","0.0","0.002787259363883657","False","5","<div class='source-info-cell' title='/home/user/git/DISCO-EB/src/discoeb/spline_interpolation.py:75:25
/home/user/git/DISCO-EB/src/discoeb/background.py:251:40
/home/user/git/DISCO-EB/scripts/profile_background.py:38:0
'>/home/user/git/DISCO-EB/src/discoeb/spline_interpolation.py:75</div>"
"Total","289.0","loop fusion","wrapped_slice.12","1.0","1.888","1.888","1.888","1.888","7.130295405891566e-07","0.20868069278984966","0.0","0.0","8.081985732256355","8.081985732256355","0.0","0.0","0.0","0.0","0.0","HBM","1.888","7.130295405891565e-07","0.0","0.005579967915184487","0.0","0.005579967915184487","False","5","<div class='source-info-cell' title='/home/user/git/DISCO-EB/src/discoeb/thermodynamics_recfast.py:453:18
/home/user/git/DISCO-EB/src/discoeb/thermodynamics_recfast.py:461:11
/home/user/git/DISCO-EB/src/discoeb/background.py:237:82
/home/user/git/DISCO-EB/scripts/profile_background.py:38:0
'>/home/user/git/DISCO-EB/src/discoeb/thermodynamics_recfast.py:453</div>"
"Total","290.0","data formatting","copy.241","1.0","1.856","1.856","1.856","1.856","7.009442941384929e-07","0.2086813937341438","0.0","0.0","8.213301670962366","8.213301670962366","0.0","0.0","0.0","0.0","0.0","HBM","1.856","7.009442941384928e-07","0.0","0.005670631119625372","0.0","0.005670631119625372","False","5",""
"Total","291.0","data formatting","copy.436","1.0","1.856","1.856","1.856","1.856","7.009442941384929e-07","0.20868209467843793","0.0","0.0","8.20527302807775","8.20527302807775","0.0","0.0","0.0","0.0","0.0","HBM","1.856","7.009442941384928e-07","0.0","0.0056650879807010075","0.0","0.0056650879807010075","False","5",""
"Total","292.0","loop fusion","loop_pad_fusion.3","1.0","1.856","1.856","1.856","1.856","7.009442941384929e-07","0.20868279562273206","0.0","0.0","4.106650835481183","4.106650835481183","0.0","0.0","0.0","0.0","0.0","HBM","1.856","7.009442941384928e-07","0.0","0.002835315559812686","0.0","0.002835315559812686","False","5","<div class='source-info-cell' title='/home/user/git/DISCO-EB/src/discoeb/spline_interpolation.py:75:25
/home/user/git/DISCO-EB/src/discoeb/background.py:255:40
/home/user/git/DISCO-EB/scripts/profile_background.py:38:0
'>/home/user/git/DISCO-EB/src/discoeb/spline_interpolation.py:75</div>"
"Total","293.0","loop fusion","loop_broadcast_fusion.8","1.0","1.728","1.728","1.728","1.728","6.526033083358382e-07","0.2086834482260404","0.0","0.0","4.4151588722511566","4.4151588722511566","0.0","0.0","0.0","0.0","0.0","HBM","1.728","6.526033083358382e-07","0.0","0.003048315805517451","0.0","0.003048315805517451","False","5","<div class='source-info-cell' title='/home/user/git/DISCO-EB/src/discoeb/spline_interpolation.py:141:27
/home/user/git/DISCO-EB/src/discoeb/spline_interpolation.py:156:14
/home/user/git/DISCO-EB/src/discoeb/background.py:313:59
/home/user/git/DISCO-EB/scripts/profile_background.py:38:0
'>/home/user/git/DISCO-EB/src/discoeb/spline_interpolation.py:141</div>"
"Total","294.0","loop fusion","loop_broadcast_fusion.7","1.0","1.696","1.696","1.696","1.696","6.405180618851746e-07","0.2086840887441023","0.0","0.0","4.498463756633254","4.498463756633254","0.0","0.0","0.0","0.0","0.0","HBM","1.696","6.405180618851746e-07","0.0","0.003105831198074384","0.0","0.003105831198074384","False","5","<div class='source-info-cell' title='/home/user/git/DISCO-EB/src/discoeb/spline_interpolation.py:139:18
/home/user/git/DISCO-EB/src/discoeb/spline_interpolation.py:156:14
/home/user/git/DISCO-EB/src/discoeb/background.py:86:20
/home/user/git/DISCO-EB/src/discoeb/thermodynamics_recfast.py:479:64
/home/user/git/DISCO-EB/src/discoeb/background.py:237:82
/home/user/git/DISCO-EB/scripts/profile_background.py:38:0
'>/home/user/git/DISCO-EB/src/discoeb/spline_interpolation.py:139</div>"
"Total","295.0","data formatting","copy.380","1.0","1.6","1.6","1.6","1.6","6.042623225331836e-07","0.20868469300642484","0.0","0.0","0.004656612873077393","0.004656612873077393","0.0","0.0","0.0","0.0","0.0","HBM","1.6","6.042623225331835e-07","0.0","3.215020576131687e-06","0.0","3.215020576131687e-06","False","5",""
"Total","296.0","data formatting","copy.379","1.0","1.569","1.569","1.569","1.569","5.925547400341031e-07","0.20868528556116486","0.0","0.0","0.004748617333922133","0.004748617333922133","0.0","0.0","0.0","0.0","0.0","HBM","1.569","5.925547400341031e-07","0.0","3.278542333850031e-06","0.0","3.278542333850031e-06","False","5",""
"Total","297.0","loop fusion","wrapped_slice.10","1.0","1.568","1.568","1.568","1.568","5.921770760825199e-07","0.20868587773824093","0.0","0.0","0.009503291577708963","0.009503291577708963","0.0","0.0","0.0","0.0","0.0","HBM","1.568","5.921770760825198e-07","0.0","6.5612664819014015e-06","0.0","6.5612664819014015e-06","False","5","<div class='source-info-cell' title='/home/user/git/DISCO-EB/src/discoeb/spline_interpolation.py:39:64
/home/user/git/DISCO-EB/src/discoeb/background.py:256:40
/home/user/git/DISCO-EB/scripts/profile_background.py:38:0
'>/home/user/git/DISCO-EB/src/discoeb/spline_interpolation.py:39</div>"
"Total","298.0","loop fusion","wrapped_slice.14","1.0","1.568","1.568","1.568","1.568","5.921770760825199e-07","0.208686469915317","0.0","0.0","0.009503291577708963","0.009503291577708963","0.0","0.0","0.0","0.0","0.0","HBM","1.568","5.921770760825198e-07","0.0","6.5612664819014015e-06","0.0","6.5612664819014015e-06","False","5","<div class='source-info-cell' title='/home/user/git/DISCO-EB/src/discoeb/spline_interpolation.py:39:64
/home/user/git/DISCO-EB/src/discoeb/background.py:320:17
/home/user/git/DISCO-EB/scripts/profile_background.py:38:0
'>/home/user/git/DISCO-EB/src/discoeb/spline_interpolation.py:39</div>"
"Total","299.0","loop fusion","wrapped_slice.11","1.0","1.536","1.536","1.536","1.536","5.800918296318563e-07","0.20868705000714663","0.0","0.0","0.009701276818911234","0.009701276818911234","0.0","0.0","0.0","0.0","0.0","HBM","1.536","5.800918296318562e-07","0.0","6.6979595336076815e-06","0.0","6.6979595336076815e-06","False","5","<div class='source-info-cell' title='/home/user/git/DISCO-EB/src/discoeb/spline_interpolation.py:40:65
/home/user/git/DISCO-EB/src/discoeb/background.py:256:40
/home/user/git/DISCO-EB/scripts/profile_background.py:38:0
'>/home/user/git/DISCO-EB/src/discoeb/spline_interpolation.py:40</div>"
"Total","300.0","loop fusion","wrapped_slice.13","1.0","1.536","1.536","1.536","1.536","5.800918296318563e-07","0.20868763009897626","0.0","0.0","0.009701276818911234","0.009701276818911234","0.0","0.0","0.0","0.0","0.0","HBM","1.536","5.800918296318562e-07","0.0","6.6979595336076815e-06","0.0","6.6979595336076815e-06","False","5","<div class='source-info-cell' title='/home/user/git/DISCO-EB/src/discoeb/spline_interpolation.py:39:64
/home/user/git/DISCO-EB/src/discoeb/background.py:252:40
/home/user/git/DISCO-EB/scripts/profile_background.py:38:0
'>/home/user/git/DISCO-EB/src/discoeb/spline_interpolation.py:39</div>"
"Total","301.0","loop fusion","wrapped_slice.1","1.0","1.504","1.504","1.504","1.504","5.680065831811926e-07","0.20868819810555944","0.0","0.0","0.00990768696399445","0.00990768696399445","0.0","0.0","0.0","0.0","0.0","HBM","1.504","5.680065831811925e-07","0.0","6.8404693109184825e-06","0.0","6.8404693109184825e-06","False","5","<div class='source-info-cell' title='/home/user/git/DISCO-EB/src/discoeb/spline_interpolation.py:39:64
/home/user/git/DISCO-EB/src/discoeb/background.py:167:43
/home/user/git/DISCO-EB/src/discoeb/background.py:233:12
/home/user/git/DISCO-EB/scripts/profile_background.py:38:0
'>/home/user/git/DISCO-EB/src/discoeb/spline_interpolation.py:39</div>"
"Total","302.0","loop fusion","wrapped_slice.2","1.0","1.504","1.504","1.504","1.504","5.680065831811926e-07","0.20868876611214263","0.0","0.0","0.00990768696399445","0.00990768696399445","0.0","0.0","0.0","0.0","0.0","HBM","1.504","5.680065831811925e-07","0.0","6.8404693109184825e-06","0.0","6.8404693109184825e-06","False","5","<div class='source-info-cell' title='/home/user/git/DISCO-EB/src/discoeb/spline_interpolation.py:39:64
/home/user/git/DISCO-EB/src/discoeb/background.py:168:43
/home/user/git/DISCO-EB/src/discoeb/background.py:233:12
/home/user/git/DISCO-EB/scripts/profile_background.py:38:0
'>/home/user/git/DISCO-EB/src/discoeb/spline_interpolation.py:39</div>"
"Total","303.0","loop fusion","wrapped_slice.9","1.0","1.504","1.504","1.504","1.504","5.680065831811926e-07","0.2086893341187258","0.0","0.0","0.00990768696399445","0.00990768696399445","0.0","0.0","0.0","0.0","0.0","HBM","1.504","5.680065831811925e-07","0.0","6.8404693109184825e-06","0.0","6.8404693109184825e-06","False","5","<div class='source-info-cell' title='/home/user/git/DISCO-EB/src/discoeb/spline_interpolation.py:39:64
/home/user/git/DISCO-EB/src/discoeb/background.py:250:40
/home/user/git/DISCO-EB/scripts/profile_background.py:38:0
'>/home/user/git/DISCO-EB/src/discoeb/spline_interpolation.py:39</div>"
"Total","304.0","data formatting","copy.405","1.0","1.473","1.473","1.473","1.473","5.562990006821122e-07","0.20868989041772648","0.0","0.0","0.010116199045381979","0.010116199045381979","0.0","0.0","0.0","0.0","0.0","HBM","1.473","5.562990006821121e-07","0.0","6.984430307957501e-06","0.0","6.984430307957501e-06","False","5",""
"Total","305.0","data formatting","copy.240","1.0","1.472","1.472","1.472","1.472","5.559213367305289e-07","0.20869044633906322","0.0","0.0","0.010123071463211722","0.010123071463211722","0.0","0.0","0.0","0.0","0.0","HBM","1.472","5.559213367305288e-07","0.0","6.989175165503667e-06","0.0","6.989175165503667e-06","False","5",""
"Total","306.0","data formatting","copy.303","1.0","1.472","1.472","1.472","1.472","5.559213367305289e-07","0.20869100226039997","0.0","0.0","0.010123071463211722","0.010123071463211722","0.0","0.0","0.0","0.0","0.0","HBM","1.472","5.559213367305288e-07","0.0","6.989175165503667e-06","0.0","6.989175165503667e-06","False","5",""
"Total","307.0","data formatting","copy.312","1.0","1.472","1.472","1.472","1.472","5.559213367305289e-07","0.2086915581817367","0.0","0.0","0.010123071463211722","0.010123071463211722","0.0","0.0","0.0","0.0","0.0","HBM","1.472","5.559213367305288e-07","0.0","6.989175165503667e-06","0.0","6.989175165503667e-06","False","5",""
"Total","308.0","data formatting","copy.330","1.0","1.472","1.472","1.472","1.472","5.559213367305289e-07","0.20869211410307345","0.0","0.0","0.010123071463211722","0.010123071463211722","0.0","0.0","0.0","0.0","0.0","HBM","1.472","5.559213367305288e-07","0.0","6.989175165503667e-06","0.0","6.989175165503667e-06","False","5",""
"Total","309.0","data formatting","copy.336","1.0","1.472","1.472","1.472","1.472","5.559213367305289e-07","0.2086926700244102","0.0","0.0","0.010123071463211722","0.010123071463211722","0.0","0.0","0.0","0.0","0.0","HBM","1.472","5.559213367305288e-07","0.0","6.989175165503667e-06","0.0","6.989175165503667e-06","False","5",""
"Total","310.0","data formatting","copy.372","1.0","1.472","1.472","1.472","1.472","5.559213367305289e-07","0.20869322594574694","0.0","0.0","0.010123071463211722","0.010123071463211722","0.0","0.0","0.0","0.0","0.0","HBM","1.472","5.559213367305288e-07","0.0","6.989175165503667e-06","0.0","6.989175165503667e-06","False","5",""
"Total","311.0","data formatting","copy.378","1.0","1.472","1.472","1.472","1.472","5.559213367305289e-07","0.20869378186708368","0.0","0.0","0.010123071463211722","0.010123071463211722","0.0","0.0","0.0","0.0","0.0","HBM","1.472","5.559213367305288e-07","0.0","6.989175165503667e-06","0.0","6.989175165503667e-06","False","5",""
"Total","312.0","data formatting","copy.429","1.0","1.472","1.472","1.472","1.472","5.559213367305289e-07","0.20869433778842042","0.0","0.0","0.010123071463211722","0.010123071463211722","0.0","0.0","0.0","0.0","0.0","HBM","1.472","5.559213367305288e-07","0.0","6.989175165503667e-06","0.0","6.989175165503667e-06","False","5",""
"Total","313.0","data formatting","copy.474","1.0","1.472","1.472","1.472","1.472","5.559213367305289e-07","0.20869489370975716","0.0","0.0","0.010123071463211722","0.010123071463211722","0.0","0.0","0.0","0.0","0.0","HBM","1.472","5.559213367305288e-07","0.0","6.989175165503667e-06","0.0","6.989175165503667e-06","False","5",""
"Total","314.0","data formatting","copy.480","1.0","1.472","1.472","1.472","1.472","5.559213367305289e-07","0.2086954496310939","0.0","0.0","0.010123071463211722","0.010123071463211722","0.0","0.0","0.0","0.0","0.0","HBM","1.472","5.559213367305288e-07","0.0","6.989175165503667e-06","0.0","6.989175165503667e-06","False","5",""
"Total","315.0","loop fusion","wrapped_slice.3","1.0","1.472","1.472","1.472","1.472","5.559213367305289e-07","0.20869600555243065","0.0","0.0","0.010123071463211722","0.010123071463211722","0.0","0.0","0.0","0.0","0.0","HBM","1.472","5.559213367305288e-07","0.0","6.989175165503667e-06","0.0","6.989175165503667e-06","False","5","<div class='source-info-cell' title='/home/user/git/DISCO-EB/src/discoeb/spline_interpolation.py:40:65
/home/user/git/DISCO-EB/src/discoeb/background.py:167:43
/home/user/git/DISCO-EB/src/discoeb/background.py:233:12
/home/user/git/DISCO-EB/scripts/profile_background.py:38:0
'>/home/user/git/DISCO-EB/src/discoeb/spline_interpolation.py:40</div>"
"Total","316.0","data formatting","copy.249","1.0","1.471","1.471","1.471","1.471","5.555436727789457e-07","0.20869656109610343","0.0","0.0","0.010129953224913429","0.010129953224913429","0.0","0.0","0.0","0.0","0.0","HBM","1.471","5.555436727789456e-07","0.0","6.9939264742497605e-06","0.0","6.9939264742497605e-06","False","5",""
"Total","317.0","data formatting","copy.435","1.0","1.471","1.471","1.471","1.471","5.555436727789457e-07","0.20869711663977622","0.0","0.0","0.010129953224913429","0.010129953224913429","0.0","0.0","0.0","0.0","0.0","HBM","1.471","5.555436727789456e-07","0.0","6.9939264742497605e-06","0.0","6.9939264742497605e-06","False","5",""
"Total","318.0","data formatting","copy.111","1.0","1.44","1.44","1.44","1.44","5.438360902798652e-07","0.2086976604758665","0.0","0.0","0.01034802860683865","0.01034802860683865","0.0","0.0","0.0","0.0","0.0","HBM","1.44","5.438360902798651e-07","0.0","7.144490169181526e-06","0.0","7.144490169181526e-06","False","5",""
"Total","319.0","data formatting","copy.120","1.0","1.44","1.44","1.44","1.44","5.438360902798652e-07","0.20869820431195676","0.0","0.0","0.01034802860683865","0.01034802860683865","0.0","0.0","0.0","0.0","0.0","HBM","1.44","5.438360902798651e-07","0.0","7.144490169181526e-06","0.0","7.144490169181526e-06","False","5",""
"Total","320.0","data formatting","copy.147","1.0","1.44","1.44","1.44","1.44","5.438360902798652e-07","0.20869874814804704","0.0","0.0","0.01034802860683865","0.01034802860683865","0.0","0.0","0.0","0.0","0.0","HBM","1.44","5.438360902798651e-07","0.0","7.144490169181526e-06","0.0","7.144490169181526e-06","False","5",""
"Total","321.0","data formatting","copy.222","1.0","1.44","1.44","1.44","1.44","5.438360902798652e-07","0.2086992919841373","0.0","0.0","0.01034802860683865","0.01034802860683865","0.0","0.0","0.0","0.0","0.0","HBM","1.44","5.438360902798651e-07","0.0","7.144490169181526e-06","0.0","7.144490169181526e-06","False","5",""
"Total","322.0","data formatting","copy.231","1.0","1.44","1.44","1.44","1.44","5.438360902798652e-07","0.20869983582022758","0.0","0.0","0.01034802860683865","0.01034802860683865","0.0","0.0","0.0","0.0","0.0","HBM","1.44","5.438360902798651e-07","0.0","7.144490169181526e-06","0.0","7.144490169181526e-06","False","5",""
"Total","323.0","data formatting","copy.258","1.0","1.44","1.44","1.44","1.44","5.438360902798652e-07","0.20870037965631785","0.0","0.0","0.01034802860683865","0.01034802860683865","0.0","0.0","0.0","0.0","0.0","HBM","1.44","5.438360902798651e-07","0.0","7.144490169181526e-06","0.0","7.144490169181526e-06","False","5",""
"Total","324.0","data formatting","copy.285","1.0","1.44","1.44","1.44","1.44","5.438360902798652e-07","0.20870092349240812","0.0","0.0","0.01034802860683865","0.01034802860683865","0.0","0.0","0.0","0.0","0.0","HBM","1.44","5.438360902798651e-07","0.0","7.144490169181526e-06","0.0","7.144490169181526e-06","False","5",""
"Total","325.0","data formatting","copy.294","1.0","1.44","1.44","1.44","1.44","5.438360902798652e-07","0.2087014673284984","0.0","0.0","0.01034802860683865","0.01034802860683865","0.0","0.0","0.0","0.0","0.0","HBM","1.44","5.438360902798651e-07","0.0","7.144490169181526e-06","0.0","7.144490169181526e-06","False","5",""
"Total","326.0","data formatting","copy.444","1.0","1.44","1.44","1.44","1.44","5.438360902798652e-07","0.20870201116458867","0.0","0.0","0.01034802860683865","0.01034802860683865","0.0","0.0","0.0","0.0","0.0","HBM","1.44","5.438360902798651e-07","0.0","7.144490169181526e-06","0.0","7.144490169181526e-06","False","5",""
"Total","327.0","data formatting","copy.450","1.0","1.44","1.44","1.44","1.44","5.438360902798652e-07","0.20870255500067894","0.0","0.0","0.01034802860683865","0.01034802860683865","0.0","0.0","0.0","0.0","0.0","HBM","1.44","5.438360902798651e-07","0.0","7.144490169181526e-06","0.0","7.144490169181526e-06","False","5",""
"Total","328.0","data formatting","copy.129","1.0","1.376","1.376","1.376","1.376","5.196655973785379e-07","0.20870307466627633","0.0","0.0","0.010829332262970679","0.010829332262970679","0.0","0.0","0.0","0.0","0.0","HBM","1.376","5.196655973785379e-07","0.0","7.476792037515551e-06","0.0","7.476792037515551e-06","False","5",""
"Total","329.0","data formatting","copy.138","1.0","1.376","1.376","1.376","1.376","5.196655973785379e-07","0.20870359433187372","0.0","0.0","0.010829332262970679","0.010829332262970679","0.0","0.0","0.0","0.0","0.0","HBM","1.376","5.196655973785379e-07","0.0","7.476792037515551e-06","0.0","7.476792037515551e-06","False","5",""
"Total","330.0","data formatting","copy.267","1.0","1.376","1.376","1.376","1.376","5.196655973785379e-07","0.2087041139974711","0.0","0.0","0.010829332262970679","0.010829332262970679","0.0","0.0","0.0","0.0","0.0","HBM","1.376","5.196655973785379e-07","0.0","7.476792037515551e-06","0.0","7.476792037515551e-06","False","5",""
"Total","331.0","data formatting","copy.414","1.0","1.376","1.376","1.376","1.376","5.196655973785379e-07","0.2087046336630685","0.0","0.0","0.010829332262970679","0.010829332262970679","0.0","0.0","0.0","0.0","0.0","HBM","1.376","5.196655973785379e-07","0.0","7.476792037515551e-06","0.0","7.476792037515551e-06","False","5",""
"Total","332.0","data formatting","copy.459","1.0","1.376","1.376","1.376","1.376","5.196655973785379e-07","0.20870515332866588","0.0","0.0","0.010829332262970679","0.010829332262970679","0.0","0.0","0.0","0.0","0.0","HBM","1.376","5.196655973785379e-07","0.0","7.476792037515551e-06","0.0","7.476792037515551e-06","False","5",""
"Total","333.0","data formatting","copy.489","1.0","1.376","1.376","1.376","1.376","5.196655973785379e-07","0.20870567299426326","0.0","0.0","0.010829332262970679","0.010829332262970679","0.0","0.0","0.0","0.0","0.0","HBM","1.376","5.196655973785379e-07","0.0","7.476792037515551e-06","0.0","7.476792037515551e-06","False","5",""
"Total","334.0","data formatting","copy.513","1.0","1.376","1.376","1.376","1.376","5.196655973785379e-07","0.20870619265986065","0.0","0.0","0.010829332262970679","0.010829332262970679","0.0","0.0","0.0","0.0","0.0","HBM","1.376","5.196655973785379e-07","0.0","7.476792037515551e-06","0.0","7.476792037515551e-06","False","5",""
"Total","335.0","data formatting","copy.276","1.0","1.375","1.375","1.375","1.375","5.192879334269546e-07","0.20870671194779408","0.0","0.0","0.010837208140980112","0.010837208140980112","0.0","0.0","0.0","0.0","0.0","HBM","1.375","5.192879334269546e-07","0.0","7.482229704451925e-06","0.0","7.482229704451925e-06","False","5",""
"Total","336.0","data formatting","copy.321","1.0","1.344","1.344","1.344","1.344","5.075803509278742e-07","0.208707219528145","0.0","0.0","0.011087173507327124","0.011087173507327124","0.0","0.0","0.0","0.0","0.0","HBM","1.344","5.075803509278742e-07","0.0","7.654810895551635e-06","0.0","7.654810895551635e-06","False","5",""
"Total","337.0","data formatting","copy.363","1.0","1.344","1.344","1.344","1.344","5.075803509278742e-07","0.20870772710849592","0.0","0.0","0.011087173507327124","0.011087173507327124","0.0","0.0","0.0","0.0","0.0","HBM","1.344","5.075803509278742e-07","0.0","7.654810895551635e-06","0.0","7.654810895551635e-06","False","5",""
"Total","338.0","data formatting","copy.396","1.0","1.344","1.344","1.344","1.344","5.075803509278742e-07","0.20870823468884683","0.0","0.0","0.011087173507327124","0.011087173507327124","0.0","0.0","0.0","0.0","0.0","HBM","1.344","5.075803509278742e-07","0.0","7.654810895551635e-06","0.0","7.654810895551635e-06","False","5",""
"Total","339.0","data formatting","copy.420","1.0","1.344","1.344","1.344","1.344","5.075803509278742e-07","0.20870874226919775","0.0","0.0","0.011087173507327124","0.011087173507327124","0.0","0.0","0.0","0.0","0.0","HBM","1.344","5.075803509278742e-07","0.0","7.654810895551635e-06","0.0","7.654810895551635e-06","False","5",""
"Total","340.0","data formatting","copy.465","1.0","1.344","1.344","1.344","1.344","5.075803509278742e-07","0.20870924984954867","0.0","0.0","0.011087173507327124","0.011087173507327124","0.0","0.0","0.0","0.0","0.0","HBM","1.344","5.075803509278742e-07","0.0","7.654810895551635e-06","0.0","7.654810895551635e-06","False","5",""
"Total","341.0","data formatting","copy.519","1.0","1.343","1.343","1.343","1.343","5.072026869762909e-07","0.20870975705223566","0.0","0.0","0.011095429034882842","0.011095429034882842","0.0","0.0","0.0","0.0","0.0","HBM","1.343","5.072026869762909e-07","0.0","7.660510680283991e-06","0.0","7.660510680283991e-06","False","5",""
